baseline,bh_family,block_degrees,bootstrap_se,cluster_excludes_zero,conf_high,conf_high_10,conf_high_5,conf_low,conf_low_10,conf_low_5,contrast,df_constraint,estimate,event_min_days,evidence_freeze_version,gap_days,latitude,n_blocks,n_blocks_10,n_blocks_5,p_value,p_value_bh,pheno_type,record_type,replicates,sign_stability,sign_stability_10,sign_stability_5,spatial_10_excludes_zero,spatial_5_excludes_zero,spatially_robust,spec_version,statistic,std_error,strategy,test
all_year_linear_loo,,,,,7.878181358732968,,,1.39567356516543,,,event_effect_PA,,4.636927461949199,3,,0,24.0,,,,0.0050485710332723,,SOS,primary_curve,,,,,,,,baseline-full-propagation-v1.0,,1.6537313554485522,overlap_weighted_adjusted,
all_year_linear_loo,,,,,8.315877863222287,,,2.411547969282439,,,event_effect_UA,,5.3637129162523625,3,,0,24.0,,,,0.0003694332798732,,SOS,primary_curve,,,,,,,,baseline-full-propagation-v1.0,,1.5062342830053124,overlap_weighted_adjusted,
all_year_linear_loo,,,,,5.08519720873639,,,-3.631626300130061,,,UA_minus_PA_event_effect,,0.7267854543031642,3,,0,24.0,,,,0.7437941072218925,,SOS,primary_curve,,,,,,,,baseline-full-propagation-v1.0,,2.223720327930422,overlap_weighted_adjusted,
all_year_linear_loo,,,,,7.82059792275142,,,1.5913685914909663,,,event_effect_PA,,4.7059832571211935,3,,0,24.25,,,,0.0030626377582668,,SOS,primary_curve,,,,,,,,baseline-full-propagation-v1.0,,1.5891183155394233,overlap_weighted_adjusted,
all_year_linear_loo,,,,,8.224235842256332,,,2.566453891260607,,,event_effect_UA,,5.39534486675847,3,,0,24.25,,,,0.0001854150886578,,SOS,primary_curve,,,,,,,,baseline-full-propagation-v1.0,,1.443338243871721,overlap_weighted_adjusted,
all_year_linear_loo,,,,,4.87170232258491,,,-3.492979103310357,,,UA_minus_PA_event_effect,,0.6893616096372762,3,,0,24.25,,,,0.7466539789082538,,SOS,primary_curve,,,,,,,,baseline-full-propagation-v1.0,,2.1338865131897338,overlap_weighted_adjusted,
all_year_linear_loo,,,,,7.764357356322884,,,1.7844391684891616,,,event_effect_PA,,4.774398262406023,3,,0,24.5,,,,0.0017499015497186,,SOS,primary_curve,,,,,,,,baseline-full-propagation-v1.0,,1.5255173653706278,overlap_weighted_adjusted,
all_year_linear_loo,,,,,8.134397448732383,,,2.7189829558809944,,,event_effect_UA,,5.4266902023066885,3,,0,24.5,,,,8.562322375198388e-05,,SOS,primary_curve,,,,,,,,baseline-full-propagation-v1.0,,1.3815086745387892,overlap_weighted_adjusted,
all_year_linear_loo,,,,,4.661330119018653,,,-3.35674623921732,,,UA_minus_PA_event_effect,,0.6522919399006664,3,,0,24.5,,,,0.7498049103364863,,SOS,primary_curve,,,,,,,,baseline-full-propagation-v1.0,,2.045465228310708,overlap_weighted_adjusted,
all_year_linear_loo,,,,,7.709550151740018,,,1.974381553299939,,,event_effect_PA,,4.841965852519978,3,,0,24.75,,,,0.0009348507055615,,SOS,primary_curve,,,,,,,,baseline-full-propagation-v1.0,,1.4630800983279175,overlap_weighted_adjusted,
all_year_linear_loo,,,,,8.046597104045436,,,2.868715901450166,,,event_effect_UA,,5.457656502747801,3,,0,24.75,,,,3.600391712006967e-05,,SOS,primary_curve,,,,,,,,baseline-full-propagation-v1.0,,1.3209123339606583,overlap_weighted_adjusted,
all_year_linear_loo,,,,,4.454622252540204,,,-3.2232409520845566,,,UA_minus_PA_event_effect,,0.6156906502278234,3,,0,24.75,,,,0.7532624768593388,,SOS,primary_curve,,,,,,,,baseline-full-propagation-v1.0,,1.9586745637131,overlap_weighted_adjusted,
all_year_linear_loo,,,,,7.656280559041159,,,2.1606782453175537,,,event_effect_PA,,4.908479402179356,3,,0,25.0,,,,0.0004632684174143,,SOS,primary_curve,,,,,,,,baseline-full-propagation-v1.0,,1.4019651271840237,overlap_weighted_adjusted,
all_year_linear_loo,,,,,7.961088977112377,,,3.015213718752808,,,event_effect_UA,,5.488151347932592,3,,0,25.0,,,,1.3631329983198203e-05,,SOS,primary_curve,,,,,,,,baseline-full-propagation-v1.0,,1.2617260565428758,overlap_weighted_adjusted,
all_year_linear_loo,,,,,4.252142905983492,,,-3.09279901447702,,,UA_minus_PA_event_effect,,0.5796719457532359,3,,0,25.0,,,,0.7570434444019204,,SOS,primary_curve,,,,,,,,baseline-full-propagation-v1.0,,1.8737441040744824,overlap_weighted_adjusted,
all_year_linear_loo,,,,,7.604667425780352,,,2.342797146420555,,,event_effect_PA,,4.973732286100454,3,,0,25.25,,,,0.0002111621548395,,SOS,primary_curve,,,,,,,,baseline-full-propagation-v1.0,,1.3423385125606284,overlap_weighted_adjusted,
all_year_linear_loo,,,,,7.878148709015223,,,3.158015926408469,,,event_effect_UA,,5.518082317711846,3,,0,25.25,,,,4.592277754403233e-06,,SOS,primary_curve,,,,,,,,baseline-full-propagation-v1.0,,1.204137632078589,overlap_weighted_adjusted,
all_year_linear_loo,,,,,4.054480613107796,,,-2.965780549885011,,,UA_minus_PA_event_effect,,0.544350031611393,3,,0,25.25,,,,0.7611654922026063,,SOS,primary_curve,,,,,,,,baseline-full-propagation-v1.0,,1.790915858242226,overlap_weighted_adjusted,
all_year_linear_loo,,,,,7.554844769772947,,,2.5201909882261853,,,event_effect_PA,,5.037517878999566,3,,0,25.5,,,,8.775943772993502e-05,,SOS,primary_curve,,,,,,,,baseline-full-propagation-v1.0,,1.284374055150877,overlap_weighted_adjusted,
all_year_linear_loo,,,,,7.798074841735444,,,3.2966391421372534,,,event_effect_UA,,5.547356991936349,3,,0,25.5,,,,1.3603043422771464e-06,,SOS,primary_curve,,,,,,,,baseline-full-propagation-v1.0,,1.1483465347080206,overlap_weighted_adjusted,
all_year_linear_loo,,,,,3.862249766223096,,,-2.8425715403495304,,,UA_minus_PA_event_effect,,0.5098391129367831,3,,0,25.5,,,,0.7656467200997685,,SOS,primary_curve,,,,,,,,baseline-full-propagation-v1.0,,1.7104450284442474,overlap_weighted_adjusted,
all_year_linear_loo,,,,,7.506961908025468,,,2.692297203160506,,,event_effect_PA,,5.099629555592987,3,,0,25.75,,,,3.296742241295148e-05,,SOS,primary_curve,,,,,,,,baseline-full-propagation-v1.0,,1.2282533615011355,overlap_weighted_adjusted,
all_year_linear_loo,,,,,7.721189664822019,,,3.430576236091746,,,event_effect_UA,,5.575882950456882,3,,0,25.75,,,,3.502959242994917e-07,,SOS,primary_curve,,,,,,,,baseline-full-propagation-v1.0,,1.094564354899907,overlap_weighted_adjusted,
all_year_linear_loo,,,,,3.676091525804452,,,-2.723584736076661,,,UA_minus_PA_event_effect,,0.4762533948638952,3,,0,25.75,,,,0.7705048450977764,,SOS,primary_curve,,,,,,,,baseline-full-propagation-v1.0,,1.6326004743865048,overlap_weighted_adjusted,
all_year_linear_loo,,,,,7.461182902421138,,,2.8585384787728905,,,event_effect_PA,,5.159860690597014,3,,0,26.0,,,,1.1103229896801717e-05,,SOS,primary_curve,,,,,,,,baseline-full-propagation-v1.0,,1.174165561192277,overlap_weighted_adjusted,
all_year_linear_loo,,,,,7.647839071254686,,,3.5592964749937783,,,event_effect_UA,,5.603567773124232,3,,0,26.0,,,,7.76643426110608e-08,,SOS,primary_curve,,,,,,,,baseline-full-propagation-v1.0,,1.0430147259109888,overlap_weighted_adjusted,
all_year_linear_loo,,,,,3.496673732423071,,,-2.6092595673686336,,,UA_minus_PA_event_effect,,0.4437070825272184,3,,0,26.0,,,,0.775755964211774,,SOS,primary_curve,,,,,,,,baseline-full-propagation-v1.0,,1.5576646683190425,overlap_weighted_adjusted,
all_year_linear_loo,,,,,7.417685009901966,,,3.0183243075539177,,,event_effect_PA,,5.218004658727942,3,,0,26.25,,,,3.3297000397945536e-06,,SOS,primary_curve,,,,,,,,baseline-full-propagation-v1.0,,1.1223065161017358,overlap_weighted_adjusted,
all_year_linear_loo,,,,,7.578390865587679,,,3.682247213990686,,,event_effect_UA,,5.630319039789183,3,,0,26.25,,,,1.4729077428741748e-08,,SOS,primary_curve,,,,,,,,baseline-full-propagation-v1.0,,0.9939324605781732,overlap_weighted_adjusted,
all_year_linear_loo,,,,,3.324689279199713,,,-2.5000605170772308,,,UA_minus_PA_event_effect,,0.4123143810612411,3,,0,26.25,,,,0.7814127337857432,,SOS,primary_curve,,,,,,,,baseline-full-propagation-v1.0,,1.4859328646398169,overlap_weighted_adjusted,
all_year_linear_loo,,,,,7.376655747980676,,,3.171053921423456,,,event_effect_PA,,5.273854834702066,3,,0,26.5,,,,8.850292672936186e-07,,SOS,primary_curve,,,,,,,,baseline-full-propagation-v1.0,,1.072877323188199,overlap_weighted_adjusted,
all_year_linear_loo,,,,,7.513230806667773,,,3.798857853937264,,,event_effect_UA,,5.656044330302518,3,,0,26.5,,,,2.386356359219221e-09,,SOS,primary_curve,,,,,,,,baseline-full-propagation-v1.0,,0.9475615322600336,overlap_weighted_adjusted,
all_year_linear_loo,,,,,3.160852244117354,,,-2.396473252916449,,,UA_minus_PA_event_effect,,0.3821894956004524,3,,0,26.5,,,,0.7874817983407849,,SOS,primary_curve,,,,,,,,baseline-full-propagation-v1.0,,1.417711126548569,overlap_weighted_adjusted,
all_year_linear_loo,,,,,7.338288118437684,,,3.3161210680336817,,,event_effect_PA,,5.327204593235683,3,,0,26.75,,,,2.082786218773592e-07,,SOS,primary_curve,,,,,,,,baseline-full-propagation-v1.0,,1.0260818775575324,overlap_weighted_adjusted,
all_year_linear_loo,,,,,7.452755525048477,,,3.9085469239815698,,,event_effect_UA,,5.680651224515024,3,,0,26.75,,,,3.3241416255416247e-10,,SOS,primary_curve,,,,,,,,baseline-full-propagation-v1.0,,0.9041514612062196,overlap_weighted_adjusted,
all_year_linear_loo,,,,,3.0058909285662128,,,-2.2989976660075317,,,UA_minus_PA_event_effect,,0.3534466312793408,3,,0,26.75,,,,0.7939603099407894,,SOS,primary_curve,,,,,,,,baseline-full-propagation-v1.0,,1.3533127742188196,overlap_weighted_adjusted,
all_year_linear_loo,,,,,7.302773495694115,,,3.4529211223960545,,,event_effect_PA,,5.377847309045085,3,,0,27.0,,,,4.356975907697e-08,,SOS,primary_curve,,,,,,,,baseline-full-propagation-v1.0,,0.9821232440149932,overlap_weighted_adjusted,
all_year_linear_loo,,,,,7.397361389501172,,,4.010733215053789,,,event_effect_UA,,5.7040473022774805,3,,0,27.0,,,,4.048922765110703e-11,,SOS,primary_curve,,,,,,,,baseline-full-propagation-v1.0,,0.8639516341016147,overlap_weighted_adjusted,
all_year_linear_loo,,,,,2.860536845165571,,,-2.2081368587007804,,,UA_minus_PA_event_effect,,0.3261999932323953,3,,0,27.0,,,,0.8008314353452839,,SOS,primary_curve,,,,,,,,baseline-full-propagation-v1.0,,1.2930527662363704,overlap_weighted_adjusted,
all_year_linear_loo,,,,,7.270291715684763,,,3.580860998008379,,,event_effect_PA,,5.425576356846571,3,,0,27.25,,,,8.188117846624187e-09,,SOS,primary_curve,,,,,,,,baseline-full-propagation-v1.0,,0.9411986002748376,overlap_weighted_adjusted,
all_year_linear_loo,,,,,7.347428496567684,,,4.104851790313669,,,event_effect_UA,,5.726140143440676,3,,0,27.25,,,,4.443997276183295e-12,,SOS,primary_curve,,,,,,,,baseline-full-propagation-v1.0,,0.8272031353206095,overlap_weighted_adjusted,
all_year_linear_loo,,,,,2.7255087147893984,,,-2.124381141601189,,,UA_minus_PA_event_effect,,0.3005637865941046,3,,0,27.25,,,,0.8080588820611218,,SOS,primary_curve,,,,,,,,baseline-full-propagation-v1.0,,1.2372395346664278,overlap_weighted_adjusted,
all_year_linear_loo,,,,,7.240998039817118,,,3.699372182895756,,,event_effect_PA,,5.470185111356437,3,,0,27.5,,,,1.4086488498733294e-09,,SOS,primary_curve,,,,,,,,baseline-full-propagation-v1.0,,0.903492585796794,overlap_weighted_adjusted,
all_year_linear_loo,,,,,7.303299332943137,,,4.190375322767652,,,event_effect_UA,,5.746837327855395,3,,0,27.5,,,,4.598519716563138e-13,,SOS,primary_curve,,,,,,,,baseline-full-propagation-v1.0,,0.7941278601876954,overlap_weighted_adjusted,
all_year_linear_loo,,,,,2.6014907658596624,,,-2.048186332861747,,,UA_minus_PA_event_effect,,0.2766522164989579,3,,0,27.5,,,,0.815580712112596,,SOS,primary_curve,,,,,,,,baseline-full-propagation-v1.0,,1.1861639130610229,overlap_weighted_adjusted,
all_year_linear_loo,,,,,7.215006961511332,,,3.80792693307062,,,event_effect_PA,,5.511466947290976,3,,0,27.75,,,,2.281659257716305e-10,,SOS,primary_curve,,,,,,,,baseline-full-propagation-v1.0,,0.8691690396648419,overlap_weighted_adjusted,
all_year_linear_loo,,,,,7.265252411535221,,,4.266840459209617,,,event_effect_UA,,5.766046435372419,3,,0,27.75,,,,4.7667606938006894e-14,,SOS,primary_curve,,,,,,,,baseline-full-propagation-v1.0,,0.7649150637401235,overlap_weighted_adjusted,
all_year_linear_loo,,,,,2.4891051822495744,,,-1.979946206086688,,,UA_minus_PA_event_effect,,0.2545794880814432,3,,0,27.75,,,,0.8233030580542666,,SOS,primary_curve,,,,,,,,baseline-full-propagation-v1.0,,1.1400850790084842,overlap_weighted_adjusted,
all_year_linear_loo,,,,,7.192373296876054,,,3.906057181856917,,,event_effect_PA,,5.549215239366486,3,,0,28.0,,,,3.6134098729684016e-11,,SOS,primary_curve,,,,,,,,baseline-full-propagation-v1.0,,0.8383613527955565,overlap_weighted_adjusted,
all_year_linear_loo,,,,,7.233472327365437,,,4.3338777643196345,,,event_effect_UA,,5.783675045842536,3,,0,28.0,,,,5.3294269852369676e-15,,SOS,primary_curve,,,,,,,,baseline-full-propagation-v1.0,,0.739706082845765,overlap_weighted_adjusted,
all_year_linear_loo,,,,,2.388879488091522,,,-1.9199598751394225,,,UA_minus_PA_event_effect,,0.2344598064760498,3,,0,28.0,,,,0.8310947624926386,,SOS,primary_curve,,,,,,,,baseline-full-propagation-v1.0,,1.0992139134235426,overlap_weighted_adjusted,
all_year_linear_loo,,,,,7.17307163732909,,,3.993375087269429,,,event_effect_PA,,5.583223362299259,3,,0,28.25,,,,5.86073494357341e-12,,SOS,primary_curve,,,,,,,,baseline-full-propagation-v1.0,,0.811161984388668,overlap_weighted_adjusted,
all_year_linear_loo,,,,,7.208019070419896,,,4.391242407813156,,,event_effect_UA,,5.799630739116526,3,,0,28.25,,,,6.973885101007788e-16,,SOS,primary_curve,,,,,,,,baseline-full-propagation-v1.0,,0.7185786792066371,overlap_weighted_adjusted,
all_year_linear_loo,,,,,2.301210952282901,,,-1.8683961986483677,,,UA_minus_PA_event_effect,,0.2164073768172668,3,,0,28.25,,,,0.838784305798341,,SOS,primary_curve,,,,,,,,baseline-full-propagation-v1.0,,1.0636948392472,overlap_weighted_adjusted,
all_year_linear_loo,,,,,7.156975946404609,,,4.06959343520658,,,event_effect_PA,,5.613284690805594,3,,0,28.5,,,,1.0260506899181121e-12,,SOS,primary_curve,,,,,,,,baseline-full-propagation-v1.0,,0.787612051943533,overlap_weighted_adjusted,
all_year_linear_loo,,,,,7.1888006960108575,,,4.438841494079495,,,event_effect_UA,,5.813821095045176,3,,0,28.5,,,,1.158400217970602e-16,,SOS,primary_curve,,,,,,,,baseline-full-propagation-v1.0,,0.7015330954095815,overlap_weighted_adjusted,
all_year_linear_loo,,,,,2.2263315285081715,,,-1.825258720029007,,,UA_minus_PA_event_effect,,0.2005364042395824,3,,0,28.5,,,,0.8461604691414433,,SOS,primary_curve,,,,,,,,baseline-full-propagation-v1.0,,1.0335879333741858,overlap_weighted_adjusted,
all_year_linear_loo,,,,,7.143841675951313,,,4.13454352325226,,,event_effect_PA,,5.639192599601786,3,,0,28.75,,,,2.047728332926497e-13,,SOS,primary_curve,,,,,,,,baseline-full-propagation-v1.0,,0.7676922067027797,overlap_weighted_adjusted,
all_year_linear_loo,,,,,7.175554046578253,,,4.476753340380292,,,event_effect_UA,,5.826153693479273,3,,0,28.75,,,,2.62120424368749e-17,,SOS,primary_curve,,,,,,,,baseline-full-propagation-v1.0,,0.6884822189299794,overlap_weighted_adjusted,
all_year_linear_loo,,,,,2.164278001986314,,,-1.7903558142313427,,,UA_minus_PA_event_effect,,0.1869610938774857,3,,0,28.75,,,,0.852977797700047,,SOS,primary_curve,,,,,,,,baseline-full-propagation-v1.0,,1.0088536951217737,overlap_weighted_adjusted,
all_year_linear_loo,,,,,7.133293025042555,,,4.188187901765701,,,event_effect_PA,,5.660740463404128,3,,0,29.0,,,,4.9046426537230505e-14,,SOS,primary_curve,,,,,,,,baseline-full-propagation-v1.0,,0.751316132976796,overlap_weighted_adjusted,
all_year_linear_loo,,,,,7.167837648006334,,,4.505234580532853,,,event_effect_UA,,5.8365361142695935,3,,0,29.0,,,,8.499030558660044e-18,,SOS,primary_curve,,,,,,,,baseline-full-propagation-v1.0,,0.6792479577369164,overlap_weighted_adjusted,
all_year_linear_loo,,,,,2.1148723634746727,,,-1.7632810617437418,,,UA_minus_PA_event_effect,,0.1757956508654655,3,,0,29.0,,,,0.8589670048340552,,SOS,primary_curve,,,,,,,,baseline-full-propagation-v1.0,,0.9893430327824372,overlap_weighted_adjusted,
all_year_linear_loo,,,,,7.124817665722063,,,4.230625648135776,,,event_effect_PA,,5.677721656928919,3,,0,29.25,,,,1.4716550335695835e-14,,SOS,primary_curve,,,,,,,,baseline-full-propagation-v1.0,,0.7383278571482192,overlap_weighted_adjusted,
all_year_linear_loo,,,,,7.165039036577677,,,4.524712837956181,,,event_effect_UA,,5.844875937266929,3,,0,29.25,,,,4.044796239524695e-18,,SOS,primary_curve,,,,,,,,baseline-full-propagation-v1.0,,0.6735649786037019,overlap_weighted_adjusted,
all_year_linear_loo,,,,,2.0777165584324813,,,-1.7434079977564605,,,UA_minus_PA_event_effect,,0.1671542803380106,3,,0,29.25,,,,0.8638491741819888,,SOS,primary_curve,,,,,,,,baseline-full-propagation-v1.0,,0.974794584576422,overlap_weighted_adjusted,
all_year_linear_loo,,,,,7.1177703536171455,,,4.262088756167761,,,event_effect_PA,,5.689929554892453,3,,0,29.5,,,,5.699118111459907e-15,,SOS,primary_curve,,,,,,,,baseline-full-propagation-v1.0,,0.7285035898553844,overlap_weighted_adjusted,
all_year_linear_loo,,,,,7.1663960436200265,,,4.5357654410241,,,event_effect_UA,,5.851080742322063,3,,0,29.5,,,,2.8128564755325957e-18,,SOS,primary_curve,,,,,,,,baseline-full-propagation-v1.0,,0.6710915668211266,overlap_weighted_adjusted,
all_year_linear_loo,,,,,2.0522036350415416,,,-1.7299012601823225,,,UA_minus_PA_event_effect,,0.1611511874296096,3,,0,29.5,,,,0.8673514231193351,,SOS,primary_curve,,,,,,,,baseline-full-propagation-v1.0,,0.9648404065219118,overlap_weighted_adjusted,
all_year_linear_loo,,,,,7.111385487847402,,,4.282929576174645,,,event_effect_PA,,5.697157532011024,3,,0,29.75,,,,2.8884766520087414e-15,,SOS,primary_curve,,,,,,,,baseline-full-propagation-v1.0,,0.7215581342267657,overlap_weighted_adjusted,
all_year_linear_loo,,,,,7.17102885958967,,,4.539087358981879,,,event_effect_UA,,5.855058109285775,3,,0,29.75,,,,2.7738504371659522e-18,,SOS,primary_curve,,,,,,,,baseline-full-propagation-v1.0,,0.6714259857242814,overlap_weighted_adjusted,
all_year_linear_loo,,,,,2.037544434976292,,,-1.7217432804267885,,,UA_minus_PA_event_effect,,0.1579005772747518,3,,0,29.75,,,,0.8692211140887829,,SOS,primary_curve,,,,,,,,baseline-full-propagation-v1.0,,0.9590195904250952,overlap_weighted_adjusted,
all_year_linear_loo,,,,,7.104797237082366,,,4.2936006889194935,,,event_effect_PA,,5.69919896300093,3,,0,30.0,,,,1.911534811387757e-15,,SOS,primary_curve,,,,,,,,baseline-full-propagation-v1.0,,0.717155154466417,overlap_weighted_adjusted,
all_year_linear_loo,,,,,7.177977931129471,,,4.535453304888241,,,event_effect_UA,,5.856715618008856,3,,0,30.0,,,,3.693067265290472e-18,,SOS,primary_curve,,,,,,,,baseline-full-propagation-v1.0,,0.6741258122815337,overlap_weighted_adjusted,
all_year_linear_loo,,,,,2.0328062101215285,,,-1.7177729001056776,,,UA_minus_PA_event_effect,,0.1575166550079254,3,,0,30.0,,,,0.8692360347590636,,SOS,primary_curve,,,,,,,,baseline-full-propagation-v1.0,,0.9567979666492078,overlap_weighted_adjusted,
all_year_linear_loo,,,,,7.097064719263205,,,4.2946297258937225,,,event_effect_PA,,5.695847222578464,3,,0,30.25,,,,1.6242668035902232e-15,,SOS,primary_curve,,,,,,,,baseline-full-propagation-v1.0,,0.7149200228868319,overlap_weighted_adjusted,
all_year_linear_loo,,,,,7.186242393420475,,,4.525679303263692,,,event_effect_UA,,5.855960848342083,3,,0,30.25,,,,6.251487177360961e-18,,SOS,primary_curve,,,,,,,,baseline-full-propagation-v1.0,,0.6787275457975158,overlap_weighted_adjusted,
all_year_linear_loo,,,,,2.0369577657476703,,,-1.7167305142204308,,,UA_minus_PA_event_effect,,0.1601136257636197,3,,0,30.25,,,,0.8672090792490433,,SOS,primary_curve,,,,,,,,baseline-full-propagation-v1.0,,0.9575911367700416,overlap_weighted_adjusted,
all_year_linear_loo,,,,,7.087199205496407,,,4.286592165423445,,,event_effect_PA,,5.686895685459926,3,,0,30.5,,,,1.7234267846915109e-15,,SOS,primary_curve,,,,,,,,baseline-full-propagation-v1.0,,0.7144536997015741,overlap_weighted_adjusted,
all_year_linear_loo,,,,,7.19481467188741,,,4.510588088385089,,,event_effect_UA,,5.852701380136249,3,,0,30.5,,,,1.2629527264805677e-17,,SOS,primary_curve,,,,,,,,baseline-full-propagation-v1.0,,0.6847642621688861,overlap_weighted_adjusted,
all_year_linear_loo,,,,,2.0489153681328025,,,-1.7173039787801565,,,UA_minus_PA_event_effect,,0.1658056946763229,3,,0,30.5,,,,0.8629873667257957,,SOS,primary_curve,,,,,,,,baseline-full-propagation-v1.0,,0.9607878962624866,overlap_weighted_adjusted,
all_year_linear_loo,,,,,7.074190476102854,,,4.270084976620356,,,event_effect_PA,,5.672137726361605,3,,0,30.75,,,,2.2052536622076566e-15,,SOS,primary_curve,,,,,,,,baseline-full-propagation-v1.0,,0.7153461802361992,overlap_weighted_adjusted,
all_year_linear_loo,,,,,7.202708535597601,,,4.490981050886658,,,event_effect_UA,,5.84684479324213,3,,0,30.75,,,,2.866354273143595e-17,,SOS,primary_curve,,,,,,,,baseline-full-propagation-v1.0,,0.6917799271059837,overlap_weighted_adjusted,
all_year_linear_loo,,,,,2.067584586574688,,,-1.718170452813638,,,UA_minus_PA_event_effect,,0.1747070668805249,3,,0,30.75,,,,0.856446891732535,,SOS,primary_curve,,,,,,,,baseline-full-propagation-v1.0,,0.9657715828581236,overlap_weighted_adjusted,
all_year_linear_loo,,,,,7.057030127880537,,,4.245703312119062,,,event_effect_PA,,5.6513667199998,3,,0,31.0,,,,3.276653007083188e-15,,SOS,primary_curve,,,,,,,,baseline-full-propagation-v1.0,,0.7171883866073213,overlap_weighted_adjusted,
all_year_linear_loo,,,,,7.208979605002073,,,4.467617730018954,,,event_effect_UA,,5.8382986675105135,3,,0,31.0,,,,6.925272621208364e-17,,SOS,primary_curve,,,,,,,,baseline-full-propagation-v1.0,,0.6993398594582941,overlap_weighted_adjusted,
all_year_linear_loo,,,,,2.091894932141654,,,-1.7180310371202272,,,UA_minus_PA_event_effect,,0.1869319475107133,3,,0,31.0,,,,0.8474843972891679,,SOS,primary_curve,,,,,,,,baseline-full-propagation-v1.0,,0.9719377497020586,overlap_weighted_adjusted,
all_year_linear_loo,,,,,7.034730539473982,,,4.214021542707638,,,event_effect_PA,,5.62437604109081,3,,0,31.25,,,,5.445360775127982e-15,,SOS,primary_curve,,,,,,,,baseline-full-propagation-v1.0,,0.7195818441093145,overlap_weighted_adjusted,
all_year_linear_loo,,,,,7.212738662680024,,,4.44120250290435,,,event_effect_UA,,5.826970582792187,3,,0,31.25,,,,1.7022417433791826e-16,,SOS,primary_curve,,,,,,,,baseline-full-propagation-v1.0,,0.7070375225354137,overlap_weighted_adjusted,
all_year_linear_loo,,,,,2.120825980644636,,,-1.715636897241881,,,UA_minus_PA_event_effect,,0.2025945417013774,3,,0,31.25,,,,0.8360081903445622,,SOS,primary_curve,,,,,,,,baseline-full-propagation-v1.0,,0.9787074936447931,overlap_weighted_adjusted,
all_year_linear_loo,,,,,7.006339081579135,,,4.175579047122719,,,event_effect_PA,,5.590959064350927,3,,0,31.5,,,,9.775282608009126e-15,,SOS,primary_curve,,,,,,,,baseline-full-propagation-v1.0,,0.7221459314520805,overlap_weighted_adjusted,
all_year_linear_loo,,,,,7.213158922930213,,,4.412377314945652,,,event_effect_UA,,5.8127681189379325,3,,0,31.5,,,,4.1039455393407736e-16,,SOS,primary_curve,,,,,,,,baseline-full-propagation-v1.0,,0.7144982331503968,overlap_weighted_adjusted,
all_year_linear_loo,,,,,2.1534251628246577,,,-1.7098070536506458,,,UA_minus_PA_event_effect,,0.2218090545870058,3,,0,31.5,,,,0.8219292807028973,,SOS,primary_curve,,,,,,,,baseline-full-propagation-v1.0,,0.9855365320352788,overlap_weighted_adjusted,
all_year_linear_loo,,,,,6.970947840221983,,,4.130870488770908,,,event_effect_PA,,5.550909164496446,3,,0,31.75,,,,1.838185025416917e-14,,SOS,primary_curve,,,,,,,,baseline-full-propagation-v1.0,,0.7245228417086343,overlap_weighted_adjusted,
all_year_linear_loo,,,,,7.209478735039873,,,4.381718976557195,,,event_effect_UA,,5.795598855798534,3,,0,31.75,,,,9.431577350946116e-16,,SOS,primary_curve,,,,,,,,baseline-full-propagation-v1.0,,0.7213805408639357,overlap_weighted_adjusted,
all_year_linear_loo,,,,,2.188818369701827,,,-1.6994389870976505,,,UA_minus_PA_event_effect,,0.244689691302088,3,,0,31.75,,,,0.8051537680901522,,SOS,primary_curve,,,,,,,,baseline-full-propagation-v1.0,,0.9919206137126896,overlap_weighted_adjusted,
all_year_linear_loo,,,,,6.927699545731329,,,4.080339886755995,,,event_effect_PA,,5.504019716243662,3,,0,32.0,,,,3.5276065494547356e-14,,SOS,primary_curve,,,,,,,,baseline-full-propagation-v1.0,,0.7263806073568045,overlap_weighted_adjusted,
all_year_linear_loo,,,,,7.201001176072606,,,4.349739570376943,,,event_effect_UA,,5.775370373224774,3,,0,32.0,,,,2.021705588220444e-15,,SOS,primary_curve,,,,,,,,baseline-full-propagation-v1.0,,0.7273760202192621,overlap_weighted_adjusted,
all_year_linear_loo,,,,,2.22621497199307,,,-1.6835136580308458,,,UA_minus_PA_event_effect,,0.2713506569811122,3,,0,32.0,,,,0.7855770143217897,,SOS,primary_curve,,,,,,,,baseline-full-propagation-v1.0,,0.9973980799808968,overlap_weighted_adjusted,
all_year_linear_loo,,,,,6.875790591734609,,,4.024377596883135,,,event_effect_PA,,5.450084094308872,3,,0,32.25,,,,6.762357953911178e-14,,SOS,primary_curve,,,,,,,,baseline-full-propagation-v1.0,,0.7274146406115256,overlap_weighted_adjusted,
all_year_linear_loo,,,,,7.187091790253389,,,4.316888711881489,,,event_effect_UA,,5.751990251067439,3,,0,32.25,,,,3.976194744762179e-15,,SOS,primary_curve,,,,,,,,baseline-full-propagation-v1.0,,0.7322081173459553,overlap_weighted_adjusted,
all_year_linear_loo,,,,,2.2649089222462617,,,-1.6610966087291277,,,UA_minus_PA_event_effect,,0.3019061567585671,3,,0,32.25,,,,0.7630799128271456,,SOS,primary_curve,,,,,,,,baseline-full-propagation-v1.0,,1.0015504269321325,overlap_weighted_adjusted,
all_year_linear_loo,,,,,6.814472053002969,,,3.963319293813779,,,event_effect_PA,,5.388895673408374,3,,0,32.5,,,,1.272916272053709e-13,,SOS,primary_curve,,,,,,,,baseline-full-propagation-v1.0,,0.727348252743091,overlap_weighted_adjusted,
all_year_linear_loo,,,,,7.167175474194713,,,4.28355666415992,,,event_effect_UA,,5.7253660691773165,3,,0,32.5,,,,7.0860108503900586e-15,,SOS,primary_curve,,,,,,,,baseline-full-propagation-v1.0,,0.7356305607604043,overlap_weighted_adjusted,
all_year_linear_loo,,,,,2.304277455472203,,,-1.63133666393432,,,UA_minus_PA_event_effect,,0.3364703957689416,3,,0,32.5,,,,0.7375275302372798,,SOS,primary_curve,,,,,,,,baseline-full-propagation-v1.0,,1.00400164249194,overlap_weighted_adjusted,
all_year_linear_loo,,,,,6.743049540472422,,,3.897446116044496,,,event_effect_PA,,5.320247828258459,3,,0,32.75,,,,2.321435685956232e-13,,SOS,primary_curve,,,,,,,,baseline-full-propagation-v1.0,,0.7259325801070029,overlap_weighted_adjusted,
all_year_linear_loo,,,,,7.14073326432249,,,4.250077550487879,,,event_effect_UA,,5.695405407405184,3,,0,32.75,,,,1.1330127974677022e-14,,SOS,primary_curve,,,,,,,,baseline-full-propagation-v1.0,,0.7374257222672803,overlap_weighted_adjusted,
all_year_linear_loo,,,,,2.343778661167136,,,-1.593463502873686,,,UA_minus_PA_event_effect,,0.375157579146725,3,,0,32.75,,,,0.7087705357446552,,SOS,primary_curve,,,,,,,,baseline-full-propagation-v1.0,,1.0044169676323866,overlap_weighted_adjusted,
all_year_linear_loo,,,,,6.66088262645817,,,3.826985240692681,,,event_effect_PA,,5.243933933575425,3,,0,33.0,,,,4.059589324553992e-13,,SOS,primary_curve,,,,,,,,baseline-full-propagation-v1.0,,0.7229462908805747,overlap_weighted_adjusted,
all_year_linear_loo,,,,,7.107299591415199,,,4.216732099788462,,,event_effect_UA,,5.662015845601831,3,,0,33.0,,,,1.6119188181113265e-14,,SOS,primary_curve,,,,,,,,baseline-full-propagation-v1.0,,0.7374032161884513,overlap_weighted_adjusted,
all_year_linear_loo,,,,,2.382948956754908,,,-1.5467851327020972,,,UA_minus_PA_event_effect,,0.4180819120264055,3,,0,33.0,,,,0.6766501412419212,,SOS,primary_curve,,,,,,,,baseline-full-propagation-v1.0,,1.002501607288258,overlap_weighted_adjusted,
all_year_linear_loo,,,,,6.567406834530601,,,3.7521112241736714,,,event_effect_PA,,5.159759029352136,3,,0,33.25,,,,6.756020685984297e-13,,SOS,primary_curve,,,,,,,,baseline-full-propagation-v1.0,,0.7182008528125067,overlap_weighted_adjusted,
all_year_linear_loo,,,,,7.066471092359199,,,4.183738444546714,,,event_effect_UA,,5.625104768452957,3,,0,33.25,,,,2.0255726182221363e-14,,SOS,primary_curve,,,,,,,,baseline-full-propagation-v1.0,,0.7354044948149848,overlap_weighted_adjusted,
all_year_linear_loo,,,,,2.421404508931134,,,-1.4907130307294936,,,UA_minus_PA_event_effect,,0.4653457391008201,3,,0,33.25,,,,0.6410188225391196,,SOS,primary_curve,,,,,,,,baseline-full-propagation-v1.0,,0.9980075069029104,overlap_weighted_adjusted,
all_year_linear_loo,,,,,6.462522141642896,,,3.672961134715383,,,event_effect_PA,,5.06774163817914,3,,0,33.5,,,,1.0694678522982766e-12,,SOS,primary_curve,,,,,,,,baseline-full-propagation-v1.0,,0.7116357823233525,overlap_weighted_adjusted,
all_year_linear_loo,,,,,7.0180905652223045,,,4.151061412755298,,,event_effect_UA,,5.584575988988801,3,,0,33.5,,,,2.249855895724162e-14,,SOS,primary_curve,,,,,,,,baseline-full-propagation-v1.0,,0.7313984274919763,overlap_weighted_adjusted,
all_year_linear_loo,,,,,2.458897457286285,,,-1.4252287556669616,,,UA_minus_PA_event_effect,,0.5168343508096619,3,,0,33.5,,,,0.6019500835161138,,SOS,primary_curve,,,,,,,,baseline-full-propagation-v1.0,,0.9908667311212704,overlap_weighted_adjusted,
all_year_linear_loo,,,,,6.346545112390404,,,3.58962915248852,,,event_effect_PA,,4.968087132439462,3,,0,33.75,,,,1.619080471046021e-12,,SOS,primary_curve,,,,,,,,baseline-full-propagation-v1.0,,0.7033078111761453,overlap_weighted_adjusted,
all_year_linear_loo,,,,,6.962221513794281,,,4.118438874530542,,,event_effect_UA,,5.540330194162412,3,,0,33.75,,,,2.225071117186012e-14,,SOS,primary_curve,,,,,,,,baseline-full-propagation-v1.0,,0.7254680855605343,overlap_weighted_adjusted,
all_year_linear_loo,,,,,2.495309793257986,,,-1.350823669812086,,,UA_minus_PA_event_effect,,0.5722430617229501,3,,0,33.75,,,,0.5597435247982134,,SOS,primary_curve,,,,,,,,baseline-full-propagation-v1.0,,0.9811745249932864,overlap_weighted_adjusted,
all_year_linear_loo,,,,,6.219857587462421,,,3.502156799670369,,,event_effect_PA,,4.861007193566395,3,,0,34.0,,,,2.3600050117504893e-12,,SOS,primary_curve,,,,,,,,baseline-full-propagation-v1.0,,0.6933037569131191,overlap_weighted_adjusted,
all_year_linear_loo,,,,,6.898977126662837,,,4.0855588040845685,,,event_effect_UA,,5.492267965373703,3,,0,34.0,,,,1.9732117405660865e-14,,SOS,primary_curve,,,,,,,,baseline-full-propagation-v1.0,,0.7177219440689097,overlap_weighted_adjusted,
all_year_linear_loo,,,,,2.530595317072615,,,-1.2680737734579997,,,UA_minus_PA_event_effect,,0.6312607718073078,3,,0,34.0,,,,0.5147808848350333,,SOS,primary_curve,,,,,,,,baseline-full-propagation-v1.0,,0.969066044196228,overlap_weighted_adjusted,
all_year_linear_loo,,,,,6.0828876788706,,,3.4105393271158797,,,event_effect_PA,,4.74671350299324,3,,0,34.25,,,,3.337987513857222e-12,,SOS,primary_curve,,,,,,,,baseline-full-propagation-v1.0,,0.6817340453278388,overlap_weighted_adjusted,
all_year_linear_loo,,,,,6.828508334992053,,,4.052071433053138,,,event_effect_UA,,5.440289884022596,3,,0,34.25,,,,1.5797019957691193e-14,,SOS,primary_curve,,,,,,,,baseline-full-propagation-v1.0,,0.708287734835715,overlap_weighted_adjusted,
all_year_linear_loo,,,,,2.564768376713624,,,-1.1776156146549115,,,UA_minus_PA_event_effect,,0.6935763810293559,3,,0,34.25,,,,0.4675441819083449,,SOS,primary_curve,,,,,,,,baseline-full-propagation-v1.0,,0.9547073366878124,overlap_weighted_adjusted,
all_year_linear_loo,,,,,5.936104527706291,,,3.314730956600308,,,event_effect_PA,,4.625417742153299,3,,0,34.5,,,,4.622236509483942e-12,,SOS,primary_curve,,,,,,,,baseline-full-propagation-v1.0,,0.6687300358024547,overlap_weighted_adjusted,
all_year_linear_loo,,,,,6.750999121986504,,,4.017593941031527,,,event_effect_UA,,5.384296531509015,3,,0,34.5,,,,1.1494666898259955e-14,,SOS,primary_curve,,,,,,,,baseline-full-propagation-v1.0,,0.697310053275399,overlap_weighted_adjusted,
all_year_linear_loo,,,,,2.597896649667425,,,-1.0801390709559937,,,UA_minus_PA_event_effect,,0.7588787893557158,3,,0,34.5,,,,0.4186372504236383,,SOS,primary_curve,,,,,,,,baseline-full-propagation-v1.0,,0.9382916598558178,overlap_weighted_adjusted,
all_year_linear_loo,,,,,5.780014436843003,,,3.2146487481167414,,,event_effect_PA,,4.497331592479872,3,,0,34.75,,,,6.330399529619655e-12,,SOS,primary_curve,,,,,,,,baseline-full-propagation-v1.0,,0.6544420481604608,overlap_weighted_adjusted,
all_year_linear_loo,,,,,6.666662981847146,,,3.981713996618616,,,event_effect_UA,,5.324188489232881,3,,0,34.75,,,,7.657507123947065e-15,,SOS,primary_curve,,,,,,,,baseline-full-propagation-v1.0,,0.684948551709895,overlap_weighted_adjusted,
all_year_linear_loo,,,,,2.63009575870699,,,-0.9763819652009704,,,UA_minus_PA_event_effect,,0.8268568967530098,3,,0,34.75,,,,0.3688009620649912,,SOS,primary_curve,,,,,,,,baseline-full-propagation-v1.0,,0.9200367334184192,overlap_weighted_adjusted,
all_year_linear_loo,,,,,5.615158080388972,,,3.11017539042354,,,event_effect_PA,,4.362666735406256,3,,0,35.0,,,,8.675150891106665e-12,,SOS,primary_curve,,,,,,,,baseline-full-propagation-v1.0,,0.6390379388918411,overlap_weighted_adjusted,
all_year_linear_loo,,,,,6.575740225437145,,,3.943992451751085,,,event_effect_UA,,5.259866338594115,3,,0,35.0,,,,4.7089823509818555e-15,,SOS,primary_curve,,,,,,,,baseline-full-propagation-v1.0,,0.6713765646830633,overlap_weighted_adjusted,
all_year_linear_loo,,,,,2.661525274351758,,,-0.8671260679760402,,,UA_minus_PA_event_effect,,0.8971996031878589,3,,0,35.0,,,,0.3189168885857786,,SOS,primary_curve,,,,,,,,baseline-full-propagation-v1.0,,0.9001826998254432,overlap_weighted_adjusted,
all_year_linear_loo,,,,,5.442108515863184,,,3.0011611888683225,,,event_effect_PA,,4.221634852365753,3,,0,35.25,,,,1.2055758123529243e-11,,SOS,primary_curve,,,,,,,,baseline-full-propagation-v1.0,,0.6227020869385207,overlap_weighted_adjusted,
all_year_linear_loo,,,,,6.478495864797431,,,3.9039654571878457,,,event_effect_UA,,5.191230660992638,3,,0,35.25,,,,2.6995670896267066e-15,,SOS,primary_curve,,,,,,,,baseline-full-propagation-v1.0,,0.6567800296120625,overlap_weighted_adjusted,
all_year_linear_loo,,,,,2.692385699105292,,,-0.7531940818515225,,,UA_minus_PA_event_effect,,0.9695958086268848,3,,0,35.25,,,,0.2699929818353577,,SOS,primary_curve,,,,,,,,baseline-full-propagation-v1.0,,0.8789905855758342,overlap_weighted_adjusted,
all_year_linear_loo,,,,,5.261469723625161,,,2.887425525958167,,,event_effect_PA,,4.074447624791664,3,,0,35.5,,,,1.725235013108564e-11,,SOS,primary_curve,,,,,,,,baseline-full-propagation-v1.0,,0.6056346484917967,overlap_weighted_adjusted,
all_year_linear_loo,,,,,6.375217820130804,,,3.8611462555259424,,,event_effect_UA,,5.118182037828373,3,,0,35.5,,,,1.4604411078002285e-15,,SOS,primary_curve,,,,,,,,baseline-full-propagation-v1.0,,0.6413565719665101,overlap_weighted_adjusted,
all_year_linear_loo,,,,,2.7229160347627053,,,-0.6354472086892866,,,UA_minus_PA_event_effect,,1.0437344130367094,3,,0,35.5,,,,0.2231247201059676,,SOS,primary_curve,,,,,,,,baseline-full-propagation-v1.0,,0.856741060025167,overlap_weighted_adjusted,
all_year_linear_loo,,,,,5.073875368284678,,,2.7687580999498937,,,event_effect_PA,,3.9213167341172857,3,,0,35.75,,,,2.5873318100602788e-11,,SOS,primary_curve,,,,,,,,baseline-full-propagation-v1.0,,0.5880509250469027,overlap_weighted_adjusted,
all_year_linear_loo,,,,,6.266215182850617,,,3.815026918151864,,,event_effect_UA,,5.04062105050124,3,,0,35.75,,,,7.571253620532253e-16,,SOS,primary_curve,,,,,,,,baseline-full-propagation-v1.0,,0.6253146190525475,overlap_weighted_adjusted,
all_year_linear_loo,,,,,2.75339150390256,,,-0.5147828711346505,,,UA_minus_PA_event_effect,,1.119304316383955,3,,0,35.75,,,,0.1794271690865538,,SOS,primary_curve,,,,,,,,baseline-full-propagation-v1.0,,0.8337332728601528,overlap_weighted_adjusted,
all_year_linear_loo,,,,,4.879987416201013,,,2.644920307350825,,,event_effect_PA,,3.762453861775919,3,,0,36.0,,,,4.1476515141945485e-11,,SOS,primary_curve,,,,,,,,baseline-full-propagation-v1.0,,0.5701806580325229,overlap_weighted_adjusted,
all_year_linear_loo,,,,,6.151816238913446,,,3.765080321908876,,,event_effect_UA,,4.958448280411161,3,,0,36.0,,,,3.835127513225106e-16,,SOS,primary_curve,,,,,,,,baseline-full-propagation-v1.0,,0.6088723914905677,overlap_weighted_adjusted,
all_year_linear_loo,,,,,2.784120930884356,,,-0.392132093613873,,,UA_minus_PA_event_effect,,1.1959944186352414,3,,0,36.0,,,,0.1399386091820816,,SOS,primary_curve,,,,,,,,baseline-full-propagation-v1.0,,0.8102835178483144,overlap_weighted_adjusted,
all_year_linear_loo,,,,,4.680494151357962,,,2.515647227043768,,,event_effect_PA,,3.598070689200865,3,,0,36.25,,,,7.264488486064721e-11,,SOS,primary_curve,,,,,,,,baseline-full-propagation-v1.0,,0.5522670164835247,overlap_weighted_adjusted,
all_year_linear_loo,,,,,6.032365911627661,,,3.710762706288453,,,event_effect_UA,,4.871564308958057,3,,0,36.25,,,,1.9449425205958108e-16,,SOS,primary_curve,,,,,,,,baseline-full-propagation-v1.0,,0.5922565985017375,overlap_weighted_adjusted,
all_year_linear_loo,,,,,2.8154431903248103,,,-0.2684559508104263,,,UA_minus_PA_event_effect,,1.273493619757192,3,,0,36.25,,,,0.1055051456158131,,SOS,primary_curve,,,,,,,,baseline-full-propagation-v1.0,,0.7867234208027901,overlap_weighted_adjusted,
all_year_linear_loo,,,,,4.476107014066264,,,2.380650781584574,,,event_effect_PA,,3.428378897825419,3,,0,36.5,,,,1.4230977556533783e-10,,SOS,primary_curve,,,,,,,,baseline-full-propagation-v1.0,,0.534564984104397,overlap_weighted_adjusted,
all_year_linear_loo,,,,,5.908222229708882,,,3.651517205374812,,,event_effect_UA,,4.779869717541847,3,,0,36.5,,,,1.0177155578029132e-16,,SOS,primary_curve,,,,,,,,baseline-full-propagation-v1.0,,0.575700635862361,overlap_weighted_adjusted,
all_year_linear_loo,,,,,2.8477220136776715,,,-0.1447403742448156,,,UA_minus_PA_event_effect,,1.351490819716428,3,,0,36.5,,,,0.0766665794942614,,SOS,primary_curve,,,,,,,,baseline-full-propagation-v1.0,,0.7633972898294685,overlap_weighted_adjusted,
all_year_linear_loo,,,,,4.267555559610366,,,2.239624778555409,,,event_effect_PA,,3.253590169082888,3,,0,36.75,,,,3.1933240026278914e-10,,SOS,primary_curve,,,,,,,,baseline-full-propagation-v1.0,,0.5173387871029814,overlap_weighted_adjusted,
all_year_linear_loo,,,,,5.7797513779257095,,,3.586778797199205,,,event_effect_UA,,4.683265087562457,3,,0,36.75,,,,5.697931267758769e-17,,SOS,primary_curve,,,,,,,,baseline-full-propagation-v1.0,,0.5594420606767246,overlap_weighted_adjusted,
all_year_linear_loo,,,,,2.8813383321431543,,,-0.0219884951840148,,,UA_minus_PA_event_effect,,1.4296749184795698,3,,0,36.75,,,,0.0535726233300445,,SOS,primary_curve,,,,,,,,baseline-full-propagation-v1.0,,0.7406582085763415,overlap_weighted_adjusted,
all_year_linear_loo,,,,,4.055579732534245,,,2.092252636278888,,,event_effect_PA,,3.073916184406566,3,,0,37.0,,,,8.393507921950447e-10,,SOS,primary_curve,,,,,,,,baseline-full-propagation-v1.0,,0.500857952427144,overlap_weighted_adjusted,
all_year_linear_loo,,,,,5.647320866395637,,,3.5159811344439778,,,event_effect_UA,,4.581651000419807,3,,0,37.0,,,,3.5614689505217856e-17,,SOS,primary_curve,,,,,,,,baseline-full-propagation-v1.0,,0.5437191062599606,overlap_weighted_adjusted,
all_year_linear_loo,,,,,2.916679271635505,,,0.0987903603909767,,,UA_minus_PA_event_effect,,1.5077348160132409,3,,0,37.0,,,,0.0359590702446657,,SOS,primary_curve,,,,,,,,baseline-full-propagation-v1.0,,0.71886242131786,overlap_weighted_adjusted,
all_year_linear_loo,,,,,3.8409186381788567,,,1.9382186122806544,,,event_effect_PA,,2.889568625229756,3,,0,37.25,,,,2.631633815034681e-09,,SOS,primary_curve,,,,,,,,baseline-full-propagation-v1.0,,0.4853915788520751,overlap_weighted_adjusted,
all_year_linear_loo,,,,,5.511290392718709,,,3.4385656823089272,,,event_effect_UA,,4.474928037513818,3,,0,37.25,,,,2.6066515207499482e-17,,SOS,primary_curve,,,,,,,,baseline-full-propagation-v1.0,,0.5287660198756635,overlap_weighted_adjusted,
all_year_linear_loo,,,,,2.9541229720319624,,,0.2165958525361617,,,UA_minus_PA_event_effect,,1.585359412284062,3,,0,37.25,,,,0.0232007543724916,,SOS,primary_curve,,,,,,,,baseline-full-propagation-v1.0,,0.6983615875314713,overlap_weighted_adjusted,
all_year_linear_loo,,,,,3.624295154431112,,,1.777223191540395,,,event_effect_PA,,2.700759172985754,3,,0,37.5,,,,9.945471699101034e-09,,SOS,primary_curve,,,,,,,,baseline-full-propagation-v1.0,,0.4712004856875394,overlap_weighted_adjusted,
all_year_linear_loo,,,,,5.372000108663748,,,3.3539934518250694,,,event_effect_UA,,4.3629967802444085,3,,0,37.5,,,,2.3505282996850003e-17,,SOS,primary_curve,,,,,,,,baseline-full-propagation-v1.0,,0.5148070762413129,overlap_weighted_adjusted,
all_year_linear_loo,,,,,2.994018667000824,,,0.3304565475164851,,,UA_minus_PA_event_effect,,1.6622376072586549,3,,0,37.5,,,,0.0144333904305938,,SOS,primary_curve,,,,,,,,baseline-full-propagation-v1.0,,0.6794926183578314,overlap_weighted_adjusted,
all_year_linear_loo,,,,,3.406396162076166,,,1.6090028561395635,,,event_effect_PA,,2.507699509107865,3,,0,37.75,,,,4.5250014533214377e-08,,SOS,primary_curve,,,,,,,,baseline-full-propagation-v1.0,,0.458527126037573,overlap_weighted_adjusted,
all_year_linear_loo,,,,,5.229756278340815,,,3.261759341682197,,,event_effect_UA,,4.245757810011506,3,,0,37.75,,,,2.7468505991213792e-17,,SOS,primary_curve,,,,,,,,baseline-full-propagation-v1.0,,0.5020492601348615,overlap_weighted_adjusted,
all_year_linear_loo,,,,,3.0366620181524167,,,0.4394545836548649,,,UA_minus_PA_event_effect,,1.7380583009036408,3,,0,37.75,,,,0.0087101348159421,,SOS,primary_curve,,,,,,,,baseline-full-propagation-v1.0,,0.6625650917527038,overlap_weighted_adjusted,
all_year_linear_loo,,,,,3.187848947040129,,,1.4333536830186406,,,event_effect_PA,,2.310601315029385,3,,0,38.0,,,,2.4381523070546e-07,,SOS,primary_curve,,,,,,,,baseline-full-propagation-v1.0,,0.4475835469071686,overlap_weighted_adjusted,
all_year_linear_loo,,,,,5.084814745454277,,,3.1614086709757783,,,event_effect_UA,,4.123111708215028,3,,0,38.0,,,,4.3536957686156944e-17,,SOS,primary_curve,,,,,,,,baseline-full-propagation-v1.0,,0.4906738311647766,overlap_weighted_adjusted,
all_year_linear_loo,,,,,3.0822665844472765,,,0.5427542019240081,,,UA_minus_PA_event_effect,,1.8125103931856423,3,,0,38.0,,,,0.0051460589945864,,SOS,primary_curve,,,,,,,,baseline-full-propagation-v1.0,,0.6478466957950805,overlap_weighted_adjusted,
all_year_linear_loo,,,,,2.9691954024696443,,,1.2501571418975832,,,event_effect_PA,,2.1096762721836138,3,,0,38.25,,,,1.5040189156790693e-06,,SOS,primary_curve,,,,,,,,baseline-full-propagation-v1.0,,0.4385382267561076,overlap_weighted_adjusted,
all_year_linear_loo,,,,,4.937363184314918,,,3.0525549281948696,,,event_effect_UA,,3.9949590562548942,3,,0,38.25,,,,9.690969704510352e-17,,SOS,primary_curve,,,,,,,,baseline-full-propagation-v1.0,,0.4808272679975694,overlap_weighted_adjusted,
all_year_linear_loo,,,,,3.130933446749086,,,0.6396321213934737,,,UA_minus_PA_event_effect,,1.88528278407128,3,,0,38.25,,,,0.0030131758563276,,SOS,primary_curve,,,,,,,,baseline-full-propagation-v1.0,,0.6355477307253294,overlap_weighted_adjusted,
all_year_linear_loo,,,,,2.7508668165676013,,,1.0594053074401053,,,event_effect_PA,,1.905136062003853,3,,0,38.5,,,,1.0095656746225009e-05,,SOS,primary_curve,,,,,,,,baseline-full-propagation-v1.0,,0.4315032119134659,overlap_weighted_adjusted,
all_year_linear_loo,,,,,4.787503694041176,,,2.934897177020883,,,event_effect_UA,,3.8612004355310297,3,,0,38.5,,,,3.0862088327760368e-16,,SOS,primary_curve,,,,,,,,baseline-full-propagation-v1.0,,0.4726123876850332,overlap_weighted_adjusted,
all_year_linear_loo,,,,,3.182622153374921,,,0.7295065936794312,,,UA_minus_PA_event_effect,,1.956064373527176,3,,0,38.5,,,,0.0017740007417694,,SOS,primary_curve,,,,,,,,baseline-full-propagation-v1.0,,0.6258062849739466,overlap_weighted_adjusted,
all_year_linear_loo,,,,,2.5331628721669235,,,0.8612218596798826,,,event_effect_PA,,1.697192365923403,3,,0,38.75,,,,6.916770826421579e-05,,SOS,primary_curve,,,,,,,,baseline-full-propagation-v1.0,,0.4265234018775595,overlap_weighted_adjusted,
all_year_linear_loo,,,,,4.635237739249772,,,2.808235115636938,,,event_effect_UA,,3.721736427443355,3,,0,38.75,,,,1.4032119969592848e-15,,SOS,primary_curve,,,,,,,,baseline-full-propagation-v1.0,,0.466080662201958,overlap_weighted_adjusted,
all_year_linear_loo,,,,,3.2371269087326047,,,0.8119612143072994,,,UA_minus_PA_event_effect,,2.024544061519952,3,,0,38.75,,,,0.0010664563916406,,SOS,primary_curve,,,,,,,,baseline-full-propagation-v1.0,,0.6186760862839069,overlap_weighted_adjusted,
all_year_linear_loo,,,,,2.3162385430066776,,,0.6558751877444443,,,event_effect_PA,,1.486056865375561,3,,0,39.0,,,,0.0004507932507081,,SOS,primary_curve,,,,,,,,baseline-full-propagation-v1.0,,0.4235698636196807,overlap_weighted_adjusted,
all_year_linear_loo,,,,,4.4804555473795,,,2.672479679404081,,,event_effect_UA,,3.5764676133917908,3,,0,39.0,,,,8.886766640336833e-15,,SOS,primary_curve,,,,,,,,baseline-full-propagation-v1.0,,0.461226808818045,overlap_weighted_adjusted,
all_year_linear_loo,,,,,3.294061873067018,,,0.8867596229654413,,,UA_minus_PA_event_effect,,2.0904107480162297,3,,0,39.0,,,,0.000664266815889,,SOS,primary_curve,,,,,,,,baseline-full-propagation-v1.0,,0.6141190014434117,overlap_weighted_adjusted,
all_year_linear_loo,,,,,2.1001015726195624,,,0.4437809109676944,,,event_effect_PA,,1.2719412417936284,3,,0,39.25,,,,0.0026104375108741,,SOS,primary_curve,,,,,,,,baseline-full-propagation-v1.0,,0.4225385452785648,overlap_weighted_adjusted,
all_year_linear_loo,,,,,4.322931703020195,,,2.5276574465323227,,,event_effect_UA,,3.425294574776258,3,,0,39.25,,,,7.487382200554985e-14,,SOS,primary_curve,,,,,,,,baseline-full-propagation-v1.0,,0.4579865422652575,overlap_weighted_adjusted,
all_year_linear_loo,,,,,3.352858353048364,,,0.9538483129168968,,,UA_minus_PA_event_effect,,2.1533533329826304,3,,0,39.25,,,,0.0004339439574417,,SOS,primary_curve,,,,,,,,baseline-full-propagation-v1.0,,0.6120036028862144,overlap_weighted_adjusted,
all_year_linear_loo,,,,,1.884621311361264,,,0.2254930418605467,,,event_effect_PA,,1.0550571766109054,3,,0,39.5,,,,0.0126767497187205,,SOS,primary_curve,,,,,,,,baseline-full-propagation-v1.0,,0.4232547849316899,overlap_weighted_adjusted,
all_year_linear_loo,,,,,4.162327840665036,,,2.373907945328328,,,event_effect_UA,,3.2681178929966817,3,,0,39.5,,,,7.882251924154076e-13,,SOS,primary_curve,,,,,,,,baseline-full-propagation-v1.0,,0.4562379486162849,overlap_weighted_adjusted,
all_year_linear_loo,,,,,3.412774705657397,,,1.0133467271141552,,,UA_minus_PA_event_effect,,2.213060716385776,3,,0,39.5,,,,0.0002998134560589,,SOS,primary_curve,,,,,,,,baseline-full-propagation-v1.0,,0.6121102217871409,overlap_weighted_adjusted,
all_year_linear_loo,,,,,1.6695474604643823,,,0.0016852420569943,,,event_effect_PA,,0.8356163512606885,3,,0,39.75,,,,0.0495388180192813,,SOS,primary_curve,,,,,,,,baseline-full-propagation-v1.0,,0.4254828740638278,overlap_weighted_adjusted,
all_year_linear_loo,,,,,3.998202220163898,,,2.211474078742057,,,event_effect_UA,,3.104838149452977,3,,0,39.75,,,,9.641987880383488e-12,,SOS,primary_curve,,,,,,,,baseline-full-propagation-v1.0,,0.4558063708096996,overlap_weighted_adjusted,
all_year_linear_loo,,,,,3.47291751242477,,,1.0655260839598066,,,UA_minus_PA_event_effect,,2.269221798192288,3,,0,39.75,,,,0.0002199318466971,,SOS,primary_curve,,,,,,,,baseline-full-propagation-v1.0,,0.6141417514439448,overlap_weighted_adjusted,
all_year_linear_loo,,,,,1.4545355027255784,,,-0.2268746083730147,,,event_effect_PA,,0.6138304471762819,3,,0,40.0,,,,0.1524177266842036,,SOS,primary_curve,,,,,,,,baseline-full-propagation-v1.0,,0.4289390326458399,overlap_weighted_adjusted,
all_year_linear_loo,,,,,3.830024889472611,,,2.04068696161753,,,event_effect_UA,,2.9353559255450707,3,,0,40.0,,,,1.2716325513308628e-10,,SOS,primary_curve,,,,,,,,baseline-full-propagation-v1.0,,0.456472144888669,overlap_weighted_adjusted,
all_year_linear_loo,,,,,3.5322707291432667,,,1.110780227594311,,,UA_minus_PA_event_effect,,2.321525478368789,3,,0,40.0,,,,0.0001712058625295,,SOS,primary_curve,,,,,,,,baseline-full-propagation-v1.0,,0.6177385198527534,overlap_weighted_adjusted,
all_year_linear_loo,,,,,1.239174837119707,,,-0.4593525455377405,,,event_effect_PA,,0.3899111457909834,3,,0,40.25,,,,0.3681989095346697,,SOS,primary_curve,,,,,,,,baseline-full-propagation-v1.0,,0.4333057637934205,overlap_weighted_adjusted,
all_year_linear_loo,,,,,3.657196403492174,,,1.8619472018535907,,,event_effect_UA,,2.759571802672882,3,,0,40.25,,,,1.685593838189959e-09,,SOS,primary_curve,,,,,,,,baseline-full-propagation-v1.0,,0.4579801506046232,overlap_weighted_adjusted,
all_year_linear_loo,,,,,3.589728614328106,,,1.1495926994356906,,,UA_minus_PA_event_effect,,2.3696606568818988,3,,0,40.25,,,,0.0001408255480499,,SOS,primary_curve,,,,,,,,baseline-full-propagation-v1.0,,0.6224950902516314,overlap_weighted_adjusted,
all_year_linear_loo,,,,,1.02301595506498,,,-0.6948756979887961,,,event_effect_PA,,0.1640701285380919,3,,0,40.5,,,,0.70812213641639,,SOS,primary_curve,,,,,,,,baseline-full-propagation-v1.0,,0.4382457194632876,overlap_weighted_adjusted,
all_year_linear_loo,,,,,3.479067842186521,,,1.6757048822861431,,,event_effect_UA,,2.577386362236332,3,,0,40.5,,,,2.1139842800983328e-08,,SOS,primary_curve,,,,,,,,baseline-full-propagation-v1.0,,0.460050024930324,overlap_weighted_adjusted,
all_year_linear_loo,,,,,3.644128410257387,,,1.1825040571390932,,,UA_minus_PA_event_effect,,2.4133162336982403,3,,0,40.5,,,,0.0001215387817474,,SOS,primary_curve,,,,,,,,baseline-full-propagation-v1.0,,0.6279769354272,overlap_weighted_adjusted,
all_year_linear_loo,,,,,0.8055940553198617,,,-0.9325559016180468,,,event_effect_PA,,-0.0634809231490924,3,,0,40.75,,,,0.8861605945254342,,SOS,primary_curve,,,,,,,,baseline-full-propagation-v1.0,,0.4434137490913643,overlap_weighted_adjusted,
all_year_linear_loo,,,,,3.294960131115195,,,1.4824402401554897,,,event_effect_UA,,2.3887001856353423,3,,0,40.75,,,,2.391180505024817e-07,,SOS,primary_curve,,,,,,,,baseline-full-propagation-v1.0,,0.462386019655624,overlap_weighted_adjusted,
all_year_linear_loo,,,,,3.694279720193288,,,1.2100824973755813,,,UA_minus_PA_event_effect,,2.4521811087844347,3,,0,40.75,,,,0.0001090998120736,,SOS,primary_curve,,,,,,,,baseline-full-propagation-v1.0,,0.6337354263682236,overlap_weighted_adjusted,
all_year_linear_loo,,,,,0.5864477899252427,,,-1.1715084455997786,,,event_effect_PA,,-0.2925303278372679,3,,0,41.0,,,,0.5142139113568034,,SOS,primary_curve,,,,,,,,baseline-full-propagation-v1.0,,0.4484664640247361,overlap_weighted_adjusted,
all_year_linear_loo,,,,,3.104181244346852,,,1.2826464641928204,,,event_effect_UA,,2.1934138542698363,3,,0,41.0,,,,2.3560278901192992e-06,,SOS,primary_curve,,,,,,,,baseline-full-propagation-v1.0,,0.4646857785454391,overlap_weighted_adjusted,
all_year_linear_loo,,,,,3.738988834314119,,,1.23289952990009,,,UA_minus_PA_event_effect,,2.4859441821071044,3,,0,41.0,,,,0.0001008998523044,,SOS,primary_curve,,,,,,,,baseline-full-propagation-v1.0,,0.6393202436834916,overlap_weighted_adjusted,
all_year_linear_loo,,,,,0.3651329591402219,,,-1.410865767326495,,,event_effect_PA,,-0.5228664040931366,3,,0,41.25,,,,0.2484779829173663,,SOS,primary_curve,,,,,,,,baseline-full-propagation-v1.0,,0.4530692248621833,overlap_weighted_adjusted,
all_year_linear_loo,,,,,2.9060405497581554,,,1.0768153493213113,,,event_effect_UA,,1.9914279495397331,3,,0,41.25,,,,1.9765854414154622e-05,,SOS,primary_curve,,,,,,,,baseline-full-propagation-v1.0,,0.4666476565042877,overlap_weighted_adjusted,
all_year_linear_loo,,,,,3.77707749062135,,,1.2515112166443891,,,UA_minus_PA_event_effect,,2.5142943536328697,3,,0,41.25,,,,9.523066734255118e-05,,SOS,primary_curve,,,,,,,,baseline-full-propagation-v1.0,,0.6442889496690515,overlap_weighted_adjusted,
all_year_linear_loo,,,,,0.1412317337505876,,,-1.649786674717384,,,event_effect_PA,,-0.7542774704833981,3,,0,41.5,,,,0.098767997255979,,SOS,primary_curve,,,,,,,,baseline-full-propagation-v1.0,,0.4569008468000678,overlap_weighted_adjusted,
all_year_linear_loo,,,,,2.699860168893612,,,0.8654259367962974,,,event_effect_UA,,1.7826430528449548,3,,0,41.5,,,,0.0001393847359585,,SOS,primary_curve,,,,,,,,baseline-full-propagation-v1.0,,0.467976515529647,overlap_weighted_adjusted,
all_year_linear_loo,,,,,3.8073964770605335,,,1.2664445695961724,,,UA_minus_PA_event_effect,,2.536920523328353,3,,0,41.5,,,,9.088925472319135e-05,,SOS,primary_curve,,,,,,,,baseline-full-propagation-v1.0,,0.6482139282933426,overlap_weighted_adjusted,
all_year_linear_loo,,,,,-0.0856416290709897,,,-1.8874620620785196,,,event_effect_PA,,-0.9865518455747546,3,,0,41.75,,,,0.0318506014193042,,SOS,primary_curve,,,,,,,,baseline-full-propagation-v1.0,,0.4596565159411243,overlap_weighted_adjusted,
all_year_linear_loo,,,,,2.4849836796007425,,,0.6489358115701015,,,event_effect_UA,,1.566959745585422,3,,0,41.75,,,,0.0008215513998718,,SOS,primary_curve,,,,,,,,baseline-full-propagation-v1.0,,0.4683881649135271,overlap_weighted_adjusted,
all_year_linear_loo,,,,,3.82883503227372,,,1.2781881500466334,,,UA_minus_PA_event_effect,,2.5535115911601767,3,,0,41.75,,,,8.697124731580284e-05,,SOS,primary_curve,,,,,,,,baseline-full-propagation-v1.0,,0.6506871815875862,overlap_weighted_adjusted,
all_year_linear_loo,,,,,-0.315837498919711,,,-2.123118196948094,,,event_effect_PA,,-1.2194778479339026,3,,0,42.0,,,,0.0081689864751504,,SOS,primary_curve,,,,,,,,baseline-full-propagation-v1.0,,0.4610494662871315,overlap_weighted_adjusted,
all_year_linear_loo,,,,,2.260782779214238,,,0.4277744391078786,,,event_effect_UA,,1.3442786091610583,3,,0,42.0,,,,0.0040432335320015,,SOS,primary_curve,,,,,,,,baseline-full-propagation-v1.0,,0.4676127608886937,overlap_weighted_adjusted,
all_year_linear_loo,,,,,3.8403272510655153,,,1.2871856631244072,,,UA_minus_PA_event_effect,,2.563756457094961,3,,0,42.0,,,,8.277325118180775e-05,,SOS,primary_curve,,,,,,,,baseline-full-propagation-v1.0,,0.6513235978007665,overlap_weighted_adjusted,
all_year_linear_loo,,,,,-0.549632183377958,,,-2.3560398734588195,,,event_effect_PA,,-1.4528360284183888,3,,0,42.25,,,,0.0016178297699073,,SOS,primary_curve,,,,,,,,baseline-full-propagation-v1.0,,0.4608267560857176,overlap_weighted_adjusted,
all_year_linear_loo,,,,,2.026739644262835,,,0.2023598262420579,,,event_effect_UA,,1.1145497352524465,3,,0,42.25,,,,0.0166311761295914,,SOS,primary_curve,,,,,,,,baseline-full-propagation-v1.0,,0.4654115668479759,overlap_weighted_adjusted,
all_year_linear_loo,,,,,3.840938419480623,,,1.293833107861048,,,UA_minus_PA_event_effect,,2.5673857636708357,3,,0,42.25,,,,7.778011410823542e-05,,SOS,primary_curve,,,,,,,,baseline-full-propagation-v1.0,,0.6497837030962856,overlap_weighted_adjusted,
all_year_linear_loo,,,,,-0.786918478405797,,,-2.5857528159905128,,,event_effect_PA,,-1.686335647198155,3,,0,42.5,,,,0.0002380576525107,,SOS,primary_curve,,,,,,,,baseline-full-propagation-v1.0,,0.4588947429069339,overlap_weighted_adjusted,
all_year_linear_loo,,,,,1.7830883606673225,,,-0.0267331360466723,,,event_effect_UA,,0.8781776123103251,3,,0,42.5,,,,0.0571630287420065,,SOS,primary_curve,,,,,,,,baseline-full-propagation-v1.0,,0.4616976411274993,overlap_weighted_adjusted,
all_year_linear_loo,,,,,3.830546572310319,,,1.298479946706641,,,UA_minus_PA_event_effect,,2.56451325950848,3,,0,42.5,,,,7.182466655215025e-05,,SOS,primary_curve,,,,,,,,baseline-full-propagation-v1.0,,0.6459472331063979,overlap_weighted_adjusted,
all_year_linear_loo,,,,,-1.027345759173668,,,-2.8119495117317554,,,event_effect_PA,,-1.919647635452712,3,,0,42.75,,,,2.480624483095711e-05,,SOS,primary_curve,,,,,,,,baseline-full-propagation-v1.0,,0.4552644249166858,overlap_weighted_adjusted,
all_year_linear_loo,,,,,1.5305073007469805,,,-0.2588852360370334,,,event_effect_UA,,0.6358110323549735,3,,0,42.75,,,,0.1636688644739522,,SOS,primary_curve,,,,,,,,baseline-full-propagation-v1.0,,0.4564860759938738,overlap_weighted_adjusted,
all_year_linear_loo,,,,,3.8095194187556767,,,1.3013979168596932,,,UA_minus_PA_event_effect,,2.555458667807685,3,,0,42.75,,,,6.499228393680254e-05,,SOS,primary_curve,,,,,,,,baseline-full-propagation-v1.0,,0.6398386709347024,overlap_weighted_adjusted,
all_year_linear_loo,,,,,-1.270506066321626,,,-3.0343790453879653,,,event_effect_PA,,-2.152442555854796,3,,0,43.0,,,,1.7230127889657805e-06,,SOS,primary_curve,,,,,,,,baseline-full-propagation-v1.0,,0.4499758651127123,overlap_weighted_adjusted,
all_year_linear_loo,,,,,1.2697382769446637,,,-0.4935360045111172,,,event_effect_UA,,0.3881011362167732,3,,0,43.0,,,,0.3882550959938422,,SOS,primary_curve,,,,,,,,baseline-full-propagation-v1.0,,0.4498231333239446,overlap_weighted_adjusted,
all_year_linear_loo,,,,,3.778307544111023,,,1.3027798400321149,,,UA_minus_PA_event_effect,,2.540543692071569,3,,0,43.0,,,,5.7491049852039945e-05,,SOS,primary_curve,,,,,,,,baseline-full-propagation-v1.0,,0.6315237738054258,overlap_weighted_adjusted,
all_year_linear_loo,,,,,-1.5159459716960615,,,-3.252835970458225,,,event_effect_PA,,-2.384390971077144,3,,0,43.25,,,,7.397001305601266e-08,,SOS,primary_curve,,,,,,,,baseline-full-propagation-v1.0,,0.4430923252831507,overlap_weighted_adjusted,
all_year_linear_loo,,,,,1.00157374100216,,,-0.7301756115499486,,,event_effect_UA,,0.1356990647261058,3,,0,43.25,,,,0.7587187649263868,,SOS,primary_curve,,,,,,,,baseline-full-propagation-v1.0,,0.4417809118463214,overlap_weighted_adjusted,
all_year_linear_loo,,,,,3.73742732629499,,,1.302752745311508,,,UA_minus_PA_event_effect,,2.520090035803249,3,,0,43.25,,,,4.961134356294591e-05,,SOS,primary_curve,,,,,,,,baseline-full-propagation-v1.0,,0.6211018672250829,overlap_weighted_adjusted,
all_year_linear_loo,,,,,-1.7631740186549871,,,-3.46715286892999,,,event_effect_PA,,-2.615163443792489,3,,0,43.5,,,,1.7870472594463074e-09,,SOS,primary_curve,,,,,,,,baseline-full-propagation-v1.0,,0.4346964698626535,overlap_weighted_adjusted,
all_year_linear_loo,,,,,0.726850137211424,,,-0.968338219784714,,,event_effect_UA,,-0.1207440412866449,3,,0,43.5,,,,0.7800862032982401,,SOS,primary_curve,,,,,,,,baseline-full-propagation-v1.0,,0.4324539558807119,overlap_weighted_adjusted,
all_year_linear_loo,,,,,3.687451331612555,,,1.3013874733991324,,,UA_minus_PA_event_effect,,2.494419402505844,3,,0,43.5,,,,4.168449083488155e-05,,SOS,primary_curve,,,,,,,,baseline-full-propagation-v1.0,,0.608700944771024,overlap_weighted_adjusted,
all_year_linear_loo,,,,,-2.0116660256039123,,,-3.677195047743234,,,event_effect_PA,,-2.844430536673573,3,,0,43.75,,,,2.163403047466945e-11,,SOS,primary_curve,,,,,,,,baseline-full-propagation-v1.0,,0.424887659997021,overlap_weighted_adjusted,
all_year_linear_loo,,,,,0.4464433248267132,,,-1.207597406808915,,,event_effect_UA,,-0.3805770409911009,3,,0,43.75,,,,0.3670922454397713,,SOS,primary_curve,,,,,,,,baseline-full-propagation-v1.0,,0.4219569197909988,overlap_weighted_adjusted,
all_year_linear_loo,,,,,3.62900163357804,,,1.2987053577869043,,,UA_minus_PA_event_effect,,2.463853495682472,3,,0,43.75,,,,3.404186765478601e-05,,SOS,primary_curve,,,,,,,,baseline-full-propagation-v1.0,,0.5944742592650208,overlap_weighted_adjusted,
all_year_linear_loo,,,,,-2.260868668883025,,,-3.882856955903237,,,event_effect_PA,,-3.071862812393131,3,,0,44.0,,,,1.1371991527528316e-13,,SOS,primary_curve,,,,,,,,baseline-full-propagation-v1.0,,0.41378012550594,overlap_weighted_adjusted,
all_year_linear_loo,,,,,0.161265705287001,,,-1.447563292400759,,,event_effect_UA,,-0.6431487935568792,3,,0,44.0,,,,0.1171056979122811,,SOS,primary_curve,,,,,,,,baseline-full-propagation-v1.0,,0.4104231022554491,overlap_weighted_adjusted,
all_year_linear_loo,,,,,3.5627455185592707,,,1.294682519113232,,,UA_minus_PA_event_effect,,2.4287140188362515,3,,0,44.0,,,,2.697781026106753e-05,,SOS,primary_curve,,,,,,,,baseline-full-propagation-v1.0,,0.5785981317351315,overlap_weighted_adjusted,
all_year_linear_loo,,,,,-2.51020163713167,,,-4.084060030116126,,,event_effect_PA,,-3.2971308336238976,3,,0,44.25,,,,2.1754550299335302e-16,,SOS,primary_curve,,,,,,,,baseline-full-propagation-v1.0,,0.4015018656972398,overlap_weighted_adjusted,
all_year_linear_loo,,,,,-0.1277352379779256,,,-1.6878810783292684,,,event_effect_UA,,-0.9078081581535972,3,,0,44.25,,,,0.02255413952135,,SOS,primary_curve,,,,,,,,baseline-full-propagation-v1.0,,0.3980037012561389,overlap_weighted_adjusted,
all_year_linear_loo,,,,,3.4893931852423563,,,1.2892521656982447,,,UA_minus_PA_event_effect,,2.3893226754703005,3,,0,44.25,,,,2.071999506621745e-05,,SOS,primary_curve,,,,,,,,baseline-full-propagation-v1.0,,0.5612707776516669,overlap_weighted_adjusted,
all_year_linear_loo,,,,,-2.7590585551496973,,,-4.280751770927526,,,event_effect_PA,,-3.519905163038612,3,,0,44.5,,,,1.2191013820419661e-19,,SOS,primary_curve,,,,,,,,baseline-full-propagation-v1.0,,0.3881941780003997,overlap_weighted_adjusted,
all_year_linear_loo,,,,,-0.4195772443926471,,,-1.9282307435091024,,,event_effect_UA,,-1.1739039939508746,3,,0,44.5,,,,0.002287272869878,,SOS,primary_curve,,,,,,,,baseline-full-propagation-v1.0,,0.3848676585428409,overlap_weighted_adjusted,
all_year_linear_loo,,,,,3.4096971416912014,,,1.2823051964842715,,,UA_minus_PA_event_effect,,2.3460011690877365,3,,0,44.5,,,,1.5410548839643844e-05,,SOS,primary_curve,,,,,,,,baseline-full-propagation-v1.0,,0.5427119992988458,overlap_weighted_adjusted,
all_year_linear_loo,,,,,-3.006806808175953,,,-4.4729059184440665,,,event_effect_PA,,-3.7398563633100097,3,,0,44.75,,,,1.5347520234367018e-23,,SOS,primary_curve,,,,,,,,baseline-full-propagation-v1.0,,0.3740117476220269,overlap_weighted_adjusted,
all_year_linear_loo,,,,,-0.7132426951578786,,,-2.168327625078783,,,event_effect_UA,,-1.4407851601183308,3,,0,44.75,,,,0.0001038546845904,,SOS,primary_curve,,,,,,,,baseline-full-propagation-v1.0,,0.3712019561069562,overlap_weighted_adjusted,
all_year_linear_loo,,,,,3.324453049743542,,,1.2736893566398166,,,UA_minus_PA_event_effect,,2.299071203191679,3,,0,44.75,,,,1.1099998078452708e-05,,SOS,primary_curve,,,,,,,,baseline-full-propagation-v1.0,,0.5231636165970108,overlap_weighted_adjusted,
all_year_linear_loo,,,,,-3.2527863584915657,,,-4.6605236357300885,,,event_effect_PA,,-3.956654997110827,3,,0,45.0,,,,3.145356832073726e-28,,SOS,primary_curve,,,,,,,,baseline-full-propagation-v1.0,,0.3591232513307834,overlap_weighted_adjusted,
all_year_linear_loo,,,,,-1.0076774904363943,,,-2.40792354121477,,,event_effect_UA,,-1.7078005158255825,3,,0,45.0,,,,1.745005875285183e-06,,SOS,primary_curve,,,,,,,,baseline-full-propagation-v1.0,,0.3572121890563648,overlap_weighted_adjusted,
all_year_linear_loo,,,,,3.2345017495349127,,,1.2632072130355776,,,UA_minus_PA_event_effect,,2.248854481285245,3,,0,45.0,,,,7.754321918289704e-06,,SOS,primary_curve,,,,,,,,baseline-full-propagation-v1.0,,0.5028905000420046,overlap_weighted_adjusted,
all_year_linear_loo,,,,,-3.4963076427203656,,,-4.84363561150724,,,event_effect_PA,,-4.169971627113803,3,,0,45.25,,,,7.134898259765293e-34,,SOS,primary_curve,,,,,,,,baseline-full-propagation-v1.0,,0.3437124302830117,overlap_weighted_adjusted,
all_year_linear_loo,,,,,-1.3017898877145486,,,-2.6468079527699526,,,event_effect_UA,,-1.9742989202422505,3,,0,45.25,,,,8.720387468454403e-09,,SOS,primary_curve,,,,,,,,baseline-full-propagation-v1.0,,0.3431231582990133,overlap_weighted_adjusted,
all_year_linear_loo,,,,,3.1407320938267658,,,1.25061331991634,,,UA_minus_PA_event_effect,,2.195672706871553,3,,0,45.25,,,,5.273107349943881e-06,,SOS,primary_curve,,,,,,,,baseline-full-propagation-v1.0,,0.4821820168175133,overlap_weighted_adjusted,
all_year_linear_loo,,,,,-3.736648686936379,,,-5.022304945046966,,,event_effect_PA,,-4.379476815991673,3,,0,45.5,,,,1.1393273443263971e-40,,SOS,primary_curve,,,,,,,,baseline-full-propagation-v1.0,,0.327979561933709,overlap_weighted_adjusted,
all_year_linear_loo,,,,,-1.5944500708007416,,,-2.884808394275161,,,event_effect_UA,,-2.239629232537951,3,,0,45.5,,,,1.0197984614339792e-11,,SOS,primary_curve,,,,,,,,baseline-full-propagation-v1.0,,0.329179090445692,overlap_weighted_adjusted,
all_year_linear_loo,,,,,3.0440839960071675,,,1.2356111709002753,,,UA_minus_PA_event_effect,,2.1398475834537214,3,,0,45.5,,,,3.514662600903387e-06,,SOS,primary_curve,,,,,,,,baseline-full-propagation-v1.0,,0.4613535859260413,overlap_weighted_adjusted,
all_year_linear_loo,,,,,-3.973051707792179,,,-5.196630545042168,,,event_effect_PA,,-4.584841126417174,3,,0,45.75,,,,7.665437014316366e-49,,SOS,primary_curve,,,,,,,,baseline-full-propagation-v1.0,,0.3121431941865827,overlap_weighted_adjusted,
all_year_linear_loo,,,,,-1.8844916072116789,,,-3.121789016552932,,,event_effect_UA,,-2.503140311882305,3,,0,45.75,,,,2.186312452965038e-15,,SOS,primary_curve,,,,,,,,baseline-full-propagation-v1.0,,0.3156428942319597,overlap_weighted_adjusted,
all_year_linear_loo,,,,,2.9455506996463154,,,1.2178509294234208,,,UA_minus_PA_event_effect,,2.081700814534868,3,,0,45.75,,,,2.322643547308382e-06,,SOS,primary_curve,,,,,,,,baseline-full-propagation-v1.0,,0.4407478361466767,overlap_weighted_adjusted,
all_year_linear_loo,,,,,-4.204719728016959,,,-5.366750514109122,,,event_effect_PA,,-4.78573512106304,3,,0,46.0,,,,1.2531430713286202e-58,,SOS,primary_curve,,,,,,,,baseline-full-propagation-v1.0,,0.2964418722124779,overlap_weighted_adjusted,
all_year_linear_loo,,,,,-2.1707164371012784,,,-3.3576455977885797,,,event_effect_UA,,-2.764181017444929,3,,0,46.0,,,,6.918111022295648e-20,,SOS,primary_curve,,,,,,,,baseline-full-propagation-v1.0,,0.3027936150994728,overlap_weighted_adjusted,
all_year_linear_loo,,,,,2.846178667463106,,,1.1969295397731177,,,UA_minus_PA_event_effect,,2.021554103618112,3,,0,46.0,,,,1.54890188616145e-06,,SOS,primary_curve,,,,,,,,baseline-full-propagation-v1.0,,0.4207345493843394,overlap_weighted_adjusted,
all_year_linear_loo,,,,,-4.430814184765116,,,-5.532844540438908,,,event_effect_PA,,-4.981829362602012,3,,0,46.25,,,,2.9186031418728593e-70,,SOS,primary_curve,,,,,,,,baseline-full-propagation-v1.0,,0.2811353587021157,overlap_weighted_adjusted,
all_year_linear_loo,,,,,-2.451905505517226,,,-3.592294911273658,,,event_effect_UA,,-3.0221002083954422,3,,0,46.25,,,,2.810582477187677e-25,,SOS,primary_curve,,,,,,,,baseline-full-propagation-v1.0,,0.2909210104756208,overlap_weighted_adjusted,
all_year_linear_loo,,,,,2.747062664226317,,,1.1723956441868228,,,UA_minus_PA_event_effect,,1.95972915420657,3,,0,46.25,,,,1.069011472772152e-06,,SOS,primary_curve,,,,,,,,baseline-full-propagation-v1.0,,0.4017081518997968,overlap_weighted_adjusted,
all_year_linear_loo,,,,,-4.650455204807956,,,-5.695133622605693,,,event_effect_PA,,-5.172794413706825,3,,0,46.5,,,,6.379579854124393e-84,,SOS,primary_curve,,,,,,,,baseline-full-propagation-v1.0,,0.2665044934595805,overlap_weighted_adjusted,
all_year_linear_loo,,,,,-2.726837334124045,,,-3.82565615368288,,,event_effect_UA,,-3.276246743903463,3,,0,46.5,,,,1.473435968896092e-31,,SOS,primary_curve,,,,,,,,baseline-full-propagation-v1.0,,0.2803160742304903,overlap_weighted_adjusted,
all_year_linear_loo,,,,,2.6493327016375785,,,1.1437626379691448,,,UA_minus_PA_event_effect,,1.8965476698033616,3,,0,46.5,,,,7.897481256427706e-07,,SOS,primary_curve,,,,,,,,baseline-full-propagation-v1.0,,0.3840810534132715,overlap_weighted_adjusted,
all_year_linear_loo,,,,,-4.862727151100165,,,-5.853874523000263,,,event_effect_PA,,-5.358300837050214,3,,0,46.75,,,,1.137740009473884e-99,,SOS,primary_curve,,,,,,,,baseline-full-propagation-v1.0,,0.2528483634694671,overlap_weighted_adjusted,
all_year_linear_loo,,,,,-2.9943162786019064,,,-4.057622687675313,,,event_effect_UA,,-3.52596948313861,3,,0,46.75,,,,1.2452426771545728e-38,,SOS,primary_curve,,,,,,,,baseline-full-propagation-v1.0,,0.2712566193717416,overlap_weighted_adjusted,
all_year_linear_loo,,,,,2.5541289135141074,,,1.110533794309101,,,UA_minus_PA_event_effect,,1.832331353911604,3,,0,46.75,,,,6.507957242589031e-07,,SOS,primary_curve,,,,,,,,baseline-full-propagation-v1.0,,0.3682708280845721,overlap_weighted_adjusted,
all_year_linear_loo,,,,,-5.066693006885576,,,-6.009345383724262,,,event_effect_PA,,-5.538019195304919,3,,0,47.0,,,,2.3712058060659803e-117,,SOS,primary_curve,,,,,,,,baseline-full-propagation-v1.0,,0.2404769639325534,overlap_weighted_adjusted,
all_year_linear_loo,,,,,-3.2532104190097018,,,-4.288024151531306,,,event_effect_UA,,-3.770617285270504,3,,0,47.0,,,,2.7813993724306552e-46,,SOS,primary_curve,,,,,,,,baseline-full-propagation-v1.0,,0.263987945871476,overlap_weighted_adjusted,
all_year_linear_loo,,,,,2.462560897057929,,,1.0722429230109023,,,UA_minus_PA_event_effect,,1.7674019100344158,3,,0,47.0,,,,6.257482819555107e-07,,SOS,primary_curve,,,,,,,,baseline-full-propagation-v1.0,,0.3546794698815074,overlap_weighted_adjusted,
all_year_linear_loo,,,,,-5.261421569995842,,,-6.161818532291508,,,event_effect_PA,,-5.711620051143675,3,,0,47.25,,,,1.742521888833594e-136,,SOS,primary_curve,,,,,,,,baseline-full-propagation-v1.0,,0.2296973233686643,overlap_weighted_adjusted,
all_year_linear_loo,,,,,-3.5024957918733213,,,-4.516582227064199,,,event_effect_UA,,-4.00953900946876,3,,0,47.25,,,,3.5353325146584873e-54,,SOS,primary_curve,,,,,,,,baseline-full-propagation-v1.0,,0.2587002728595685,overlap_weighted_adjusted,
all_year_linear_loo,,,,,2.375650612698381,,,1.0285114706514489,,,UA_minus_PA_event_effect,,1.702081041674915,3,,0,47.25,,,,7.317427638413115e-07,,SOS,primary_curve,,,,,,,,baseline-full-propagation-v1.0,,0.3436642593111389,overlap_weighted_adjusted,
all_year_linear_loo,,,,,-5.446030204086392,,,-6.311517730392045,,,event_effect_PA,,-5.878773967239218,3,,0,47.5,,,,3.4053363808468995e-156,,SOS,primary_curve,,,,,,,,baseline-full-propagation-v1.0,,0.2207916913607871,overlap_weighted_adjusted,
all_year_linear_loo,,,,,-3.7412997201701694,,,-4.742867309635827,,,event_effect_UA,,-4.242083514902999,3,,0,47.5,,,,6.6696765118437776e-62,,SOS,primary_curve,,,,,,,,baseline-full-propagation-v1.0,,0.2555066310824827,overlap_weighted_adjusted,
all_year_linear_loo,,,,,2.2942632310223736,,,0.9791176736500669,,,UA_minus_PA_event_effect,,1.6366904523362202,3,,0,47.5,,,,1.0699002309334857e-06,,SOS,primary_curve,,,,,,,,baseline-full-propagation-v1.0,,0.3355024805930127,overlap_weighted_adjusted,
all_year_linear_loo,,,,,-5.619741819314574,,,-6.458561193214002,,,event_effect_PA,,-6.039151506264288,3,,0,47.75,,,,3.15407887962727e-175,,SOS,primary_curve,,,,,,,,baseline-full-propagation-v1.0,,0.2139884662463003,overlap_weighted_adjusted,
all_year_linear_loo,,,,,-3.968933248414023,,,-4.966266073071654,,,event_effect_UA,,-4.467599660742838,3,,0,47.75,,,,5.03136945886621e-69,,SOS,primary_curve,,,,,,,,baseline-full-propagation-v1.0,,0.2544263140864997,overlap_weighted_adjusted,
all_year_linear_loo,,,,,2.219037429085021,,,0.9240662619578768,,,UA_minus_PA_event_effect,,1.571551845521449,3,,0,47.75,,,,1.963468161885632e-06,,SOS,primary_curve,,,,,,,,baseline-full-propagation-v1.0,,0.3303558578988471,overlap_weighted_adjusted,
all_year_linear_loo,,,,,-5.781947718418563,,,-6.602898743364669,,,event_effect_PA,,-6.192423230891616,3,,0,48.0,,,,3.858855786001795e-192,,SOS,primary_curve,,,,,,,,baseline-full-propagation-v1.0,,0.2094301302017953,overlap_weighted_adjusted,
all_year_linear_loo,,,,,-4.184903440978001,,,-5.18596917133779,,,event_effect_UA,,-4.685436306157896,3,,0,48.0,,,,3.487223276551763e-75,,SOS,primary_curve,,,,,,,,baseline-full-propagation-v1.0,,0.2553786034478355,overlap_weighted_adjusted,
all_year_linear_loo,,,,,2.150332204241939,,,0.8636416452255014,,,UA_minus_PA_event_effect,,1.5069869247337202,3,,0,48.0,,,,4.409896245284623e-06,,SOS,primary_curve,,,,,,,,baseline-full-propagation-v1.0,,0.3282434190540461,overlap_weighted_adjusted,
all_year_linear_loo,,,,,-5.932260629508187,,,-6.7442587780797005,,,event_effect_PA,,-6.338259703793944,3,,0,48.25,,,,1.3011781686606559e-205,,SOS,primary_curve,,,,,,,,baseline-full-propagation-v1.0,,0.2071461911995455,overlap_weighted_adjusted,
all_year_linear_loo,,,,,-4.388901346036516,,,-5.400983274599069,,,event_effect_UA,,-4.894942310317792,3,,0,48.25,,,,3.7383426409635155e-80,,SOS,primary_curve,,,,,,,,baseline-full-propagation-v1.0,,0.2581889097314355,overlap_weighted_adjusted,
all_year_linear_loo,,,,,2.088206699667831,,,0.7984280872844717,,,UA_minus_PA_event_effect,,1.4433173934761512,3,,0,48.25,,,,1.15153737633511e-05,,SOS,primary_curve,,,,,,,,baseline-full-propagation-v1.0,,0.3290312022457984,overlap_weighted_adjusted,
all_year_linear_loo,,,,,-6.070540079834062,,,-6.882122895453948,,,event_effect_PA,,-6.476331487644005,3,,0,48.5,,,,8.582578173524984e-215,,SOS,primary_curve,,,,,,,,baseline-full-propagation-v1.0,,0.2070402369690331,overlap_weighted_adjusted,
all_year_linear_loo,,,,,-4.580768738507773,,,-5.610164326276516,,,event_effect_UA,,-5.095466532392145,3,,0,48.5,,,,7.21131531152668e-84,,SOS,primary_curve,,,,,,,,baseline-full-propagation-v1.0,,0.262605740689238,overlap_weighted_adjusted,
all_year_linear_loo,,,,,2.0324407836393115,,,0.7292891268644105,,,UA_minus_PA_event_effect,,1.380864955251861,3,,0,48.5,,,,3.271528604114757e-05,,SOS,primary_curve,,,,,,,,baseline-full-propagation-v1.0,,0.3324427558501062,overlap_weighted_adjusted,
all_year_linear_loo,,,,,-6.196879413205975,,,-7.015738877023104,,,event_effect_PA,,-6.60630914511454,3,,0,48.75,,,,1.685115771749132e-219,,SOS,primary_curve,,,,,,,,baseline-full-propagation-v1.0,,0.2088965588848028,overlap_weighted_adjusted,
all_year_linear_loo,,,,,-4.76045256340264,,,-5.812263099698506,,,event_effect_UA,,-5.286357831550573,3,,0,48.75,,,,2.097323155807578e-86,,SOS,primary_curve,,,,,,,,baseline-full-propagation-v1.0,,0.2683239448766442,overlap_weighted_adjusted,
all_year_linear_loo,,,,,1.9825908254791256,,,0.657311801648808,,,UA_minus_PA_event_effect,,1.3199513135639669,3,,0,48.75,,,,9.454946325565583e-05,,SOS,primary_curve,,,,,,,,baseline-full-propagation-v1.0,,0.3380875960690986,overlap_weighted_adjusted,
all_year_linear_loo,,,,,-6.311557793955534,,,-7.144168683801031,,,event_effect_PA,,-6.727863238878283,3,,0,49.0,,,,3.4612039040461787e-220,,SOS,primary_curve,,,,,,,,baseline-full-propagation-v1.0,,0.2124046401905916,overlap_weighted_adjusted,
all_year_linear_loo,,,,,-4.927957627720173,,,-6.005972506205217,,,event_effect_UA,,-5.466965066962695,3,,0,49.0,,,,6.156744896503851e-88,,SOS,primary_curve,,,,,,,,baseline-full-propagation-v1.0,,0.2750088488840324,overlap_weighted_adjusted,
all_year_linear_loo,,,,,1.9380646565894653,,,0.5837316872417103,,,UA_minus_PA_event_effect,,1.2608981719155878,3,,0,49.0,,,,0.0002627574034341,,SOS,primary_curve,,,,,,,,baseline-full-propagation-v1.0,,0.3454994530589747,overlap_weighted_adjusted,
all_year_linear_loo,,,,,-6.414972856170257,,,-7.266355807045681,,,event_effect_PA,,-6.840664331607969,3,,0,49.25,,,,9.944242250120097e-218,,SOS,primary_curve,,,,,,,,baseline-full-propagation-v1.0,,0.2171935192664316,overlap_weighted_adjusted,
all_year_linear_loo,,,,,-5.0833057122907,,,-6.189968483305555,,,event_effect_UA,,-5.636637097798127,3,,0,49.25,,,,1.0965245511074723e-88,,SOS,primary_curve,,,,,,,,baseline-full-propagation-v1.0,,0.2823171190246533,overlap_weighted_adjusted,
all_year_linear_loo,,,,,1.8981972952609207,,,0.5098571723587626,,,UA_minus_PA_event_effect,,1.204027233809842,3,,0,49.25,,,,0.0006750246215617,,SOS,primary_curve,,,,,,,,baseline-full-propagation-v1.0,,0.3541749067465546,overlap_weighted_adjusted,
all_year_linear_loo,,,,,-6.507572999928218,,,-7.381192972024458,,,event_effect_PA,,-6.944382985976338,3,,0,49.5,,,,3.782322872010591e-213,,SOS,primary_curve,,,,,,,,baseline-full-propagation-v1.0,,0.2228663330008213,overlap_weighted_adjusted,
all_year_linear_loo,,,,,-5.226505112871885,,,-6.362940453581099,,,event_effect_UA,,-5.794722783226492,3,,0,49.5,,,,7.026246388766977e-89,,SOS,primary_curve,,,,,,,,baseline-full-propagation-v1.0,,0.2899123018772977,overlap_weighted_adjusted,
all_year_linear_loo,,,,,1.862313979820399,,,0.4370064256792947,,,UA_minus_PA_event_effect,,1.1496602027498468,3,,0,49.5,,,,0.0015677917445061,,SOS,primary_curve,,,,,,,,baseline-full-propagation-v1.0,,0.3636055471895781,overlap_weighted_adjusted,
all_year_linear_loo,,,,,-6.589802906681406,,,-7.487576622630847,,,event_effect_PA,,-7.038689764656127,3,,0,49.75,,,,2.0719527174443987e-207,,SOS,primary_curve,,,,,,,,baseline-full-propagation-v1.0,,0.2290281155753284,overlap_weighted_adjusted,
all_year_linear_loo,,,,,-5.357530912038032,,,-6.523611052796779,,,event_effect_UA,,-5.940570982417405,3,,0,49.75,,,,1.004707535401355e-88,,SOS,primary_curve,,,,,,,,baseline-full-propagation-v1.0,,0.2974748898338538,overlap_weighted_adjusted,
all_year_linear_loo,,,,,1.829774819388421,,,0.3664627450890217,,,UA_minus_PA_event_effect,,1.0981187822387213,3,,0,49.75,,,,0.0032647260221631,,SOS,primary_curve,,,,,,,,baseline-full-propagation-v1.0,,0.3733007559939412,overlap_weighted_adjusted,
all_year_linear_loo,,,,,-6.662067265583291,,,-7.584443195056844,,,event_effect_PA,,-7.123255230320067,3,,0,50.0,,,,2.6369704554197746e-201,,SOS,primary_curve,,,,,,,,baseline-full-propagation-v1.0,,0.2353043057803962,overlap_weighted_adjusted,
all_year_linear_loo,,,,,-5.476314081708951,,,-6.670747027372018,,,event_effect_UA,,-6.0735305545404845,3,,0,50.0,,,,2.134972425757017e-88,,SOS,primary_curve,,,,,,,,baseline-full-propagation-v1.0,,0.3047078811357255,overlap_weighted_adjusted,
all_year_linear_loo,,,,,1.800001734088482,,,0.2994476174706838,,,UA_minus_PA_event_effect,,1.0497246757795828,3,,0,50.0,,,,0.0061025997540988,,SOS,primary_curve,,,,,,,,baseline-full-propagation-v1.0,,0.3828014515710435,overlap_weighted_adjusted,
all_year_linear_loo,,,,,-6.724711083624683,,,-7.670788807657125,,,event_effect_PA,,-7.197749945640904,3,,0,50.25,,,,1.9798274826722776e-195,,SOS,primary_curve,,,,,,,,baseline-full-propagation-v1.0,,0.2413507930490002,overlap_weighted_adjusted,
all_year_linear_loo,,,,,-5.582736758234407,,,-6.803163959296299,,,event_effect_UA,,-6.192950358765353,3,,0,50.25,,,,4.83756244034701e-88,,SOS,primary_curve,,,,,,,,baseline-full-propagation-v1.0,,0.3113391905893335,overlap_weighted_adjusted,
all_year_linear_loo,,,,,1.7724916987330552,,,0.237107475018045,,,UA_minus_PA_event_effect,,1.0047995868755502,3,,0,50.25,,,,0.0103082596180334,,SOS,primary_curve,,,,,,,,baseline-full-propagation-v1.0,,0.3916868462446058,overlap_weighted_adjusted,
all_year_linear_loo,,,,,-6.77801194494847,,,-7.745677001634262,,,event_effect_PA,,-7.261844473291366,3,,0,50.5,,,,3.3185663665619097e-190,,SOS,primary_curve,,,,,,,,baseline-full-propagation-v1.0,,0.2468578668584246,overlap_weighted_adjusted,
all_year_linear_loo,,,,,-5.676631170101927,,,-6.919727338421322,,,event_effect_UA,,-6.298179254261624,3,,0,50.5,,,,8.956282460121076e-88,,SOS,primary_curve,,,,,,,,baseline-full-propagation-v1.0,,0.3171221966640151,overlap_weighted_adjusted,
all_year_linear_loo,,,,,1.7468210926657943,,,0.1805093453936881,,,UA_minus_PA_event_effect,,0.9636652190297412,3,,0,50.5,,,,0.0158776676752009,,SOS,primary_curve,,,,,,,,baseline-full-propagation-v1.0,,0.3995766655986981,overlap_weighted_adjusted,
all_year_linear_loo,,,,,-6.822179307809596,,,-7.808239444078794,,,event_effect_PA,,-7.315209375944195,3,,0,50.75,,,,6.339973123377996e-186,,SOS,primary_curve,,,,,,,,baseline-full-propagation-v1.0,,0.2515505754307516,overlap_weighted_adjusted,
all_year_linear_loo,,,,,-5.757780195705875,,,-7.019352004691967,,,event_effect_UA,,-6.388566100198921,3,,0,50.75,,,,1.0930328824268148e-87,,SOS,primary_curve,,,,,,,,baseline-full-propagation-v1.0,,0.3218354569107419,overlap_weighted_adjusted,
all_year_linear_loo,,,,,1.7226453633307637,,,0.1306411881597848,,,UA_minus_PA_event_effect,,0.9266432757452744,3,,0,50.75,,,,0.022510807697226,,SOS,primary_curve,,,,,,,,baseline-full-propagation-v1.0,,0.4061309768262337,overlap_weighted_adjusted,
all_year_linear_loo,,,,,-6.857356892905173,,,-7.857673539639082,,,event_effect_PA,,-7.357515216272128,3,,0,51.0,,,,8.569860166074742e-183,,SOS,primary_curve,,,,,,,,baseline-full-propagation-v1.0,,0.2551875071746926,overlap_weighted_adjusted,
all_year_linear_loo,,,,,-5.825918043798392,,,-7.101001467695326,,,event_effect_UA,,-6.463459755746859,3,,0,51.0,,,,7.355445582404403e-88,,SOS,primary_curve,,,,,,,,baseline-full-propagation-v1.0,,0.3252823607868891,overlap_weighted_adjusted,
all_year_linear_loo,,,,,1.6996972046889312,,,0.0884137163616038,,,UA_minus_PA_event_effect,,0.8940554605252675,3,,0,51.0,,,,0.0296258649723815,,SOS,primary_curve,,,,,,,,baseline-full-propagation-v1.0,,0.4110492593325505,overlap_weighted_adjusted,
all_year_linear_loo,,,,,-6.883658605643678,,,-7.893328452820615,,,event_effect_PA,,-7.388493529232146,3,,0,51.25,,,,5.873198049949061e-181,,SOS,primary_curve,,,,,,,,baseline-full-propagation-v1.0,,0.2575735715403661,overlap_weighted_adjusted,
all_year_linear_loo,,,,,-5.880805004659227,,,-7.163820746103961,,,event_effect_UA,,-6.522312875381594,3,,0,51.25,,,,2.361103810971268e-88,,SOS,primary_curve,,,,,,,,baseline-full-propagation-v1.0,,0.3273059483656327,overlap_weighted_adjusted,
all_year_linear_loo,,,,,1.6777821521292031,,,0.0545791555718999,,,UA_minus_PA_event_effect,,0.8661806538505517,3,,0,51.25,,,,0.0364591812782695,,SOS,primary_curve,,,,,,,,baseline-full-propagation-v1.0,,0.4140900060819795,overlap_weighted_adjusted,
all_year_linear_loo,,,,,-6.901358775649308,,,-7.915223319824683,,,event_effect_PA,,-7.408291047736996,3,,0,51.5,,,,1.968076851009661e-180,,SOS,primary_curve,,,,,,,,baseline-full-propagation-v1.0,,0.2586436669685282,overlap_weighted_adjusted,
all_year_linear_loo,,,,,-5.922659007338028,,,-7.207910832566759,,,event_effect_UA,,-6.5652849199523935,3,,0,51.5,,,,3.426137033366354e-89,,SOS,primary_curve,,,,,,,,baseline-full-propagation-v1.0,,0.3278763883843359,overlap_weighted_adjusted,
all_year_linear_loo,,,,,1.656764553992131,,,0.0292477015770764,,,UA_minus_PA_event_effect,,0.8430061277846037,3,,0,51.5,,,,0.0423150803378584,,SOS,primary_curve,,,,,,,,baseline-full-propagation-v1.0,,0.4151904997369084,overlap_weighted_adjusted,
all_year_linear_loo,,,,,-6.910755151282225,,,-7.923700021684188,,,event_effect_PA,,-7.4172275864832065,3,,0,51.75,,,,3.456565623800418e-181,,SOS,primary_curve,,,,,,,,baseline-full-propagation-v1.0,,0.2584090520009406,overlap_weighted_adjusted,
all_year_linear_loo,,,,,-5.951852231592639,,,-7.233807755682278,,,event_effect_UA,,-6.592829993637459,3,,0,51.75,,,,2.226890437434189e-90,,SOS,primary_curve,,,,,,,,baseline-full-propagation-v1.0,,0.3270354797847155,overlap_weighted_adjusted,
all_year_linear_loo,,,,,1.636588741058716,,,0.0122064446327799,,,UA_minus_PA_event_effect,,0.824397592845748,3,,0,51.75,,,,0.0466548263181364,,SOS,primary_curve,,,,,,,,baseline-full-propagation-v1.0,,0.4143908534133423,overlap_weighted_adjusted,
all_year_linear_loo,,,,,-6.912081776854303,,,-7.919165290238916,,,event_effect_PA,,-7.41562353354661,3,,0,52.0,,,,3.3569136282816196e-183,,SOS,primary_curve,,,,,,,,baseline-full-propagation-v1.0,,0.2569137803878945,overlap_weighted_adjusted,
all_year_linear_loo,,,,,-5.96870227297784,,,-7.242104080420455,,,event_effect_UA,,-6.605403176699148,3,,0,52.0,,,,6.50081815465261e-92,,SOS,primary_curve,,,,,,,,baseline-full-propagation-v1.0,,0.3248533691146997,overlap_weighted_adjusted,
all_year_linear_loo,,,,,1.6172819172176305,,,0.0031587964772934,,,UA_minus_PA_event_effect,,0.810220356847462,3,,0,52.0,,,,0.0491100288449067,,SOS,primary_curve,,,,,,,,baseline-full-propagation-v1.0,,0.411773668667469,overlap_weighted_adjusted,
all_year_linear_loo,,,,,-6.905513960704965,,,-7.90208459330111,,,event_effect_PA,,-7.403799277003038,3,,0,52.25,,,,1.8779828253639008e-186,,SOS,primary_curve,,,,,,,,baseline-full-propagation-v1.0,,0.2542318737632341,overlap_weighted_adjusted,
all_year_linear_loo,,,,,-5.973473851485944,,,-7.2334452473136865,,,event_effect_UA,,-6.603459549399815,3,,0,52.25,,,,8.675474054955154e-94,,SOS,primary_curve,,,,,,,,baseline-full-propagation-v1.0,,0.321427180745727,overlap_weighted_adjusted,
all_year_linear_loo,,,,,1.5989492306726485,,,0.0017302245337983,,,UA_minus_PA_event_effect,,0.8003397276032232,3,,0,52.25,,,,0.0495057044959031,,SOS,primary_curve,,,,,,,,baseline-full-propagation-v1.0,,0.4074613152939313,overlap_weighted_adjusted,
all_year_linear_loo,,,,,-6.89116925109001,,,-7.872981158766621,,,event_effect_PA,,-7.382075204928316,3,,0,52.5,,,,6.338480790171295e-191,,SOS,primary_curve,,,,,,,,baseline-full-propagation-v1.0,,0.2504668237327364,overlap_weighted_adjusted,
all_year_linear_loo,,,,,-5.966378130861476,,,-7.208530253142137,,,event_effect_UA,,-6.587454192001807,3,,0,52.5,,,,5.512672461809694e-96,,SOS,primary_curve,,,,,,,,baseline-full-propagation-v1.0,,0.3168813641675557,overlap_weighted_adjusted,
all_year_linear_loo,,,,,1.5817738086425708,,,0.0074682172104491,,,UA_minus_PA_event_effect,,0.7946210129265099,3,,0,52.5,,,,0.0478656340797366,,SOS,primary_curve,,,,,,,,baseline-full-propagation-v1.0,,0.4016159490301973,overlap_weighted_adjusted,
all_year_linear_loo,,,,,-6.869104649669475,,,-7.832438761127073,,,event_effect_PA,,-7.350771705398274,3,,0,52.75,,,,1.4064784334441078e-196,,SOS,primary_curve,,,,,,,,baseline-full-propagation-v1.0,,0.2457530135901105,overlap_weighted_adjusted,
all_year_linear_loo,,,,,-5.947569323969015,,,-7.1681150455659335,,,event_effect_UA,,-6.557842184767474,3,,0,52.75,,,,1.801957075988846e-98,,SOS,primary_curve,,,,,,,,baseline-full-propagation-v1.0,,0.3113694259752803,overlap_weighted_adjusted,
all_year_linear_loo,,,,,1.5660211606550605,,,0.0198378806065379,,,UA_minus_PA_event_effect,,0.7929295206307992,3,,0,52.75,,,,0.0444039376962799,,SOS,primary_curve,,,,,,,,baseline-full-propagation-v1.0,,0.3944417581763285,overlap_weighted_adjusted,
all_year_linear_loo,,,,,-6.839310416654953,,,-7.781107916322538,,,event_effect_PA,,-7.310209166488746,3,,0,53.0,,,,2.4599505020206887e-203,,SOS,primary_curve,,,,,,,,baseline-full-propagation-v1.0,,0.2402588790141971,overlap_weighted_adjusted,
all_year_linear_loo,,,,,-5.917138907969012,,,-7.113018307949343,,,event_effect_UA,,-6.515078607959177,3,,0,53.0,,,,3.464168398189693e-101,,SOS,primary_curve,,,,,,,,baseline-full-propagation-v1.0,,0.3050768813644727,overlap_weighted_adjusted,
all_year_linear_loo,,,,,1.5520474611269093,,,0.0382136559322279,,,UA_minus_PA_event_effect,,0.7951305585295686,3,,0,53.0,,,,0.0395024207142248,,SOS,primary_curve,,,,,,,,baseline-full-propagation-v1.0,,0.3861891894788907,overlap_weighted_adjusted,
all_year_linear_loo,,,,,-6.801700849651112,,,-7.719715102900006,,,event_effect_PA,,-7.260707976275559,3,,0,53.25,,,,4.8689082225215176e-211,,SOS,primary_curve,,,,,,,,baseline-full-propagation-v1.0,,0.2341916128281114,overlap_weighted_adjusted,
all_year_linear_loo,,,,,-5.875107881545783,,,-7.0441292021327415,,,event_effect_UA,,-6.459618541839262,3,,0,53.25,,,,4.870805683191634e-104,,SOS,primary_curve,,,,,,,,baseline-full-propagation-v1.0,,0.298225204597648,overlap_weighted_adjusted,
all_year_linear_loo,,,,,1.540311095646929,,,0.0618677732256635,,,UA_minus_PA_event_effect,,0.8010894344362963,3,,0,53.25,,,,0.033670185259829,,SOS,primary_curve,,,,,,,,baseline-full-propagation-v1.0,,0.3771608391998624,overlap_weighted_adjusted,
all_year_linear_loo,,,,,-6.7561027824568125,,,-7.649074263212277,,,event_effect_PA,,-7.202588522834545,3,,0,53.5,,,,2.1145725710678288e-219,,SOS,primary_curve,,,,,,,,baseline-full-propagation-v1.0,,0.2278030330656864,overlap_weighted_adjusted,
all_year_linear_loo,,,,,-5.821417845552125,,,-6.962416287788043,,,event_effect_UA,,-6.391917066670084,3,,0,53.5,,,,7.013364301289087e-107,,SOS,primary_curve,,,,,,,,baseline-full-propagation-v1.0,,0.2910763797794164,overlap_weighted_adjusted,
all_year_linear_loo,,,,,1.531386336709772,,,0.0899565756191472,,,UA_minus_PA_event_effect,,0.8106714561644597,3,,0,53.5,,,,0.0274822896207014,,SOS,primary_curve,,,,,,,,baseline-full-propagation-v1.0,,0.3677184306600629,overlap_weighted_adjusted,
all_year_linear_loo,,,,,-6.702243436926019,,,-7.570098951557044,,,event_effect_PA,,-7.136171194241531,3,,0,53.75,,,,6.159709812369358e-228,,SOS,primary_curve,,,,,,,,baseline-full-propagation-v1.0,,0.2213957811155099,overlap_weighted_adjusted,
all_year_linear_loo,,,,,-5.755922375097421,,,-6.868936150330568,,,event_effect_UA,,-6.312429262713994,3,,0,53.75,,,,1.693190091993768e-109,,SOS,primary_curve,,,,,,,,baseline-full-propagation-v1.0,,0.2839373029332318,overlap_weighted_adjusted,
all_year_linear_loo,,,,,1.5259769269824446,,,0.1215069360726293,,,UA_minus_PA_event_effect,,0.8237419315275369,3,,0,53.75,,,,0.0214995816340196,,SOS,primary_curve,,,,,,,,baseline-full-propagation-v1.0,,0.358289744604517,overlap_weighted_adjusted,
all_year_linear_loo,,,,,-6.639740885150366,,,-7.483811871994336,,,event_effect_PA,,-7.061776378572351,3,,0,54.0,,,,6.845492464677888e-236,,SOS,primary_curve,,,,,,,,baseline-full-propagation-v1.0,,0.2153281880437332,overlap_weighted_adjusted,
all_year_linear_loo,,,,,-5.678381256420047,,,-6.764839164046644,,,event_effect_UA,,-6.2216102102333455,3,,0,54.0,,,,1.3537410446036125e-111,,SOS,primary_curve,,,,,,,,baseline-full-propagation-v1.0,,0.2771627224266463,overlap_weighted_adjusted,
all_year_linear_loo,,,,,1.524925526803348,,,0.1554068098746615,,,UA_minus_PA_event_effect,,0.8401661683390047,3,,0,54.0,,,,0.0161822158746116,,SOS,primary_curve,,,,,,,,baseline-full-propagation-v1.0,,0.3493734394436008,overlap_weighted_adjusted,
all_year_linear_loo,,,,,-6.568102794891876,,,-7.391346132913787,,,event_effect_PA,,-6.979724463902832,3,,0,54.25,,,,3.427677999312627e-242,,SOS,primary_curve,,,,,,,,baseline-full-propagation-v1.0,,0.2100149146911752,overlap_weighted_adjusted,
all_year_linear_loo,,,,,-5.588461636228392,,,-6.65136834275259,,,event_effect_UA,,-6.119914989490491,3,,0,54.25,,,,8.577094856475913e-113,,SOS,primary_curve,,,,,,,,baseline-full-propagation-v1.0,,0.2711546525620547,overlap_weighted_adjusted,
all_year_linear_loo,,,,,1.5292124789607964,,,0.1904064698638869,,,UA_minus_PA_event_effect,,0.8598094744123417,3,,0,54.25,,,,0.0118204232348328,,SOS,primary_curve,,,,,,,,baseline-full-propagation-v1.0,,0.3415384210264169,overlap_weighted_adjusted,
all_year_linear_loo,,,,,-6.486741776461521,,,-7.293929900156089,,,event_effect_PA,,-6.890335838308805,3,,0,54.5,,,,1.758823045532252e-245,,SOS,primary_curve,,,,,,,,baseline-full-propagation-v1.0,,0.2059191214893651,overlap_weighted_adjusted,
all_year_linear_loo,,,,,-5.485751574102413,,,-6.529845787393147,,,event_effect_UA,,-6.00779868074778,3,,0,54.5,,,,1.1840917162201575e-112,,SOS,primary_curve,,,,,,,,baseline-full-propagation-v1.0,,0.2663554589590462,overlap_weighted_adjusted,
all_year_linear_loo,,,,,1.5399348421816543,,,0.2251394729403955,,,UA_minus_PA_event_effect,,0.8825371575610249,3,,0,54.5,,,,0.0085085374585257,,SOS,primary_curve,,,,,,,,baseline-full-propagation-v1.0,,0.3354131452445547,overlap_weighted_adjusted,
all_year_linear_loo,,,,,-6.395016674885031,,,-7.192845104847172,,,event_effect_PA,,-6.793930889866101,3,,0,54.75,,,,2.6518623339262357e-244,,SOS,primary_curve,,,,,,,,baseline-full-propagation-v1.0,,0.2035314006418764,overlap_weighted_adjusted,
all_year_linear_loo,,,,,-5.369791884546818,,,-6.401640843988321,,,event_effect_UA,,-5.885716364267569,3,,0,54.75,,,,9.769033288792425e-111,,SOS,primary_curve,,,,,,,,baseline-full-propagation-v1.0,,0.2632316123103781,overlap_weighted_adjusted,
all_year_linear_loo,,,,,1.558255985731181,,,0.2581730654658831,,,UA_minus_PA_event_effect,,0.908214525598532,3,,0,54.75,,,,0.0061740600993359,,SOS,primary_curve,,,,,,,,baseline-full-propagation-v1.0,,0.3316599005186285,overlap_weighted_adjusted,
all_year_linear_loo,,,,,-6.292305256622117,,,-7.089354756678973,,,event_effect_PA,,-6.690830006650545,3,,0,55.0,,,,1.8141773763014857e-237,,SOS,primary_curve,,,,,,,,baseline-full-propagation-v1.0,,0.2033326903820377,overlap_weighted_adjusted,
all_year_linear_loo,,,,,-5.2401298790627,,,-6.268116361561708,,,event_effect_UA,,-5.754123120312204,3,,0,55.0,,,,1.0399392904648238e-106,,SOS,primary_curve,,,,,,,,baseline-full-propagation-v1.0,,0.262246268453817,overlap_weighted_adjusted,
all_year_linear_loo,,,,,1.5853202131312414,,,0.288093559545441,,,UA_minus_PA_event_effect,,0.9367068863383412,3,,0,55.0,,,,0.0046472681651885,,SOS,primary_curve,,,,,,,,baseline-full-propagation-v1.0,,0.3309312476704059,overlap_weighted_adjusted,
all_year_linear_loo,,,,,-6.178102170894867,,,-6.9846049825810805,,,event_effect_PA,,-6.581353576737974,3,,0,55.25,,,,1.600101269462972e-224,,SOS,primary_curve,,,,,,,,baseline-full-propagation-v1.0,,0.2057442937849379,overlap_weighted_adjusted,
all_year_linear_loo,,,,,-5.096392303191294,,,-6.130555755096793,,,event_effect_UA,,-5.613474029144044,3,,0,55.25,,,,1.834638070740776e-100,,SOS,primary_curve,,,,,,,,baseline-full-propagation-v1.0,,0.2638220549109187,overlap_weighted_adjusted,
all_year_linear_loo,,,,,1.6221382701110492,,,0.3136208250768101,,,UA_minus_PA_event_effect,,0.9678795475939296,3,,0,55.25,,,,0.0037378406038208,,SOS,primary_curve,,,,,,,,baseline-full-propagation-v1.0,,0.3338116045385675,overlap_weighted_adjusted,
all_year_linear_loo,,,,,-6.052119466388695,,,-6.879524510019734,,,event_effect_PA,,-6.465821988204215,3,,0,55.5,,,,4.5083759656076566e-206,,SOS,primary_curve,,,,,,,,baseline-full-propagation-v1.0,,0.211076593793943,overlap_weighted_adjusted,
all_year_linear_loo,,,,,-4.938365272185644,,,-5.990083069865234,,,event_effect_UA,,-5.464224171025439,3,,0,55.5,,,,3.344219660532245e-92,,SOS,primary_curve,,,,,,,,baseline-full-propagation-v1.0,,0.2683002866316435,overlap_weighted_adjusted,
all_year_linear_loo,,,,,1.6694660255739533,,,0.3337296087835975,,,UA_minus_PA_event_effect,,1.0015978171787754,3,,0,55.5,,,,0.0032890583105786,,SOS,primary_curve,,,,,,,,baseline-full-propagation-v1.0,,0.3407553473753789,overlap_weighted_adjusted,
all_year_linear_loo,,,,,-5.914356401295801,,,-6.774754856954391,,,event_effect_PA,,-6.344555629125096,3,,0,55.75,,,,1.0198487702933651e-183,,SOS,primary_curve,,,,,,,,baseline-full-propagation-v1.0,,0.2194934351971014,overlap_weighted_adjusted,
all_year_linear_loo,,,,,-4.766061033302042,,,-5.847596219135437,,,event_effect_UA,,-5.306828626218739,3,,0,55.75,,,,1.9174178186490291e-82,,SOS,primary_curve,,,,,,,,baseline-full-propagation-v1.0,,0.2759069029748525,overlap_weighted_adjusted,
all_year_linear_loo,,,,,1.7277107099098084,,,0.3477432959029037,,,UA_minus_PA_event_effect,,1.037727002906356,3,,0,55.75,,,,0.0032008368994755,,SOS,primary_curve,,,,,,,,baseline-full-propagation-v1.0,,0.352038972371919,overlap_weighted_adjusted,
all_year_linear_loo,,,,,-5.765113008114251,,,-6.670636767038643,,,event_effect_PA,,-6.217874887576447,3,,0,56.0,,,,1.4041273657126673e-159,,SOS,primary_curve,,,,,,,,baseline-full-propagation-v1.0,,0.2310052036841107,overlap_weighted_adjusted,
all_year_linear_loo,,,,,-4.579751523199133,,,-5.703733426773463,,,event_effect_UA,,-5.141742474986298,3,,0,56.0,,,,6.633178644813751e-72,,SOS,primary_curve,,,,,,,,baseline-full-propagation-v1.0,,0.2867353462717063,overlap_weighted_adjusted,
all_year_linear_loo,,,,,1.7968952393271005,,,0.3553695858531971,,,UA_minus_PA_event_effect,,1.0761324125901488,3,,0,56.0,,,,0.0034300084081695,,SOS,primary_curve,,,,,,,,baseline-full-propagation-v1.0,,0.3677428934522455,overlap_weighted_adjusted,
all_year_linear_loo,,,,,-5.604946359943075,,,-6.56725394332513,,,event_effect_PA,,-6.086100151634103,3,,0,56.25,,,,1.1064693821117766e-135,,SOS,primary_curve,,,,,,,,baseline-full-propagation-v1.0,,0.2454911393710838,overlap_weighted_adjusted,
all_year_linear_loo,,,,,-4.379959451947559,,,-5.55888214323338,,,event_effect_UA,,-4.96942079759047,3,,0,56.25,,,,2.4909784559137724e-61,,SOS,primary_curve,,,,,,,,baseline-full-propagation-v1.0,,0.3007511108839279,overlap_weighted_adjusted,
all_year_linear_loo,,,,,1.87668956661004,,,0.3566691414772243,,,UA_minus_PA_event_effect,,1.116679354043632,3,,0,56.25,,,,0.0039797084641275,,SOS,primary_curve,,,,,,,,baseline-full-propagation-v1.0,,0.3877674378515479,overlap_weighted_adjusted,
all_year_linear_loo,,,,,-5.434592203532456,,,-6.464511415215319,,,event_effect_PA,,-5.949551809373888,3,,0,56.5,,,,1.5872213733293088e-113,,SOS,primary_curve,,,,,,,,baseline-full-propagation-v1.0,,0.2627393206729138,overlap_weighted_adjusted,
all_year_linear_loo,,,,,-4.1674133504543045,,,-5.413223998132906,,,event_effect_UA,,-4.790318674293605,3,,0,56.5,,,,2.4497408192024232e-51,,SOS,primary_curve,,,,,,,,baseline-full-propagation-v1.0,,0.3178146786128206,overlap_weighted_adjusted,
all_year_linear_loo,,,,,1.9664919218517496,,,0.3519743483088156,,,UA_minus_PA_event_effect,,1.1592331350802827,3,,0,56.5,,,,0.0048848406909562,,SOS,primary_curve,,,,,,,,baseline-full-propagation-v1.0,,0.4118742962314723,overlap_weighted_adjusted,
all_year_linear_loo,,,,,-5.254881739381934,,,-6.362218758361336,,,event_effect_PA,,-5.808550248871635,3,,0,56.75,,,,6.006496587085477e-94,,SOS,primary_curve,,,,,,,,baseline-full-propagation-v1.0,,0.282489124217061,overlap_weighted_adjusted,
all_year_linear_loo,,,,,-3.9429839749419098,,,-5.266798395774203,,,event_effect_UA,,-4.604891185358056,3,,0,56.75,,,,2.4637292524368922e-42,,SOS,primary_curve,,,,,,,,baseline-full-propagation-v1.0,,0.3377139659897765,overlap_weighted_adjusted,
all_year_linear_loo,,,,,2.0655289877623897,,,0.3417891392647687,,,UA_minus_PA_event_effect,,1.203659063513579,3,,0,56.75,,,,0.0061960661822722,,SOS,primary_curve,,,,,,,,baseline-full-propagation-v1.0,,0.4397376334703752,overlap_weighted_adjusted,
all_year_linear_loo,,,,,-5.06667438948468,,,-6.260157326921663,,,event_effect_PA,,-5.663415858203171,3,,0,57.0,,,,3.1435536238278517e-77,,SOS,primary_curve,,,,,,,,baseline-full-propagation-v1.0,,0.3044655276451567,overlap_weighted_adjusted,
all_year_linear_loo,,,,,-3.707620536150621,,,-5.119566285941726,,,event_effect_UA,,-4.413593411046174,3,,0,57.0,,,,1.6133383671384038e-34,,SOS,primary_curve,,,,,,,,baseline-full-propagation-v1.0,,0.360196860995496,overlap_weighted_adjusted,
all_year_linear_loo,,,,,2.172947477186204,,,0.3266974171277927,,,UA_minus_PA_event_effect,,1.2498224471569983,3,,0,57.0,,,,0.0079637554825164,,SOS,primary_curve,,,,,,,,baseline-full-propagation-v1.0,,0.4709908127448761,overlap_weighted_adjusted,
all_year_linear_loo,,,,,-4.870813692827976,,,-6.158124358060687,,,event_effect_PA,,-5.514469025444331,3,,0,57.25,,,,2.8000255288670506e-63,,SOS,primary_curve,,,,,,,,baseline-full-propagation-v1.0,,0.3284016123221787,overlap_weighted_adjusted,
all_year_linear_loo,,,,,-3.4622989053050417,,,-4.971461957935583,,,event_effect_UA,,-4.216880431620313,3,,0,57.25,,,,6.428047841306106e-28,,SOS,primary_curve,,,,,,,,baseline-full-propagation-v1.0,,0.384997649072796,overlap_weighted_adjusted,
all_year_linear_loo,,,,,2.287882481491214,,,0.3072947061568229,,,UA_minus_PA_event_effect,,1.2975885938240188,3,,0,57.25,,,,0.0102241811961961,,SOS,primary_curve,,,,,,,,baseline-full-propagation-v1.0,,0.5052612677980349,overlap_weighted_adjusted,
all_year_linear_loo,,,,,-4.668103880262972,,,-6.055956397078912,,,event_effect_PA,,-5.362030138670942,3,,0,57.5,,,,8.198293805501771e-52,,SOS,primary_curve,,,,,,,,baseline-full-propagation-v1.0,,0.3540505151531211,overlap_weighted_adjusted,
all_year_linear_loo,,,,,-3.2079860309944155,,,-4.822428623691234,,,event_effect_UA,,-4.015207327342825,3,,0,57.5,,,,1.8615489661508521e-22,,SOS,primary_curve,,,,,,,,baseline-full-propagation-v1.0,,0.4118551681131225,overlap_weighted_adjusted,
all_year_linear_loo,,,,,2.409500276193796,,,0.284145346462439,,,UA_minus_PA_event_effect,,1.346822811328117,3,,0,57.5,,,,0.0129904348472211,,SOS,primary_curve,,,,,,,,baseline-full-propagation-v1.0,,0.5421923429450453,overlap_weighted_adjusted,
all_year_linear_loo,,,,,-4.459301030565993,,,-5.953538141351676,,,event_effect_PA,,-5.206419585958835,3,,0,57.75,,,,1.800557501706784e-42,,SOS,primary_curve,,,,,,,,baseline-full-propagation-v1.0,,0.381189940879535,overlap_weighted_adjusted,
all_year_linear_loo,,,,,-2.945619241840573,,,-4.672439115111551,,,event_effect_UA,,-3.809029178476062,3,,0,57.75,,,,5.305673522433409e-18,,SOS,primary_curve,,,,,,,,baseline-full-propagation-v1.0,,0.4405233685138893,overlap_weighted_adjusted,
all_year_linear_loo,,,,,2.537020228305292,,,0.2577605866602521,,,UA_minus_PA_event_effect,,1.397390407482772,3,,0,57.75,,,,0.0162493133213353,,SOS,primary_curve,,,,,,,,baseline-full-propagation-v1.0,,0.5814544704962818,overlap_weighted_adjusted,
all_year_linear_loo,,,,,-4.2451128888942025,,,-5.8508026218734726,,,event_effect_PA,,-5.0479577553838375,3,,0,58.0,,,,6.77366551084799e-35,,SOS,primary_curve,,,,,,,,baseline-full-propagation-v1.0,,0.4096222547058888,overlap_weighted_adjusted,
all_year_linear_loo,,,,,-2.67609671623343,,,-4.5215054143313225,,,event_effect_UA,,-3.5988010652823763,3,,0,58.0,,,,2.099230296096729e-14,,SOS,primary_curve,,,,,,,,baseline-full-propagation-v1.0,,0.4707761756476752,overlap_weighted_adjusted,
all_year_linear_loo,,,,,2.6697224170497496,,,0.2285909631531721,,,UA_minus_PA_event_effect,,1.4491566901014608,3,,0,58.0,,,,0.019963587632173,,SOS,primary_curve,,,,,,,,baseline-full-propagation-v1.0,,0.6227490589500396,overlap_weighted_adjusted,
all_year_linear_loo,,,,,-4.026203027162669,,,-5.747727042880895,,,event_effect_PA,,-4.886965035021782,3,,0,58.25,,,,9.200926196876844e-29,,SOS,primary_curve,,,,,,,,baseline-full-propagation-v1.0,,0.4391723596192039,overlap_weighted_adjusted,
all_year_linear_loo,,,,,-2.400275206411778,,,-4.369680929636464,,,event_effect_UA,,-3.384978068024121,3,,0,58.25,,,,1.6113542341949307e-11,,SOS,primary_curve,,,,,,,,baseline-full-propagation-v1.0,,0.5024086510668326,overlap_weighted_adjusted,
all_year_linear_loo,,,,,2.806946793299633,,,0.1970271406956891,,,UA_minus_PA_event_effect,,1.501986966997661,3,,0,58.25,,,,0.0240777831482873,,SOS,primary_curve,,,,,,,,baseline-full-propagation-v1.0,,0.6658080641253252,overlap_weighted_adjusted,
all_year_linear_loo,,,,,-3.803196669932544,,,-5.64432695596445,,,event_effect_PA,,-4.7237618129484975,3,,0,58.5,,,,8.53027749015396e-24,,SOS,primary_curve,,,,,,,,baseline-full-propagation-v1.0,,0.4696847239425079,overlap_weighted_adjusted,
all_year_linear_loo,,,,,-2.1189718982251597,,,-4.217058635702135,,,event_effect_UA,,-3.168015266963647,3,,0,58.5,,,,3.240774671869306e-09,,SOS,primary_curve,,,,,,,,baseline-full-propagation-v1.0,,0.5352360436279485,overlap_weighted_adjusted,
all_year_linear_loo,,,,,2.948088043592518,,,0.1634050483771831,,,UA_minus_PA_event_effect,,1.5557465459848503,3,,0,58.5,,,,0.0285253140396458,,SOS,primary_curve,,,,,,,,baseline-full-propagation-v1.0,,0.7103913687140577,overlap_weighted_adjusted,
all_year_linear_loo,,,,,-3.576686726543003,,,-5.5406502279366245,,,event_effect_PA,,-4.558668477239814,3,,0,58.75,,,,9.13606438394298e-20,,SOS,primary_curve,,,,,,,,baseline-full-propagation-v1.0,,0.5010203036599435,overlap_weighted_adjusted,
all_year_linear_loo,,,,,-1.8329682744887528,,,-4.063767210237861,,,event_effect_UA,,-2.948367742363307,3,,0,58.75,,,,2.209012122929235e-07,,SOS,primary_curve,,,,,,,,baseline-full-propagation-v1.0,,0.5690918183561956,overlap_weighted_adjusted,
all_year_linear_loo,,,,,3.0925887662246097,,,0.1280127035284035,,,UA_minus_PA_event_effect,,1.6103007348765066,3,,0,58.75,,,,0.0332352750687742,,SOS,primary_curve,,,,,,,,baseline-full-propagation-v1.0,,0.7562833006321555,overlap_weighted_adjusted,
all_year_linear_loo,,,,,-3.3472393366344484,,,-5.436771495308676,,,event_effect_PA,,-4.392005415971562,3,,0,59.0,,,,1.7317777102278754e-16,,SOS,primary_curve,,,,,,,,baseline-full-propagation-v1.0,,0.5330537130162061,overlap_weighted_adjusted,
all_year_linear_loo,,,,,-1.543014676399023,,,-3.909966472571886,,,event_effect_UA,,-2.7264905744854544,3,,0,59.0,,,,6.320838697475872e-06,,SOS,primary_curve,,,,,,,,baseline-full-propagation-v1.0,,0.6038253291496877,overlap_weighted_adjusted,
all_year_linear_loo,,,,,3.2399324221827235,,,0.0910972607894913,,,UA_minus_PA_event_effect,,1.6655148414861074,3,,0,59.0,,,,0.0381379221272605,,SOS,primary_curve,,,,,,,,baseline-full-propagation-v1.0,,0.8032890364901708,overlap_weighted_adjusted,
all_year_linear_loo,,,,,3.722309401670336,,,-1.2892496705708556,,,event_effect_PA,,1.2165298655497403,3,,0,24.0,,,,0.3413292575341766,,EOS,primary_curve,,,,,,,,baseline-full-propagation-v1.0,,1.278482439415145,overlap_weighted_adjusted,
all_year_linear_loo,,,,,-4.484426249841762,,,-9.288600465870102,,,event_effect_UA,,-6.886513357855932,3,,0,24.0,,,,1.920701598251457e-08,,EOS,primary_curve,,,,,,,,baseline-full-propagation-v1.0,,1.2255771672140543,overlap_weighted_adjusted,
all_year_linear_loo,,,,,-4.6368231785079,,,-11.569263268303445,,,UA_minus_PA_event_effect,,-8.103043223405672,3,,0,24.0,,,,4.608978875704214e-06,,EOS,primary_curve,,,,,,,,baseline-full-propagation-v1.0,,1.7685121115688218,overlap_weighted_adjusted,
all_year_linear_loo,,,,,3.416134775137918,,,-1.391608173125911,,,event_effect_PA,,1.0122633010060034,3,,0,24.25,,,,0.4091813438097395,,EOS,primary_curve,,,,,,,,baseline-full-propagation-v1.0,,1.226487574819408,overlap_weighted_adjusted,
all_year_linear_loo,,,,,-4.415180795427423,,,-9.018747319645096,,,event_effect_UA,,-6.716964057536259,3,,0,24.25,,,,1.0684937374919231e-08,,EOS,primary_curve,,,,,,,,baseline-full-propagation-v1.0,,1.1744007952518565,overlap_weighted_adjusted,
all_year_linear_loo,,,,,-4.406061916434414,,,-11.05239280065011,,,UA_minus_PA_event_effect,,-7.729227358542262,3,,0,24.25,,,,5.1493879724336285e-06,,EOS,primary_curve,,,,,,,,baseline-full-propagation-v1.0,,1.6955237281503914,overlap_weighted_adjusted,
all_year_linear_loo,,,,,3.112063959312811,,,-1.4946567564683426,,,event_effect_PA,,0.8087036014222342,3,,0,24.5,,,,0.4913658435955099,,EOS,primary_curve,,,,,,,,baseline-full-propagation-v1.0,,1.175205450742559,overlap_weighted_adjusted,
all_year_linear_loo,,,,,-4.344570898968518,,,-8.750809364329763,,,event_effect_UA,,-6.547690131649141,3,,0,24.5,,,,5.710215258375159e-09,,EOS,primary_curve,,,,,,,,baseline-full-propagation-v1.0,,1.1240610797231712,overlap_weighted_adjusted,
all_year_linear_loo,,,,,-4.174162129468607,,,-10.538625336674142,,,UA_minus_PA_event_effect,,-7.356393733071375,3,,0,24.5,,,,5.874223385616324e-06,,EOS,primary_curve,,,,,,,,baseline-full-propagation-v1.0,,1.6236173872090534,overlap_weighted_adjusted,
all_year_linear_loo,,,,,2.810550126674924,,,-1.5983927301631853,,,event_effect_PA,,0.6060786982558695,3,,0,24.75,,,,0.5899862933518782,,EOS,primary_curve,,,,,,,,baseline-full-propagation-v1.0,,1.1247509881853155,overlap_weighted_adjusted,
all_year_linear_loo,,,,,-4.2724270305701175,,,-8.485133721012007,,,event_effect_UA,,-6.378780375791062,3,,0,24.75,,,,2.930195593721742e-09,,EOS,primary_curve,,,,,,,,baseline-full-propagation-v1.0,,1.074689821769987,overlap_weighted_adjusted,
all_year_linear_loo,,,,,-3.941101530319244,,,-10.02861661777462,,,UA_minus_PA_event_effect,,-6.984859074046932,3,,0,24.75,,,,6.867513937571068e-06,,EOS,primary_curve,,,,,,,,baseline-full-propagation-v1.0,,1.5529660584257974,overlap_weighted_adjusted,
all_year_linear_loo,,,,,2.5120582987898628,,,-1.7028252528611665,,,event_effect_PA,,0.4046165229643483,3,,0,25.0,,,,0.7066926545355356,,EOS,primary_curve,,,,,,,,baseline-full-propagation-v1.0,,1.0752451537113674,overlap_weighted_adjusted,
all_year_linear_loo,,,,,-4.198564374203563,,,-8.222082796913448,,,event_effect_UA,,-6.2103235855585055,3,,0,25.0,,,,1.4445870936030475e-09,,EOS,primary_curve,,,,,,,,baseline-full-propagation-v1.0,,1.0264266217254208,overlap_weighted_adjusted,
all_year_linear_loo,,,,,-3.7068388436923616,,,-9.523041373353346,,,UA_minus_PA_event_effect,,-6.614940108522854,3,,0,25.0,,,,8.263124293182633e-06,,EOS,primary_curve,,,,,,,,baseline-full-propagation-v1.0,,1.483752399416124,overlap_weighted_adjusted,
all_year_linear_loo,,,,,2.2170666142554394,,,-1.8079766002452209,,,event_effect_PA,,0.2045450070051094,3,,0,25.25,,,,0.8421037564273987,,EOS,primary_curve,,,,,,,,baseline-full-propagation-v1.0,,1.0268156063707516,overlap_weighted_adjusted,
all_year_linear_loo,,,,,-4.122781416800787,,,-7.962035696295122,,,event_effect_UA,,-6.042408556547954,3,,0,25.25,,,,6.855966887410531e-10,,EOS,primary_curve,,,,,,,,baseline-full-propagation-v1.0,,0.9794195989767884,overlap_weighted_adjusted,
all_year_linear_loo,,,,,-3.47131186233831,,,-9.022595264767816,,,UA_minus_PA_event_effect,,-6.246953563553063,3,,0,25.25,,,,1.0281756034137932e-05,,EOS,primary_curve,,,,,,,,baseline-full-propagation-v1.0,,1.4161697475610069,overlap_weighted_adjusted,
all_year_linear_loo,,,,,1.9260675775386025,,,-1.9138834138674223,,,event_effect_PA,,0.00609208183559,3,,0,25.5,,,,0.995038015585882,,EOS,primary_curve,,,,,,,,baseline-full-propagation-v1.0,,0.97959733487326,overlap_weighted_adjusted,
all_year_linear_loo,,,,,-4.044858722219908,,,-7.705389446491876,,,event_effect_UA,,-5.875124084355892,3,,0,25.5,,,,3.1450460564506206e-10,,EOS,primary_curve,,,,,,,,baseline-full-propagation-v1.0,,0.933826017504854,overlap_weighted_adjusted,
all_year_linear_loo,,,,,-3.234435607673335,,,-8.527996724709627,,,UA_minus_PA_event_effect,,-5.881216166191481,3,,0,25.5,,,,1.3301126410562448e-05,,EOS,primary_curve,,,,,,,,baseline-full-propagation-v1.0,,1.3504230584825097,overlap_weighted_adjusted,
all_year_linear_loo,,,,,1.6395691871928868,,,-2.0205978293664275,,,event_effect_PA,,-0.1905143210867702,3,,0,25.75,,,,0.8383260972046789,,EOS,primary_curve,,,,,,,,baseline-full-propagation-v1.0,,0.9337332332201624,overlap_weighted_adjusted,
all_year_linear_loo,,,,,-3.964558095238158,,,-7.452559833919447,,,event_effect_UA,,-5.708558964578803,3,,0,25.75,,,,1.4039713626741082e-10,,EOS,primary_curve,,,,,,,,baseline-full-propagation-v1.0,,0.8898127124258921,overlap_weighted_adjusted,
all_year_linear_loo,,,,,-2.996100795553278,,,-8.039988491430787,,,UA_minus_PA_event_effect,,-5.518044643492033,3,,0,25.75,,,,1.7994398547120942e-05,,EOS,primary_curve,,,,,,,,baseline-full-propagation-v1.0,,1.286729688826696,overlap_weighted_adjusted,
all_year_linear_loo,,,,,1.3580957876835371,,,-2.1281883282926044,,,event_effect_PA,,-0.3850462703045334,3,,0,26.0,,,,0.6650579846295843,,EOS,primary_curve,,,,,,,,baseline-full-propagation-v1.0,,0.8893745353168492,overlap_weighted_adjusted,
all_year_linear_loo,,,,,-3.881622432997955,,,-7.203981552628384,,,event_effect_UA,,-5.542801992813169,3,,0,26.0,,,,6.162342690453042e-11,,EOS,primary_curve,,,,,,,,baseline-full-propagation-v1.0,,0.8475561657858957,overlap_weighted_adjusted,
all_year_linear_loo,,,,,-2.756172908102058,,,-7.559338536915214,,,UA_minus_PA_event_effect,,-5.157755722508636,3,,0,26.0,,,,2.561475402341447e-05,,EOS,primary_curve,,,,,,,,baseline-full-propagation-v1.0,,1.2253198698292198,overlap_weighted_adjusted,
all_year_linear_loo,,,,,1.0821884162081,,,-2.2367400849286247,,,event_effect_PA,,-0.5772758343602623,3,,0,26.25,,,,0.4953589005868805,,EOS,primary_curve,,,,,,,,baseline-full-propagation-v1.0,,0.8466809919253643,overlap_weighted_adjusted,
all_year_linear_loo,,,,,-3.795776675777636,,,-6.960107253533316,,,event_effect_UA,,-5.377941964655476,3,,0,26.25,,,,2.699083468582267e-11,,EOS,primary_curve,,,,,,,,baseline-full-propagation-v1.0,,0.8072420214645566,overlap_weighted_adjusted,
all_year_linear_loo,,,,,-2.5144923034604045,,,-7.0868399571300245,,,UA_minus_PA_event_effect,,-4.800666130295214,3,,0,26.25,,,,3.86059488974276e-05,,EOS,primary_curve,,,,,,,,baseline-full-propagation-v1.0,,1.1664366513200537,overlap_weighted_adjusted,
all_year_linear_loo,,,,,0.8124043231055365,,,-2.3463544866985715,,,event_effect_PA,,-0.7669750817965175,3,,0,26.5,,,,0.3412015631784463,,EOS,primary_curve,,,,,,,,baseline-full-propagation-v1.0,,0.8058206259706797,overlap_weighted_adjusted,
all_year_linear_loo,,,,,-3.706730398356952,,,-6.721404953047462,,,event_effect_UA,,-5.214067675702207,3,,0,26.5,,,,1.2037574924685702e-11,,EOS,primary_curve,,,,,,,,baseline-full-propagation-v1.0,,0.7690637630257184,overlap_weighted_adjusted,
all_year_linear_loo,,,,,-2.270875955412869,,,-6.623309232398508,,,UA_minus_PA_event_effect,,-4.447092593905689,3,,0,26.5,,,,6.197003730231482e-05,,EOS,primary_curve,,,,,,,,baseline-full-propagation-v1.0,,1.1103350141423716,overlap_weighted_adjusted,
all_year_linear_loo,,,,,0.5493152347058895,,,-2.4571473970176134,,,event_effect_PA,,-0.953916081155862,3,,0,26.75,,,,0.2135922698942366,,EOS,primary_curve,,,,,,,,baseline-full-propagation-v1.0,,0.7669688462232206,overlap_weighted_adjusted,
all_year_linear_loo,,,,,-3.614182707562276,,,-6.488353135537409,,,event_effect_UA,,-5.051267921549843,3,,0,26.75,,,,5.612464723085517e-12,,EOS,primary_curve,,,,,,,,baseline-full-propagation-v1.0,,0.7332202149239023,overlap_weighted_adjusted,
all_year_linear_loo,,,,,-2.025121591806321,,,-6.169582088981641,,,UA_minus_PA_event_effect,,-4.097351840393981,3,,0,26.75,,,,0.0001064621519418,,EOS,primary_curve,,,,,,,,baseline-full-propagation-v1.0,,1.057279758675745,overlap_weighted_adjusted,
all_year_linear_loo,,,,,0.2935038123774673,,,-2.5692456143391773,,,event_effect_PA,,-1.137870900980855,3,,0,27.0,,,,0.1192159954025233,,EOS,primary_curve,,,,,,,,baseline-full-propagation-v1.0,,0.7303066406570853,overlap_weighted_adjusted,
all_year_linear_loo,,,,,-3.5178301909992675,,,-6.261432804590472,,,event_effect_UA,,-4.88963149779487,3,,0,27.0,,,,2.826906051676703e-12,,EOS,primary_curve,,,,,,,,baseline-full-propagation-v1.0,,0.699911486953942,overlap_weighted_adjusted,
all_year_linear_loo,,,,,-1.7770151632517086,,,-5.726506030376321,,,UA_minus_PA_event_effect,,-3.751760596814015,3,,0,27.0,,,,0.0001963415051667,,EOS,primary_curve,,,,,,,,baseline-full-propagation-v1.0,,1.0075416942039988,overlap_weighted_adjusted,
all_year_linear_loo,,,,,0.0455576669186528,,,-2.6827808865467757,,,event_effect_PA,,-1.3186116098140612,3,,0,27.25,,,,0.0581574524668231,,EOS,primary_curve,,,,,,,,baseline-full-propagation-v1.0,,0.696017522512203,overlap_weighted_adjusted,
all_year_linear_loo,,,,,-3.4173786316300463,,,-6.041115768437492,,,event_effect_UA,,-4.729247200033769,3,,0,27.25,,,,1.5990974851705779e-12,,EOS,primary_curve,,,,,,,,baseline-full-propagation-v1.0,,0.6693329973160602,overlap_weighted_adjusted,
all_year_linear_loo,,,,,-1.5263426621436065,,,-5.2949285182958095,,,UA_minus_PA_event_effect,,-3.410635590219708,3,,0,27.25,,,,0.0003887539666596,,EOS,primary_curve,,,,,,,,baseline-full-propagation-v1.0,,0.9613916086923862,overlap_weighted_adjusted,
all_year_linear_loo,,,,,-0.1939397408394405,,,-2.79788081155664,,,event_effect_PA,,-1.4959102761980403,3,,0,27.5,,,,0.0243274844461097,,EOS,primary_curve,,,,,,,,baseline-full-propagation-v1.0,,0.6642828876593536,overlap_weighted_adjusted,
all_year_linear_loo,,,,,-3.312558975500602,,,-5.827848672225453,,,event_effect_UA,,-4.570203823863028,3,,0,27.5,,,,1.0607274630929465e-12,,EOS,primary_curve,,,,,,,,baseline-full-propagation-v1.0,,0.6416673256664756,overlap_weighted_adjusted,
all_year_linear_loo,,,,,-1.272907232326603,,,-4.875679863003372,,,UA_minus_PA_event_effect,,-3.0742935476649875,3,,0,27.5,,,,0.0008230440990241,,EOS,primary_curve,,,,,,,,baseline-full-propagation-v1.0,,0.919091539205562,overlap_weighted_adjusted,
all_year_linear_loo,,,,,-0.4244218764270009,,,-2.914656060923708,,,event_effect_PA,,-1.6695389686753546,3,,0,27.75,,,,0.0085874619931456,,EOS,primary_curve,,,,,,,,baseline-full-propagation-v1.0,,0.6352754959120057,overlap_weighted_adjusted,
all_year_linear_loo,,,,,-3.2031475266072844,,,-5.622032803150966,,,event_effect_UA,,-4.412590164879125,3,,0,27.75,,,,8.625522503371038e-13,,EOS,primary_curve,,,,,,,,baseline-full-propagation-v1.0,,0.6170739094247496,overlap_weighted_adjusted,
all_year_linear_loo,,,,,-1.0165521397383817,,,-4.469550252669158,,,UA_minus_PA_event_effect,,-2.74305119620377,3,,0,27.75,,,,0.0018458271855377,,EOS,primary_curve,,,,,,,,baseline-full-propagation-v1.0,,0.8808830519763591,overlap_weighted_adjusted,
all_year_linear_loo,,,,,-0.6453558270542947,,,-3.0331836845228377,,,event_effect_PA,,-1.8392697557885664,3,,0,28.0,,,,0.0025327675664416,,EOS,primary_curve,,,,,,,,baseline-full-propagation-v1.0,,0.6091509528500076,overlap_weighted_adjusted,
all_year_linear_loo,,,,,-3.0889895002709578,,,-5.424000537086138,,,event_effect_UA,,-4.256495018678548,3,,0,28.0,,,,8.957597451450273e-13,,EOS,primary_curve,,,,,,,,baseline-full-propagation-v1.0,,0.5956770265253468,overlap_weighted_adjusted,
all_year_linear_loo,,,,,-0.7571893975881367,,,-4.077261128191826,,,UA_minus_PA_event_effect,,-2.417225262889981,3,,0,28.0,,,,0.0043178090317593,,EOS,primary_curve,,,,,,,,baseline-full-propagation-v1.0,,0.8469726374545634,overlap_weighted_adjusted,
all_year_linear_loo,,,,,-0.8562625551784575,,,-3.1534868569820147,,,event_effect_PA,,-2.004874706080236,3,,0,28.25,,,,0.0006237534604878,,EOS,primary_curve,,,,,,,,baseline-full-propagation-v1.0,,0.5860373761772587,overlap_weighted_adjusted,
all_year_linear_loo,,,,,-2.970023967091045,,,-5.233990394624511,,,event_effect_UA,,-4.102007180857778,3,,0,28.25,,,,1.226175557529993e-12,,EOS,primary_curve,,,,,,,,baseline-full-propagation-v1.0,,0.5775530686766044,overlap_weighted_adjusted,
all_year_linear_loo,,,,,-0.49483261591731,,,-3.699432333637774,,,UA_minus_PA_event_effect,,-2.097132474777542,3,,0,28.25,,,,0.0103100671769805,,EOS,primary_curve,,,,,,,,baseline-full-propagation-v1.0,,0.8175149500189641,overlap_weighted_adjusted,
all_year_linear_loo,,,,,-1.056739467179243,,,-3.275512309006608,,,event_effect_PA,,-2.166125888092925,3,,0,28.5,,,,0.0001297587311462,,EOS,primary_curve,,,,,,,,baseline-full-propagation-v1.0,,0.5660238808796392,overlap_weighted_adjusted,
all_year_linear_loo,,,,,-2.8463071135339906,,,-5.052123780492608,,,event_effect_UA,,-3.9492154470132994,3,,0,28.5,,,,2.2490692172989854e-12,,EOS,primary_curve,,,,,,,,baseline-full-propagation-v1.0,,0.5627186734954871,overlap_weighted_adjusted,
all_year_linear_loo,,,,,-0.229631109069162,,,-3.3365480087715857,,,UA_minus_PA_event_effect,,-1.783089558920374,3,,0,28.5,,,,0.0244689833843563,,EOS,primary_curve,,,,,,,,baseline-full-propagation-v1.0,,0.792595405887401,overlap_weighted_adjusted,
all_year_linear_loo,,,,,-1.2464830237394515,,,-3.399107716998944,,,event_effect_PA,,-2.3227953703691977,3,,0,28.75,,,,2.338901776091512e-05,,EOS,primary_curve,,,,,,,,baseline-full-propagation-v1.0,,0.5491490431046491,overlap_weighted_adjusted,
all_year_linear_loo,,,,,-2.718030049506798,,,-4.878387175976393,,,event_effect_UA,,-3.798208612741595,3,,0,28.75,,,,5.509887488401636e-12,,EOS,primary_curve,,,,,,,,baseline-full-propagation-v1.0,,0.5511216388439317,overlap_weighted_adjusted,
all_year_linear_loo,,,,,0.0380991707624283,,,-2.988925655507223,,,UA_minus_PA_event_effect,,-1.4754132423723971,3,,0,28.75,,,,0.0560526054677562,,EOS,primary_curve,,,,,,,,baseline-full-propagation-v1.0,,0.7722144004038944,overlap_weighted_adjusted,
all_year_linear_loo,,,,,-1.425308236350062,,,-3.524002206553164,,,event_effect_PA,,-2.474655221451613,3,,0,29.0,,,,3.797903149517732e-06,,EOS,primary_curve,,,,,,,,baseline-full-propagation-v1.0,,0.5353909527821257,overlap_weighted_adjusted,
all_year_linear_loo,,,,,-2.585527552272927,,,-4.712623395005373,,,event_effect_UA,,-3.64907547363915,3,,0,29.0,,,,1.7593663656844552e-11,,EOS,primary_curve,,,,,,,,baseline-full-propagation-v1.0,,0.5426364615652907,overlap_weighted_adjusted,
all_year_linear_loo,,,,,0.3078531053601039,,,-2.6566936097351777,,,UA_minus_PA_event_effect,,-1.1744202521875369,3,,0,29.0,,,,0.1204471718766377,,EOS,primary_curve,,,,,,,,baseline-full-propagation-v1.0,,0.7562758138616954,overlap_weighted_adjusted,
all_year_linear_loo,,,,,-1.5931615647828672,,,-3.6497934549826017,,,event_effect_PA,,-2.6214775098827343,3,,0,29.25,,,,5.837402981988852e-07,,EOS,primary_curve,,,,,,,,baseline-full-propagation-v1.0,,0.5246606331601459,overlap_weighted_adjusted,
all_year_linear_loo,,,,,-2.4492753719052525,,,-4.554534278699641,,,event_effect_UA,,-3.5019048253024465,3,,0,29.25,,,,7.010138229871307e-11,,EOS,primary_curve,,,,,,,,baseline-full-propagation-v1.0,,0.5370657122784912,overlap_weighted_adjusted,
all_year_linear_loo,,,,,0.5789270676817897,,,-2.3397816985212136,,,UA_minus_PA_event_effect,,-0.880427315419712,3,,0,29.25,,,,0.2370293028425986,,EOS,primary_curve,,,,,,,,baseline-full-propagation-v1.0,,0.7445822446803629,overlap_weighted_adjusted,
all_year_linear_loo,,,,,-1.7501242935617725,,,-3.7759443148484726,,,event_effect_PA,,-2.763034304205122,3,,0,29.5,,,,8.970827102261308e-08,,EOS,primary_curve,,,,,,,,baseline-full-propagation-v1.0,,0.5168003180839317,overlap_weighted_adjusted,
all_year_linear_loo,,,,,-2.309875818880179,,,-4.403695107775755,,,event_effect_UA,,-3.356785463327967,3,,0,29.5,,,,3.2916349718922545e-10,,EOS,primary_curve,,,,,,,,baseline-full-propagation-v1.0,,0.5341473887814662,overlap_weighted_adjusted,
all_year_linear_loo,,,,,0.8504256176377205,,,-2.0379279358834093,,,UA_minus_PA_event_effect,,-0.5937511591228444,3,,0,29.5,,,,0.4203528906858406,,EOS,primary_curve,,,,,,,,baseline-full-propagation-v1.0,,0.7368384256813121,overlap_weighted_adjusted,
all_year_linear_loo,,,,,-1.896404968870725,,,-3.9017903770519538,,,event_effect_PA,,-2.89909767296134,3,,0,29.75,,,,1.4543143645408422e-08,,EOS,primary_curve,,,,,,,,baseline-full-propagation-v1.0,,0.5115873107872014,overlap_weighted_adjusted,
all_year_linear_loo,,,,,-2.168033659734838,,,-4.259578706889555,,,event_effect_UA,,-3.213806183312197,3,,0,29.75,,,,1.7095410964624966e-09,,EOS,primary_curve,,,,,,,,baseline-full-propagation-v1.0,,0.533567214411223,overlap_weighted_adjusted,
all_year_linear_loo,,,,,1.121284090241415,,,-1.7507011109431292,,,UA_minus_PA_event_effect,,-0.3147085103508571,3,,0,29.75,,,,0.6675297414290678,,EOS,primary_curve,,,,,,,,baseline-full-propagation-v1.0,,0.732662748866407,overlap_weighted_adjusted,
all_year_linear_loo,,,,,-2.0323215489437314,,,-4.0265578204441645,,,event_effect_PA,,-3.029439684693948,3,,0,30.0,,,,2.604641628213952e-09,,EOS,primary_curve,,,,,,,,baseline-full-propagation-v1.0,,0.5087430910033843,overlap_weighted_adjusted,
all_year_linear_loo,,,,,-2.0245260721944422,,,-4.1215854895087976,,,event_effect_UA,,-3.07305578085162,3,,0,30.0,,,,9.229710411912864e-09,,EOS,primary_curve,,,,,,,,baseline-full-propagation-v1.0,,0.5349739673421788,overlap_weighted_adjusted,
all_year_linear_loo,,,,,1.3903038153496807,,,-1.477536007665025,,,UA_minus_PA_event_effect,,-0.0436160961576721,3,,0,30.0,,,,0.9524606927114608,,EOS,primary_curve,,,,,,,,baseline-full-propagation-v1.0,,0.7316052350032604,overlap_weighted_adjusted,
all_year_linear_loo,,,,,-2.1582758840467315,,,-4.1493889318442845,,,event_effect_PA,,-3.153832407945508,3,,0,30.25,,,,5.332709109109501e-10,,EOS,primary_curve,,,,,,,,baseline-full-propagation-v1.0,,0.5079463356222867,overlap_weighted_adjusted,
all_year_linear_loo,,,,,-1.8801710310631372,,,-3.989075072022297,,,event_effect_UA,,-2.9346230515427174,3,,0,30.25,,,,4.9046156324105634e-08,,EOS,primary_curve,,,,,,,,baseline-full-propagation-v1.0,,0.5379956105300725,overlap_weighted_adjusted,
all_year_linear_loo,,,,,1.656194542851216,,,-1.2177758300456347,,,UA_minus_PA_event_effect,,0.2192093564027906,3,,0,30.25,,,,0.764948608678073,,EOS,primary_curve,,,,,,,,baseline-full-propagation-v1.0,,0.7331691795273695,overlap_weighted_adjusted,
all_year_linear_loo,,,,,-2.2747243424097388,,,-4.269371480107424,,,event_effect_PA,,-3.272047911258581,3,,0,30.5,,,,1.273470379637681e-10,,EOS,primary_curve,,,,,,,,baseline-full-propagation-v1.0,,0.508847905734801,overlap_weighted_adjusted,
all_year_linear_loo,,,,,-1.7357979829246777,,,-3.861395599039272,,,event_effect_UA,,-2.7985967909819744,3,,0,30.5,,,,2.4557952557304217e-07,,EOS,primary_curve,,,,,,,,baseline-full-propagation-v1.0,,0.5422542538743153,overlap_weighted_adjusted,
all_year_linear_loo,,,,,1.9176180588813971,,,-0.970715818328184,,,UA_minus_PA_event_effect,,0.4734511202766067,3,,0,30.5,,,,0.520517179368549,,EOS,primary_curve,,,,,,,,baseline-full-propagation-v1.0,,0.7368334061218447,overlap_weighted_adjusted,
all_year_linear_loo,,,,,-2.3821485299488936,,,-4.385567996402566,,,event_effect_PA,,-3.3838582631757297,3,,0,30.75,,,,3.569693679444203e-11,,EOS,primary_curve,,,,,,,,baseline-full-propagation-v1.0,,0.511085785824737,overlap_weighted_adjusted,
all_year_linear_loo,,,,,-1.5922234176332266,,,-3.737908171898524,,,event_effect_UA,,-2.665065794765875,3,,0,30.75,,,,1.122896163868964e-06,,EOS,primary_curve,,,,,,,,baseline-full-propagation-v1.0,,0.547378617972112,overlap_weighted_adjusted,
all_year_linear_loo,,,,,2.173227897683912,,,-0.7356429608642026,,,UA_minus_PA_event_effect,,0.7187924684098546,3,,0,30.75,,,,0.3327306667576379,,EOS,primary_curve,,,,,,,,baseline-full-propagation-v1.0,,0.7420725282436097,overlap_weighted_adjusted,
all_year_linear_loo,,,,,-2.481029259935607,,,-4.497041804543427,,,event_effect_PA,,-3.489035532239517,3,,0,31.0,,,,1.168375779640297e-11,,EOS,primary_curve,,,,,,,,baseline-full-propagation-v1.0,,0.5142983647939118,overlap_weighted_adjusted,
all_year_linear_loo,,,,,-1.450232500854132,,,-3.6180052161276697,,,event_effect_UA,,-2.534118858490901,3,,0,31.0,,,,4.597083953070827e-06,,EOS,primary_curve,,,,,,,,baseline-full-propagation-v1.0,,0.5530134054433276,overlap_weighted_adjusted,
all_year_linear_loo,,,,,2.421701874274544,,,-0.5118685267773111,,,UA_minus_PA_event_effect,,0.9549166737486164,3,,0,31.0,,,,0.2019592852708732,,EOS,primary_curve,,,,,,,,baseline-full-propagation-v1.0,,0.7483735477262552,overlap_weighted_adjusted,
all_year_linear_loo,,,,,-2.571825655134866,,,-4.602877918850138,,,event_effect_PA,,-3.587351786992502,3,,0,31.25,,,,4.403583641475785e-12,,EOS,primary_curve,,,,,,,,baseline-full-propagation-v1.0,,0.5181350983324065,overlap_weighted_adjusted,
all_year_linear_loo,,,,,-1.310566721219251,,,-3.5011228342878216,,,event_effect_UA,,-2.4058447777535363,3,,0,31.25,,,,1.668500598184944e-05,,EOS,primary_curve,,,,,,,,baseline-full-propagation-v1.0,,0.5588256035180741,overlap_weighted_adjusted,
all_year_linear_loo,,,,,2.6617661408581625,,,-0.2987521223802305,,,UA_minus_PA_event_effect,,1.181507009238966,3,,0,31.25,,,,0.1177246437221861,,EOS,primary_curve,,,,,,,,baseline-full-propagation-v1.0,,0.7552481286877165,overlap_weighted_adjusted,
all_year_linear_loo,,,,,-2.65495998244742,,,-4.702198209507079,,,event_effect_PA,,-3.678579095977249,3,,0,31.5,,,,1.8744197180030842e-12,,EOS,primary_curve,,,,,,,,baseline-full-propagation-v1.0,,0.5222642464882039,overlap_weighted_adjusted,
all_year_linear_loo,,,,,-1.173916724260435,,,-3.386747972040099,,,event_effect_UA,,-2.280332348150267,3,,0,31.5,,,,5.356457399645103e-05,,EOS,primary_curve,,,,,,,,baseline-full-propagation-v1.0,,0.564508140260279,overlap_weighted_adjusted,
all_year_linear_loo,,,,,2.8922110610295397,,,-0.0957175653755746,,,UA_minus_PA_event_effect,,1.3982467478269824,3,,0,31.5,,,,0.066596115932195,,EOS,primary_curve,,,,,,,,baseline-full-propagation-v1.0,,0.762240696761143,overlap_weighted_adjusted,
all_year_linear_loo,,,,,-2.730807841417032,,,-4.794171214055603,,,event_effect_PA,,-3.762489527736317,3,,0,31.75,,,,8.812389644265539e-13,,EOS,primary_curve,,,,,,,,baseline-full-propagation-v1.0,,0.5263778796228193,overlap_weighted_adjusted,
all_year_linear_loo,,,,,-1.040919148842668,,,-3.2744215817124744,,,event_effect_UA,,-2.1576703652775717,3,,0,31.75,,,,0.000152576358367,,EOS,primary_curve,,,,,,,,baseline-full-propagation-v1.0,,0.5697814986620644,overlap_weighted_adjusted,
all_year_linear_loo,,,,,3.1119001787051457,,,0.0977381462123463,,,UA_minus_PA_event_effect,,1.604819162458746,3,,0,31.75,,,,0.0368815565291911,,EOS,primary_curve,,,,,,,,baseline-full-propagation-v1.0,,0.7689330151645961,overlap_weighted_adjusted,
all_year_linear_loo,,,,,-2.7996927565315515,,,-4.878017545092988,,,event_effect_PA,,-3.83885515081227,3,,0,32.0,,,,4.471524902995562e-13,,EOS,primary_curve,,,,,,,,baseline-full-propagation-v1.0,,0.5301946374920657,overlap_weighted_adjusted,
all_year_linear_loo,,,,,-0.9121562384306776,,,-3.163739011033197,,,event_effect_UA,,-2.037947624731937,3,,0,32.0,,,,0.000388173316069,,EOS,primary_curve,,,,,,,,baseline-full-propagation-v1.0,,0.5743939149807642,overlap_weighted_adjusted,
all_year_linear_loo,,,,,3.319773972110448,,,0.2820410800502171,,,UA_minus_PA_event_effect,,1.8009075260803329,3,,0,32.0,,,,0.0201301428509391,,EOS,primary_curve,,,,,,,,baseline-full-propagation-v1.0,,0.7749461000358886,overlap_weighted_adjusted,
all_year_linear_loo,,,,,-2.861884009312388,,,-4.95301205818295,,,event_effect_PA,,-3.907448033747669,3,,0,32.25,,,,2.394087890576108e-13,,EOS,primary_curve,,,,,,,,baseline-full-propagation-v1.0,,0.5334608353431782,overlap_weighted_adjusted,
all_year_linear_loo,,,,,-0.7881571345547163,,,-3.054348709664976,,,event_effect_UA,,-1.9212529221098464,3,,0,32.25,,,,0.0008896782861787,,EOS,primary_curve,,,,,,,,baseline-full-propagation-v1.0,,0.5781207187952662,overlap_weighted_adjusted,
all_year_linear_loo,,,,,3.5148500938066585,,,0.4575401294689871,,,UA_minus_PA_event_effect,,1.986195111637823,3,,0,32.25,,,,0.0108778425860444,,EOS,primary_curve,,,,,,,,baseline-full-propagation-v1.0,,0.779940342897457,overlap_weighted_adjusted,
all_year_linear_loo,,,,,-2.917596572944504,,,-5.018483917225646,,,event_effect_PA,,-3.968040245085075,3,,0,32.5,,,,1.3239760898933126e-13,,EOS,primary_curve,,,,,,,,baseline-full-propagation-v1.0,,0.5359504972674688,overlap_weighted_adjusted,
all_year_linear_loo,,,,,-0.6693999635809917,,,-2.945950142434575,,,event_effect_UA,,-1.8076750530077836,3,,0,32.5,,,,0.0018545658328007,,EOS,primary_curve,,,,,,,,baseline-full-propagation-v1.0,,0.580763268307663,overlap_weighted_adjusted,
all_year_linear_loo,,,,,3.696221590171533,,,0.6245087939830507,,,UA_minus_PA_event_effect,,2.1603651920772915,3,,0,32.5,,,,0.0058348073312493,,EOS,primary_curve,,,,,,,,baseline-full-propagation-v1.0,,0.7836146022115101,overlap_weighted_adjusted,
all_year_linear_loo,,,,,-2.966992161195714,,,-5.073815545538388,,,event_effect_PA,,-4.020403853367051,3,,0,32.75,,,,7.41470994796173e-14,,EOS,primary_curve,,,,,,,,baseline-full-propagation-v1.0,,0.5374648210275871,overlap_weighted_adjusted,
all_year_linear_loo,,,,,-0.5563140294387097,,,-2.838291596605753,,,event_effect_UA,,-1.6973028130222314,3,,0,32.75,,,,0.0035501979102392,,EOS,primary_curve,,,,,,,,baseline-full-propagation-v1.0,,0.5821478315844045,overlap_weighted_adjusted,
all_year_linear_loo,,,,,3.863054312440864,,,0.7831477682487746,,,UA_minus_PA_event_effect,,2.32310104034482,3,,0,32.75,,,,0.0031094098113911,,EOS,primary_curve,,,,,,,,baseline-full-propagation-v1.0,,0.7857048824585552,overlap_weighted_adjusted,
all_year_linear_loo,,,,,-3.010180585569709,,,-5.118441268702605,,,event_effect_PA,,-4.064310927136157,3,,0,33.0,,,,4.12953235038115e-14,,EOS,primary_curve,,,,,,,,baseline-full-propagation-v1.0,,0.5378314856197834,overlap_weighted_adjusted,
all_year_linear_loo,,,,,-0.4492815870939959,,,-2.7311684084053507,,,event_effect_UA,,-1.5902249977496732,3,,0,33.0,,,,0.0062996987311787,,EOS,primary_curve,,,,,,,,baseline-full-propagation-v1.0,,0.5821246817060381,overlap_weighted_adjusted,
all_year_linear_loo,,,,,4.014584467184232,,,0.9335873915887364,,,UA_minus_PA_event_effect,,2.4740859293864843,3,,0,33.0,,,,0.0016452684805604,,EOS,primary_curve,,,,,,,,baseline-full-propagation-v1.0,,0.7859830843571636,overlap_weighted_adjusted,
all_year_linear_loo,,,,,-3.0472306672352687,,,-5.151872142961564,,,event_effect_PA,,-4.099551405098416,3,,0,33.25,,,,2.2498202756229302e-14,,EOS,primary_curve,,,,,,,,baseline-full-propagation-v1.0,,0.5369082014586591,overlap_weighted_adjusted,
all_year_linear_loo,,,,,-0.3486301690490416,,,-2.6244308232118216,,,event_effect_UA,,-1.4865304961304315,3,,0,33.25,,,,0.0104534234931655,,EOS,primary_curve,,,,,,,,baseline-full-propagation-v1.0,,0.5805720595158904,overlap_weighted_adjusted,
all_year_linear_loo,,,,,4.150146643955491,,,1.0758951739804772,,,UA_minus_PA_event_effect,,2.613020908967984,3,,0,33.25,,,,0.0008627992001248,,EOS,primary_curve,,,,,,,,baseline-full-propagation-v1.0,,0.7842622349758254,overlap_weighted_adjusted,
all_year_linear_loo,,,,,-3.0783413431633253,,,-5.174143181361254,,,event_effect_PA,,-4.12624226226229,3,,0,33.5,,,,1.1853511484769448e-14,,EOS,primary_curve,,,,,,,,baseline-full-propagation-v1.0,,0.5346531504480048,overlap_weighted_adjusted,
all_year_linear_loo,,,,,-0.2544836595439559,,,-2.51813615117883,,,event_effect_UA,,-1.386309905361393,3,,0,33.5,,,,0.0163660287194334,,EOS,primary_curve,,,,,,,,baseline-full-propagation-v1.0,,0.5774729815165678,overlap_weighted_adjusted,
all_year_linear_loo,,,,,4.2696856186559895,,,1.2101790951458038,,,UA_minus_PA_event_effect,,2.739932356900897,3,,0,33.5,,,,0.0004472978949625,,EOS,primary_curve,,,,,,,,baseline-full-propagation-v1.0,,0.780500699921831,overlap_weighted_adjusted,
all_year_linear_loo,,,,,-3.103820265495828,,,-5.185753156216305,,,event_effect_PA,,-4.144786710856066,3,,0,33.75,,,,6.000692984402285e-15,,EOS,primary_curve,,,,,,,,baseline-full-propagation-v1.0,,0.531115088629816,overlap_weighted_adjusted,
all_year_linear_loo,,,,,-0.1667841765255324,,,-2.4125264590428417,,,event_effect_UA,,-1.2896553177841872,3,,0,33.75,,,,0.0243801772732241,,EOS,primary_curve,,,,,,,,baseline-full-propagation-v1.0,,0.5729039666625096,overlap_weighted_adjusted,
all_year_linear_loo,,,,,4.373686330096356,,,1.3365764560474036,,,UA_minus_PA_event_effect,,2.85513139307188,3,,0,33.75,,,,0.0002286554825435,,EOS,primary_curve,,,,,,,,baseline-full-propagation-v1.0,,0.7747871639492581,overlap_weighted_adjusted,
all_year_linear_loo,,,,,-3.1239369774788908,,,-5.187258278542023,,,event_effect_PA,,-4.155597628010457,3,,0,34.0,,,,2.906293684312832e-15,,EOS,primary_curve,,,,,,,,baseline-full-propagation-v1.0,,0.5263671468808478,overlap_weighted_adjusted,
all_year_linear_loo,,,,,-0.0854310301169034,,,-2.307886722332189,,,event_effect_UA,,-1.1966588762245465,3,,0,34.0,,,,0.0348027746223142,,EOS,primary_curve,,,,,,,,baseline-full-propagation-v1.0,,0.5669634007935178,overlap_weighted_adjusted,
all_year_linear_loo,,,,,4.462707431544118,,,1.455170072027705,,,UA_minus_PA_event_effect,,2.958938751785912,3,,0,34.0,,,,0.0001149816104713,,EOS,primary_curve,,,,,,,,baseline-full-propagation-v1.0,,0.7672430165144575,overlap_weighted_adjusted,
all_year_linear_loo,,,,,-3.1389239201326933,,,-5.179251861579656,,,event_effect_PA,,-4.159087890856175,3,,0,34.25,,,,1.3434740640581756e-15,,EOS,primary_curve,,,,,,,,baseline-full-propagation-v1.0,,0.520501386132809,overlap_weighted_adjusted,
all_year_linear_loo,,,,,-0.0102905084339868,,,-2.204534938582414,,,event_effect_UA,,-1.1074127235082003,3,,0,34.25,,,,0.0478895115465184,,EOS,primary_curve,,,,,,,,baseline-full-propagation-v1.0,,0.5597665180218482,overlap_weighted_adjusted,
all_year_linear_loo,,,,,4.537357165790614,,,1.5659931689053357,,,UA_minus_PA_event_effect,,3.051675167347975,3,,0,34.25,,,,5.6763285847476974e-05,,EOS,primary_curve,,,,,,,,baseline-full-propagation-v1.0,,0.7580149483161474,overlap_weighted_adjusted,
all_year_linear_loo,,,,,-3.148981416956916,,,-5.1623593360909386,,,event_effect_PA,,-4.155670376523927,3,,0,34.5,,,,5.925224943111858e-16,,EOS,primary_curve,,,,,,,,baseline-full-propagation-v1.0,,0.513626254108568,overlap_weighted_adjusted,
all_year_linear_loo,,,,,0.0588002050233182,,,-2.102818209945074,,,event_effect_UA,,-1.022009002460878,3,,0,34.5,,,,0.0638344497600606,,EOS,primary_curve,,,,,,,,baseline-full-propagation-v1.0,,0.5514434020265073,overlap_weighted_adjusted,
all_year_linear_loo,,,,,4.598287091813585,,,1.6690356563125146,,,UA_minus_PA_event_effect,,3.13366137406305,3,,0,34.5,,,,2.747198992692843e-05,,EOS,primary_curve,,,,,,,,baseline-full-propagation-v1.0,,0.7472717505542531,overlap_weighted_adjusted,
all_year_linear_loo,,,,,-3.1542816337352115,,,-5.137234290553644,,,event_effect_PA,,-4.145757962144428,3,,0,34.75,,,,2.4977963850276794e-16,,EOS,primary_curve,,,,,,,,baseline-full-propagation-v1.0,,0.5058645649766297,overlap_weighted_adjusted,
all_year_linear_loo,,,,,0.1220299966470779,,,-2.0031097084636977,,,event_effect_UA,,-0.9405398559083098,3,,0,34.75,,,,0.0827632198037184,,EOS,primary_curve,,,,,,,,baseline-full-propagation-v1.0,,0.5421374376962043,overlap_weighted_adjusted,
all_year_linear_loo,,,,,4.646187176029155,,,1.764249036443082,,,UA_minus_PA_event_effect,,3.2052181062361185,3,,0,34.75,,,,1.302742493374524e-05,,EOS,primary_curve,,,,,,,,baseline-full-propagation-v1.0,,0.7352018104206081,overlap_weighted_adjusted,
all_year_linear_loo,,,,,-3.1549718363299712,,,-5.104555213366804,,,event_effect_PA,,-4.129763524848388,3,,0,35.0,,,,1.0108402001887288e-16,,EOS,primary_curve,,,,,,,,baseline-full-propagation-v1.0,,0.4973518371804017,overlap_weighted_adjusted,
all_year_linear_loo,,,,,0.1796113746957438,,,-1.9058062280481989,,,event_effect_UA,,-0.8630974266762274,3,,0,35.0,,,,0.1047281724733141,,EOS,primary_curve,,,,,,,,baseline-full-propagation-v1.0,,0.5320040621137558,overlap_weighted_adjusted,
all_year_linear_loo,,,,,4.6817818070436825,,,1.8515503893006369,,,UA_minus_PA_event_effect,,3.26666609817216,3,,0,35.0,,,,6.056740733448487e-06,,EOS,primary_curve,,,,,,,,baseline-full-propagation-v1.0,,0.7220110777717218,overlap_weighted_adjusted,
all_year_linear_loo,,,,,-3.151177243592985,,,-5.065022639940044,,,event_effect_PA,,-4.108099941766515,3,,0,35.25,,,,3.9562420851512107e-17,,EOS,primary_curve,,,,,,,,baseline-full-propagation-v1.0,,0.4882348378447835,overlap_weighted_adjusted,
all_year_linear_loo,,,,,0.2317783297253421,,,-1.8113260449060613,,,event_effect_UA,,-0.7897738575903597,3,,0,35.25,,,,0.1297038109301023,,EOS,primary_curve,,,,,,,,baseline-full-propagation-v1.0,,0.5212096729192859,overlap_weighted_adjusted,
all_year_linear_loo,,,,,4.705826324366683,,,1.9308258439856285,,,UA_minus_PA_event_effect,,3.318326084176156,3,,0,35.25,,,,2.766676433948289e-06,,EOS,primary_curve,,,,,,,,baseline-full-propagation-v1.0,,0.7079212940313967,overlap_weighted_adjusted,
all_year_linear_loo,,,,,-3.1430037641135478,,,-5.019356415945499,,,event_effect_PA,,-4.081180090029523,3,,0,35.5,,,,1.513911654689806e-17,,EOS,primary_curve,,,,,,,,baseline-full-propagation-v1.0,,0.4786701864504608,overlap_weighted_adjusted,
all_year_linear_loo,,,,,0.2787842225675824,,,-1.7201068055204574,,,event_effect_UA,,-0.7206612914764374,3,,0,35.5,,,,0.1575811111589514,,EOS,primary_curve,,,,,,,,baseline-full-propagation-v1.0,,0.5099305507282371,overlap_weighted_adjusted,
all_year_linear_loo,,,,,4.719103655336514,,,2.0019339417696567,,,UA_minus_PA_event_effect,,3.3605187985530853,3,,0,35.5,,,,1.246770487261673e-06,,EOS,primary_curve,,,,,,,,baseline-full-propagation-v1.0,,0.693168276304959,overlap_weighted_adjusted,
all_year_linear_loo,,,,,-3.130540910467258,,,-4.968292783068985,,,event_effect_PA,,-4.049416846768121,3,,0,35.75,,,,5.7500094481659184e-18,,EOS,primary_curve,,,,,,,,baseline-full-propagation-v1.0,,0.4688228679449417,overlap_weighted_adjusted,
all_year_linear_loo,,,,,0.3208993999415963,,,-1.6326031422619776,,,event_effect_UA,,-0.6558518711601906,3,,0,35.75,,,,0.1881598258431108,,EOS,primary_curve,,,,,,,,baseline-full-propagation-v1.0,,0.4983516425843926,overlap_weighted_adjusted,
all_year_linear_loo,,,,,4.722420636335773,,,2.064709314880089,,,UA_minus_PA_event_effect,,3.393564975607931,3,,0,35.75,,,,5.578732398392132e-07,,EOS,primary_curve,,,,,,,,baseline-full-propagation-v1.0,,0.6780000404138474,overlap_weighted_adjusted,
all_year_linear_loo,,,,,-3.113865196613419,,,-4.912580981612626,,,event_effect_PA,,-4.013223089113023,3,,0,36.0,,,,2.2107395516054177e-18,,EOS,primary_curve,,,,,,,,baseline-full-propagation-v1.0,,0.4588644993446941,overlap_weighted_adjusted,
all_year_linear_loo,,,,,0.3584082086606157,,,-1.5492836875953129,,,event_effect_UA,,-0.5954377394673485,3,,0,36.0,,,,0.2211385270788465,,EOS,primary_curve,,,,,,,,baseline-full-propagation-v1.0,,0.4866650385679428,overlap_weighted_adjusted,
all_year_linear_loo,,,,,4.716603563154939,,,2.11896713613641,,,UA_minus_PA_event_effect,,3.4177853496456745,3,,0,36.0,,,,2.5018527003188495e-07,,EOS,primary_curve,,,,,,,,baseline-full-propagation-v1.0,,0.662674530631265,overlap_weighted_adjusted,
all_year_linear_loo,,,,,-3.093044333486239,,,-4.852979054903637,,,event_effect_PA,,-3.9730116941949376,3,,0,36.25,,,,8.819137527761496e-19,,EOS,primary_curve,,,,,,,,baseline-full-propagation-v1.0,,0.448971189088049,overlap_weighted_adjusted,
all_year_linear_loo,,,,,0.3916050502631348,,,-1.470627128710421,,,event_effect_UA,,-0.5395110392236431,3,,0,36.25,,,,0.2561029756157271,,EOS,primary_curve,,,,,,,,baseline-full-propagation-v1.0,,0.4750679588152144,overlap_weighted_adjusted,
all_year_linear_loo,,,,,4.7024924852493015,,,2.1645088246932875,,,UA_minus_PA_event_effect,,3.4335006549712945,3,,0,36.25,,,,1.1387854922422077e-07,,EOS,primary_curve,,,,,,,,baseline-full-propagation-v1.0,,0.6474567085352857,overlap_weighted_adjusted,
all_year_linear_loo,,,,,-3.0681425307160963,,,-4.790248547573054,,,event_effect_PA,,-3.929195539144575,3,,0,36.5,,,,3.7602916461088948e-19,,EOS,primary_curve,,,,,,,,baseline-full-propagation-v1.0,,0.4393208320256673,overlap_weighted_adjusted,
all_year_linear_loo,,,,,0.4207891045974051,,,-1.3971169311070115,,,event_effect_UA,,-0.4881639132548032,3,,0,36.5,,,,0.2925143987379234,,EOS,primary_curve,,,,,,,,baseline-full-propagation-v1.0,,0.4637600614204719,overlap_weighted_adjusted,
all_year_linear_loo,,,,,4.680933751126272,,,2.2011295006532725,,,UA_minus_PA_event_effect,,3.441031625889772,3,,0,36.5,,,,5.346649234859545e-08,,EOS,primary_curve,,,,,,,,baseline-full-propagation-v1.0,,0.6326147495651399,overlap_weighted_adjusted,
all_year_linear_loo,,,,,-3.0392271705078944,,,-4.725147831677404,,,event_effect_PA,,-3.882187501092649,3,,0,36.75,,,,1.7731497971701102e-19,,EOS,primary_curve,,,,,,,,baseline-full-propagation-v1.0,,0.4300897043179968,overlap_weighted_adjusted,
all_year_linear_loo,,,,,0.4462573760007774,,,-1.3292343847738968,,,event_effect_UA,,-0.4414885043865597,3,,0,36.75,,,,0.3297003410810668,,EOS,primary_curve,,,,,,,,baseline-full-propagation-v1.0,,0.4529398945030436,overlap_weighted_adjusted,
all_year_linear_loo,,,,,4.652770356992573,,,2.2286276364196063,,,UA_minus_PA_event_effect,,3.440698996706089,3,,0,36.75,,,,2.6405801961742653e-08,,EOS,primary_curve,,,,,,,,baseline-full-propagation-v1.0,,0.6184151187711342,overlap_weighted_adjusted,
all_year_linear_loo,,,,,-3.0063770222976958,,,-4.658423892042039,,,event_effect_PA,,-3.832400457169868,3,,0,37.0,,,,9.598359534671914e-20,,EOS,primary_curve,,,,,,,,baseline-full-propagation-v1.0,,0.4214482722069077,overlap_weighted_adjusted,
all_year_linear_loo,,,,,0.4682958072467061,,,-1.2674497181359907,,,event_effect_UA,,-0.3995769554446422,3,,0,37.0,,,,0.3668517264109687,,EOS,primary_curve,,,,,,,,baseline-full-propagation-v1.0,,0.4428003624235027,overlap_weighted_adjusted,
all_year_linear_loo,,,,,4.618829783913834,,,2.2468172195366165,,,UA_minus_PA_event_effect,,3.4328235017252253,3,,0,37.0,,,,1.4032044773914769e-08,,EOS,primary_curve,,,,,,,,baseline-full-propagation-v1.0,,0.6051163651698066,overlap_weighted_adjusted,
all_year_linear_loo,,,,,-2.969691996132647,,,-4.590802572881241,,,event_effect_PA,,-3.780247284506944,3,,0,37.25,,,,6.197451826953994e-20,,EOS,primary_curve,,,,,,,,baseline-full-propagation-v1.0,,0.41355621571001,overlap_weighted_adjusted,
all_year_linear_loo,,,,,0.4871683920710143,,,-1.2122112105805811,,,event_effect_UA,,-0.3625214092547835,3,,0,37.25,,,,0.4030302883714141,,EOS,primary_curve,,,,,,,,baseline-full-propagation-v1.0,,0.4335231708480577,overlap_weighted_adjusted,
all_year_linear_loo,,,,,4.579909263967782,,,2.25554248653654,,,UA_minus_PA_event_effect,,3.417725875252161,3,,0,37.25,,,,8.222953646093239e-09,,EOS,primary_curve,,,,,,,,baseline-full-propagation-v1.0,,0.5929616043370058,overlap_weighted_adjusted,
all_year_linear_loo,,,,,-2.9293041831890494,,,-4.522977537280124,,,event_effect_PA,,-3.7261408602345862,3,,0,37.5,,,,4.949295978760805e-20,,EOS,primary_curve,,,,,,,,baseline-full-propagation-v1.0,,0.4065567955997576,overlap_weighted_adjusted,
all_year_linear_loo,,,,,0.503104512424261,,,-1.16393252970968,,,event_effect_UA,,-0.3304140086427094,3,,0,37.5,,,,0.4371901517108131,,EOS,primary_curve,,,,,,,,baseline-full-propagation-v1.0,,0.425272366044304,overlap_weighted_adjusted,
all_year_linear_loo,,,,,4.536758809675054,,,2.254694893508701,,,UA_minus_PA_event_effect,,3.3957268515918777,3,,0,37.5,,,,5.447879448564127e-09,,EOS,primary_curve,,,,,,,,baseline-full-propagation-v1.0,,0.5821698597951241,overlap_weighted_adjusted,
all_year_linear_loo,,,,,-2.885389621736811,,,-4.455598501230209,,,event_effect_PA,,-3.67049406148351,3,,0,37.75,,,,5.0400256588809313e-20,,EOS,primary_curve,,,,,,,,baseline-full-propagation-v1.0,,0.4005708502500569,overlap_weighted_adjusted,
all_year_linear_loo,,,,,0.5162851181733096,,,-1.122978911041614,,,event_effect_UA,,-0.3033468964341521,3,,0,37.75,,,,0.4682157058994637,,EOS,primary_curve,,,,,,,,baseline-full-propagation-v1.0,,0.4181872835789915,overlap_weighted_adjusted,
all_year_linear_loo,,,,,4.490062851207499,,,2.244231478891217,,,UA_minus_PA_event_effect,,3.367147165049358,3,,0,37.75,,,,4.175173718976868e-09,,EOS,primary_curve,,,,,,,,baseline-full-propagation-v1.0,,0.5729266940696648,overlap_weighted_adjusted,
all_year_linear_loo,,,,,-2.8381799073914387,,,-4.389259623377406,,,event_effect_PA,,-3.613719765384422,3,,0,38.0,,,,6.682157537868463e-20,,EOS,primary_curve,,,,,,,,baseline-full-propagation-v1.0,,0.3956908719294553,overlap_weighted_adjusted,
all_year_linear_loo,,,,,0.5268287961481918,,,-1.0896532270578785,,,event_effect_UA,,-0.2814122154548433,3,,0,38.0,,,,0.4949749958653847,,EOS,primary_curve,,,,,,,,baseline-full-propagation-v1.0,,0.4123754405582638,overlap_weighted_adjusted,
all_year_linear_loo,,,,,4.440421872773009,,,2.224193227086149,,,UA_minus_PA_event_effect,,3.33230754992958,3,,0,38.0,,,,3.7700461954713605e-09,,EOS,primary_curve,,,,,,,,baseline-full-propagation-v1.0,,0.5653748393256682,overlap_weighted_adjusted,
all_year_linear_loo,,,,,-2.787972520264264,,,-4.324489177871806,,,event_effect_PA,,-3.5562308490680348,3,,0,38.25,,,,1.1623265048835654e-19,,EOS,primary_curve,,,,,,,,baseline-full-propagation-v1.0,,0.3919757377501295,overlap_weighted_adjusted,
all_year_linear_loo,,,,,0.5347791347534882,,,-1.064183351814512,,,event_effect_UA,,-0.2647021085305119,3,,0,38.25,,,,0.5163842403240447,,EOS,primary_curve,,,,,,,,baseline-full-propagation-v1.0,,0.4079060888823499,overlap_weighted_adjusted,
all_year_linear_loo,,,,,4.388335883941908,,,2.194721597133138,,,UA_minus_PA_event_effect,,3.291528740537523,3,,0,38.25,,,,4.056552296756385e-09,,EOS,primary_curve,,,,,,,,baseline-full-propagation-v1.0,,0.5596057642160058,overlap_weighted_adjusted,
all_year_linear_loo,,,,,-2.735138663245708,,,-4.261741716084412,,,event_effect_PA,,-3.49844018966506,3,,0,38.5,,,,2.6323421084112407e-19,,EOS,primary_curve,,,,,,,,baseline-full-propagation-v1.0,,0.3894467104702826,overlap_weighted_adjusted,
all_year_linear_loo,,,,,0.5400949453864825,,,-1.0467123823602582,,,event_effect_UA,,-0.2533087184868878,3,,0,38.5,,,,0.5314759368057176,,EOS,primary_curve,,,,,,,,baseline-full-propagation-v1.0,,0.4048052260815185,overlap_weighted_adjusted,
all_year_linear_loo,,,,,4.334191734952885,,,2.1560712074034587,,,UA_minus_PA_event_effect,,3.245131471178172,3,,0,38.5,,,,5.21350155402809e-09,,EOS,primary_curve,,,,,,,,baseline-full-propagation-v1.0,,0.5556532019797717,overlap_weighted_adjusted,
all_year_linear_loo,,,,,-2.680127565368343,,,-4.20139376324407,,,event_effect_PA,,-3.4407606643062065,3,,0,38.75,,,,7.582590936142938e-19,,EOS,primary_curve,,,,,,,,baseline-full-propagation-v1.0,,0.3880852428603997,overlap_weighted_adjusted,
all_year_linear_loo,,,,,0.5426447414644495,,,-1.0372931177638516,,,event_effect_UA,,-0.247324188149701,3,,0,38.75,,,,0.5394616392327258,,EOS,primary_curve,,,,,,,,baseline-full-propagation-v1.0,,0.4030527784415044,overlap_weighted_adjusted,
all_year_linear_loo,,,,,4.278256053404997,,,2.1086168989080143,,,UA_minus_PA_event_effect,,3.193436476156505,3,,0,38.75,,,,7.944016422167825e-09,,EOS,primary_curve,,,,,,,,baseline-full-propagation-v1.0,,0.5534895466474943,overlap_weighted_adjusted,
all_year_linear_loo,,,,,-2.623466608322637,,,-4.143743691921737,,,event_effect_PA,,-3.3836051501221878,3,,0,39.0,,,,2.6762196470666477e-18,,EOS,primary_curve,,,,,,,,baseline-full-propagation-v1.0,,0.3878329131532139,overlap_weighted_adjusted,
all_year_linear_loo,,,,,0.5422063733595177,,,-1.035887694048884,,,event_effect_UA,,-0.2468406603446831,3,,0,39.0,,,,0.5397816737748302,,EOS,primary_curve,,,,,,,,baseline-full-propagation-v1.0,,0.4025824147423642,overlap_weighted_adjusted,
all_year_linear_loo,,,,,4.220674918806904,,,2.0528540607481043,,,UA_minus_PA_event_effect,,3.136764489777504,3,,0,39.0,,,,1.4113581482659317e-08,,EOS,primary_curve,,,,,,,,baseline-full-propagation-v1.0,,0.5530256869917748,overlap_weighted_adjusted,
all_year_linear_loo,,,,,-2.5657572058115017,,,-4.089015842675924,,,event_effect_PA,,-3.327386524243713,3,,0,39.25,,,,1.103118606789021e-17,,EOS,primary_curve,,,,,,,,baseline-full-propagation-v1.0,,0.3885935274524666,overlap_weighted_adjusted,
all_year_linear_loo,,,,,0.5384719673817203,,,-1.0423725231768484,,,event_effect_UA,,-0.2519502778975639,3,,0,39.25,,,,0.5321374992860448,,EOS,primary_curve,,,,,,,,baseline-full-propagation-v1.0,,0.4032840661940903,overlap_weighted_adjusted,
all_year_linear_loo,,,,,4.161480427439104,,,1.9893920652531936,,,UA_minus_PA_event_effect,,3.0754362463461486,3,,0,39.25,,,,2.8537022705906925e-08,,EOS,primary_curve,,,,,,,,baseline-full-propagation-v1.0,,0.5541143560083415,overlap_weighted_adjusted,
all_year_linear_loo,,,,,-2.507666962932764,,,-4.0373683646702245,,,event_effect_PA,,-3.272517663801494,3,,0,39.5,,,,5.0308199134134945e-17,,EOS,primary_curve,,,,,,,,baseline-full-propagation-v1.0,,0.3902371201214793,overlap_weighted_adjusted,
all_year_linear_loo,,,,,0.5310575143921812,,,-1.0565478816603249,,,event_effect_UA,,-0.2627451836340717,3,,0,39.5,,,,0.5165068240489007,,EOS,primary_curve,,,,,,,,baseline-full-propagation-v1.0,,0.4050088186760917,overlap_weighted_adjusted,
all_year_linear_loo,,,,,4.100603280719438,,,1.9189416796154064,,,UA_minus_PA_event_effect,,3.009772480167422,3,,0,39.5,,,,6.3787011396158e-08,,EOS,primary_curve,,,,,,,,baseline-full-propagation-v1.0,,0.5565565536695317,overlap_weighted_adjusted,
all_year_linear_loo,,,,,-2.449919112583024,,,-3.988903779269458,,,event_effect_PA,,-3.219411445926241,3,,0,39.75,,,,2.401445580762756e-16,,EOS,primary_curve,,,,,,,,baseline-full-propagation-v1.0,,0.392605343472061,overlap_weighted_adjusted,
all_year_linear_loo,,,,,0.5195158188301793,,,-1.07815085959006,,,event_effect_UA,,-0.2793175203799403,3,,0,39.75,,,,0.4931453181542802,,EOS,primary_curve,,,,,,,,baseline-full-propagation-v1.0,,0.4075755195050598,overlap_weighted_adjusted,
all_year_linear_loo,,,,,4.037889729760629,,,1.842298121331973,,,UA_minus_PA_event_effect,,2.940093925546301,3,,0,39.75,,,,1.5281519102155126e-07,,EOS,primary_curve,,,,,,,,baseline-full-propagation-v1.0,,0.5601101922655729,overlap_weighted_adjusted,
all_year_linear_loo,,,,,-2.393280462230503,,,-3.943681033266827,,,event_effect_PA,,-3.168480747748665,3,,0,40.0,,,,1.1380491861136564e-15,,EOS,primary_curve,,,,,,,,baseline-full-propagation-v1.0,,0.3955176174832001,overlap_weighted_adjusted,
all_year_linear_loo,,,,,0.5033512055908316,,,-1.1068700675126226,,,event_effect_UA,,-0.3017594309608955,3,,0,40.0,,,,0.4625806084270354,,EOS,primary_curve,,,,,,,,baseline-full-propagation-v1.0,,0.4107782810818653,overlap_weighted_adjusted,
all_year_linear_loo,,,,,3.973120815756425,,,1.760321817819114,,,UA_minus_PA_event_effect,,2.866721316787769,3,,0,40.0,,,,3.807510395011217e-07,,EOS,primary_curve,,,,,,,,baseline-full-propagation-v1.0,,0.5644999131085028,overlap_weighted_adjusted,
all_year_linear_loo,,,,,-2.3385490640500795,,,-3.901727828748879,,,event_effect_PA,,-3.120138446399479,3,,0,40.25,,,,5.106494293771492e-15,,EOS,primary_curve,,,,,,,,baseline-full-propagation-v1.0,,0.3987774206640923,overlap_weighted_adjusted,
all_year_linear_loo,,,,,0.4820344231207611,,,-1.1423605395261012,,,event_effect_UA,,-0.33016305820267,3,,0,40.25,,,,0.4256038488862181,,EOS,primary_curve,,,,,,,,baseline-full-propagation-v1.0,,0.4143940846515249,overlap_weighted_adjusted,
all_year_linear_loo,,,,,3.906031898776301,,,1.673918877617317,,,UA_minus_PA_event_effect,,2.789975388196809,3,,0,40.25,,,,9.602285535645007e-07,,EOS,primary_curve,,,,,,,,baseline-full-propagation-v1.0,,0.5694270503860293,overlap_weighted_adjusted,
all_year_linear_loo,,,,,-2.286542598024691,,,-3.863052239994091,,,event_effect_PA,,-3.074797419009391,3,,0,40.5,,,,2.0836088237094957e-14,,EOS,primary_curve,,,,,,,,baseline-full-propagation-v1.0,,0.402178217152128,overlap_weighted_adjusted,
all_year_linear_loo,,,,,0.455016496484835,,,-1.184257586346825,,,event_effect_UA,,-0.3646205449309949,3,,0,40.5,,,,0.3832618688875717,,EOS,primary_curve,,,,,,,,baseline-full-propagation-v1.0,,0.4181898483242663,overlap_weighted_adjusted,
all_year_linear_loo,,,,,3.836330866283367,,,1.5840228818734248,,,UA_minus_PA_event_effect,,2.710176874078396,3,,0,40.5,,,,2.395768128571328e-06,,EOS,primary_curve,,,,,,,,baseline-full-propagation-v1.0,,0.5745789213923982,overlap_weighted_adjusted,
all_year_linear_loo,,,,,-2.2380881261634364,,,-3.82765295925479,,,event_effect_PA,,-3.032870542709113,3,,0,40.75,,,,7.479044488488307e-14,,EOS,primary_curve,,,,,,,,baseline-full-propagation-v1.0,,0.4055086842487,overlap_weighted_adjusted,
all_year_linear_loo,,,,,0.4217407363574363,,,-1.2321888043006324,,,event_effect_UA,,-0.405224033971598,3,,0,40.75,,,,0.3368493469156374,,EOS,primary_curve,,,,,,,,baseline-full-propagation-v1.0,,0.4219285542244791,overlap_weighted_adjusted,
all_year_linear_loo,,,,,3.7637139857310697,,,1.4915790317439606,,,UA_minus_PA_event_effect,,2.627646508737515,3,,0,40.75,,,,5.807945887846504e-06,,EOS,primary_curve,,,,,,,,baseline-full-propagation-v1.0,,0.5796369147365512,overlap_weighted_adjusted,
all_year_linear_loo,,,,,-2.19401353091961,,,-3.795527858339105,,,event_effect_PA,,-2.994770694629357,3,,0,41.0,,,,2.299540210336183e-13,,EOS,primary_curve,,,,,,,,baseline-full-propagation-v1.0,,0.4085570806535312,overlap_weighted_adjusted,
all_year_linear_loo,,,,,0.3816525663505276,,,-1.2857839026509494,,,event_effect_UA,,-0.4520656681502109,3,,0,41.0,,,,0.2878962240131275,,EOS,primary_curve,,,,,,,,baseline-full-propagation-v1.0,,0.425374262525741,overlap_weighted_adjusted,
all_year_linear_loo,,,,,3.6878789472261793,,,1.397531105732114,,,UA_minus_PA_event_effect,,2.542705026479146,3,,0,41.0,,,,1.3500159682634865e-05,,EOS,primary_curve,,,,,,,,baseline-full-propagation-v1.0,,0.5842831448843032,overlap_weighted_adjusted,
all_year_linear_loo,,,,,-2.155140657989519,,,-3.766680845812148,,,event_effect_PA,,-2.9609107519008337,3,,0,41.25,,,,5.926970525084481e-13,,EOS,primary_curve,,,,,,,,baseline-full-propagation-v1.0,,0.4111147451009949,overlap_weighted_adjusted,
all_year_linear_loo,,,,,0.3342072043602028,,,-1.344682384945334,,,event_effect_UA,,-0.5052375902925657,3,,0,41.25,,,,0.2381411406630736,,EOS,primary_curve,,,,,,,,baseline-full-propagation-v1.0,,0.4282960305771953,overlap_weighted_adjusted,
all_year_linear_loo,,,,,3.608535121936357,,,1.3028112012801794,,,UA_minus_PA_event_effect,,2.455673161608268,3,,0,41.25,,,,2.981765527834017e-05,,EOS,primary_curve,,,,,,,,baseline-full-propagation-v1.0,,0.5882056861359274,overlap_weighted_adjusted,
all_year_linear_loo,,,,,-2.122279971786278,,,-3.741127211522227,,,event_effect_PA,,-2.9317035916542524,3,,0,41.5,,,,1.2573564124900308e-12,,EOS,primary_curve,,,,,,,,baseline-full-propagation-v1.0,,0.4129788232093062,overlap_weighted_adjusted,
all_year_linear_loo,,,,,0.2788754903489834,,,-1.40853937679776,,,event_effect_UA,,-0.5648319432243882,3,,0,41.5,,,,0.1894777022477978,,EOS,primary_curve,,,,,,,,baseline-full-propagation-v1.0,,0.4304708863164977,overlap_weighted_adjusted,
all_year_linear_loo,,,,,3.5254113960617115,,,1.208331900798017,,,UA_minus_PA_event_effect,,2.366871648429864,3,,0,41.5,,,,6.223717089366849e-05,,EOS,primary_curve,,,,,,,,baseline-full-propagation-v1.0,,0.5911025696238611,overlap_weighted_adjusted,
all_year_linear_loo,,,,,-2.096226399411145,,,-3.718897782629506,,,event_effect_PA,,-2.907562091020326,3,,0,41.75,,,,2.1580455440243183e-12,,EOS,primary_curve,,,,,,,,baseline-full-propagation-v1.0,,0.4139543879422751,overlap_weighted_adjusted,
all_year_linear_loo,,,,,0.2151483016377453,,,-1.4770300411805686,,,event_effect_UA,,-0.6309408697714116,3,,0,41.75,,,,0.143858162890282,,EOS,primary_curve,,,,,,,,baseline-full-propagation-v1.0,,0.431686081011182,overlap_weighted_adjusted,
all_year_linear_loo,,,,,3.4382621376224733,,,1.1149803048753553,,,UA_minus_PA_event_effect,,2.2766212212489143,3,,0,41.75,,,,0.0001224340857947,,EOS,primary_curve,,,,,,,,baseline-full-propagation-v1.0,,0.5926848276480764,overlap_weighted_adjusted,
all_year_linear_loo,,,,,-2.0777559659721536,,,-3.700042288287376,,,event_effect_PA,,-2.888899127129765,3,,0,42.0,,,,2.9425165118538054e-12,,EOS,primary_curve,,,,,,,,baseline-full-propagation-v1.0,,0.4138561563150164,overlap_weighted_adjusted,
all_year_linear_loo,,,,,0.1425400686032967,,,-1.549853094122029,,,event_effect_UA,,-0.7036565127593661,3,,0,42.0,,,,0.1031412168597885,,EOS,primary_curve,,,,,,,,baseline-full-propagation-v1.0,,0.4317408830148684,overlap_weighted_adjusted,
all_year_linear_loo,,,,,3.346871952201966,,,1.0236132765388315,,,UA_minus_PA_event_effect,,2.1852426143703987,3,,0,42.0,,,,0.0002268600697492,,EOS,primary_curve,,,,,,,,baseline-full-propagation-v1.0,,0.5926789201201406,overlap_weighted_adjusted,
all_year_linear_loo,,,,,-2.067547559849776,,,-3.684600772540786,,,event_effect_PA,,-2.876074166195281,3,,0,42.25,,,,3.1259219883502165e-12,,EOS,primary_curve,,,,,,,,baseline-full-propagation-v1.0,,0.4125211548390989,overlap_weighted_adjusted,
all_year_linear_loo,,,,,0.0606575510469432,,,-1.6267154259801648,,,event_effect_UA,,-0.7830289374666108,3,,0,42.25,,,,0.068903692051351,,EOS,primary_curve,,,,,,,,baseline-full-propagation-v1.0,,0.4304601998651228,overlap_weighted_adjusted,
all_year_linear_loo,,,,,3.251080862638548,,,0.9350095948187928,,,UA_minus_PA_event_effect,,2.0930452287286703,3,,0,42.25,,,,0.0003964156734496,,EOS,primary_curve,,,,,,,,baseline-full-propagation-v1.0,,0.5908453640190916,overlap_weighted_adjusted,
all_year_linear_loo,,,,,-2.0655603662090285,,,-3.672352590363771,,,event_effect_PA,,-2.8689564782864,3,,0,42.5,,,,2.576081895827709e-12,,EOS,primary_curve,,,,,,,,baseline-full-propagation-v1.0,,0.4099035076228222,overlap_weighted_adjusted,
all_year_linear_loo,,,,,-0.0302559123998201,,,-1.707188145077362,,,event_effect_UA,,-0.8687220287385911,3,,0,42.5,,,,0.0422865565923542,,EOS,primary_curve,,,,,,,,baseline-full-propagation-v1.0,,0.4277966957313934,overlap_weighted_adjusted,
all_year_linear_loo,,,,,3.1509660173272693,,,0.8495028817683479,,,UA_minus_PA_event_effect,,2.0002344495478086,3,,0,42.5,,,,0.0006571354181955,,EOS,primary_curve,,,,,,,,baseline-full-propagation-v1.0,,0.5871187311890854,overlap_weighted_adjusted,
all_year_linear_loo,,,,,-2.071341557166683,,,-3.6629620080233822,,,event_effect_PA,,-2.867151782595033,3,,0,42.75,,,,1.6486330685872645e-12,,EOS,primary_curve,,,,,,,,baseline-full-propagation-v1.0,,0.4060330861717866,overlap_weighted_adjusted,
all_year_linear_loo,,,,,-0.1295873533868266,,,-1.790796734486117,,,event_effect_UA,,-0.960192043936472,3,,0,42.75,,,,0.0234667498540009,,EOS,primary_curve,,,,,,,,baseline-full-propagation-v1.0,,0.423785690503167,overlap_weighted_adjusted,
all_year_linear_loo,,,,,3.0467690584190588,,,0.7671504188980625,,,UA_minus_PA_event_effect,,1.9069597386585608,3,,0,42.75,,,,0.0010413106413054,,EOS,primary_curve,,,,,,,,baseline-full-propagation-v1.0,,0.581546053269942,overlap_weighted_adjusted,
all_year_linear_loo,,,,,-2.0843969911860776,,,-3.656129537720758,,,event_effect_PA,,-2.870263264453418,3,,0,43.0,,,,8.157298559694349e-13,,EOS,primary_curve,,,,,,,,baseline-full-propagation-v1.0,,0.4009595479642244,overlap_weighted_adjusted,
all_year_linear_loo,,,,,-0.2366785625879861,,,-1.877107925865108,,,event_effect_UA,,-1.056893244226547,3,,0,43.0,,,,0.0115525557389896,,EOS,primary_curve,,,,,,,,baseline-full-propagation-v1.0,,0.4184845681391647,overlap_weighted_adjusted,
all_year_linear_loo,,,,,2.93878900004132,,,0.6879510404124216,,,UA_minus_PA_event_effect,,1.8133700202268708,3,,0,43.0,,,,0.001588232202926,,EOS,primary_curve,,,,,,,,baseline-full-propagation-v1.0,,0.5742039081797474,overlap_weighted_adjusted,
all_year_linear_loo,,,,,-2.104200540930631,,,-3.651587677456955,,,event_effect_PA,,-2.877894109193793,3,,0,43.25,,,,3.089376514917806e-13,,EOS,primary_curve,,,,,,,,baseline-full-propagation-v1.0,,0.3947488700639186,overlap_weighted_adjusted,
all_year_linear_loo,,,,,-0.3508354977778559,,,-1.965724283772376,,,event_effect_UA,,-1.1582798907751155,3,,0,43.25,,,,0.0049300278906343,,EOS,primary_curve,,,,,,,,baseline-full-propagation-v1.0,,0.4119689950255608,overlap_weighted_adjusted,
all_year_linear_loo,,,,,2.8273727313475163,,,0.6118557054898375,,,UA_minus_PA_event_effect,,1.719614218418677,3,,0,43.25,,,,0.0023460305674174,,EOS,primary_curve,,,,,,,,baseline-full-propagation-v1.0,,0.5651933003191372,overlap_weighted_adjusted,
all_year_linear_loo,,,,,-2.130198343399756,,,-3.649096660897036,,,event_effect_PA,,-2.889647502148396,3,,0,43.5,,,,8.816817266450668e-14,,EOS,primary_curve,,,,,,,,baseline-full-propagation-v1.0,,0.387481180643664,overlap_weighted_adjusted,
all_year_linear_loo,,,,,-0.471332849703148,,,-2.056279639793797,,,event_effect_UA,,-1.2638062447484728,3,,0,43.5,,,,0.0017739714702512,,EOS,primary_curve,,,,,,,,baseline-full-propagation-v1.0,,0.404330590406892,overlap_weighted_adjusted,
all_year_linear_loo,,,,,2.712908823347364,,,0.5387736914524799,,,UA_minus_PA_event_effect,,1.625841257399922,3,,0,43.5,,,,0.0033747751541543,,EOS,primary_curve,,,,,,,,baseline-full-propagation-v1.0,,0.5546365007327138,overlap_weighted_adjusted,
all_year_linear_loo,,,,,-2.161811834338052,,,-3.6484414229608735,,,event_effect_PA,,-2.905126628649463,3,,0,43.75,,,,1.8563680120051524e-14,,EOS,primary_curve,,,,,,,,baseline-full-propagation-v1.0,,0.3792492107888629,overlap_weighted_adjusted,
all_year_linear_loo,,,,,-0.5974172214015051,,,-2.148435913224329,,,event_effect_UA,,-1.3729265673129172,3,,0,43.75,,,,0.0005207852958714,,EOS,primary_curve,,,,,,,,baseline-full-propagation-v1.0,,0.3956753042548388,overlap_weighted_adjusted,
all_year_linear_loo,,,,,2.5958231938048426,,,0.4685769288682475,,,UA_minus_PA_event_effect,,1.5322000613365452,3,,0,43.75,,,,0.0047513987811109,,EOS,primary_curve,,,,,,,,baseline-full-propagation-v1.0,,0.5426748352816793,overlap_weighted_adjusted,
all_year_linear_loo,,,,,-2.198439812214735,,,-3.64942953584373,,,event_effect_PA,,-2.9239346740292325,3,,0,44.0,,,,2.807685740950065e-15,,EOS,primary_curve,,,,,,,,baseline-full-propagation-v1.0,,0.3701572414274487,overlap_weighted_adjusted,
all_year_linear_loo,,,,,-0.728309206799837,,,-2.241881032469643,,,event_effect_UA,,-1.4850951196347402,3,,0,44.0,,,,0.000119974865596,,EOS,primary_curve,,,,,,,,baseline-full-propagation-v1.0,,0.3861223567393758,overlap_weighted_adjusted,
all_year_linear_loo,,,,,2.4765762544757464,,,0.4011028543132373,,,UA_minus_PA_event_effect,,1.4388395543944918,3,,0,44.0,,,,0.0065772515708626,,EOS,primary_curve,,,,,,,,baseline-full-propagation-v1.0,,0.5294672291260397,overlap_weighted_adjusted,
all_year_linear_loo,,,,,-2.239459731070834,,,-3.65188991616905,,,event_effect_PA,,-2.9456748236199424,3,,0,44.25,,,,2.954902073703759e-16,,EOS,primary_curve,,,,,,,,baseline-full-propagation-v1.0,,0.3603204437018447,overlap_weighted_adjusted,
all_year_linear_loo,,,,,-0.8632046053360305,,,-2.336327720424454,,,event_effect_UA,,-1.5997661628802424,3,,0,44.25,,,,2.0726192800268648e-05,,EOS,primary_curve,,,,,,,,baseline-full-propagation-v1.0,,0.3758036185124398,overlap_weighted_adjusted,
all_year_linear_loo,,,,,2.355661234030017,,,0.3361560874493829,,,UA_minus_PA_event_effect,,1.3459086607397,3,,0,44.25,,,,0.0089894697037002,,EOS,primary_curve,,,,,,,,baseline-full-propagation-v1.0,,0.5151893510570177,overlap_weighted_adjusted,
all_year_linear_loo,,,,,-2.284228397467278,,,-3.655672128040381,,,event_effect_PA,,-2.9699502627538297,3,,0,44.5,,,,2.0867749027804726e-17,,EOS,primary_curve,,,,,,,,baseline-full-propagation-v1.0,,0.3498645233766735,overlap_weighted_adjusted,
all_year_linear_loo,,,,,-1.0012749892965456,,,-2.431512927134891,,,event_effect_UA,,-1.7163939582157184,3,,0,44.5,,,,2.548498908510819e-06,,EOS,primary_curve,,,,,,,,baseline-full-propagation-v1.0,,0.3648633212446454,overlap_weighted_adjusted,
all_year_linear_loo,,,,,2.2336034021896864,,,0.2735092068865359,,,UA_minus_PA_event_effect,,1.2535563045381113,3,,0,44.5,,,,0.0121779294184644,,EOS,primary_curve,,,,,,,,baseline-full-propagation-v1.0,,0.5000332176417842,overlap_weighted_adjusted,
all_year_linear_loo,,,,,-2.332082246213942,,,-3.660646107312322,,,event_effect_PA,,-2.996364176763132,3,,0,44.75,,,,9.505846882741368e-19,,EOS,primary_curve,,,,,,,,baseline-full-propagation-v1.0,,0.3389255801580851,overlap_weighted_adjusted,
all_year_linear_loo,,,,,-1.141667852324308,,,-2.5271976812906187,,,event_effect_UA,,-1.8344327668074636,3,,0,44.75,,,,2.1033932666454373e-07,,EOS,primary_curve,,,,,,,,baseline-full-propagation-v1.0,,0.353457981854563,overlap_weighted_adjusted,
all_year_linear_loo,,,,,2.110959912579493,,,0.2129029073318442,,,UA_minus_PA_event_effect,,1.1619314099556686,3,,0,44.75,,,,0.0164104017833085,,EOS,primary_curve,,,,,,,,baseline-full-propagation-v1.0,,0.4842071130437294,overlap_weighted_adjusted,
all_year_linear_loo,,,,,-2.382337395828798,,,-3.666702106131378,,,event_effect_PA,,-3.024519750980088,3,,0,45.0,,,,2.682554953933726e-20,,EOS,primary_curve,,,,,,,,baseline-full-propagation-v1.0,,0.3276500793977555,overlap_weighted_adjusted,
all_year_linear_loo,,,,,-1.2835066159942756,,,-2.623167083649276,,,event_effect_UA,,-1.953336849821776,3,,0,45.0,,,,1.0932894625532856e-08,,EOS,primary_curve,,,,,,,,baseline-full-propagation-v1.0,,0.3417563991537781,overlap_weighted_adjusted,
all_year_linear_loo,,,,,1.98831992711698,,,0.1540458751996437,,,UA_minus_PA_event_effect,,1.0711829011583118,3,,0,45.0,,,,0.0220696452956828,,EOS,primary_curve,,,,,,,,baseline-full-propagation-v1.0,,0.4679356524879681,overlap_weighted_adjusted,
all_year_linear_loo,,,,,-2.434289742529595,,,-3.673750598944272,,,event_effect_PA,,-3.054020170736933,3,,0,45.25,,,,4.517051250506041e-22,,EOS,primary_curve,,,,,,,,baseline-full-propagation-v1.0,,0.3161948041370622,overlap_weighted_adjusted,
all_year_linear_loo,,,,,-1.4258908624067432,,,-2.719230074443158,,,event_effect_UA,,-2.0725604684249506,3,,0,45.25,,,,3.350258792353733e-10,,EOS,primary_curve,,,,,,,,baseline-full-propagation-v1.0,,0.3299395351746536,overlap_weighted_adjusted,
all_year_linear_loo,,,,,1.8663045747889648,,,0.096614829835001,,,UA_minus_PA_event_effect,,0.9814597023119828,3,,0,45.25,,,,0.0297074340034176,,EOS,primary_curve,,,,,,,,baseline-full-propagation-v1.0,,0.4514597612285355,overlap_weighted_adjusted,
all_year_linear_loo,,,,,-2.487215445728192,,,-3.681721797003621,,,event_effect_PA,,-3.0844686213659065,3,,0,45.5,,,,4.4092122539519565e-24,,EOS,primary_curve,,,,,,,,baseline-full-propagation-v1.0,,0.3047266074013458,overlap_weighted_adjusted,
all_year_linear_loo,,,,,-1.567897298203773,,,-2.8152184693627955,,,event_effect_UA,,-2.1915578837832843,3,,0,45.5,,,,5.683754873694978e-12,,EOS,primary_curve,,,,,,,,baseline-full-propagation-v1.0,,0.3182000233161765,overlap_weighted_adjusted,
all_year_linear_loo,,,,,1.7455661247225835,,,0.0402553504426616,,,UA_minus_PA_event_effect,,0.8929107375826226,3,,0,45.5,,,,0.0401213563702489,,EOS,primary_curve,,,,,,,,baseline-full-propagation-v1.0,,0.4350362526381086,overlap_weighted_adjusted,
all_year_linear_loo,,,,,-2.5403722895569576,,,-3.690564286841535,,,event_effect_PA,,-3.115468288199246,3,,0,45.75,,,,2.4652060049906987e-26,,EOS,primary_curve,,,,,,,,baseline-full-propagation-v1.0,,0.2934217175308182,overlap_weighted_adjusted,
all_year_linear_loo,,,,,-1.7085821341148884,,,-2.9109845800112573,,,event_effect_UA,,-2.309783357063073,3,,0,45.75,,,,5.0709963653497656e-14,,EOS,primary_curve,,,,,,,,baseline-full-propagation-v1.0,,0.3067409542677228,overlap_weighted_adjusted,
all_year_linear_loo,,,,,1.626785518563986,,,-0.0154156562916386,,,UA_minus_PA_event_effect,,0.8056849311361736,3,,0,45.75,,,,0.0544590963144177,,EOS,primary_curve,,,,,,,,baseline-full-propagation-v1.0,,0.4189365691944081,overlap_weighted_adjusted,
all_year_linear_loo,,,,,-2.5930025643061656,,,-3.700242148832211,,,event_effect_PA,,-3.146622356569188,3,,0,46.0,,,,8.021364169855035e-29,,EOS,primary_curve,,,,,,,,baseline-full-propagation-v1.0,,0.2824642680324255,overlap_weighted_adjusted,
all_year_linear_loo,,,,,-1.8469857580795987,,,-3.0063965407816258,,,event_effect_UA,,-2.4266911494306123,3,,0,46.0,,,,2.314382811707954e-16,,EOS,primary_curve,,,,,,,,baseline-full-propagation-v1.0,,0.29577349171906,overlap_weighted_adjusted,
all_year_linear_loo,,,,,1.5106671342868028,,,-0.0708047200096514,,,UA_minus_PA_event_effect,,0.7199312071385757,3,,0,46.0,,,,0.0743484141375656,,EOS,primary_curve,,,,,,,,baseline-full-propagation-v1.0,,0.4034441109048183,overlap_weighted_adjusted,
all_year_linear_loo,,,,,-2.644338267222218,,,-3.710729756393724,,,event_effect_PA,,-3.177534011807971,3,,0,46.25,,,,1.6084800013923342e-31,,EOS,primary_curve,,,,,,,,baseline-full-propagation-v1.0,,0.272043644062612,overlap_weighted_adjusted,
all_year_linear_loo,,,,,-1.9821407257410404,,,-3.101330318363359,,,event_effect_UA,,-2.5417355220522,3,,0,46.25,,,,5.467535370486237e-19,,EOS,primary_curve,,,,,,,,baseline-full-propagation-v1.0,,0.2855127955029641,overlap_weighted_adjusted,
all_year_linear_loo,,,,,1.3979294114542924,,,-0.1263324319427505,,,UA_minus_PA_event_effect,,0.6357984897557709,3,,0,46.25,,,,0.1020330719457276,,EOS,primary_curve,,,,,,,,baseline-full-propagation-v1.0,,0.3888494521889754,overlap_weighted_adjusted,
all_year_linear_loo,,,,,-2.693609506407885,,,-3.7220033720877774,,,event_effect_PA,,-3.207806439247832,3,,0,46.5,,,,2.224952936962354e-34,,EOS,primary_curve,,,,,,,,baseline-full-propagation-v1.0,,0.2623501946443234,overlap_weighted_adjusted,
all_year_linear_loo,,,,,-2.1130840737508225,,,-3.19565739843744,,,event_effect_UA,,-2.654370736094131,3,,0,46.5,,,,7.163544398189485e-22,,EOS,primary_curve,,,,,,,,baseline-full-propagation-v1.0,,0.2761717391813874,overlap_weighted_adjusted,
all_year_linear_loo,,,,,1.2892898944787952,,,-0.1824184881713942,,,UA_minus_PA_event_effect,,0.5534357031537005,3,,0,46.5,,,,0.1404578212067472,,EOS,primary_curve,,,,,,,,baseline-full-propagation-v1.0,,0.3754427107484723,overlap_weighted_adjusted,
all_year_linear_loo,,,,,-2.7400568922387807,,,-3.734028756203238,,,event_effect_PA,,-3.2370428242210094,3,,0,46.75,,,,2.5409930227057634e-37,,EOS,primary_curve,,,,,,,,baseline-full-propagation-v1.0,,0.2535689103995738,overlap_weighted_adjusted,
all_year_linear_loo,,,,,-2.238874614312956,,,-3.2892274911324506,,,event_effect_UA,,-2.764051052722704,3,,0,46.75,,,,5.998860077538341e-25,,EOS,primary_curve,,,,,,,,baseline-full-propagation-v1.0,,0.2679520861364147,overlap_weighted_adjusted,
all_year_linear_loo,,,,,1.185443560102935,,,-0.2394600171063227,,,UA_minus_PA_event_effect,,0.472991771498306,3,,0,46.75,,,,0.1931878103465188,,EOS,primary_curve,,,,,,,,baseline-full-propagation-v1.0,,0.3635024899561204,overlap_weighted_adjusted,
all_year_linear_loo,,,,,-2.782948274326324,,,-3.746744429793156,,,event_effect_PA,,-3.26484635205974,3,,0,47.0,,,,3.076788071300422e-40,,EOS,primary_curve,,,,,,,,baseline-full-propagation-v1.0,,0.2458708841257117,overlap_weighted_adjusted,
all_year_linear_loo,,,,,-2.358615032162585,,,-3.381846434045838,,,event_effect_UA,,-2.8702307331042114,3,,0,47.0,,,,4.009991129494622e-28,,EOS,primary_curve,,,,,,,,baseline-full-propagation-v1.0,,0.2610332153943571,overlap_weighted_adjusted,
all_year_linear_loo,,,,,1.0870342331526528,,,-0.2978029952415951,,,UA_minus_PA_event_effect,,0.3946156189555287,3,,0,47.0,,,,0.2639938257324755,,EOS,primary_curve,,,,,,,,baseline-full-propagation-v1.0,,0.3532812947884928,overlap_weighted_adjusted,
all_year_linear_loo,,,,,-2.821599314861545,,,-3.760041101330977,,,event_effect_PA,,-3.290820208096261,3,,0,47.25,,,,5.385796869570178e-43,,EOS,primary_curve,,,,,,,,baseline-full-propagation-v1.0,,0.2394028139985584,overlap_weighted_adjusted,
all_year_linear_loo,,,,,-2.471477241636413,,,-3.4732508351734905,,,event_effect_UA,,-2.972364038404952,3,,0,47.25,,,,2.873087196266829e-31,,EOS,primary_curve,,,,,,,,baseline-full-propagation-v1.0,,0.2555591841071927,overlap_weighted_adjusted,
all_year_linear_loo,,,,,0.994620594000596,,,-0.3577082546179779,,,UA_minus_PA_event_effect,,0.3184561696913091,3,,0,47.25,,,,0.3559587604731906,,EOS,primary_curve,,,,,,,,baseline-full-propagation-v1.0,,0.3449881883763098,overlap_weighted_adjusted,
all_year_linear_loo,,,,,-2.855396114856027,,,-3.773739040469596,,,event_effect_PA,,-3.314567577662812,3,,0,47.5,,,,1.9169750204249506e-45,,EOS,primary_curve,,,,,,,,baseline-full-propagation-v1.0,,0.2342754593597997,overlap_weighted_adjusted,
all_year_linear_loo,,,,,-2.5767278253893866,,,-3.5630826341930573,,,event_effect_UA,,-3.069905229791222,3,,0,47.5,,,,3.097472233521228e-34,,EOS,primary_curve,,,,,,,,baseline-full-propagation-v1.0,,0.2516257483769885,overlap_weighted_adjusted,
all_year_linear_loo,,,,,0.9086405342654084,,,-0.4193158385222295,,,UA_minus_PA_event_effect,,0.2446623478715894,3,,0,47.5,,,,0.470167501581755,,EOS,primary_curve,,,,,,,,baseline-full-propagation-v1.0,,0.3387706058025526,overlap_weighted_adjusted,
all_year_linear_loo,,,,,-2.883816737998331,,,-3.787566554184924,,,event_effect_PA,,-3.3356916460916275,3,,0,47.75,,,,1.9232537200888647e-47,,EOS,primary_curve,,,,,,,,baseline-full-propagation-v1.0,,0.2305526589557911,overlap_weighted_adjusted,
all_year_linear_loo,,,,,-2.6737490897668152,,,-3.6508680470918176,,,event_effect_UA,,-3.162308568429317,3,,0,47.75,,,,7.043762753912839e-37,,EOS,primary_curve,,,,,,,,baseline-full-propagation-v1.0,,0.2492696205217016,overlap_weighted_adjusted,
all_year_linear_loo,,,,,0.829379694167491,,,-0.4826135388428693,,,UA_minus_PA_event_effect,,0.1733830776623108,3,,0,47.75,,,,0.6044387628807935,,EOS,primary_curve,,,,,,,,baseline-full-propagation-v1.0,,0.3346983014379844,overlap_weighted_adjusted,
all_year_linear_loo,,,,,-2.9064476053764903,,,-3.801143592053405,,,event_effect_PA,,-3.353795598714948,3,,0,48.0,,,,7.046036402919058e-49,,EOS,primary_curve,,,,,,,,baseline-full-propagation-v1.0,,0.2282429661295214,overlap_weighted_adjusted,
all_year_linear_loo,,,,,-2.762051135076113,,,-3.736005495894953,,,event_effect_UA,,-3.249028315485533,3,,0,48.0,,,,4.4836700033562506e-39,,EOS,primary_curve,,,,,,,,baseline-full-propagation-v1.0,,0.2484623106601112,overlap_weighted_adjusted,
all_year_linear_loo,,,,,0.7569507940748097,,,-0.5474162276159802,,,UA_minus_PA_event_effect,,0.1047672832294148,3,,0,48.0,,,,0.7528754025878426,,EOS,primary_curve,,,,,,,,baseline-full-propagation-v1.0,,0.3327528036176865,overlap_weighted_adjusted,
all_year_linear_loo,,,,,-2.9229910094374856,,,-3.8139742322925314,,,event_effect_PA,,-3.3684826208650085,3,,0,48.25,,,,1.0907952617326168e-49,,EOS,primary_curve,,,,,,,,baseline-full-propagation-v1.0,,0.2272958150973711,overlap_weighted_adjusted,
all_year_linear_loo,,,,,-2.8412718345800707,,,-3.8177656296722633,,,event_effect_UA,,-3.329518732126167,3,,0,48.25,,,,9.599369789319383e-41,,EOS,primary_curve,,,,,,,,baseline-full-propagation-v1.0,,0.2491101374297311,overlap_weighted_adjusted,
all_year_linear_loo,,,,,0.6912889430901481,,,-0.6133611656124645,,,UA_minus_PA_event_effect,,0.0389638887388418,3,,0,48.25,,,,0.9068044315064993,,EOS,primary_curve,,,,,,,,baseline-full-propagation-v1.0,,0.3328250210191427,overlap_weighted_adjusted,
all_year_linear_loo,,,,,-2.933261662690392,,,-3.825450133057706,,,event_effect_PA,,-3.379355897874049,3,,0,48.5,,,,7.21352808492586e-50,,EOS,primary_curve,,,,,,,,baseline-full-propagation-v1.0,,0.2276032818472134,overlap_weighted_adjusted,
all_year_linear_loo,,,,,-2.9111644188104604,,,-3.895303740224569,,,event_effect_UA,,-3.4032340795175147,3,,0,48.5,,,,7.357891116436363e-42,,EOS,primary_curve,,,,,,,,baseline-full-propagation-v1.0,,0.2510605626370877,overlap_weighted_adjusted,
all_year_linear_loo,,,,,0.6321645535808174,,,-0.6799209168677491,,,UA_minus_PA_event_effect,,-0.0238781816434658,3,,0,48.5,,,,0.9431292386131528,,EOS,primary_curve,,,,,,,,baseline-full-propagation-v1.0,,0.334721831829087,overlap_weighted_adjusted,
all_year_linear_loo,,,,,-2.937172770487269,,,-3.834864459661343,,,event_effect_PA,,-3.386018615074306,3,,0,48.75,,,,1.81316722949632e-49,,EOS,primary_curve,,,,,,,,baseline-full-propagation-v1.0,,0.229007189993018,overlap_weighted_adjusted,
all_year_linear_loo,,,,,-2.971575352538181,,,-3.967681885113568,,,event_effect_UA,,-3.4696286188258743,3,,0,48.75,,,,1.9147500979365173e-42,,EOS,primary_curve,,,,,,,,baseline-full-propagation-v1.0,,0.2541134787252593,overlap_weighted_adjusted,
all_year_linear_loo,,,,,0.5792111468716953,,,-0.7464311543748318,,,UA_minus_PA_event_effect,,-0.0836100037515682,3,,0,48.75,,,,0.8047263493841481,,EOS,primary_curve,,,,,,,,baseline-full-propagation-v1.0,,0.338180270582272,overlap_weighted_adjusted,
all_year_linear_loo,,,,,-2.934714547425297,,,-3.841433368170736,,,event_effect_PA,,-3.388073957798017,3,,0,49.0,,,,1.4012330474586513e-48,,EOS,primary_curve,,,,,,,,baseline-full-propagation-v1.0,,0.231310071995588,overlap_weighted_adjusted,
all_year_linear_loo,,,,,-3.022417110388311,,,-4.033896112046766,,,event_effect_UA,,-3.5281566112175384,3,,0,49.0,,,,1.4686460794283317e-42,,EOS,primary_curve,,,,,,,,baseline-full-propagation-v1.0,,0.258035099021429,overlap_weighted_adjusted,
all_year_linear_loo,,,,,0.531962071759749,,,-0.8121273785987916,,,UA_minus_PA_event_effect,,-0.1400826534195213,3,,0,49.0,,,,0.6828774848093415,,EOS,primary_curve,,,,,,,,baseline-full-propagation-v1.0,,0.3428862624416945,overlap_weighted_adjusted,
all_year_linear_loo,,,,,-2.925929400060159,,,-3.84432082269468,,,event_effect_PA,,-3.3851251113774192,3,,0,49.25,,,,2.5592907017952177e-47,,EOS,primary_curve,,,,,,,,baseline-full-propagation-v1.0,,0.2342878312761549,overlap_weighted_adjusted,
all_year_linear_loo,,,,,-3.0636406880345404,,,-4.0929039476830695,,,event_effect_UA,,-3.578272317858805,3,,0,49.25,,,,2.7379550925630045e-42,,EOS,primary_curve,,,,,,,,baseline-full-propagation-v1.0,,0.2625719828954069,overlap_weighted_adjusted,
all_year_linear_loo,,,,,0.4898891888542347,,,-0.8761836018170068,,,UA_minus_PA_event_effect,,-0.193147206481386,3,,0,49.25,,,,0.5794191382720411,,EOS,primary_curve,,,,,,,,baseline-full-propagation-v1.0,,0.3484943604695417,overlap_weighted_adjusted,
all_year_linear_loo,,,,,-2.910887845646096,,,-3.8426626766434056,,,event_effect_PA,,-3.3767752611447506,3,,0,49.5,,,,8.419344950094587e-46,,EOS,primary_curve,,,,,,,,baseline-full-propagation-v1.0,,0.2377020287992613,overlap_weighted_adjusted,
all_year_linear_loo,,,,,-3.0952115163829528,,,-4.14364848344899,,,event_effect_UA,,-3.619429999915972,3,,0,49.5,,,,1.0063443570144044e-41,,EOS,primary_curve,,,,,,,,baseline-full-propagation-v1.0,,0.2674633246671812,overlap_weighted_adjusted,
all_year_linear_loo,,,,,0.452437813280822,,,-0.9377472908232642,,,UA_minus_PA_event_effect,,-0.2426547387712211,3,,0,49.5,,,,0.4938377783848535,,EOS,primary_curve,,,,,,,,baseline-full-propagation-v1.0,,0.3546455738650529,overlap_weighted_adjusted,
all_year_linear_loo,,,,,-2.889668023976097,,,-3.8355871608884,,,event_effect_PA,,-3.362627592432249,3,,0,49.75,,,,3.889208467704097e-44,,EOS,primary_curve,,,,,,,,baseline-full-propagation-v1.0,,0.2413103364076055,overlap_weighted_adjusted,
all_year_linear_loo,,,,,-3.1170906852291345,,,-4.185077151881531,,,event_effect_UA,,-3.651083918555333,3,,0,49.75,,,,5.972973681516416e-41,,EOS,primary_curve,,,,,,,,baseline-full-propagation-v1.0,,0.272450533549733,overlap_weighted_adjusted,
all_year_linear_loo,,,,,0.4190546100559426,,,-0.9959672623021112,,,UA_minus_PA_event_effect,,-0.2884563261230843,3,,0,49.75,,,,0.4242389682448735,,EOS,primary_curve,,,,,,,,baseline-full-propagation-v1.0,,0.3609816005598995,overlap_weighted_adjusted,
all_year_linear_loo,,,,,-2.86234010822292,,,-3.822230472921383,,,event_effect_PA,,-3.342285290572152,3,,0,50.0,,,,2.047439080403003e-42,,EOS,primary_curve,,,,,,,,baseline-full-propagation-v1.0,,0.2448744906207349,overlap_weighted_adjusted,
all_year_linear_loo,,,,,-3.129221787657801,,,-4.216154882228572,,,event_effect_UA,,-3.672688334943186,3,,0,50.0,,,,4.808367022992326e-40,,EOS,primary_curve,,,,,,,,baseline-full-propagation-v1.0,,0.2772839458133824,overlap_weighted_adjusted,
all_year_linear_loo,,,,,0.3892075307011409,,,-1.05001361944321,,,UA_minus_PA_event_effect,,-0.3304030443710346,3,,0,50.0,,,,0.3681730923234693,,EOS,primary_curve,,,,,,,,baseline-full-propagation-v1.0,,0.3671549991471128,overlap_weighted_adjusted,
all_year_linear_loo,,,,,-2.8289556190347893,,,-3.8017474627586023,,,event_effect_PA,,-3.315351540896696,3,,0,50.25,,,,1.043678569748976e-40,,EOS,primary_curve,,,,,,,,baseline-full-propagation-v1.0,,0.2481657447272172,overlap_weighted_adjusted,
all_year_linear_loo,,,,,-3.131522650669879,,,-4.235872369821777,,,event_effect_UA,,-3.683697510245828,3,,0,50.25,,,,4.5508429886752073e-39,,EOS,primary_curve,,,,,,,,baseline-full-propagation-v1.0,,0.2817270439311303,overlap_weighted_adjusted,
all_year_linear_loo,,,,,0.362398568031231,,,-1.0990905067294938,,,UA_minus_PA_event_effect,,-0.3683459693491313,3,,0,50.25,,,,0.3231732702618697,,EOS,primary_curve,,,,,,,,baseline-full-propagation-v1.0,,0.3728356965456417,overlap_weighted_adjusted,
all_year_linear_loo,,,,,-2.7895408457175384,,,-3.773318211758705,,,event_effect_PA,,-3.281429528738121,3,,0,50.5,,,,4.5708510953119726e-39,,EOS,primary_curve,,,,,,,,baseline-full-propagation-v1.0,,0.2509682253860469,overlap_weighted_adjusted,
all_year_linear_loo,,,,,-3.123880743385928,,,-4.243250667873178,,,event_effect_UA,,-3.6835657056295528,3,,0,50.5,,,,4.530275397783282e-38,,EOS,primary_curve,,,,,,,,baseline-full-propagation-v1.0,,0.2855587993750644,overlap_weighted_adjusted,
all_year_linear_loo,,,,,0.3381709502271536,,,-1.1424433040100164,,,UA_minus_PA_event_effect,,-0.4021361768914313,3,,0,50.5,,,,0.2870316288778197,,EOS,primary_curve,,,,,,,,baseline-full-propagation-v1.0,,0.3777146585131324,overlap_weighted_adjusted,
all_year_linear_loo,,,,,-2.744093248691585,,,-3.736151630165741,,,event_effect_PA,,-3.240122439428663,3,,0,50.75,,,,1.5830567135772952e-37,,EOS,primary_curve,,,,,,,,baseline-full-propagation-v1.0,,0.253080768141503,overlap_weighted_adjusted,
all_year_linear_loo,,,,,-3.1061509841168333,,,-4.237343380404484,,,event_effect_UA,,-3.6717471822606575,3,,0,50.75,,,,4.3652516463997234e-37,,EOS,primary_curve,,,,,,,,baseline-full-propagation-v1.0,,0.2885747914784025,overlap_weighted_adjusted,
all_year_linear_loo,,,,,0.3161125964468626,,,-1.179362082110853,,,UA_minus_PA_event_effect,,-0.4316247428319952,3,,0,50.75,,,,0.2578986291980617,,EOS,primary_curve,,,,,,,,baseline-full-propagation-v1.0,,0.3815056527451089,overlap_weighted_adjusted,
all_year_linear_loo,,,,,-2.692579697713276,,,-3.689487218887842,,,event_effect_PA,,-3.191033458300559,3,,0,51.0,,,,4.106532064796565e-36,,EOS,primary_curve,,,,,,,,baseline-full-propagation-v1.0,,0.2543178163063315,overlap_weighted_adjusted,
all_year_linear_loo,,,,,-3.0781548016759874,,,-4.217237600934892,,,event_effect_UA,,-3.64769620130544,3,,0,51.0,,,,3.8357978165592775e-36,,EOS,primary_curve,,,,,,,,baseline-full-propagation-v1.0,,0.2905876863666488,overlap_weighted_adjusted,
all_year_linear_loo,,,,,0.2958575062836645,,,-1.209182992293426,,,UA_minus_PA_event_effect,,-0.4566627430048806,3,,0,51.0,,,,0.2342849430297778,,EOS,primary_curve,,,,,,,,baseline-full-propagation-v1.0,,0.383945957795311,overlap_weighted_adjusted,
all_year_linear_loo,,,,,-2.6349731924035384,,,-3.632676138651533,,,event_effect_PA,,-3.1338246655275355,3,,0,51.25,,,,7.743831859303643e-35,,EOS,primary_curve,,,,,,,,baseline-full-propagation-v1.0,,0.2545207345945506,overlap_weighted_adjusted,
all_year_linear_loo,,,,,-3.0397411186837298,,,-4.182162962165278,,,event_effect_UA,,-3.610952040424504,3,,0,51.25,,,,2.958326069941044e-35,,EOS,primary_curve,,,,,,,,baseline-full-propagation-v1.0,,0.2914394990144784,overlap_weighted_adjusted,
all_year_linear_loo,,,,,0.2770921596642866,,,-1.2313469094582234,,,UA_minus_PA_event_effect,,-0.4771273748969684,3,,0,51.25,,,,0.2150145076644547,,EOS,primary_curve,,,,,,,,baseline-full-propagation-v1.0,,0.3848129560086014,overlap_weighted_adjusted,
all_year_linear_loo,,,,,-2.5714660242958125,,,-3.5656523609996427,,,event_effect_PA,,-3.068559192647728,3,,0,51.5,,,,1.0707522740496549e-33,,EOS,primary_curve,,,,,,,,baseline-full-propagation-v1.0,,0.2536236238384596,overlap_weighted_adjusted,
all_year_linear_loo,,,,,-2.991139172498652,,,-4.132126641734212,,,event_effect_UA,,-3.561632907116432,3,,0,51.5,,,,1.991536066394769e-34,,EOS,primary_curve,,,,,,,,baseline-full-propagation-v1.0,,0.2910735804931937,overlap_weighted_adjusted,
all_year_linear_loo,,,,,0.2595957238684624,,,-1.2457431528058711,,,UA_minus_PA_event_effect,,-0.4930737144687043,3,,0,51.5,,,,0.199151642039689,,EOS,primary_curve,,,,,,,,baseline-full-propagation-v1.0,,0.3840220760555435,overlap_weighted_adjusted,
all_year_linear_loo,,,,,-2.502311156042201,,,-3.4886235554667104,,,event_effect_PA,,-2.995467355754456,3,,0,51.75,,,,1.1150781408241055e-32,,EOS,primary_curve,,,,,,,,baseline-full-propagation-v1.0,,0.2516149294590143,overlap_weighted_adjusted,
all_year_linear_loo,,,,,-2.932705893495396,,,-4.067490796241093,,,event_effect_UA,,-3.500098344868244,3,,0,51.75,,,,1.1854193809088094e-33,,EOS,primary_curve,,,,,,,,baseline-full-propagation-v1.0,,0.2894912640478947,overlap_weighted_adjusted,
all_year_linear_loo,,,,,0.2432290783208068,,,-1.2524910565483836,,,UA_minus_PA_event_effect,,-0.5046309891137883,3,,0,51.75,,,,0.1859956467758541,,EOS,primary_curve,,,,,,,,baseline-full-propagation-v1.0,,0.3815682703017096,overlap_weighted_adjusted,
all_year_linear_loo,,,,,-2.4277193117685387,,,-3.4018407377998647,,,event_effect_PA,,-2.9147800247842017,3,,0,52.0,,,,9.0239494655446e-32,,EOS,primary_curve,,,,,,,,baseline-full-propagation-v1.0,,0.2485049301199081,overlap_weighted_adjusted,
all_year_linear_loo,,,,,-2.8647551732021257,,,-3.98866222011069,,,event_effect_UA,,-3.426708696656408,3,,0,52.0,,,,6.371185598172092e-33,,EOS,primary_curve,,,,,,,,baseline-full-propagation-v1.0,,0.2867162498325988,overlap_weighted_adjusted,
all_year_linear_loo,,,,,0.2279135792141746,,,-1.2517709229585865,,,UA_minus_PA_event_effect,,-0.5119286718722058,3,,0,52.0,,,,0.1750408309467801,,EOS,primary_curve,,,,,,,,baseline-full-propagation-v1.0,,0.3774774725057,overlap_weighted_adjusted,
all_year_linear_loo,,,,,-2.3478629204130703,,,-3.30559321893383,,,event_effect_PA,,-2.8267280696734502,3,,0,52.25,,,,5.874597315199091e-31,,EOS,primary_curve,,,,,,,,baseline-full-propagation-v1.0,,0.2443234432048789,overlap_weighted_adjusted,
all_year_linear_loo,,,,,-2.787561209924526,,,-3.8960874009902495,,,event_effect_UA,,-3.341824305457388,3,,0,52.25,,,,3.179920901887896e-32,,EOS,primary_curve,,,,,,,,baseline-full-propagation-v1.0,,0.2827924900175815,overlap_weighted_adjusted,
all_year_linear_loo,,,,,0.2136252693679522,,,-1.2438177409358278,,,UA_minus_PA_event_effect,,-0.5150962357839377,3,,0,52.25,,,,0.1659304856326893,,EOS,primary_curve,,,,,,,,baseline-full-propagation-v1.0,,0.3718035182788828,overlap_weighted_adjusted,
all_year_linear_loo,,,,,-2.262877889857497,,,-3.200206830859868,,,event_effect_PA,,-2.7315423603586826,3,,0,52.5,,,,3.1961954922405565e-30,,EOS,primary_curve,,,,,,,,baseline-full-propagation-v1.0,,0.2391189196321721,overlap_weighted_adjusted,
all_year_linear_loo,,,,,-2.701359948924672,,,-3.790251079570628,,,event_effect_UA,,-3.24580551424765,3,,0,52.5,,,,1.5268738927909544e-31,,EOS,primary_curve,,,,,,,,baseline-full-propagation-v1.0,,0.2777834539907339,overlap_weighted_adjusted,
all_year_linear_loo,,,,,0.2003927006245719,,,-1.228919008402507,,,UA_minus_PA_event_effect,,-0.5142631538889675,3,,0,52.5,,,,0.1584271211325305,,EOS,primary_curve,,,,,,,,baseline-full-propagation-v1.0,,0.3646270340427955,overlap_weighted_adjusted,
all_year_linear_loo,,,,,-2.172862957891764,,,-3.0860445756610013,,,event_effect_PA,,-2.6294537667763827,3,,0,52.75,,,,1.517845476215565e-29,,EOS,primary_curve,,,,,,,,baseline-full-propagation-v1.0,,0.2329587750010454,overlap_weighted_adjusted,
all_year_linear_loo,,,,,-2.6063482085870104,,,-3.671677123420309,,,event_effect_UA,,-3.13901266600366,3,,0,52.75,,,,7.3695912167154125e-31,,EOS,primary_curve,,,,,,,,baseline-full-propagation-v1.0,,0.2717725741994438,overlap_weighted_adjusted,
all_year_linear_loo,,,,,0.1882981158334931,,,-1.2074159142880476,,,UA_minus_PA_event_effect,,-0.5095588992272773,3,,0,52.75,,,,0.1523958430240753,,EOS,primary_curve,,,,,,,,baseline-full-propagation-v1.0,,0.3560560400932759,overlap_weighted_adjusted,
all_year_linear_loo,,,,,-2.077876528267756,,,-2.963509789458311,,,event_effect_PA,,-2.520693158863033,3,,0,53.0,,,,6.62502911704114e-29,,EOS,primary_curve,,,,,,,,baseline-full-propagation-v1.0,,0.2259310038797439,overlap_weighted_adjusted,
all_year_linear_loo,,,,,-2.502680509327965,,,-3.5409316980758034,,,event_effect_UA,,-3.021806103701884,3,,0,53.0,,,,3.776469648622897e-30,,EOS,primary_curve,,,,,,,,baseline-full-propagation-v1.0,,0.264864864083583,overlap_weighted_adjusted,
all_year_linear_loo,,,,,0.1774820400537119,,,-1.1797079297314128,,,UA_minus_PA_event_effect,,-0.5011129448388505,3,,0,53.0,,,,0.1477993869828472,,EOS,primary_curve,,,,,,,,baseline-full-propagation-v1.0,,0.3462282930937676,overlap_weighted_adjusted,
all_year_linear_loo,,,,,-1.9779307087058255,,,-2.833052104404407,,,event_effect_PA,,-2.4054914065551163,3,,0,53.25,,,,2.834133071587455e-28,,EOS,primary_curve,,,,,,,,baseline-full-propagation-v1.0,,0.2181472216948039,overlap_weighted_adjusted,
all_year_linear_loo,,,,,-2.390463501810117,,,-3.3986288388274533,,,event_effect_UA,,-2.8945461703187854,3,,0,53.25,,,,2.2003174391873136e-29,,EOS,primary_curve,,,,,,,,baseline-full-propagation-v1.0,,0.2571897608756119,overlap_weighted_adjusted,
all_year_linear_loo,,,,,0.1681515504820038,,,-1.146261078009342,,,UA_minus_PA_event_effect,,-0.4890547637636691,3,,0,53.25,,,,0.1447051581076038,,EOS,primary_curve,,,,,,,,baseline-full-propagation-v1.0,,0.3353155055039952,overlap_weighted_adjusted,
all_year_linear_loo,,,,,-1.8729821017720896,,,-2.695176657806142,,,event_effect_PA,,-2.284079379789116,3,,0,53.5,,,,1.291085273876085e-27,,EOS,primary_curve,,,,,,,,baseline-full-propagation-v1.0,,0.2097473633493824,overlap_weighted_adjusted,
all_year_linear_loo,,,,,-2.269747836885524,,,-3.245438580776141,,,event_effect_UA,,-2.7575932088308326,3,,0,53.5,,,,1.588360732739057e-28,,EOS,primary_curve,,,,,,,,baseline-full-propagation-v1.0,,0.2489052736649093,overlap_weighted_adjusted,
all_year_linear_loo,,,,,0.160592643652169,,,-1.1076203017356026,,,UA_minus_PA_event_effect,,-0.4735138290417167,3,,0,53.5,,,,0.1433068003572561,,EOS,primary_curve,,,,,,,,baseline-full-propagation-v1.0,,0.3235296554914461,overlap_weighted_adjusted,
all_year_linear_loo,,,,,-1.7629188209328217,,,-2.550457076070207,,,event_effect_PA,,-2.1566879485015145,3,,0,53.75,,,,6.987417973307288e-27,,EOS,primary_curve,,,,,,,,baseline-full-propagation-v1.0,,0.2009063078070277,overlap_weighted_adjusted,
all_year_linear_loo,,,,,-2.1405173950566523,,,-3.0820977293723306,,,event_effect_UA,,-2.6113075622144915,3,,0,53.75,,,,1.580533338500514e-27,,EOS,primary_curve,,,,,,,,baseline-full-propagation-v1.0,,0.2402034786717367,overlap_weighted_adjusted,
all_year_linear_loo,,,,,0.1551871047019413,,,-1.0644263321278944,,,UA_minus_PA_event_effect,,-0.4546196137129765,3,,0,53.75,,,,0.1439657403006281,,EOS,primary_curve,,,,,,,,baseline-full-propagation-v1.0,,0.3111315938583542,overlap_weighted_adjusted,
all_year_linear_loo,,,,,-1.6475433667952557,,,-2.3995525984623325,,,event_effect_PA,,-2.023547982628794,3,,0,54.0,,,,5.191266268020188e-26,,EOS,primary_curve,,,,,,,,baseline-full-propagation-v1.0,,0.1918426148640561,overlap_weighted_adjusted,
all_year_linear_loo,,,,,-2.0026761231856822,,,-2.9094230237067675,,,event_effect_UA,,-2.456049573446225,3,,0,54.0,,,,2.4664616465564835e-26,,EOS,primary_curve,,,,,,,,baseline-full-propagation-v1.0,,0.2313172353352892,overlap_weighted_adjusted,
all_year_linear_loo,,,,,0.1524339053819922,,,-1.017437087016853,,,UA_minus_PA_event_effect,,-0.4325015908174303,3,,0,54.0,,,,0.1472822052102462,,EOS,primary_curve,,,,,,,,baseline-full-propagation-v1.0,,0.2984419615938452,overlap_weighted_adjusted,
all_year_linear_loo,,,,,-1.5265517318257853,,,-2.243228972389093,,,event_effect_PA,,-1.8848903521074392,3,,0,54.25,,,,6.378585942246979e-25,,EOS,primary_curve,,,,,,,,baseline-full-propagation-v1.0,,0.1828291862035135,overlap_weighted_adjusted,
all_year_linear_loo,,,,,-1.8560335246085544,,,-2.728325646396448,,,event_effect_UA,,-2.292179585502501,3,,0,54.25,,,,6.998426544278225e-25,,EOS,primary_curve,,,,,,,,baseline-full-propagation-v1.0,,0.222527589452771,overlap_weighted_adjusted,
all_year_linear_loo,,,,,0.1529740312612919,,,-0.9675524980514154,,,UA_minus_PA_event_effect,,-0.4072892333950617,3,,0,54.25,,,,0.1542103108500727,,EOS,primary_curve,,,,,,,,baseline-full-propagation-v1.0,,0.2858538570482105,overlap_weighted_adjusted,
all_year_linear_loo,,,,,-1.39951100824763,,,-2.082380845500233,,,event_effect_PA,,-1.7409459268739318,3,,0,54.5,,,,1.6243689323169928e-23,,EOS,primary_curve,,,,,,,,baseline-full-propagation-v1.0,,0.1742046901471132,overlap_weighted_adjusted,
all_year_linear_loo,,,,,-1.7002914146876105,,,-2.5398244680319584,,,event_effect_UA,,-2.1200579413597844,3,,0,54.5,,,,4.207750197327902e-23,,EOS,primary_curve,,,,,,,,baseline-full-propagation-v1.0,,0.2141705306746648,overlap_weighted_adjusted,
all_year_linear_loo,,,,,0.1576151489498445,,,-0.9158391779215498,,,UA_minus_PA_event_effect,,-0.3791120144858526,3,,0,54.5,,,,0.1662355474284441,,EOS,primary_curve,,,,,,,,baseline-full-propagation-v1.0,,0.2738454214818908,overlap_weighted_adjusted,
all_year_linear_loo,,,,,-1.2658417031629434,,,-1.9180494505665655,,,event_effect_PA,,-1.5919455768647546,3,,0,54.75,,,,1.0901260970634112e-21,,EOS,primary_curve,,,,,,,,baseline-full-propagation-v1.0,,0.1663825847179218,overlap_weighted_adjusted,
all_year_linear_loo,,,,,-1.5350371427124925,,,-2.345052825276589,,,event_effect_UA,,-1.9400449839945408,3,,0,54.75,,,,6.085767671491921e-21,,EOS,primary_curve,,,,,,,,baseline-full-propagation-v1.0,,0.2066404507821055,overlap_weighted_adjusted,
all_year_linear_loo,,,,,0.1673479683011732,,,-0.8635467825607458,,,UA_minus_PA_event_effect,,-0.3480994071297862,3,,0,54.75,,,,0.1856255109570275,,EOS,primary_curve,,,,,,,,baseline-full-propagation-v1.0,,0.2629881872813698,overlap_weighted_adjusted,
all_year_linear_loo,,,,,-1.1248174190013485,,,-1.7514229250314337,,,event_effect_PA,,-1.438120172016391,3,,0,55.0,,,,2.3278758279419234e-19,,EOS,primary_curve,,,,,,,,baseline-full-propagation-v1.0,,0.1598512806798158,overlap_weighted_adjusted,
all_year_linear_loo,,,,,-1.3597518731167202,,,-2.1452502396497533,,,event_effect_UA,,-1.7525010563832368,3,,0,55.0,,,,2.217751567939986e-18,,EOS,primary_curve,,,,,,,,baseline-full-propagation-v1.0,,0.2003859184987438,overlap_weighted_adjusted,
all_year_linear_loo,,,,,0.1833394935911985,,,-0.8121012623248907,,,UA_minus_PA_event_effect,,-0.3143808843668461,3,,0,55.0,,,,0.2157180105416254,,EOS,primary_curve,,,,,,,,baseline-full-propagation-v1.0,,0.2539436346198193,overlap_weighted_adjusted,
all_year_linear_loo,,,,,-0.975601724264145,,,-1.583799440266502,,,event_effect_PA,,-1.2797005822653236,3,,0,55.25,,,,1.612461652514495e-16,,EOS,primary_curve,,,,,,,,baseline-full-propagation-v1.0,,0.1551553295876208,overlap_weighted_adjusted,
all_year_linear_loo,,,,,-1.1738451492871314,,,-1.941727853717541,,,event_effect_UA,,-1.5577865015023362,3,,0,55.25,,,,1.8312405602790205e-15,,EOS,primary_curve,,,,,,,,baseline-full-propagation-v1.0,,0.1958920445700458,overlap_weighted_adjusted,
all_year_linear_loo,,,,,0.206882098669823,,,-0.7630539371438483,,,UA_minus_PA_event_effect,,-0.2780859192370126,3,,0,55.25,,,,0.2610704720697087,,EOS,primary_curve,,,,,,,,baseline-full-propagation-v1.0,,0.2474372089141441,overlap_weighted_adjusted,
all_year_linear_loo,,,,,-0.8173425283591695,,,-1.4164928267369012,,,event_effect_PA,,-1.1169176775480354,3,,0,55.5,,,,2.723407440904086e-13,,EOS,primary_curve,,,,,,,,baseline-full-propagation-v1.0,,0.1528472724763702,overlap_weighted_adjusted,
all_year_linear_loo,,,,,-0.97672509916703,,,-1.7357982254895852,,,event_effect_UA,,-1.3562616623283077,3,,0,55.5,,,,2.4899061250865495e-12,,EOS,primary_curve,,,,,,,,baseline-full-propagation-v1.0,,0.1936446619198177,overlap_weighted_adjusted,
all_year_linear_loo,,,,,0.2392789595592773,,,-0.7179669291198219,,,UA_minus_PA_event_effect,,-0.2393439847802723,3,,0,55.5,,,,0.3270292907106674,,EOS,primary_curve,,,,,,,,baseline-full-propagation-v1.0,,0.2441998669949378,overlap_weighted_adjusted,
all_year_linear_loo,,,,,-0.649325429041973,,,-1.2506792265600442,,,event_effect_PA,,-0.9500023278010086,3,,0,55.75,,,,5.918154736369041e-10,,EOS,primary_curve,,,,,,,,baseline-full-propagation-v1.0,,0.1534093999332317,overlap_weighted_adjusted,
all_year_linear_loo,,,,,-0.7679025955860586,,,-1.5286711680891698,,,event_effect_UA,,-1.1482868818376142,3,,0,55.75,,,,3.285635428968169e-09,,EOS,primary_curve,,,,,,,,baseline-full-propagation-v1.0,,0.1940771816482233,overlap_weighted_adjusted,
all_year_linear_loo,,,,,0.2816666919993329,,,-0.6782358000725441,,,UA_minus_PA_event_effect,,-0.1982845540366056,3,,0,55.75,,,,0.4180957765774674,,EOS,primary_curve,,,,,,,,baseline-full-propagation-v1.0,,0.2448775843952913,overlap_weighted_adjusted,
all_year_linear_loo,,,,,-0.4711457430764076,,,-1.0872250628450473,,,event_effect_PA,,-0.7791854029607275,3,,0,56.0,,,,7.132413027306483e-07,,EOS,primary_curve,,,,,,,,baseline-full-propagation-v1.0,,0.1571659797394735,overlap_weighted_adjusted,
all_year_linear_loo,,,,,-0.5471075042395226,,,-1.3213375017739222,,,event_effect_UA,,-0.9342225030067224,3,,0,56.0,,,,2.245526494702845e-06,,EOS,primary_curve,,,,,,,,baseline-full-propagation-v1.0,,0.1975112817483961,overlap_weighted_adjusted,
all_year_linear_loo,,,,,0.3348166181765576,,,-0.6448908182685474,,,UA_minus_PA_event_effect,,-0.1550371000459949,3,,0,56.0,,,,0.53504568710087,,EOS,primary_curve,,,,,,,,baseline-full-propagation-v1.0,,0.2499299589617238,overlap_weighted_adjusted,
all_year_linear_loo,,,,,-0.282822870771879,,,-0.9265726751554696,,,event_effect_PA,,-0.6046977729636742,3,,0,56.25,,,,0.0002312916530342,,EOS,primary_curve,,,,,,,,baseline-full-propagation-v1.0,,0.1642249065445607,overlap_weighted_adjusted,
all_year_linear_loo,,,,,-0.314377507276694,,,-1.1144802303475012,,,event_effect_UA,,-0.7144288688120977,3,,0,56.25,,,,0.0004649306720297,,EOS,primary_curve,,,,,,,,baseline-full-propagation-v1.0,,0.2041115881163928,overlap_weighted_adjusted,
all_year_linear_loo,,,,,0.3989915006367674,,,-0.6184536923336148,,,UA_minus_PA_event_effect,,-0.1097310958484236,3,,0,56.25,,,,0.6724683220046033,,EOS,primary_curve,,,,,,,,baseline-full-propagation-v1.0,,0.2595571145683952,overlap_weighted_adjusted,
all_year_linear_loo,,,,,-0.0847974858851761,,,-0.7687431296074849,,,event_effect_PA,,-0.4267703077463305,3,,0,56.5,,,,0.0144463993241758,,EOS,primary_curve,,,,,,,,baseline-full-propagation-v1.0,,0.1744791356160584,overlap_weighted_adjusted,
all_year_linear_loo,,,,,-0.0700833469983134,,,-0.9084492974620972,,,event_effect_UA,,-0.4892663222302054,3,,0,56.5,,,,0.0221578508642467,,EOS,primary_curve,,,,,,,,baseline-full-propagation-v1.0,,0.2138727948770251,overlap_weighted_adjusted,
all_year_linear_loo,,,,,0.4739235617681504,,,-0.5989155907359004,,,UA_minus_PA_event_effect,,-0.0624960144838749,3,,0,56.5,,,,0.8193762909020214,,EOS,primary_curve,,,,,,,,baseline-full-propagation-v1.0,,0.2736884863616039,overlap_weighted_adjusted,
all_year_linear_loo,,,,,0.12217865528629,,,-0.6134464097766541,,,event_effect_PA,,-0.245633877245182,3,,0,56.75,,,,0.1905647920280971,,EOS,primary_curve,,,,,,,,baseline-full-propagation-v1.0,,0.1876629037230941,overlap_weighted_adjusted,
all_year_linear_loo,,,,,0.1851169953836474,,,-0.7033074078586745,,,event_effect_UA,,-0.2590952062375136,3,,0,56.75,,,,0.2529612775532104,,EOS,primary_curve,,,,,,,,baseline-full-propagation-v1.0,,0.2266430429972439,overlap_weighted_adjusted,
all_year_linear_loo,,,,,0.5589169449782966,,,-0.5858396029629594,,,UA_minus_PA_event_effect,,-0.0134613289923314,3,,0,56.75,,,,0.9632346099138708,,EOS,primary_curve,,,,,,,,baseline-full-propagation-v1.0,,0.2920350978311208,overlap_weighted_adjusted,
all_year_linear_loo,,,,,0.3371939260509435,,,-0.460232628844361,,,event_effect_PA,,-0.0615193513967087,3,,0,57.0,,,,0.7623379441588953,,EOS,primary_curve,,,,,,,,baseline-full-propagation-v1.0,,0.2034288796083253,overlap_weighted_adjusted,
all_year_linear_loo,,,,,0.4503696327482908,,,-0.4989213603692585,,,event_effect_UA,,-0.0242758638104838,3,,0,57.0,,,,0.920151525515627,,EOS,primary_curve,,,,,,,,baseline-full-propagation-v1.0,,0.2421705196129713,overlap_weighted_adjusted,
all_year_linear_loo,,,,,0.6530155498559801,,,-0.5785285746835308,,,UA_minus_PA_event_effect,,0.0372434875862246,3,,0,57.0,,,,0.905636877103418,,EOS,primary_curve,,,,,,,,baseline-full-propagation-v1.0,,0.3141751925682752,overlap_weighted_adjusted,
all_year_linear_loo,,,,,0.5593048426028648,,,-0.3086200428776564,,,event_effect_PA,,0.1253423998626042,3,,0,57.25,,,,0.5713250974423658,,EOS,primary_curve,,,,,,,,baseline-full-propagation-v1.0,,0.2214134780859755,overlap_weighted_adjusted,
all_year_linear_loo,,,,,0.7247235117182403,,,-0.2950607875694128,,,event_effect_UA,,0.2148313620744137,3,,0,57.25,,,,0.408925570908539,,EOS,primary_curve,,,,,,,,baseline-full-propagation-v1.0,,0.2601538363285197,overlap_weighted_adjusted,
all_year_linear_loo,,,,,0.7551648064211158,,,-0.5761868819974962,,,UA_minus_PA_event_effect,,0.0894889622118098,3,,0,57.25,,,,0.7921773123951261,,EOS,primary_curve,,,,,,,,baseline-full-propagation-v1.0,,0.3396367736652674,overlap_weighted_adjusted,
all_year_linear_loo,,,,,0.7876145199118376,,,-0.1581735067192839,,,event_effect_PA,,0.3147205065962768,3,,0,57.5,,,,0.1920987433583311,,EOS,primary_curve,,,,,,,,baseline-full-propagation-v1.0,,0.2412768892927056,overlap_weighted_adjusted,
all_year_linear_loo,,,,,1.00720908143197,,,-0.0914768245505329,,,event_effect_UA,,0.4578661284407186,3,,0,57.5,,,,0.1023449816256776,,EOS,primary_curve,,,,,,,,baseline-full-propagation-v1.0,,0.2802821670828641,overlap_weighted_adjusted,
all_year_linear_loo,,,,,0.8643263770860223,,,-0.5780351333971394,,,UA_minus_PA_event_effect,,0.1431456218444414,3,,0,57.5,,,,0.6972546577089573,,EOS,primary_curve,,,,,,,,baseline-full-propagation-v1.0,,0.3679561261993397,overlap_weighted_adjusted,
all_year_linear_loo,,,,,1.0213067527501072,,,-0.0085385550144619,,,event_effect_PA,,0.5063840988678225,3,,0,57.75,,,,0.0539218985424433,,EOS,primary_curve,,,,,,,,baseline-full-propagation-v1.0,,0.2627204672860975,overlap_weighted_adjusted,
all_year_linear_loo,,,,,1.296887797834585,,,0.1120483867893334,,,event_effect_UA,,0.7044680923119593,3,,0,57.75,,,,0.0197710118505524,,EOS,primary_curve,,,,,,,,baseline-full-propagation-v1.0,,0.3022605059049844,overlap_weighted_adjusted,
all_year_linear_loo,,,,,0.9795403251526308,,,-0.583372338264357,,,UA_minus_PA_event_effect,,0.1980839934441368,3,,0,57.75,,,,0.6193210816899618,,EOS,primary_curve,,,,,,,,baseline-full-propagation-v1.0,,0.3987095364366497,overlap_weighted_adjusted,
all_year_linear_loo,,,,,1.2596519761686813,,,0.140552637312839,,,event_effect_PA,,0.7001023067407601,3,,0,58.0,,,,0.0141952149100592,,EOS,primary_curve,,,,,,,,baseline-full-propagation-v1.0,,0.2854897711598669,overlap_weighted_adjusted,
all_year_linear_loo,,,,,1.5928762130407494,,,0.3156776083825972,,,event_effect_UA,,0.9542769107116732,3,,0,58.0,,,,0.0034024116900664,,EOS,primary_curve,,,,,,,,baseline-full-propagation-v1.0,,0.3258219576309901,overlap_weighted_adjusted,
all_year_linear_loo,,,,,1.0999480191910311,,,-0.5915988112492039,,,UA_minus_PA_event_effect,,0.2541746039709135,3,,0,58.0,,,,0.5558513371176542,,EOS,primary_curve,,,,,,,,baseline-full-propagation-v1.0,,0.4315249779544269,overlap_weighted_adjusted,
all_year_linear_loo,,,,,1.5019994698463337,,,0.2892890507108832,,,event_effect_PA,,0.8956442602786083,3,,0,58.25,,,,0.0037909447096687,,EOS,primary_curve,,,,,,,,baseline-full-propagation-v1.0,,0.309370587597822,overlap_weighted_adjusted,
all_year_linear_loo,,,,,1.894352910693792,,,0.5195115706330011,,,event_effect_UA,,1.2069322406633964,3,,0,58.25,,,,0.000579166089564,,EOS,primary_curve,,,,,,,,baseline-full-propagation-v1.0,,0.3507312764176699,overlap_weighted_adjusted,
all_year_linear_loo,,,,,1.2247920458859745,,,-0.6022160851163985,,,UA_minus_PA_event_effect,,0.311287980384788,3,,0,58.25,,,,0.504208702831436,,EOS,primary_curve,,,,,,,,baseline-full-propagation-v1.0,,0.4660820671740858,overlap_weighted_adjusted,
all_year_linear_loo,,,,,1.7477647817421849,,,0.4377933973475797,,,event_effect_PA,,1.0927790895448823,3,,0,58.5,,,,0.0010754490418952,,EOS,primary_curve,,,,,,,,baseline-full-propagation-v1.0,,0.3341825142521731,overlap_weighted_adjusted,
all_year_linear_loo,,,,,2.2005558957118194,,,0.7235915826695004,,,event_effect_UA,,1.46207373919066,3,,0,58.5,,,,0.0001042814994631,,EOS,primary_curve,,,,,,,,baseline-full-propagation-v1.0,,0.3767835339558342,overlap_weighted_adjusted,
all_year_linear_loo,,,,,1.3534053847671743,,,-0.6148160854756184,,,UA_minus_PA_event_effect,,0.3692946496457779,3,,0,58.5,,,,0.4620407515860495,,EOS,primary_curve,,,,,,,,baseline-full-propagation-v1.0,,0.5021065401629501,overlap_weighted_adjusted,
all_year_linear_loo,,,,,1.9964168913872,,,0.5861349578189988,,,event_effect_PA,,1.2912759246030991,3,,0,58.75,,,,0.0003317622394763,,EOS,primary_curve,,,,,,,,baseline-full-propagation-v1.0,,0.3597724102821084,overlap_weighted_adjusted,
all_year_linear_loo,,,,,2.5107757019906005,,,0.927906424643398,,,event_effect_UA,,1.7193410633169992,3,,0,58.75,,,,2.0635969545745292e-05,,EOS,primary_curve,,,,,,,,baseline-full-propagation-v1.0,,0.4038006029275724,overlap_weighted_adjusted,
all_year_linear_loo,,,,,1.4851971488777296,,,-0.629066871449929,,,UA_minus_PA_event_effect,,0.4280651387139003,3,,0,58.75,,,,0.4273995269852149,,EOS,primary_curve,,,,,,,,baseline-full-propagation-v1.0,,0.5393629773313958,overlap_weighted_adjusted,
all_year_linear_loo,,,,,2.2474669444925106,,,0.7343408465410436,,,event_effect_PA,,1.490903895516777,3,,0,59.0,,,,0.0001122974789362,,EOS,primary_curve,,,,,,,,baseline-full-propagation-v1.0,,0.3860086485993652,overlap_weighted_adjusted,
all_year_linear_loo,,,,,2.824347279737314,,,1.1324004603945856,,,event_effect_UA,,1.97837387006595,3,,0,59.0,,,,4.571989322366631e-06,,EOS,primary_curve,,,,,,,,baseline-full-propagation-v1.0,,0.4316270178147633,overlap_weighted_adjusted,
all_year_linear_loo,,,,,1.6196385511052491,,,-0.6446986020069029,,,UA_minus_PA_event_effect,,0.4874699745491732,3,,0,59.0,,,,0.3987319362201107,,EOS,primary_curve,,,,,,,,baseline-full-propagation-v1.0,,0.5776476432661403,overlap_weighted_adjusted,
all_year_linear_loo,,5.0,2.776398070501912,,5.8290774005685,,,-4.648380794334335,,,UA_minus_PA_event_effect,,0.5796719457532359,3,,0,25.0,301.0,,,,,SOS,primary_spatial_interval,999.0,0.5855855855855856,,,,,,baseline-full-propagation-v1.0,,,overlap_weighted_adjusted,
all_year_linear_loo,,5.0,1.8022368592913844,,4.170789988567971,,,-2.537641383173178,,,UA_minus_PA_event_effect,,0.8971996031878589,3,,0,35.0,301.0,,,,,SOS,primary_spatial_interval,999.0,0.6846846846846847,,,,,,baseline-full-propagation-v1.0,,,overlap_weighted_adjusted,
all_year_linear_loo,,5.0,1.2038844771507489,,4.688668305298186,,,-0.1642597602847972,,,UA_minus_PA_event_effect,,2.248854481285245,3,,0,45.0,301.0,,,,,SOS,primary_spatial_interval,999.0,0.970970970970971,,,,,,baseline-full-propagation-v1.0,,,overlap_weighted_adjusted,
all_year_linear_loo,,5.0,0.6498922305756754,,2.210424143512657,,,-0.3244695661058189,,,UA_minus_PA_event_effect,,0.9367068863383412,3,,0,55.0,301.0,,,,,SOS,primary_spatial_interval,999.0,0.924924924924925,,,,,,baseline-full-propagation-v1.0,,,overlap_weighted_adjusted,
all_year_linear_loo,,10.0,2.863798548307176,,6.016485754434568,,,-5.126067912243874,,,UA_minus_PA_event_effect,,0.5796719457532359,3,,0,25.0,92.0,,,,,SOS,primary_spatial_interval,999.0,0.6236236236236237,,,,,,baseline-full-propagation-v1.0,,,overlap_weighted_adjusted,
all_year_linear_loo,,10.0,2.1608289559972707,,4.74794330341792,,,-2.954846616337638,,,UA_minus_PA_event_effect,,0.8971996031878589,3,,0,35.0,92.0,,,,,SOS,primary_spatial_interval,999.0,0.5995995995995996,,,,,,baseline-full-propagation-v1.0,,,overlap_weighted_adjusted,
all_year_linear_loo,,10.0,1.114615840611645,,4.374366771554194,,,0.0770568067214744,,,UA_minus_PA_event_effect,,2.248854481285245,3,,0,45.0,92.0,,,,,SOS,primary_spatial_interval,999.0,0.977977977977978,,,,,,baseline-full-propagation-v1.0,,,overlap_weighted_adjusted,
all_year_linear_loo,,10.0,0.7486436864683229,,2.297673382388648,,,-0.5476417036312855,,,UA_minus_PA_event_effect,,0.9367068863383412,3,,0,55.0,92.0,,,,,SOS,primary_spatial_interval,999.0,0.8788788788788788,,,,,,baseline-full-propagation-v1.0,,,overlap_weighted_adjusted,
all_year_linear_loo,,5.0,2.314521410898305,,-2.2720662675213883,,,-11.077019979881925,,,UA_minus_PA_event_effect,,-6.614940108522854,3,,0,25.0,301.0,,,,,EOS,primary_spatial_interval,999.0,0.998998998998999,,,,,,baseline-full-propagation-v1.0,,,overlap_weighted_adjusted,
all_year_linear_loo,,5.0,2.059584339224229,,7.267770121494596,,,-0.5873511688095802,,,UA_minus_PA_event_effect,,3.26666609817216,3,,0,35.0,301.0,,,,,EOS,primary_spatial_interval,999.0,0.955955955955956,,,,,,baseline-full-propagation-v1.0,,,overlap_weighted_adjusted,
all_year_linear_loo,,5.0,1.086574995800741,,3.160321191346556,,,-1.0323299948851126,,,UA_minus_PA_event_effect,,1.0711829011583118,3,,0,45.0,301.0,,,,,EOS,primary_spatial_interval,999.0,0.8408408408408409,,,,,,baseline-full-propagation-v1.0,,,overlap_weighted_adjusted,
all_year_linear_loo,,5.0,0.5114282687334829,,0.6708015999569882,,,-1.349157638312058,,,UA_minus_PA_event_effect,,-0.3143808843668461,3,,0,55.0,301.0,,,,,EOS,primary_spatial_interval,999.0,0.7167167167167167,,,,,,baseline-full-propagation-v1.0,,,overlap_weighted_adjusted,
all_year_linear_loo,,10.0,2.435988495403654,,-1.8630485845823828,,,-11.20852100777429,,,UA_minus_PA_event_effect,,-6.614940108522854,3,,0,25.0,92.0,,,,,EOS,primary_spatial_interval,999.0,0.997997997997998,,,,,,baseline-full-propagation-v1.0,,,overlap_weighted_adjusted,
all_year_linear_loo,,10.0,2.499417891514072,,7.943340010570544,,,-1.328033880096649,,,UA_minus_PA_event_effect,,3.26666609817216,3,,0,35.0,92.0,,,,,EOS,primary_spatial_interval,999.0,0.8918918918918919,,,,,,baseline-full-propagation-v1.0,,,overlap_weighted_adjusted,
all_year_linear_loo,,10.0,1.2556145157326115,,3.3422414775876508,,,-1.502118736615555,,,UA_minus_PA_event_effect,,1.0711829011583118,3,,0,45.0,92.0,,,,,EOS,primary_spatial_interval,999.0,0.7787787787787788,,,,,,baseline-full-propagation-v1.0,,,overlap_weighted_adjusted,
all_year_linear_loo,,10.0,0.3510925873590456,,0.3598896715544961,,,-0.9642801751707128,,,UA_minus_PA_event_effect,,-0.3143808843668461,3,,0,55.0,92.0,,,,,EOS,primary_spatial_interval,999.0,0.8118118118118118,,,,,,baseline-full-propagation-v1.0,,,overlap_weighted_adjusted,
all_year_linear_loo,primary_final_strategy_2,,,,,,,,,,,4.0,,3,,0,,,,,0.3153768796385144,0.3153768796385144,SOS,primary_global_test,,,,,,,,baseline-full-propagation-v1.0,4.736870446113891,,overlap_weighted_adjusted,latitude_varying_UA_minus_PA
all_year_linear_loo,primary_final_strategy_2,,,,,,,,,,,4.0,,3,,0,,,,,9.6362476399817e-09,1.92724952799634e-08,EOS,primary_global_test,,,,,,,,baseline-full-propagation-v1.0,43.14911510640884,,overlap_weighted_adjusted,latitude_varying_UA_minus_PA
all_year_linear_loo,,,,1.0,-3.7068388436923616,-1.8630485845823828,-2.2720662675213883,-9.523041373353346,-11.20852100777429,-11.077019979881925,UA_minus_PA_event_effect,,-6.614940108522854,3,B2R-v1.0,0,25.0,,92.0,301.0,8.263124293182633e-06,,EOS,eos25_window_sensitivity,,,0.997997997997998,0.998998998998999,1.0,1.0,1.0,baseline-full-propagation-v1.0,,1.483752399416124,overlap_weighted_adjusted,
all_year_linear_loo,,,,1.0,-0.4160968596782961,0.8313546311523156,0.4056846684982349,-8.82557687459469,-10.229487838189735,-9.47921748685432,UA_minus_PA_event_effect,,-4.620836867136493,5,B2R-v1.0,0,25.0,,92.0,301.0,0.0312464417283488,,EOS,eos25_window_sensitivity,,,0.944944944944945,0.9629629629629628,0.0,0.0,0.0,baseline-full-propagation-v1.0,,2.145314934674642,overlap_weighted_adjusted,
all_year_linear_loo,,,,1.0,-1.7855859665074991,0.2388748383009642,-0.1791706982428881,-7.55284032884615,-9.82198211177285,-9.295198463625995,UA_minus_PA_event_effect,,-4.669213147676825,3,B2R-v1.0,8,25.0,,92.0,301.0,0.0015055915906017,,EOS,eos25_window_sensitivity,,,0.963963963963964,0.975975975975976,0.0,1.0,0.0,baseline-full-propagation-v1.0,,1.4712653925862968,overlap_weighted_adjusted,
all_year_linear_loo,,,,1.0,-1.5580879853083962,-0.5446739974494238,0.0058707828142072,-9.583625212765352,-10.445039994126947,-10.862513493003734,UA_minus_PA_event_effect,,-5.570856599036874,5,B2R-v1.0,8,25.0,,92.0,301.0,0.006508795577205,,EOS,eos25_window_sensitivity,,,0.982982982982983,0.973973973973974,1.0,0.0,0.0,baseline-full-propagation-v1.0,,2.0473685462491584,overlap_weighted_adjusted,
all_year_linear_loo,,,,1.0,-0.2376697545223347,2.2308281529911707,2.141481666404012,-6.057175066015233,-8.048672365159025,-8.73732996878001,UA_minus_PA_event_effect,,-3.147422410268784,3,B2R-v1.0,16,25.0,,92.0,301.0,0.0340014391223064,,EOS,eos25_window_sensitivity,,,0.8388388388388388,0.8838838838838838,0.0,0.0,0.0,baseline-full-propagation-v1.0,,1.4845949612840883,overlap_weighted_adjusted,
all_year_linear_loo,,,,1.0,-2.272263964750721,-1.6675481265263412,-1.1936490488999234,-10.190715792346136,-10.587492955742732,-11.89792229579516,UA_minus_PA_event_effect,,-6.2314898785484285,5,B2R-v1.0,16,25.0,,92.0,301.0,0.002036759910265,,EOS,eos25_window_sensitivity,,,0.996996996996997,0.98998998998999,1.0,1.0,1.0,baseline-full-propagation-v1.0,,2.0200503402244,overlap_weighted_adjusted,
