pheno_type,latitude,block_degrees,replicate,value,frozen_estimate
SOS,25.0,5,1,4.514782132533053,0.5796719457532359
SOS,25.0,5,2,-3.2627235476766807,0.5796719457532359
SOS,25.0,5,3,0.13677701009654714,0.5796719457532359
SOS,25.0,5,4,2.5121870935290183,0.5796719457532359
SOS,25.0,5,5,-1.7786008306527412,0.5796719457532359
SOS,25.0,5,6,0.14481280381605333,0.5796719457532359
SOS,25.0,5,7,-1.634906331472164,0.5796719457532359
SOS,25.0,5,8,-2.793153278005525,0.5796719457532359
SOS,25.0,5,9,1.080682111822117,0.5796719457532359
SOS,25.0,5,10,0.5353204298604148,0.5796719457532359
SOS,25.0,5,11,0.34744215569080283,0.5796719457532359
SOS,25.0,5,12,-2.8477596338052487,0.5796719457532359
SOS,25.0,5,13,2.9818316672104923,0.5796719457532359
SOS,25.0,5,14,1.9905352805079675,0.5796719457532359
SOS,25.0,5,15,3.361202200457595,0.5796719457532359
SOS,25.0,5,16,1.4957012829742131,0.5796719457532359
SOS,25.0,5,17,2.5798546823750983,0.5796719457532359
SOS,25.0,5,18,1.4650375928365746,0.5796719457532359
SOS,25.0,5,19,-3.4770893436258237,0.5796719457532359
SOS,25.0,5,20,1.2706594493986376,0.5796719457532359
SOS,25.0,5,21,-0.32514355603319045,0.5796719457532359
SOS,25.0,5,22,-2.4247425706073953,0.5796719457532359
SOS,25.0,5,23,3.4265353019604516,0.5796719457532359
SOS,25.0,5,24,1.6969173783419018,0.5796719457532359
SOS,25.0,5,25,4.86021602949393,0.5796719457532359
SOS,25.0,5,26,-0.6654664079649066,0.5796719457532359
SOS,25.0,5,27,1.012390893929963,0.5796719457532359
SOS,25.0,5,28,2.4801325477095353,0.5796719457532359
SOS,25.0,5,29,3.082778695467233,0.5796719457532359
SOS,25.0,5,30,-1.3387813768693662,0.5796719457532359
SOS,25.0,5,31,4.610534285559581,0.5796719457532359
SOS,25.0,5,32,5.752729042038469,0.5796719457532359
SOS,25.0,5,33,-3.0752237184372957,0.5796719457532359
SOS,25.0,5,34,-4.048190750890128,0.5796719457532359
SOS,25.0,5,35,-0.06590470006396654,0.5796719457532359
SOS,25.0,5,36,-1.4203374904058235,0.5796719457532359
SOS,25.0,5,37,1.6727785948587062,0.5796719457532359
SOS,25.0,5,38,-1.5750075549254963,0.5796719457532359
SOS,25.0,5,39,3.8323717332447633,0.5796719457532359
SOS,25.0,5,40,-3.924820493152522,0.5796719457532359
SOS,25.0,5,41,-1.9898884704654054,0.5796719457532359
SOS,25.0,5,42,-3.0667465114436148,0.5796719457532359
SOS,25.0,5,43,3.8671799786437546,0.5796719457532359
SOS,25.0,5,44,1.409781185688679,0.5796719457532359
SOS,25.0,5,45,3.3961454867755494,0.5796719457532359
SOS,25.0,5,46,0.03617942887069581,0.5796719457532359
SOS,25.0,5,47,1.6159414588885992,0.5796719457532359
SOS,25.0,5,48,3.5816493857176583,0.5796719457532359
SOS,25.0,5,49,5.267956965807713,0.5796719457532359
SOS,25.0,5,50,0.9229992010417106,0.5796719457532359
SOS,25.0,5,51,3.344328958439289,0.5796719457532359
SOS,25.0,5,52,1.7437170793058305,0.5796719457532359
SOS,25.0,5,53,-3.318985581424807,0.5796719457532359
SOS,25.0,5,54,-0.82034455542803,0.5796719457532359
SOS,25.0,5,55,-1.5062411687959374,0.5796719457532359
SOS,25.0,5,56,3.5160332981570144,0.5796719457532359
SOS,25.0,5,57,-1.3894764750443296,0.5796719457532359
SOS,25.0,5,58,-4.683815379027997,0.5796719457532359
SOS,25.0,5,59,5.409904113036925,0.5796719457532359
SOS,25.0,5,60,2.7424137023446575,0.5796719457532359
SOS,25.0,5,61,0.3610772793028654,0.5796719457532359
SOS,25.0,5,62,0.2701056040366614,0.5796719457532359
SOS,25.0,5,63,-2.555211610683779,0.5796719457532359
SOS,25.0,5,64,2.4472414050267033,0.5796719457532359
SOS,25.0,5,65,4.472888952078356,0.5796719457532359
SOS,25.0,5,66,-0.7919948685039997,0.5796719457532359
SOS,25.0,5,67,-2.3539413802337426,0.5796719457532359
SOS,25.0,5,68,-3.979117232005208,0.5796719457532359
SOS,25.0,5,69,-2.8154925452405273,0.5796719457532359
SOS,25.0,5,70,-1.8633961172210125,0.5796719457532359
SOS,25.0,5,71,3.8042677319649827,0.5796719457532359
SOS,25.0,5,72,1.2003673186275035,0.5796719457532359
SOS,25.0,5,73,1.1426062428395223,0.5796719457532359
SOS,25.0,5,74,1.3802443161038467,0.5796719457532359
SOS,25.0,5,75,0.8227851687995607,0.5796719457532359
SOS,25.0,5,76,2.6450307649929155,0.5796719457532359
SOS,25.0,5,77,-4.0645658804232125,0.5796719457532359
SOS,25.0,5,78,-2.5536928114875908,0.5796719457532359
SOS,25.0,5,79,0.2511446888492123,0.5796719457532359
SOS,25.0,5,80,-4.768530393754152,0.5796719457532359
SOS,25.0,5,81,3.7055430232854776,0.5796719457532359
SOS,25.0,5,82,-0.6225242398647554,0.5796719457532359
SOS,25.0,5,83,-3.48461134339016,0.5796719457532359
SOS,25.0,5,84,4.803645448630954,0.5796719457532359
SOS,25.0,5,85,-0.6588821025626028,0.5796719457532359
SOS,25.0,5,86,4.471873809016655,0.5796719457532359
SOS,25.0,5,87,-0.5673764149037981,0.5796719457532359
SOS,25.0,5,88,1.553992826404654,0.5796719457532359
SOS,25.0,5,89,-1.1897183049471276,0.5796719457532359
SOS,25.0,5,90,0.3688920500073031,0.5796719457532359
SOS,25.0,5,91,0.12277723848487004,0.5796719457532359
SOS,25.0,5,92,-0.9913575622716372,0.5796719457532359
SOS,25.0,5,93,-2.9369384978110276,0.5796719457532359
SOS,25.0,5,94,2.657365568544322,0.5796719457532359
SOS,25.0,5,95,-4.237155263589538,0.5796719457532359
SOS,25.0,5,96,2.2287209059047157,0.5796719457532359
SOS,25.0,5,97,0.5557002093156895,0.5796719457532359
SOS,25.0,5,98,2.2661321537983636,0.5796719457532359
SOS,25.0,5,99,3.5107190217636943,0.5796719457532359
SOS,25.0,5,100,-4.690260596284903,0.5796719457532359
SOS,25.0,5,101,-0.28795170543635185,0.5796719457532359
SOS,25.0,5,102,0.09179972610775264,0.5796719457532359
SOS,25.0,5,103,0.008054072383526956,0.5796719457532359
SOS,25.0,5,104,4.308598877957678,0.5796719457532359
SOS,25.0,5,105,5.168318528065016,0.5796719457532359
SOS,25.0,5,106,-2.236196520053967,0.5796719457532359
SOS,25.0,5,107,-4.261187958883341,0.5796719457532359
SOS,25.0,5,108,-4.053375358173948,0.5796719457532359
SOS,25.0,5,109,2.218344285901858,0.5796719457532359
SOS,25.0,5,110,-4.723031427522464,0.5796719457532359
SOS,25.0,5,111,-1.2844139401370542,0.5796719457532359
SOS,25.0,5,112,-0.9997202615645144,0.5796719457532359
SOS,25.0,5,113,-5.1704631596084845,0.5796719457532359
SOS,25.0,5,114,0.101797829583267,0.5796719457532359
SOS,25.0,5,115,2.596260841063818,0.5796719457532359
SOS,25.0,5,116,1.3641947928278135,0.5796719457532359
SOS,25.0,5,117,-2.5093555510856635,0.5796719457532359
SOS,25.0,5,118,-1.3143987163091353,0.5796719457532359
SOS,25.0,5,119,1.8639102424279326,0.5796719457532359
SOS,25.0,5,120,-0.648235136881327,0.5796719457532359
SOS,25.0,5,121,3.8954557870682214,0.5796719457532359
SOS,25.0,5,122,0.3173303226003112,0.5796719457532359
SOS,25.0,5,123,2.0474881433929673,0.5796719457532359
SOS,25.0,5,124,0.06632126201808375,0.5796719457532359
SOS,25.0,5,125,-3.567708996927923,0.5796719457532359
SOS,25.0,5,126,-0.9731881715191163,0.5796719457532359
SOS,25.0,5,127,4.352708285506663,0.5796719457532359
SOS,25.0,5,128,-2.4092348337064515,0.5796719457532359
SOS,25.0,5,129,-1.5931170670840136,0.5796719457532359
SOS,25.0,5,130,2.5946384026903675,0.5796719457532359
SOS,25.0,5,131,-1.1198866258398061,0.5796719457532359
SOS,25.0,5,132,0.7837606781595196,0.5796719457532359
SOS,25.0,5,133,4.538994531524765,0.5796719457532359
SOS,25.0,5,134,-3.1668161168519307,0.5796719457532359
SOS,25.0,5,135,-3.775464107247226,0.5796719457532359
SOS,25.0,5,136,-1.2838866130228574,0.5796719457532359
SOS,25.0,5,137,-0.2715193173040032,0.5796719457532359
SOS,25.0,5,138,0.4661494383524371,0.5796719457532359
SOS,25.0,5,139,4.632868417816358,0.5796719457532359
SOS,25.0,5,140,-1.0261929087206765,0.5796719457532359
SOS,25.0,5,141,0.5690568878168052,0.5796719457532359
SOS,25.0,5,142,-0.9933131796994372,0.5796719457532359
SOS,25.0,5,143,-0.1686634439882338,0.5796719457532359
SOS,25.0,5,144,-0.24093821340009947,0.5796719457532359
SOS,25.0,5,145,-0.39102088426158255,0.5796719457532359
SOS,25.0,5,146,1.9712369962907192,0.5796719457532359
SOS,25.0,5,147,2.8070943033986486,0.5796719457532359
SOS,25.0,5,148,4.16790075310794,0.5796719457532359
SOS,25.0,5,149,0.7136355448634161,0.5796719457532359
SOS,25.0,5,150,0.7603393640261152,0.5796719457532359
SOS,25.0,5,151,1.250140343887483,0.5796719457532359
SOS,25.0,5,152,6.161556667007037,0.5796719457532359
SOS,25.0,5,153,-0.5253049162602059,0.5796719457532359
SOS,25.0,5,154,1.9360318412955067,0.5796719457532359
SOS,25.0,5,155,1.5309600505955085,0.5796719457532359
SOS,25.0,5,156,2.4782811825627,0.5796719457532359
SOS,25.0,5,157,2.7572552639030574,0.5796719457532359
SOS,25.0,5,158,6.889549175309134,0.5796719457532359
SOS,25.0,5,159,-4.72202423975139,0.5796719457532359
SOS,25.0,5,160,-1.6001940319792658,0.5796719457532359
SOS,25.0,5,161,1.4816177684695677,0.5796719457532359
SOS,25.0,5,162,2.2415667595366067,0.5796719457532359
SOS,25.0,5,163,1.0015617806128039,0.5796719457532359
SOS,25.0,5,164,0.46328654330072105,0.5796719457532359
SOS,25.0,5,165,-2.836128380122716,0.5796719457532359
SOS,25.0,5,166,-1.379321563659643,0.5796719457532359
SOS,25.0,5,167,4.602064801564796,0.5796719457532359
SOS,25.0,5,168,3.0794084794215553,0.5796719457532359
SOS,25.0,5,169,-2.3079393406112776,0.5796719457532359
SOS,25.0,5,170,-0.2550457733645729,0.5796719457532359
SOS,25.0,5,171,-2.7876602033798896,0.5796719457532359
SOS,25.0,5,172,7.176391465182186,0.5796719457532359
SOS,25.0,5,173,0.470510532679858,0.5796719457532359
SOS,25.0,5,174,0.2917522187834697,0.5796719457532359
SOS,25.0,5,175,-2.298651906560411,0.5796719457532359
SOS,25.0,5,176,1.5772322412793567,0.5796719457532359
SOS,25.0,5,177,-0.33000574567538066,0.5796719457532359
SOS,25.0,5,178,6.000308620190847,0.5796719457532359
SOS,25.0,5,179,-7.8464759367064385,0.5796719457532359
SOS,25.0,5,180,-2.10606884226064,0.5796719457532359
SOS,25.0,5,181,2.8571358556589455,0.5796719457532359
SOS,25.0,5,182,-2.7054508785731533,0.5796719457532359
SOS,25.0,5,183,7.569268932167328,0.5796719457532359
SOS,25.0,5,184,0.5883509056265299,0.5796719457532359
SOS,25.0,5,185,-5.35120269792489,0.5796719457532359
SOS,25.0,5,186,-3.7347837901111216,0.5796719457532359
SOS,25.0,5,187,-0.8734172541292606,0.5796719457532359
SOS,25.0,5,188,-2.188093013764724,0.5796719457532359
SOS,25.0,5,189,1.752164259832644,0.5796719457532359
SOS,25.0,5,190,0.9364788717904615,0.5796719457532359
SOS,25.0,5,191,1.3683085893885303,0.5796719457532359
SOS,25.0,5,192,0.6281428042758372,0.5796719457532359
SOS,25.0,5,193,1.0655828996064416,0.5796719457532359
SOS,25.0,5,194,-0.7264765410377962,0.5796719457532359
SOS,25.0,5,195,0.01933852470304029,0.5796719457532359
SOS,25.0,5,196,-0.47776984299685255,0.5796719457532359
SOS,25.0,5,197,-1.256749089922681,0.5796719457532359
SOS,25.0,5,198,1.3408713884470052,0.5796719457532359
SOS,25.0,5,199,3.4477182745466184,0.5796719457532359
SOS,25.0,5,200,-4.142296264495483,0.5796719457532359
SOS,25.0,5,201,3.0784482750148174,0.5796719457532359
SOS,25.0,5,202,1.9053872338435291,0.5796719457532359
SOS,25.0,5,203,0.39659411503844855,0.5796719457532359
SOS,25.0,5,204,-3.99673627059391,0.5796719457532359
SOS,25.0,5,205,0.3333491670297283,0.5796719457532359
SOS,25.0,5,206,2.651081860426717,0.5796719457532359
SOS,25.0,5,207,-0.6478745874286618,0.5796719457532359
SOS,25.0,5,208,4.901086424388547,0.5796719457532359
SOS,25.0,5,209,2.5819780349996417,0.5796719457532359
SOS,25.0,5,210,-2.402347657953915,0.5796719457532359
SOS,25.0,5,211,2.2804724805058614,0.5796719457532359
SOS,25.0,5,212,-0.2681391871646981,0.5796719457532359
SOS,25.0,5,213,-0.0624118331582848,0.5796719457532359
SOS,25.0,5,214,-1.4455410466848466,0.5796719457532359
SOS,25.0,5,215,-0.15732493349693577,0.5796719457532359
SOS,25.0,5,216,-0.226678655839595,0.5796719457532359
SOS,25.0,5,217,3.782785513958293,0.5796719457532359
SOS,25.0,5,218,-1.1025080812897867,0.5796719457532359
SOS,25.0,5,219,-0.06365034582407747,0.5796719457532359
SOS,25.0,5,220,4.07526054151709,0.5796719457532359
SOS,25.0,5,221,-2.6374885603069416,0.5796719457532359
SOS,25.0,5,222,1.1422982406163398,0.5796719457532359
SOS,25.0,5,223,-1.799838215881985,0.5796719457532359
SOS,25.0,5,224,1.852796777256553,0.5796719457532359
SOS,25.0,5,225,-1.9842192887853076,0.5796719457532359
SOS,25.0,5,226,2.765710775718582,0.5796719457532359
SOS,25.0,5,227,6.642978639744392,0.5796719457532359
SOS,25.0,5,228,5.136461918822844,0.5796719457532359
SOS,25.0,5,229,1.4071895762995665,0.5796719457532359
SOS,25.0,5,230,3.524066567805033,0.5796719457532359
SOS,25.0,5,231,4.64230716967575,0.5796719457532359
SOS,25.0,5,232,0.9232439726821251,0.5796719457532359
SOS,25.0,5,233,-0.6663037986735538,0.5796719457532359
SOS,25.0,5,234,-1.4558460718943016,0.5796719457532359
SOS,25.0,5,235,-0.0027873247595119333,0.5796719457532359
SOS,25.0,5,236,0.49903399362863454,0.5796719457532359
SOS,25.0,5,237,-0.1939532048305973,0.5796719457532359
SOS,25.0,5,238,0.7381361651646438,0.5796719457532359
SOS,25.0,5,239,-1.6655797061923496,0.5796719457532359
SOS,25.0,5,240,-1.067992590299945,0.5796719457532359
SOS,25.0,5,241,-1.8640869393482054,0.5796719457532359
SOS,25.0,5,242,-0.43178132689411497,0.5796719457532359
SOS,25.0,5,243,5.017533325298123,0.5796719457532359
SOS,25.0,5,244,4.225931871987606,0.5796719457532359
SOS,25.0,5,245,-1.08964614022482,0.5796719457532359
SOS,25.0,5,246,0.73292654194875,0.5796719457532359
SOS,25.0,5,247,2.9902629933417018,0.5796719457532359
SOS,25.0,5,248,-3.5466075433598157,0.5796719457532359
SOS,25.0,5,249,-1.1852633684603853,0.5796719457532359
SOS,25.0,5,250,-0.2854720177413129,0.5796719457532359
SOS,25.0,5,251,-1.0810750720097322,0.5796719457532359
SOS,25.0,5,252,1.0399618610616472,0.5796719457532359
SOS,25.0,5,253,2.036793320788435,0.5796719457532359
SOS,25.0,5,254,-0.06612211233360399,0.5796719457532359
SOS,25.0,5,255,4.02814445516768,0.5796719457532359
SOS,25.0,5,256,4.151667341723635,0.5796719457532359
SOS,25.0,5,257,-2.0956581417696456,0.5796719457532359
SOS,25.0,5,258,2.0450181449332736,0.5796719457532359
SOS,25.0,5,259,1.4637944878643283,0.5796719457532359
SOS,25.0,5,260,2.5719102536171703,0.5796719457532359
SOS,25.0,5,261,4.276685462964491,0.5796719457532359
SOS,25.0,5,262,5.7397676567349185,0.5796719457532359
SOS,25.0,5,263,3.2574078632929044,0.5796719457532359
SOS,25.0,5,264,1.7510406896485096,0.5796719457532359
SOS,25.0,5,265,1.1418307181359635,0.5796719457532359
SOS,25.0,5,266,-3.3842423264120085,0.5796719457532359
SOS,25.0,5,267,6.515664031169952,0.5796719457532359
SOS,25.0,5,268,-3.627176151739998,0.5796719457532359
SOS,25.0,5,269,-2.8351397539050924,0.5796719457532359
SOS,25.0,5,270,2.2013141641886165,0.5796719457532359
SOS,25.0,5,271,0.5168333261095333,0.5796719457532359
SOS,25.0,5,272,0.4999023743443758,0.5796719457532359
SOS,25.0,5,273,4.193081491381894,0.5796719457532359
SOS,25.0,5,274,3.5171799797323384,0.5796719457532359
SOS,25.0,5,275,-1.4683476370987787,0.5796719457532359
SOS,25.0,5,276,3.260384653972401,0.5796719457532359
SOS,25.0,5,277,3.1299466130393396,0.5796719457532359
SOS,25.0,5,278,-3.37108644439581,0.5796719457532359
SOS,25.0,5,279,2.3025853717416833,0.5796719457532359
SOS,25.0,5,280,-5.278668342355729,0.5796719457532359
SOS,25.0,5,281,5.544691523027703,0.5796719457532359
SOS,25.0,5,282,0.04832010654002927,0.5796719457532359
SOS,25.0,5,283,-0.02506344489663412,0.5796719457532359
SOS,25.0,5,284,-2.021809644796005,0.5796719457532359
SOS,25.0,5,285,1.9994617997622837,0.5796719457532359
SOS,25.0,5,286,2.730092490942958,0.5796719457532359
SOS,25.0,5,287,1.9516581244845106,0.5796719457532359
SOS,25.0,5,288,-1.7309847427718383,0.5796719457532359
SOS,25.0,5,289,4.279905374942392,0.5796719457532359
SOS,25.0,5,290,0.39110393335309934,0.5796719457532359
SOS,25.0,5,291,2.0908239270120474,0.5796719457532359
SOS,25.0,5,292,-4.045099913421215,0.5796719457532359
SOS,25.0,5,293,-3.74175536187507,0.5796719457532359
SOS,25.0,5,294,-1.0752268269114498,0.5796719457532359
SOS,25.0,5,295,-2.5261726491755527,0.5796719457532359
SOS,25.0,5,296,1.727160287370093,0.5796719457532359
SOS,25.0,5,297,1.050944214361269,0.5796719457532359
SOS,25.0,5,298,-3.003851643993855,0.5796719457532359
SOS,25.0,5,299,1.896848758274755,0.5796719457532359
SOS,25.0,5,300,4.693831548356826,0.5796719457532359
SOS,25.0,5,301,1.1391081422285003,0.5796719457532359
SOS,25.0,5,302,0.8334824505691596,0.5796719457532359
SOS,25.0,5,303,0.46854162374375696,0.5796719457532359
SOS,25.0,5,304,-0.24053620172113688,0.5796719457532359
SOS,25.0,5,305,-0.9167475319671923,0.5796719457532359
SOS,25.0,5,306,6.640939484428277,0.5796719457532359
SOS,25.0,5,307,1.3923147154142785,0.5796719457532359
SOS,25.0,5,308,-3.283528711130417,0.5796719457532359
SOS,25.0,5,309,-0.5073446498612982,0.5796719457532359
SOS,25.0,5,310,6.620428814682305,0.5796719457532359
SOS,25.0,5,311,-0.56604400166014,0.5796719457532359
SOS,25.0,5,312,0.09519746846455845,0.5796719457532359
SOS,25.0,5,313,1.6980085927769215,0.5796719457532359
SOS,25.0,5,314,2.6913881538786137,0.5796719457532359
SOS,25.0,5,315,2.259972502804439,0.5796719457532359
SOS,25.0,5,316,4.2722056881699,0.5796719457532359
SOS,25.0,5,317,6.413568774814806,0.5796719457532359
SOS,25.0,5,318,0.35933415301028604,0.5796719457532359
SOS,25.0,5,319,-1.6635925424347469,0.5796719457532359
SOS,25.0,5,320,2.95067336182672,0.5796719457532359
SOS,25.0,5,321,1.1654753065853327,0.5796719457532359
SOS,25.0,5,322,0.8711691233971623,0.5796719457532359
SOS,25.0,5,323,2.9635527971109275,0.5796719457532359
SOS,25.0,5,324,2.9099675999548165,0.5796719457532359
SOS,25.0,5,325,4.334023303959659,0.5796719457532359
SOS,25.0,5,326,0.19690931349958596,0.5796719457532359
SOS,25.0,5,327,-2.137939090263111,0.5796719457532359
SOS,25.0,5,328,1.013969629459022,0.5796719457532359
SOS,25.0,5,329,0.09450647064519857,0.5796719457532359
SOS,25.0,5,330,-3.5096637452858666,0.5796719457532359
SOS,25.0,5,331,-0.7925792078533819,0.5796719457532359
SOS,25.0,5,332,0.8421215596392589,0.5796719457532359
SOS,25.0,5,333,3.5150943985761836,0.5796719457532359
SOS,25.0,5,334,1.1387465195234976,0.5796719457532359
SOS,25.0,5,335,0.8471345881504415,0.5796719457532359
SOS,25.0,5,336,0.4329162006611248,0.5796719457532359
SOS,25.0,5,337,-2.981618374411888,0.5796719457532359
SOS,25.0,5,338,-2.5139492329611075,0.5796719457532359
SOS,25.0,5,339,3.827122655449216,0.5796719457532359
SOS,25.0,5,340,-1.2973358514640194,0.5796719457532359
SOS,25.0,5,341,-1.2376275874554383,0.5796719457532359
SOS,25.0,5,342,-4.1121725726241145,0.5796719457532359
SOS,25.0,5,343,-3.2063108720683093,0.5796719457532359
SOS,25.0,5,344,2.8488541348770844,0.5796719457532359
SOS,25.0,5,345,2.6448772139573093,0.5796719457532359
SOS,25.0,5,346,-4.677086633749564,0.5796719457532359
SOS,25.0,5,347,-0.38354672738144757,0.5796719457532359
SOS,25.0,5,348,4.918830881256936,0.5796719457532359
SOS,25.0,5,349,0.27113152204086266,0.5796719457532359
SOS,25.0,5,350,-2.2225534632987873,0.5796719457532359
SOS,25.0,5,351,3.118447101544194,0.5796719457532359
SOS,25.0,5,352,0.7642425174725673,0.5796719457532359
SOS,25.0,5,353,0.11159357617503574,0.5796719457532359
SOS,25.0,5,354,1.4477738242443747,0.5796719457532359
SOS,25.0,5,355,2.372649084419395,0.5796719457532359
SOS,25.0,5,356,0.5905299777176647,0.5796719457532359
SOS,25.0,5,357,1.3786023405553673,0.5796719457532359
SOS,25.0,5,358,0.09558221722134108,0.5796719457532359
SOS,25.0,5,359,3.9463195611560264,0.5796719457532359
SOS,25.0,5,360,6.191303746090032,0.5796719457532359
SOS,25.0,5,361,-1.1198036751667604,0.5796719457532359
SOS,25.0,5,362,7.629097922584633,0.5796719457532359
SOS,25.0,5,363,3.0256121170582144,0.5796719457532359
SOS,25.0,5,364,-3.2358609551007556,0.5796719457532359
SOS,25.0,5,365,3.496566838077027,0.5796719457532359
SOS,25.0,5,366,-2.081146395597198,0.5796719457532359
SOS,25.0,5,367,-1.3880152457644768,0.5796719457532359
SOS,25.0,5,368,-4.639213172727405,0.5796719457532359
SOS,25.0,5,369,0.6112116916242835,0.5796719457532359
SOS,25.0,5,370,3.112900239327658,0.5796719457532359
SOS,25.0,5,371,2.3489379987934482,0.5796719457532359
SOS,25.0,5,372,5.517942749942666,0.5796719457532359
SOS,25.0,5,373,0.19922395213124877,0.5796719457532359
SOS,25.0,5,374,-0.9620947674946992,0.5796719457532359
SOS,25.0,5,375,-0.49300748150984997,0.5796719457532359
SOS,25.0,5,376,1.581170890718552,0.5796719457532359
SOS,25.0,5,377,0.8027617976482206,0.5796719457532359
SOS,25.0,5,378,-2.3471344392131845,0.5796719457532359
SOS,25.0,5,379,-4.646869960680902,0.5796719457532359
SOS,25.0,5,380,-1.8325959561652307,0.5796719457532359
SOS,25.0,5,381,-1.8065991453926329,0.5796719457532359
SOS,25.0,5,382,-0.6630327006611733,0.5796719457532359
SOS,25.0,5,383,0.7994170663337373,0.5796719457532359
SOS,25.0,5,384,5.572265714302189,0.5796719457532359
SOS,25.0,5,385,3.5367024867141317,0.5796719457532359
SOS,25.0,5,386,-3.8937682669349227,0.5796719457532359
SOS,25.0,5,387,1.48087180770358,0.5796719457532359
SOS,25.0,5,388,-2.8572632338565382,0.5796719457532359
SOS,25.0,5,389,3.769933101854845,0.5796719457532359
SOS,25.0,5,390,-0.15575969877387208,0.5796719457532359
SOS,25.0,5,391,-1.0803283174975566,0.5796719457532359
SOS,25.0,5,392,1.5997090462725567,0.5796719457532359
SOS,25.0,5,393,4.675788244259895,0.5796719457532359
SOS,25.0,5,394,-1.763519433130893,0.5796719457532359
SOS,25.0,5,395,-1.6781540311146514,0.5796719457532359
SOS,25.0,5,396,-1.5335925303300166,0.5796719457532359
SOS,25.0,5,397,0.23452887624351415,0.5796719457532359
SOS,25.0,5,398,-2.2492554335750974,0.5796719457532359
SOS,25.0,5,399,7.309514116405056,0.5796719457532359
SOS,25.0,5,400,1.433030507489037,0.5796719457532359
SOS,25.0,5,401,0.3326173527413565,0.5796719457532359
SOS,25.0,5,402,0.08650703215642104,0.5796719457532359
SOS,25.0,5,403,1.7538208054770337,0.5796719457532359
SOS,25.0,5,404,1.774898448780743,0.5796719457532359
SOS,25.0,5,405,1.6936936541553966,0.5796719457532359
SOS,25.0,5,406,3.1832603653494678,0.5796719457532359
SOS,25.0,5,407,-0.011010756694307844,0.5796719457532359
SOS,25.0,5,408,-0.006546863085820753,0.5796719457532359
SOS,25.0,5,409,1.096173871751481,0.5796719457532359
SOS,25.0,5,410,1.4801860928320938,0.5796719457532359
SOS,25.0,5,411,0.7501722998296864,0.5796719457532359
SOS,25.0,5,412,-1.8500810402794983,0.5796719457532359
SOS,25.0,5,413,-2.493529980728569,0.5796719457532359
SOS,25.0,5,414,0.8244922704934233,0.5796719457532359
SOS,25.0,5,415,-4.331241322150204,0.5796719457532359
SOS,25.0,5,416,2.3079840185400813,0.5796719457532359
SOS,25.0,5,417,6.0327786767556,0.5796719457532359
SOS,25.0,5,418,1.3985544848349825,0.5796719457532359
SOS,25.0,5,419,-1.398282619802284,0.5796719457532359
SOS,25.0,5,420,-0.5833527430302259,0.5796719457532359
SOS,25.0,5,421,0.431656886315094,0.5796719457532359
SOS,25.0,5,422,-0.16454745691719364,0.5796719457532359
SOS,25.0,5,423,-6.088918654017736,0.5796719457532359
SOS,25.0,5,424,0.4264252143249818,0.5796719457532359
SOS,25.0,5,425,3.2198032632913374,0.5796719457532359
SOS,25.0,5,426,5.821005922126114,0.5796719457532359
SOS,25.0,5,427,2.6900002020125595,0.5796719457532359
SOS,25.0,5,428,2.6588146836457907,0.5796719457532359
SOS,25.0,5,429,4.0167608523690586,0.5796719457532359
SOS,25.0,5,430,2.7308419191547513,0.5796719457532359
SOS,25.0,5,431,6.644956523444671,0.5796719457532359
SOS,25.0,5,432,-3.13862947584912,0.5796719457532359
SOS,25.0,5,433,-3.724522299330982,0.5796719457532359
SOS,25.0,5,434,-0.15405205765006616,0.5796719457532359
SOS,25.0,5,435,1.9626530329057574,0.5796719457532359
SOS,25.0,5,436,0.15016060194053216,0.5796719457532359
SOS,25.0,5,437,0.35947341192390203,0.5796719457532359
SOS,25.0,5,438,-0.42607577056418255,0.5796719457532359
SOS,25.0,5,439,1.056057668666205,0.5796719457532359
SOS,25.0,5,440,-0.9984446948289594,0.5796719457532359
SOS,25.0,5,441,3.8814169667425724,0.5796719457532359
SOS,25.0,5,442,0.07347828302429515,0.5796719457532359
SOS,25.0,5,443,-3.402552053602015,0.5796719457532359
SOS,25.0,5,444,3.7480940271920193,0.5796719457532359
SOS,25.0,5,445,-3.7199437065630514,0.5796719457532359
SOS,25.0,5,446,0.9748783377707765,0.5796719457532359
SOS,25.0,5,447,2.786652898990023,0.5796719457532359
SOS,25.0,5,448,-0.28950187299514374,0.5796719457532359
SOS,25.0,5,449,-0.4598968839892509,0.5796719457532359
SOS,25.0,5,450,0.443456540599211,0.5796719457532359
SOS,25.0,5,451,3.0372026586756897,0.5796719457532359
SOS,25.0,5,452,6.30856762234418,0.5796719457532359
SOS,25.0,5,453,3.2700292918594482,0.5796719457532359
SOS,25.0,5,454,2.7249794074901117,0.5796719457532359
SOS,25.0,5,455,-0.4715070959520826,0.5796719457532359
SOS,25.0,5,456,-0.1007619766982546,0.5796719457532359
SOS,25.0,5,457,2.1503309305434835,0.5796719457532359
SOS,25.0,5,458,-6.189098419792153,0.5796719457532359
SOS,25.0,5,459,-2.519111722905159,0.5796719457532359
SOS,25.0,5,460,3.299181817163396,0.5796719457532359
SOS,25.0,5,461,3.325366443378093,0.5796719457532359
SOS,25.0,5,462,-1.506286646681773,0.5796719457532359
SOS,25.0,5,463,2.2866502303826457,0.5796719457532359
SOS,25.0,5,464,0.7823105842868137,0.5796719457532359
SOS,25.0,5,465,1.220533367120797,0.5796719457532359
SOS,25.0,5,466,3.9689542099104664,0.5796719457532359
SOS,25.0,5,467,4.1453076369640565,0.5796719457532359
SOS,25.0,5,468,0.9473047691190208,0.5796719457532359
SOS,25.0,5,469,1.8175562547581956,0.5796719457532359
SOS,25.0,5,470,0.7102080343702541,0.5796719457532359
SOS,25.0,5,471,1.4631189428977178,0.5796719457532359
SOS,25.0,5,472,5.669926374356632,0.5796719457532359
SOS,25.0,5,473,0.918907303369837,0.5796719457532359
SOS,25.0,5,474,-3.1030125456999027,0.5796719457532359
SOS,25.0,5,475,-1.5087196818544282,0.5796719457532359
SOS,25.0,5,476,-1.8186492625106463,0.5796719457532359
SOS,25.0,5,477,4.820301675992997,0.5796719457532359
SOS,25.0,5,478,0.2765125879557049,0.5796719457532359
SOS,25.0,5,479,-1.3150379946540904,0.5796719457532359
SOS,25.0,5,480,-2.08094894357185,0.5796719457532359
SOS,25.0,5,481,-0.9504984064400899,0.5796719457532359
SOS,25.0,5,482,4.693193398058816,0.5796719457532359
SOS,25.0,5,483,3.4492819357575355,0.5796719457532359
SOS,25.0,5,484,1.8005377947269492,0.5796719457532359
SOS,25.0,5,485,0.05480719494288966,0.5796719457532359
SOS,25.0,5,486,0.3882472206490739,0.5796719457532359
SOS,25.0,5,487,1.432412216280795,0.5796719457532359
SOS,25.0,5,488,1.7578662552292692,0.5796719457532359
SOS,25.0,5,489,-0.9160121455168146,0.5796719457532359
SOS,25.0,5,490,-0.5408061753530223,0.5796719457532359
SOS,25.0,5,491,1.2717030837176875,0.5796719457532359
SOS,25.0,5,492,-0.09825350629738527,0.5796719457532359
SOS,25.0,5,493,-5.240988137852626,0.5796719457532359
SOS,25.0,5,494,-3.7961058877460365,0.5796719457532359
SOS,25.0,5,495,5.090392922270665,0.5796719457532359
SOS,25.0,5,496,-5.6230322916748,0.5796719457532359
SOS,25.0,5,497,3.9628956521990735,0.5796719457532359
SOS,25.0,5,498,-0.722225147876747,0.5796719457532359
SOS,25.0,5,499,0.7754979411828327,0.5796719457532359
SOS,25.0,5,500,1.652206112142411,0.5796719457532359
SOS,25.0,5,501,-4.731479812814922,0.5796719457532359
SOS,25.0,5,502,4.215336831882493,0.5796719457532359
SOS,25.0,5,503,-2.2678968499312537,0.5796719457532359
SOS,25.0,5,504,-3.760229296877088,0.5796719457532359
SOS,25.0,5,505,2.5923513705705274,0.5796719457532359
SOS,25.0,5,506,3.2194490360928993,0.5796719457532359
SOS,25.0,5,507,3.364544313671482,0.5796719457532359
SOS,25.0,5,508,-2.807392535235393,0.5796719457532359
SOS,25.0,5,509,-0.1596704263757458,0.5796719457532359
SOS,25.0,5,510,-4.970119702579737,0.5796719457532359
SOS,25.0,5,511,2.6245378939008672,0.5796719457532359
SOS,25.0,5,512,-3.487684093936406,0.5796719457532359
SOS,25.0,5,513,-4.04930835579597,0.5796719457532359
SOS,25.0,5,514,3.5271048519687973,0.5796719457532359
SOS,25.0,5,515,1.3813337883006818,0.5796719457532359
SOS,25.0,5,516,4.875662060111844,0.5796719457532359
SOS,25.0,5,517,1.1958843497449865,0.5796719457532359
SOS,25.0,5,518,6.378193956728346,0.5796719457532359
SOS,25.0,5,519,1.9921408474688518,0.5796719457532359
SOS,25.0,5,520,-1.5252812875026114,0.5796719457532359
SOS,25.0,5,521,2.472056217531787,0.5796719457532359
SOS,25.0,5,522,4.651500989966458,0.5796719457532359
SOS,25.0,5,523,-0.6508854134751358,0.5796719457532359
SOS,25.0,5,524,4.403759449932572,0.5796719457532359
SOS,25.0,5,525,0.6028886467802428,0.5796719457532359
SOS,25.0,5,526,0.293792681457569,0.5796719457532359
SOS,25.0,5,527,1.5005904900012086,0.5796719457532359
SOS,25.0,5,528,2.124376833173062,0.5796719457532359
SOS,25.0,5,529,-6.56533224969745,0.5796719457532359
SOS,25.0,5,530,1.3435555864412294,0.5796719457532359
SOS,25.0,5,531,1.17163223771756,0.5796719457532359
SOS,25.0,5,532,0.8743448766951227,0.5796719457532359
SOS,25.0,5,533,-1.7253042485905565,0.5796719457532359
SOS,25.0,5,534,-4.630619409943282,0.5796719457532359
SOS,25.0,5,535,1.0880070579809384,0.5796719457532359
SOS,25.0,5,536,-2.0384709850564424,0.5796719457532359
SOS,25.0,5,537,-4.235940087749235,0.5796719457532359
SOS,25.0,5,538,5.710951862630996,0.5796719457532359
SOS,25.0,5,539,-0.5497311336086539,0.5796719457532359
SOS,25.0,5,540,1.3719693071503178,0.5796719457532359
SOS,25.0,5,541,-3.669058875832001,0.5796719457532359
SOS,25.0,5,542,2.274300230119112,0.5796719457532359
SOS,25.0,5,543,-1.2800952787563262,0.5796719457532359
SOS,25.0,5,544,-0.7159267440312196,0.5796719457532359
SOS,25.0,5,545,4.086905687904814,0.5796719457532359
SOS,25.0,5,546,1.3625928406283743,0.5796719457532359
SOS,25.0,5,547,-0.8136270907166556,0.5796719457532359
SOS,25.0,5,548,-0.8452010692296721,0.5796719457532359
SOS,25.0,5,549,0.9299590863219386,0.5796719457532359
SOS,25.0,5,550,-2.2646275570094003,0.5796719457532359
SOS,25.0,5,551,-2.742481361207002,0.5796719457532359
SOS,25.0,5,552,0.6651097585743835,0.5796719457532359
SOS,25.0,5,553,1.5868296949316638,0.5796719457532359
SOS,25.0,5,554,-1.3482324303299338,0.5796719457532359
SOS,25.0,5,555,0.1623601458660208,0.5796719457532359
SOS,25.0,5,556,3.317826852418777,0.5796719457532359
SOS,25.0,5,557,3.576113363198468,0.5796719457532359
SOS,25.0,5,558,-0.14908455866880477,0.5796719457532359
SOS,25.0,5,559,0.1389605660851304,0.5796719457532359
SOS,25.0,5,560,-0.6415477794746032,0.5796719457532359
SOS,25.0,5,561,0.4656367956697687,0.5796719457532359
SOS,25.0,5,562,2.110270263969331,0.5796719457532359
SOS,25.0,5,563,3.9727644356869725,0.5796719457532359
SOS,25.0,5,564,2.588760835359783,0.5796719457532359
SOS,25.0,5,565,-0.3626630749573546,0.5796719457532359
SOS,25.0,5,566,-3.1571412382745825,0.5796719457532359
SOS,25.0,5,567,1.8519637248164793,0.5796719457532359
SOS,25.0,5,568,2.885902858345059,0.5796719457532359
SOS,25.0,5,569,1.455501125571847,0.5796719457532359
SOS,25.0,5,570,3.1063671681925658,0.5796719457532359
SOS,25.0,5,571,0.8505847757193395,0.5796719457532359
SOS,25.0,5,572,-3.1316960577826487,0.5796719457532359
SOS,25.0,5,573,-2.335277194996292,0.5796719457532359
SOS,25.0,5,574,0.8670566505454833,0.5796719457532359
SOS,25.0,5,575,-2.3372995466031945,0.5796719457532359
SOS,25.0,5,576,-1.080449572150136,0.5796719457532359
SOS,25.0,5,577,3.65473002494817,0.5796719457532359
SOS,25.0,5,578,1.574935131592434,0.5796719457532359
SOS,25.0,5,579,5.380183080263528,0.5796719457532359
SOS,25.0,5,580,0.4689948065207157,0.5796719457532359
SOS,25.0,5,581,-3.244172083770796,0.5796719457532359
SOS,25.0,5,582,-1.4314998430538193,0.5796719457532359
SOS,25.0,5,583,-2.165621136921908,0.5796719457532359
SOS,25.0,5,584,4.093301958278493,0.5796719457532359
SOS,25.0,5,585,-4.787519045715438,0.5796719457532359
SOS,25.0,5,586,-0.8662808651266334,0.5796719457532359
SOS,25.0,5,587,0.7937195497253158,0.5796719457532359
SOS,25.0,5,588,0.2754118900922382,0.5796719457532359
SOS,25.0,5,589,-1.4950813027572518,0.5796719457532359
SOS,25.0,5,590,-0.3479026177780977,0.5796719457532359
SOS,25.0,5,591,2.8546968750364243,0.5796719457532359
SOS,25.0,5,592,-1.7953719711721035,0.5796719457532359
SOS,25.0,5,593,0.04479819405620178,0.5796719457532359
SOS,25.0,5,594,-0.750197393041854,0.5796719457532359
SOS,25.0,5,595,-5.178235594389146,0.5796719457532359
SOS,25.0,5,596,4.1422550786925525,0.5796719457532359
SOS,25.0,5,597,-1.8588914378356087,0.5796719457532359
SOS,25.0,5,598,2.5207096900203276,0.5796719457532359
SOS,25.0,5,599,0.43744425523693775,0.5796719457532359
SOS,25.0,5,600,-1.2063839153245028,0.5796719457532359
SOS,25.0,5,601,0.3273959499278983,0.5796719457532359
SOS,25.0,5,602,2.807044411652696,0.5796719457532359
SOS,25.0,5,603,2.661435137129703,0.5796719457532359
SOS,25.0,5,604,3.1871913457041177,0.5796719457532359
SOS,25.0,5,605,-2.9979060952128878,0.5796719457532359
SOS,25.0,5,606,-1.629956038187687,0.5796719457532359
SOS,25.0,5,607,2.271452199623318,0.5796719457532359
SOS,25.0,5,608,2.9658839585064607,0.5796719457532359
SOS,25.0,5,609,-3.4070747268887205,0.5796719457532359
SOS,25.0,5,610,-3.616017297885474,0.5796719457532359
SOS,25.0,5,611,2.552609543224482,0.5796719457532359
SOS,25.0,5,612,5.4890023819113605,0.5796719457532359
SOS,25.0,5,613,-1.4898315710622172,0.5796719457532359
SOS,25.0,5,614,-1.587442658983712,0.5796719457532359
SOS,25.0,5,615,3.189519440984503,0.5796719457532359
SOS,25.0,5,616,-0.3521482017509674,0.5796719457532359
SOS,25.0,5,617,-0.798121470769834,0.5796719457532359
SOS,25.0,5,618,0.4762409869304185,0.5796719457532359
SOS,25.0,5,619,2.3035499049963963,0.5796719457532359
SOS,25.0,5,620,-1.4709227546040633,0.5796719457532359
SOS,25.0,5,621,1.0552602967379192,0.5796719457532359
SOS,25.0,5,622,3.4114087339459207,0.5796719457532359
SOS,25.0,5,623,0.8174728914927106,0.5796719457532359
SOS,25.0,5,624,4.581979694206281,0.5796719457532359
SOS,25.0,5,625,-0.6753259266107668,0.5796719457532359
SOS,25.0,5,626,-0.6255152185490588,0.5796719457532359
SOS,25.0,5,627,1.480770394701032,0.5796719457532359
SOS,25.0,5,628,3.7190906408591773,0.5796719457532359
SOS,25.0,5,629,0.6935614962048708,0.5796719457532359
SOS,25.0,5,630,2.8237799505044405,0.5796719457532359
SOS,25.0,5,631,-1.387227617636179,0.5796719457532359
SOS,25.0,5,632,3.760737751282547,0.5796719457532359
SOS,25.0,5,633,0.672939215472352,0.5796719457532359
SOS,25.0,5,634,-0.44074432942001385,0.5796719457532359
SOS,25.0,5,635,0.9332878786534078,0.5796719457532359
SOS,25.0,5,636,-1.4701730594340625,0.5796719457532359
SOS,25.0,5,637,3.6481275348801647,0.5796719457532359
SOS,25.0,5,638,3.144946567824556,0.5796719457532359
SOS,25.0,5,639,-0.8474259910656247,0.5796719457532359
SOS,25.0,5,640,3.4762863257094283,0.5796719457532359
SOS,25.0,5,641,-2.374275287277224,0.5796719457532359
SOS,25.0,5,642,-2.2399869815821223,0.5796719457532359
SOS,25.0,5,643,-1.7310564999028983,0.5796719457532359
SOS,25.0,5,644,4.458283962932451,0.5796719457532359
SOS,25.0,5,645,3.02624569670869,0.5796719457532359
SOS,25.0,5,646,-1.970634243037142,0.5796719457532359
SOS,25.0,5,647,-2.394937282324984,0.5796719457532359
SOS,25.0,5,648,1.851984910543746,0.5796719457532359
SOS,25.0,5,649,0.5261009693960657,0.5796719457532359
SOS,25.0,5,650,2.180593444747978,0.5796719457532359
SOS,25.0,5,651,0.5203573730175526,0.5796719457532359
SOS,25.0,5,652,-0.44478250087744436,0.5796719457532359
SOS,25.0,5,653,0.9494765296501999,0.5796719457532359
SOS,25.0,5,654,-1.633766313545812,0.5796719457532359
SOS,25.0,5,655,3.8952756533085067,0.5796719457532359
SOS,25.0,5,656,-0.92966842658739,0.5796719457532359
SOS,25.0,5,657,2.8998680367110383,0.5796719457532359
SOS,25.0,5,658,1.9027884095999616,0.5796719457532359
SOS,25.0,5,659,0.20724013536934205,0.5796719457532359
SOS,25.0,5,660,1.4185548217447386,0.5796719457532359
SOS,25.0,5,661,1.3829140957028194,0.5796719457532359
SOS,25.0,5,662,2.387606999723539,0.5796719457532359
SOS,25.0,5,663,0.7410211519759629,0.5796719457532359
SOS,25.0,5,664,0.37901015185153014,0.5796719457532359
SOS,25.0,5,665,0.7276072518598582,0.5796719457532359
SOS,25.0,5,666,-1.6521406753198224,0.5796719457532359
SOS,25.0,5,667,1.8483476679570974,0.5796719457532359
SOS,25.0,5,668,0.0001431705352706869,0.5796719457532359
SOS,25.0,5,669,2.3275705493404883,0.5796719457532359
SOS,25.0,5,670,3.230900741391581,0.5796719457532359
SOS,25.0,5,671,-0.5819502338212166,0.5796719457532359
SOS,25.0,5,672,2.56108915024891,0.5796719457532359
SOS,25.0,5,673,-1.4722369307163348,0.5796719457532359
SOS,25.0,5,674,-1.5430713268235565,0.5796719457532359
SOS,25.0,5,675,0.006812846927017696,0.5796719457532359
SOS,25.0,5,676,5.324443425188592,0.5796719457532359
SOS,25.0,5,677,-3.3308000770382344,0.5796719457532359
SOS,25.0,5,678,1.1351781989330187,0.5796719457532359
SOS,25.0,5,679,3.7452394154138466,0.5796719457532359
SOS,25.0,5,680,0.10677743393343464,0.5796719457532359
SOS,25.0,5,681,-3.260835476939431,0.5796719457532359
SOS,25.0,5,682,0.07149891787877372,0.5796719457532359
SOS,25.0,5,683,5.264826168707857,0.5796719457532359
SOS,25.0,5,684,-1.6785481464311927,0.5796719457532359
SOS,25.0,5,685,-0.9752265152744339,0.5796719457532359
SOS,25.0,5,686,-2.1915058459503185,0.5796719457532359
SOS,25.0,5,687,0.10578279837734339,0.5796719457532359
SOS,25.0,5,688,0.5303633226626707,0.5796719457532359
SOS,25.0,5,689,1.2232550298958282,0.5796719457532359
SOS,25.0,5,690,4.585965711034424,0.5796719457532359
SOS,25.0,5,691,1.7151704935761614,0.5796719457532359
SOS,25.0,5,692,-3.732837929861777,0.5796719457532359
SOS,25.0,5,693,3.1326543967726033,0.5796719457532359
SOS,25.0,5,694,-4.386654436104214,0.5796719457532359
SOS,25.0,5,695,4.403545732074473,0.5796719457532359
SOS,25.0,5,696,7.106808563780747,0.5796719457532359
SOS,25.0,5,697,-4.4272429900544505,0.5796719457532359
SOS,25.0,5,698,3.4532028037936984,0.5796719457532359
SOS,25.0,5,699,-3.252184616030711,0.5796719457532359
SOS,25.0,5,700,-3.1034871631465855,0.5796719457532359
SOS,25.0,5,701,3.313564911459699,0.5796719457532359
SOS,25.0,5,702,-1.6739540133067166,0.5796719457532359
SOS,25.0,5,703,0.44110340726741626,0.5796719457532359
SOS,25.0,5,704,2.9214038586717073,0.5796719457532359
SOS,25.0,5,705,2.8631523545700506,0.5796719457532359
SOS,25.0,5,706,-0.5211986441280767,0.5796719457532359
SOS,25.0,5,707,0.3339359481377733,0.5796719457532359
SOS,25.0,5,708,-1.0012254136728567,0.5796719457532359
SOS,25.0,5,709,3.3756074282223123,0.5796719457532359
SOS,25.0,5,710,-1.549246484248512,0.5796719457532359
SOS,25.0,5,711,4.882767885818095,0.5796719457532359
SOS,25.0,5,712,3.9843228697811646,0.5796719457532359
SOS,25.0,5,713,-2.539915590045375,0.5796719457532359
SOS,25.0,5,714,4.379713368511734,0.5796719457532359
SOS,25.0,5,715,-0.7288967204920468,0.5796719457532359
SOS,25.0,5,716,-4.370508043499742,0.5796719457532359
SOS,25.0,5,717,1.131523051860152,0.5796719457532359
SOS,25.0,5,718,0.9786349992693938,0.5796719457532359
SOS,25.0,5,719,0.853464514796131,0.5796719457532359
SOS,25.0,5,720,-0.873794373474529,0.5796719457532359
SOS,25.0,5,721,-2.7871486139592063,0.5796719457532359
SOS,25.0,5,722,-5.651136021423987,0.5796719457532359
SOS,25.0,5,723,-3.397980994017116,0.5796719457532359
SOS,25.0,5,724,0.24208573822939727,0.5796719457532359
SOS,25.0,5,725,-0.9614327983638884,0.5796719457532359
SOS,25.0,5,726,2.980691063390328,0.5796719457532359
SOS,25.0,5,727,1.5557914397834331,0.5796719457532359
SOS,25.0,5,728,2.555778309646819,0.5796719457532359
SOS,25.0,5,729,-2.585329880305308,0.5796719457532359
SOS,25.0,5,730,-4.129151280950834,0.5796719457532359
SOS,25.0,5,731,-2.469208155809058,0.5796719457532359
SOS,25.0,5,732,-2.2000596874991283,0.5796719457532359
SOS,25.0,5,733,2.0039310230135126,0.5796719457532359
SOS,25.0,5,734,4.030054293268265,0.5796719457532359
SOS,25.0,5,735,1.2196491970401329,0.5796719457532359
SOS,25.0,5,736,3.2973913968815993,0.5796719457532359
SOS,25.0,5,737,2.7091299127950608,0.5796719457532359
SOS,25.0,5,738,-0.12428321760150196,0.5796719457532359
SOS,25.0,5,739,-1.9945044448135982,0.5796719457532359
SOS,25.0,5,740,6.976428152745923,0.5796719457532359
SOS,25.0,5,741,-4.24576879913329,0.5796719457532359
SOS,25.0,5,742,2.271772998109773,0.5796719457532359
SOS,25.0,5,743,3.4232297752459333,0.5796719457532359
SOS,25.0,5,744,2.2865176877507407,0.5796719457532359
SOS,25.0,5,745,-0.1931578436661793,0.5796719457532359
SOS,25.0,5,746,2.7280175168034857,0.5796719457532359
SOS,25.0,5,747,5.30513564268429,0.5796719457532359
SOS,25.0,5,748,-1.3574201199736877,0.5796719457532359
SOS,25.0,5,749,2.377672259546521,0.5796719457532359
SOS,25.0,5,750,-2.4924274612687882,0.5796719457532359
SOS,25.0,5,751,-4.283300404615006,0.5796719457532359
SOS,25.0,5,752,-1.3551825881210826,0.5796719457532359
SOS,25.0,5,753,4.622897342505363,0.5796719457532359
SOS,25.0,5,754,-2.8225591491262723,0.5796719457532359
SOS,25.0,5,755,-2.760316976067805,0.5796719457532359
SOS,25.0,5,756,-4.71114561595111,0.5796719457532359
SOS,25.0,5,757,0.24467776163835753,0.5796719457532359
SOS,25.0,5,758,-2.409864899993533,0.5796719457532359
SOS,25.0,5,759,-1.2438703256442027,0.5796719457532359
SOS,25.0,5,760,2.4537542328359865,0.5796719457532359
SOS,25.0,5,761,4.445282522845551,0.5796719457532359
SOS,25.0,5,762,2.157359955864917,0.5796719457532359
SOS,25.0,5,763,3.385897496085674,0.5796719457532359
SOS,25.0,5,764,1.484800775594596,0.5796719457532359
SOS,25.0,5,765,-3.0682680924142764,0.5796719457532359
SOS,25.0,5,766,-1.540572068710218,0.5796719457532359
SOS,25.0,5,767,0.6131592789823217,0.5796719457532359
SOS,25.0,5,768,-1.6948577149398698,0.5796719457532359
SOS,25.0,5,769,-3.1161846279379453,0.5796719457532359
SOS,25.0,5,770,2.9185208703818573,0.5796719457532359
SOS,25.0,5,771,4.629764139429055,0.5796719457532359
SOS,25.0,5,772,-0.7373924489041025,0.5796719457532359
SOS,25.0,5,773,0.5298532515012445,0.5796719457532359
SOS,25.0,5,774,-0.2298912264114481,0.5796719457532359
SOS,25.0,5,775,3.049754087411553,0.5796719457532359
SOS,25.0,5,776,-3.6813139420728302,0.5796719457532359
SOS,25.0,5,777,-3.264398569457872,0.5796719457532359
SOS,25.0,5,778,4.129840197115072,0.5796719457532359
SOS,25.0,5,779,4.42123978042204,0.5796719457532359
SOS,25.0,5,780,2.1923228237802674,0.5796719457532359
SOS,25.0,5,781,-1.9880895905915015,0.5796719457532359
SOS,25.0,5,782,-4.21013334482368,0.5796719457532359
SOS,25.0,5,783,0.9017937530929493,0.5796719457532359
SOS,25.0,5,784,0.5453764089523121,0.5796719457532359
SOS,25.0,5,785,0.5041595118962058,0.5796719457532359
SOS,25.0,5,786,4.521098199462983,0.5796719457532359
SOS,25.0,5,787,-6.379455006957939,0.5796719457532359
SOS,25.0,5,788,6.054118175779081,0.5796719457532359
SOS,25.0,5,789,1.7054393758514064,0.5796719457532359
SOS,25.0,5,790,5.7960444908598125,0.5796719457532359
SOS,25.0,5,791,1.6923881273798806,0.5796719457532359
SOS,25.0,5,792,-1.3229013649040733,0.5796719457532359
SOS,25.0,5,793,-3.028862075939106,0.5796719457532359
SOS,25.0,5,794,-0.7037362769956361,0.5796719457532359
SOS,25.0,5,795,3.9807898246648232,0.5796719457532359
SOS,25.0,5,796,-2.2516208536362097,0.5796719457532359
SOS,25.0,5,797,-0.033207163604037415,0.5796719457532359
SOS,25.0,5,798,1.1165737667561642,0.5796719457532359
SOS,25.0,5,799,-1.953316117751325,0.5796719457532359
SOS,25.0,5,800,-3.1691970299526937,0.5796719457532359
SOS,25.0,5,801,-1.7429445782856308,0.5796719457532359
SOS,25.0,5,802,3.277024083311465,0.5796719457532359
SOS,25.0,5,803,5.9824354909739945,0.5796719457532359
SOS,25.0,5,804,-0.5111547838876784,0.5796719457532359
SOS,25.0,5,805,3.2507408117914696,0.5796719457532359
SOS,25.0,5,806,5.486979698681325,0.5796719457532359
SOS,25.0,5,807,1.9971477425133832,0.5796719457532359
SOS,25.0,5,808,5.176603500070649,0.5796719457532359
SOS,25.0,5,809,2.6390463696920143,0.5796719457532359
SOS,25.0,5,810,-1.826000026278674,0.5796719457532359
SOS,25.0,5,811,0.7674869972292642,0.5796719457532359
SOS,25.0,5,812,0.1943424371127185,0.5796719457532359
SOS,25.0,5,813,-4.20541801121329,0.5796719457532359
SOS,25.0,5,814,1.0638581854345128,0.5796719457532359
SOS,25.0,5,815,0.09430749734286725,0.5796719457532359
SOS,25.0,5,816,-3.535922747092184,0.5796719457532359
SOS,25.0,5,817,-3.7168587792159213,0.5796719457532359
SOS,25.0,5,818,-1.3010441284024425,0.5796719457532359
SOS,25.0,5,819,-2.743535672231933,0.5796719457532359
SOS,25.0,5,820,-0.6425769732297204,0.5796719457532359
SOS,25.0,5,821,3.868777573344454,0.5796719457532359
SOS,25.0,5,822,0.961556658924097,0.5796719457532359
SOS,25.0,5,823,-0.7535321609271947,0.5796719457532359
SOS,25.0,5,824,1.0214458597154676,0.5796719457532359
SOS,25.0,5,825,-4.012662399955713,0.5796719457532359
SOS,25.0,5,826,-3.9481691953346494,0.5796719457532359
SOS,25.0,5,827,2.0084561687511666,0.5796719457532359
SOS,25.0,5,828,0.03985900750542132,0.5796719457532359
SOS,25.0,5,829,-1.9387226784901381,0.5796719457532359
SOS,25.0,5,830,-1.0997235264686835,0.5796719457532359
SOS,25.0,5,831,3.5155811466185636,0.5796719457532359
SOS,25.0,5,832,-1.9863320805484266,0.5796719457532359
SOS,25.0,5,833,-1.5476949344800381,0.5796719457532359
SOS,25.0,5,834,7.818070078079115,0.5796719457532359
SOS,25.0,5,835,1.4430517571786061,0.5796719457532359
SOS,25.0,5,836,1.7621908307128311,0.5796719457532359
SOS,25.0,5,837,0.9349226515538646,0.5796719457532359
SOS,25.0,5,838,-3.050661733283534,0.5796719457532359
SOS,25.0,5,839,1.7617425840916061,0.5796719457532359
SOS,25.0,5,840,2.5612456021060614,0.5796719457532359
SOS,25.0,5,841,3.1213526802297733,0.5796719457532359
SOS,25.0,5,842,-0.3824075642828981,0.5796719457532359
SOS,25.0,5,843,-2.850270251570046,0.5796719457532359
SOS,25.0,5,844,3.2350019958680987,0.5796719457532359
SOS,25.0,5,845,-4.994860801718472,0.5796719457532359
SOS,25.0,5,846,0.04125807073710286,0.5796719457532359
SOS,25.0,5,847,1.5946687453437536,0.5796719457532359
SOS,25.0,5,848,0.17845925753120473,0.5796719457532359
SOS,25.0,5,849,6.336765754464335,0.5796719457532359
SOS,25.0,5,850,1.603847553717563,0.5796719457532359
SOS,25.0,5,851,3.5841990871123164,0.5796719457532359
SOS,25.0,5,852,-1.7569511669537363,0.5796719457532359
SOS,25.0,5,853,-0.7729267246281948,0.5796719457532359
SOS,25.0,5,854,3.8202056589312603,0.5796719457532359
SOS,25.0,5,855,1.2419281851067083,0.5796719457532359
SOS,25.0,5,856,2.9169796493450395,0.5796719457532359
SOS,25.0,5,857,-3.2934607398567834,0.5796719457532359
SOS,25.0,5,858,-0.4414111797763779,0.5796719457532359
SOS,25.0,5,859,2.5093536478625835,0.5796719457532359
SOS,25.0,5,860,-1.0640345710568697,0.5796719457532359
SOS,25.0,5,861,2.9572487006289823,0.5796719457532359
SOS,25.0,5,862,-0.05536184009134834,0.5796719457532359
SOS,25.0,5,863,0.17233036640500327,0.5796719457532359
SOS,25.0,5,864,2.032783003240603,0.5796719457532359
SOS,25.0,5,865,4.43917397730854,0.5796719457532359
SOS,25.0,5,866,-3.9633745640411173,0.5796719457532359
SOS,25.0,5,867,2.6895453983795035,0.5796719457532359
SOS,25.0,5,868,-1.4687562097444753,0.5796719457532359
SOS,25.0,5,869,-3.1971663065576523,0.5796719457532359
SOS,25.0,5,870,3.150150600830833,0.5796719457532359
SOS,25.0,5,871,1.7494087464987178,0.5796719457532359
SOS,25.0,5,872,-2.2418653522211636,0.5796719457532359
SOS,25.0,5,873,0.9000236233698193,0.5796719457532359
SOS,25.0,5,874,4.5666712440816575,0.5796719457532359
SOS,25.0,5,875,-1.5177375430575148,0.5796719457532359
SOS,25.0,5,876,-1.4272645215000934,0.5796719457532359
SOS,25.0,5,877,-7.915878077069033,0.5796719457532359
SOS,25.0,5,878,3.806810633375357,0.5796719457532359
SOS,25.0,5,879,1.0722526103148051,0.5796719457532359
SOS,25.0,5,880,1.8025941680798627,0.5796719457532359
SOS,25.0,5,881,-2.517819450009652,0.5796719457532359
SOS,25.0,5,882,0.11764157016193333,0.5796719457532359
SOS,25.0,5,883,2.2080361954796706,0.5796719457532359
SOS,25.0,5,884,2.850747954803218,0.5796719457532359
SOS,25.0,5,885,-0.058024803088976507,0.5796719457532359
SOS,25.0,5,886,2.2693151897369113,0.5796719457532359
SOS,25.0,5,887,-1.0100121770641732,0.5796719457532359
SOS,25.0,5,888,-2.858264111210868,0.5796719457532359
SOS,25.0,5,889,-1.8079801858420463,0.5796719457532359
SOS,25.0,5,890,1.2956274492920612,0.5796719457532359
SOS,25.0,5,891,0.7292585359755464,0.5796719457532359
SOS,25.0,5,892,3.1526550129758606,0.5796719457532359
SOS,25.0,5,893,1.1551455506008494,0.5796719457532359
SOS,25.0,5,894,0.8282369647825485,0.5796719457532359
SOS,25.0,5,895,1.7324983541218475,0.5796719457532359
SOS,25.0,5,896,1.0274357896800845,0.5796719457532359
SOS,25.0,5,897,0.07269749819666105,0.5796719457532359
SOS,25.0,5,898,1.7469793008299739,0.5796719457532359
SOS,25.0,5,899,1.886945955990972,0.5796719457532359
SOS,25.0,5,900,-5.090726923452491,0.5796719457532359
SOS,25.0,5,901,1.2382493157241252,0.5796719457532359
SOS,25.0,5,902,-2.5207835289619887,0.5796719457532359
SOS,25.0,5,903,0.5638115453227214,0.5796719457532359
SOS,25.0,5,904,-1.0009178577611975,0.5796719457532359
SOS,25.0,5,905,2.7505491899473924,0.5796719457532359
SOS,25.0,5,906,-4.125742077878526,0.5796719457532359
SOS,25.0,5,907,5.334421697166572,0.5796719457532359
SOS,25.0,5,908,1.5776808774519187,0.5796719457532359
SOS,25.0,5,909,-0.7534324758920267,0.5796719457532359
SOS,25.0,5,910,0.17649992124023206,0.5796719457532359
SOS,25.0,5,911,-1.9076016820032633,0.5796719457532359
SOS,25.0,5,912,2.2687603458363714,0.5796719457532359
SOS,25.0,5,913,-0.8697994414842674,0.5796719457532359
SOS,25.0,5,914,2.11220337268285,0.5796719457532359
SOS,25.0,5,915,-0.05033939161589873,0.5796719457532359
SOS,25.0,5,916,1.2898555513907612,0.5796719457532359
SOS,25.0,5,917,-4.314928638386766,0.5796719457532359
SOS,25.0,5,918,-1.4980253367079561,0.5796719457532359
SOS,25.0,5,919,-3.7785570233166346,0.5796719457532359
SOS,25.0,5,920,1.8860171852291878,0.5796719457532359
SOS,25.0,5,921,0.7805419862509472,0.5796719457532359
SOS,25.0,5,922,-4.046953926323933,0.5796719457532359
SOS,25.0,5,923,3.1356089629859163,0.5796719457532359
SOS,25.0,5,924,4.256576288708947,0.5796719457532359
SOS,25.0,5,925,-1.6572994771237715,0.5796719457532359
SOS,25.0,5,926,-1.688992218709776,0.5796719457532359
SOS,25.0,5,927,-2.205844472390538,0.5796719457532359
SOS,25.0,5,928,-1.6482085268295652,0.5796719457532359
SOS,25.0,5,929,0.34783335251405023,0.5796719457532359
SOS,25.0,5,930,-0.12118253658644873,0.5796719457532359
SOS,25.0,5,931,2.941106669203443,0.5796719457532359
SOS,25.0,5,932,1.2403266368660262,0.5796719457532359
SOS,25.0,5,933,4.621813633274469,0.5796719457532359
SOS,25.0,5,934,0.8882936361002196,0.5796719457532359
SOS,25.0,5,935,-1.0733148561418782,0.5796719457532359
SOS,25.0,5,936,-0.6047019595274791,0.5796719457532359
SOS,25.0,5,937,5.164991601558622,0.5796719457532359
SOS,25.0,5,938,8.178406045418551,0.5796719457532359
SOS,25.0,5,939,4.700912252178714,0.5796719457532359
SOS,25.0,5,940,-0.9358687845461455,0.5796719457532359
SOS,25.0,5,941,3.9803514210428395,0.5796719457532359
SOS,25.0,5,942,-2.7831473867637326,0.5796719457532359
SOS,25.0,5,943,3.157839556289928,0.5796719457532359
SOS,25.0,5,944,6.336233571393195,0.5796719457532359
SOS,25.0,5,945,0.5657783349983199,0.5796719457532359
SOS,25.0,5,946,3.015431915907598,0.5796719457532359
SOS,25.0,5,947,-1.2051266727642007,0.5796719457532359
SOS,25.0,5,948,-0.9238282223962024,0.5796719457532359
SOS,25.0,5,949,0.0938111752971027,0.5796719457532359
SOS,25.0,5,950,-2.4677011692400477,0.5796719457532359
SOS,25.0,5,951,2.191221516330877,0.5796719457532359
SOS,25.0,5,952,1.938383685790691,0.5796719457532359
SOS,25.0,5,953,-1.6537812173000803,0.5796719457532359
SOS,25.0,5,954,1.1885240782402096,0.5796719457532359
SOS,25.0,5,955,0.07349707224794094,0.5796719457532359
SOS,25.0,5,956,-4.2893807601310465,0.5796719457532359
SOS,25.0,5,957,3.2690478404373877,0.5796719457532359
SOS,25.0,5,958,2.7766631005991957,0.5796719457532359
SOS,25.0,5,959,-2.944565149164622,0.5796719457532359
SOS,25.0,5,960,3.2320210776557947,0.5796719457532359
SOS,25.0,5,961,-0.11691768802667069,0.5796719457532359
SOS,25.0,5,962,3.54029957128835,0.5796719457532359
SOS,25.0,5,963,3.1210588180922008,0.5796719457532359
SOS,25.0,5,964,2.3870914763175506,0.5796719457532359
SOS,25.0,5,965,1.880075410136807,0.5796719457532359
SOS,25.0,5,966,-0.226330124244884,0.5796719457532359
SOS,25.0,5,967,-1.3135294951358183,0.5796719457532359
SOS,25.0,5,968,0.7754530915813049,0.5796719457532359
SOS,25.0,5,969,3.974010407961465,0.5796719457532359
SOS,25.0,5,970,-3.4457184953797055,0.5796719457532359
SOS,25.0,5,971,0.10045331333551899,0.5796719457532359
SOS,25.0,5,972,-1.4664039643595221,0.5796719457532359
SOS,25.0,5,973,2.9106944646449957,0.5796719457532359
SOS,25.0,5,974,-3.410080588066887,0.5796719457532359
SOS,25.0,5,975,0.15079116346162774,0.5796719457532359
SOS,25.0,5,976,3.022592906287111,0.5796719457532359
SOS,25.0,5,977,-3.6949754764278966,0.5796719457532359
SOS,25.0,5,978,-2.202294344303686,0.5796719457532359
SOS,25.0,5,979,5.047518434384681,0.5796719457532359
SOS,25.0,5,980,-3.048754043307257,0.5796719457532359
SOS,25.0,5,981,-2.5052469417721444,0.5796719457532359
SOS,25.0,5,982,-1.0817917685328013,0.5796719457532359
SOS,25.0,5,983,3.6466450931073737,0.5796719457532359
SOS,25.0,5,984,3.57838383042034,0.5796719457532359
SOS,25.0,5,985,-2.1224495475607954,0.5796719457532359
SOS,25.0,5,986,-4.4827088048689365,0.5796719457532359
SOS,25.0,5,987,-4.090847350805068,0.5796719457532359
SOS,25.0,5,988,0.9312790428379986,0.5796719457532359
SOS,25.0,5,989,-2.129306843793948,0.5796719457532359
SOS,25.0,5,990,-0.3646857403568717,0.5796719457532359
SOS,25.0,5,991,4.833558419010858,0.5796719457532359
SOS,25.0,5,992,-2.3813121195911977,0.5796719457532359
SOS,25.0,5,993,5.247325912480169,0.5796719457532359
SOS,25.0,5,994,4.929631679112505,0.5796719457532359
SOS,25.0,5,995,3.4200440668989267,0.5796719457532359
SOS,25.0,5,996,1.6430349883553848,0.5796719457532359
SOS,25.0,5,997,0.16427375412572692,0.5796719457532359
SOS,25.0,5,998,1.3219916963759741,0.5796719457532359
SOS,25.0,5,999,-3.1617188133730085,0.5796719457532359
SOS,35.0,5,1,-1.2967345958430987,0.8971996031878589
SOS,35.0,5,2,4.281320844385836,0.8971996031878589
SOS,35.0,5,3,1.702599034298427,0.8971996031878589
SOS,35.0,5,4,2.0657601089262583,0.8971996031878589
SOS,35.0,5,5,1.359834110744659,0.8971996031878589
SOS,35.0,5,6,0.7136112405000437,0.8971996031878589
SOS,35.0,5,7,-1.563619868075351,0.8971996031878589
SOS,35.0,5,8,0.34443159583873073,0.8971996031878589
SOS,35.0,5,9,0.0532274034412773,0.8971996031878589
SOS,35.0,5,10,1.6493547249901839,0.8971996031878589
SOS,35.0,5,11,-0.042616259477346485,0.8971996031878589
SOS,35.0,5,12,-0.7352123614956478,0.8971996031878589
SOS,35.0,5,13,0.5960840388393398,0.8971996031878589
SOS,35.0,5,14,2.4097860576001313,0.8971996031878589
SOS,35.0,5,15,-0.3947372416492041,0.8971996031878589
SOS,35.0,5,16,3.530741171284883,0.8971996031878589
SOS,35.0,5,17,-0.6745581604619733,0.8971996031878589
SOS,35.0,5,18,-0.09588297277740443,0.8971996031878589
SOS,35.0,5,19,-0.38787942867541336,0.8971996031878589
SOS,35.0,5,20,2.298932357309435,0.8971996031878589
SOS,35.0,5,21,3.102445342879002,0.8971996031878589
SOS,35.0,5,22,-0.6466883389374982,0.8971996031878589
SOS,35.0,5,23,2.386857059923652,0.8971996031878589
SOS,35.0,5,24,3.9230661917673926,0.8971996031878589
SOS,35.0,5,25,0.2788830742800066,0.8971996031878589
SOS,35.0,5,26,1.489119609711763,0.8971996031878589
SOS,35.0,5,27,-0.7321022232208603,0.8971996031878589
SOS,35.0,5,28,2.051933735515378,0.8971996031878589
SOS,35.0,5,29,-1.845838352013222,0.8971996031878589
SOS,35.0,5,30,2.9222970887715642,0.8971996031878589
SOS,35.0,5,31,-1.5067879691715351,0.8971996031878589
SOS,35.0,5,32,-1.5122524464804965,0.8971996031878589
SOS,35.0,5,33,-0.5848109312966434,0.8971996031878589
SOS,35.0,5,34,1.2538181406860178,0.8971996031878589
SOS,35.0,5,35,2.2009978011086666,0.8971996031878589
SOS,35.0,5,36,1.0980657388069917,0.8971996031878589
SOS,35.0,5,37,1.7922190442179657,0.8971996031878589
SOS,35.0,5,38,1.5309899059022716,0.8971996031878589
SOS,35.0,5,39,4.699644920918895,0.8971996031878589
SOS,35.0,5,40,3.7789520835893837,0.8971996031878589
SOS,35.0,5,41,-0.3367196573234519,0.8971996031878589
SOS,35.0,5,42,0.9775436180934461,0.8971996031878589
SOS,35.0,5,43,-0.8811546083992399,0.8971996031878589
SOS,35.0,5,44,1.6827144677668997,0.8971996031878589
SOS,35.0,5,45,-0.45184539133928325,0.8971996031878589
SOS,35.0,5,46,2.165376491416682,0.8971996031878589
SOS,35.0,5,47,0.8169392158531366,0.8971996031878589
SOS,35.0,5,48,0.3866249485354236,0.8971996031878589
SOS,35.0,5,49,-1.2124119795378374,0.8971996031878589
SOS,35.0,5,50,3.9529017587921316,0.8971996031878589
SOS,35.0,5,51,0.43173385196711833,0.8971996031878589
SOS,35.0,5,52,1.3415776021500552,0.8971996031878589
SOS,35.0,5,53,2.5786103844428543,0.8971996031878589
SOS,35.0,5,54,2.1529430883086453,0.8971996031878589
SOS,35.0,5,55,-2.036209306470113,0.8971996031878589
SOS,35.0,5,56,0.8120840804553915,0.8971996031878589
SOS,35.0,5,57,2.274148517006055,0.8971996031878589
SOS,35.0,5,58,-0.4836740346461944,0.8971996031878589
SOS,35.0,5,59,2.7694522269149395,0.8971996031878589
SOS,35.0,5,60,1.5194757608535034,0.8971996031878589
SOS,35.0,5,61,-2.8301333036130982,0.8971996031878589
SOS,35.0,5,62,2.7102494271137827,0.8971996031878589
SOS,35.0,5,63,-2.3671739761373507,0.8971996031878589
SOS,35.0,5,64,2.6725077063933504,0.8971996031878589
SOS,35.0,5,65,0.03664503135571495,0.8971996031878589
SOS,35.0,5,66,2.816599584715141,0.8971996031878589
SOS,35.0,5,67,1.9001630746041334,0.8971996031878589
SOS,35.0,5,68,-2.103369826452217,0.8971996031878589
SOS,35.0,5,69,0.317428517230522,0.8971996031878589
SOS,35.0,5,70,2.1155870342900354,0.8971996031878589
SOS,35.0,5,71,0.8588286239778571,0.8971996031878589
SOS,35.0,5,72,-2.841162372053766,0.8971996031878589
SOS,35.0,5,73,0.8718983531812994,0.8971996031878589
SOS,35.0,5,74,0.48062895166300423,0.8971996031878589
SOS,35.0,5,75,4.993069697262074,0.8971996031878589
SOS,35.0,5,76,-1.712088119095045,0.8971996031878589
SOS,35.0,5,77,0.9668759372400144,0.8971996031878589
SOS,35.0,5,78,4.221582240179973,0.8971996031878589
SOS,35.0,5,79,-2.3924811954450265,0.8971996031878589
SOS,35.0,5,80,2.2925881077989025,0.8971996031878589
SOS,35.0,5,81,2.579544606944367,0.8971996031878589
SOS,35.0,5,82,-0.06656647638998536,0.8971996031878589
SOS,35.0,5,83,-1.7228585824788274,0.8971996031878589
SOS,35.0,5,84,1.2400792688211526,0.8971996031878589
SOS,35.0,5,85,2.1302211072728223,0.8971996031878589
SOS,35.0,5,86,2.2029446242109763,0.8971996031878589
SOS,35.0,5,87,2.9385074123718873,0.8971996031878589
SOS,35.0,5,88,1.253524462642071,0.8971996031878589
SOS,35.0,5,89,-1.1685592012477009,0.8971996031878589
SOS,35.0,5,90,3.2940372378211764,0.8971996031878589
SOS,35.0,5,91,-1.9313166523618208,0.8971996031878589
SOS,35.0,5,92,5.836566310719387,0.8971996031878589
SOS,35.0,5,93,4.379093697741501,0.8971996031878589
SOS,35.0,5,94,3.6952249239744006,0.8971996031878589
SOS,35.0,5,95,0.9079488613737016,0.8971996031878589
SOS,35.0,5,96,-0.4717722438834411,0.8971996031878589
SOS,35.0,5,97,0.621828098587232,0.8971996031878589
SOS,35.0,5,98,2.055040409246157,0.8971996031878589
SOS,35.0,5,99,0.5371231613705867,0.8971996031878589
SOS,35.0,5,100,0.5879442291861197,0.8971996031878589
SOS,35.0,5,101,-2.361595293459036,0.8971996031878589
SOS,35.0,5,102,2.6593276162762223,0.8971996031878589
SOS,35.0,5,103,0.19899905111109617,0.8971996031878589
SOS,35.0,5,104,0.9935949767648866,0.8971996031878589
SOS,35.0,5,105,3.4408114984184786,0.8971996031878589
SOS,35.0,5,106,1.3285471802412536,0.8971996031878589
SOS,35.0,5,107,-0.11779597219598492,0.8971996031878589
SOS,35.0,5,108,2.070358664078226,0.8971996031878589
SOS,35.0,5,109,3.244426953604,0.8971996031878589
SOS,35.0,5,110,-0.5765031098503122,0.8971996031878589
SOS,35.0,5,111,4.085402435229579,0.8971996031878589
SOS,35.0,5,112,3.6505361178708,0.8971996031878589
SOS,35.0,5,113,5.065863103224194,0.8971996031878589
SOS,35.0,5,114,-0.7475948274832975,0.8971996031878589
SOS,35.0,5,115,1.9606364290489031,0.8971996031878589
SOS,35.0,5,116,-0.39482756953115444,0.8971996031878589
SOS,35.0,5,117,2.1424043690524552,0.8971996031878589
SOS,35.0,5,118,-1.3649899565022927,0.8971996031878589
SOS,35.0,5,119,-0.3617239099813949,0.8971996031878589
SOS,35.0,5,120,2.2692144069559887,0.8971996031878589
SOS,35.0,5,121,1.0746251204952033,0.8971996031878589
SOS,35.0,5,122,1.257764398119986,0.8971996031878589
SOS,35.0,5,123,2.055801944453103,0.8971996031878589
SOS,35.0,5,124,-0.789566161324023,0.8971996031878589
SOS,35.0,5,125,1.7790648044082336,0.8971996031878589
SOS,35.0,5,126,-1.5159394480909962,0.8971996031878589
SOS,35.0,5,127,2.3329889856195187,0.8971996031878589
SOS,35.0,5,128,3.2968255783380807,0.8971996031878589
SOS,35.0,5,129,-3.4315431395874616,0.8971996031878589
SOS,35.0,5,130,-0.4670232839373729,0.8971996031878589
SOS,35.0,5,131,3.715167284562492,0.8971996031878589
SOS,35.0,5,132,1.682621897268266,0.8971996031878589
SOS,35.0,5,133,1.754055293654972,0.8971996031878589
SOS,35.0,5,134,-0.3413692065805418,0.8971996031878589
SOS,35.0,5,135,3.060824068180663,0.8971996031878589
SOS,35.0,5,136,2.957263820010499,0.8971996031878589
SOS,35.0,5,137,-0.2909835325147019,0.8971996031878589
SOS,35.0,5,138,0.3299966052743314,0.8971996031878589
SOS,35.0,5,139,0.6724612502547875,0.8971996031878589
SOS,35.0,5,140,2.087491532960875,0.8971996031878589
SOS,35.0,5,141,1.4669667569749807,0.8971996031878589
SOS,35.0,5,142,0.009912699124365765,0.8971996031878589
SOS,35.0,5,143,2.560454472271588,0.8971996031878589
SOS,35.0,5,144,2.075459474908896,0.8971996031878589
SOS,35.0,5,145,-0.6079942012991246,0.8971996031878589
SOS,35.0,5,146,-2.1613571872736075,0.8971996031878589
SOS,35.0,5,147,0.5048008451193255,0.8971996031878589
SOS,35.0,5,148,4.926094966040858,0.8971996031878589
SOS,35.0,5,149,-1.3975126423447464,0.8971996031878589
SOS,35.0,5,150,3.4711097129685076,0.8971996031878589
SOS,35.0,5,151,3.635517174987598,0.8971996031878589
SOS,35.0,5,152,-1.3012668026860494,0.8971996031878589
SOS,35.0,5,153,-0.7941516490020826,0.8971996031878589
SOS,35.0,5,154,-0.46046047399420464,0.8971996031878589
SOS,35.0,5,155,-1.0741805810558152,0.8971996031878589
SOS,35.0,5,156,2.8732049890481735,0.8971996031878589
SOS,35.0,5,157,-0.5298469445712286,0.8971996031878589
SOS,35.0,5,158,-0.8498159569704875,0.8971996031878589
SOS,35.0,5,159,-0.4821702947822093,0.8971996031878589
SOS,35.0,5,160,-0.8485869277594568,0.8971996031878589
SOS,35.0,5,161,1.0012734008945858,0.8971996031878589
SOS,35.0,5,162,0.08692690949113135,0.8971996031878589
SOS,35.0,5,163,5.020892353430491,0.8971996031878589
SOS,35.0,5,164,0.005782634672034437,0.8971996031878589
SOS,35.0,5,165,0.7589077095535042,0.8971996031878589
SOS,35.0,5,166,1.193750267472804,0.8971996031878589
SOS,35.0,5,167,-0.2211964241116613,0.8971996031878589
SOS,35.0,5,168,1.3635382917832568,0.8971996031878589
SOS,35.0,5,169,1.4095543509769515,0.8971996031878589
SOS,35.0,5,170,0.7941037211002379,0.8971996031878589
SOS,35.0,5,171,1.0315378014949594,0.8971996031878589
SOS,35.0,5,172,2.564395591250088,0.8971996031878589
SOS,35.0,5,173,-1.489834330906597,0.8971996031878589
SOS,35.0,5,174,0.3194729342655658,0.8971996031878589
SOS,35.0,5,175,1.3681613858062356,0.8971996031878589
SOS,35.0,5,176,0.602964807140451,0.8971996031878589
SOS,35.0,5,177,-2.2867322727985115,0.8971996031878589
SOS,35.0,5,178,1.0717425798953883,0.8971996031878589
SOS,35.0,5,179,3.3905833079205525,0.8971996031878589
SOS,35.0,5,180,-0.6400537331860809,0.8971996031878589
SOS,35.0,5,181,2.723515444552044,0.8971996031878589
SOS,35.0,5,182,2.1840344292180602,0.8971996031878589
SOS,35.0,5,183,0.5540606302703517,0.8971996031878589
SOS,35.0,5,184,0.3175057918440496,0.8971996031878589
SOS,35.0,5,185,1.1930632075101493,0.8971996031878589
SOS,35.0,5,186,4.478637025839699,0.8971996031878589
SOS,35.0,5,187,3.6288404605539037,0.8971996031878589
SOS,35.0,5,188,0.8096131033970282,0.8971996031878589
SOS,35.0,5,189,-1.0926690389435525,0.8971996031878589
SOS,35.0,5,190,1.9142402290487786,0.8971996031878589
SOS,35.0,5,191,2.835132657227774,0.8971996031878589
SOS,35.0,5,192,1.3892953946061308,0.8971996031878589
SOS,35.0,5,193,-2.4996045653885304,0.8971996031878589
SOS,35.0,5,194,-2.017743176021586,0.8971996031878589
SOS,35.0,5,195,0.3471444540240253,0.8971996031878589
SOS,35.0,5,196,-0.1842836574121005,0.8971996031878589
SOS,35.0,5,197,-1.8987956154037464,0.8971996031878589
SOS,35.0,5,198,1.7239050191895382,0.8971996031878589
SOS,35.0,5,199,-1.314617310616276,0.8971996031878589
SOS,35.0,5,200,0.3034152189573769,0.8971996031878589
SOS,35.0,5,201,1.2363226142496158,0.8971996031878589
SOS,35.0,5,202,2.32492887345603,0.8971996031878589
SOS,35.0,5,203,0.41958137941038065,0.8971996031878589
SOS,35.0,5,204,0.14509974356412414,0.8971996031878589
SOS,35.0,5,205,-0.16173935203019663,0.8971996031878589
SOS,35.0,5,206,-1.3114057541724917,0.8971996031878589
SOS,35.0,5,207,-1.8668128163962214,0.8971996031878589
SOS,35.0,5,208,-2.5025329821951647,0.8971996031878589
SOS,35.0,5,209,-1.1223433093060196,0.8971996031878589
SOS,35.0,5,210,1.8506324418711115,0.8971996031878589
SOS,35.0,5,211,-2.156578347616782,0.8971996031878589
SOS,35.0,5,212,2.2455690136614397,0.8971996031878589
SOS,35.0,5,213,2.007707166135442,0.8971996031878589
SOS,35.0,5,214,2.0661390689491865,0.8971996031878589
SOS,35.0,5,215,2.2601532864682286,0.8971996031878589
SOS,35.0,5,216,-1.7395843306696588,0.8971996031878589
SOS,35.0,5,217,3.646274839088523,0.8971996031878589
SOS,35.0,5,218,-0.008771777948982928,0.8971996031878589
SOS,35.0,5,219,2.684006093678658,0.8971996031878589
SOS,35.0,5,220,-0.9900149255755598,0.8971996031878589
SOS,35.0,5,221,3.5503107764739728,0.8971996031878589
SOS,35.0,5,222,-2.137234450747509,0.8971996031878589
SOS,35.0,5,223,2.7765124788467777,0.8971996031878589
SOS,35.0,5,224,0.17176002247355482,0.8971996031878589
SOS,35.0,5,225,1.7179383078185917,0.8971996031878589
SOS,35.0,5,226,2.226306365508323,0.8971996031878589
SOS,35.0,5,227,2.560246766254555,0.8971996031878589
SOS,35.0,5,228,1.9998097404128916,0.8971996031878589
SOS,35.0,5,229,3.161485774297062,0.8971996031878589
SOS,35.0,5,230,0.6696873469098132,0.8971996031878589
SOS,35.0,5,231,-0.5755913442929614,0.8971996031878589
SOS,35.0,5,232,0.2973348845448949,0.8971996031878589
SOS,35.0,5,233,-2.7042193922903235,0.8971996031878589
SOS,35.0,5,234,-1.1946044042101434,0.8971996031878589
SOS,35.0,5,235,1.2762556235685096,0.8971996031878589
SOS,35.0,5,236,-2.2500922925434494,0.8971996031878589
SOS,35.0,5,237,-0.12840595769859497,0.8971996031878589
SOS,35.0,5,238,1.963447146788905,0.8971996031878589
SOS,35.0,5,239,3.8128077689695146,0.8971996031878589
SOS,35.0,5,240,-0.39763782847211204,0.8971996031878589
SOS,35.0,5,241,0.8533977261793075,0.8971996031878589
SOS,35.0,5,242,2.2890300221541007,0.8971996031878589
SOS,35.0,5,243,1.3898448051761831,0.8971996031878589
SOS,35.0,5,244,-0.9291121614218818,0.8971996031878589
SOS,35.0,5,245,2.182679479949545,0.8971996031878589
SOS,35.0,5,246,2.9335833801670024,0.8971996031878589
SOS,35.0,5,247,0.10354013217156544,0.8971996031878589
SOS,35.0,5,248,3.196116284330683,0.8971996031878589
SOS,35.0,5,249,3.033627255634603,0.8971996031878589
SOS,35.0,5,250,-1.8738291994924592,0.8971996031878589
SOS,35.0,5,251,5.939615311546026,0.8971996031878589
SOS,35.0,5,252,3.35044148362089,0.8971996031878589
SOS,35.0,5,253,2.7642473229804847,0.8971996031878589
SOS,35.0,5,254,-0.09233853357764232,0.8971996031878589
SOS,35.0,5,255,0.1543202254519791,0.8971996031878589
SOS,35.0,5,256,-2.8439360860038803,0.8971996031878589
SOS,35.0,5,257,0.08500195881863792,0.8971996031878589
SOS,35.0,5,258,3.590729338241496,0.8971996031878589
SOS,35.0,5,259,0.42801145982687305,0.8971996031878589
SOS,35.0,5,260,0.49844940891026157,0.8971996031878589
SOS,35.0,5,261,-0.7823957541868931,0.8971996031878589
SOS,35.0,5,262,3.0863438982726525,0.8971996031878589
SOS,35.0,5,263,1.6017467878869982,0.8971996031878589
SOS,35.0,5,264,1.3807081125062826,0.8971996031878589
SOS,35.0,5,265,2.46406697245276,0.8971996031878589
SOS,35.0,5,266,-2.1935983420280283,0.8971996031878589
SOS,35.0,5,267,0.1391004019873272,0.8971996031878589
SOS,35.0,5,268,-0.5386757357344021,0.8971996031878589
SOS,35.0,5,269,2.20993924828994,0.8971996031878589
SOS,35.0,5,270,0.9385294992255578,0.8971996031878589
SOS,35.0,5,271,0.5157423244932862,0.8971996031878589
SOS,35.0,5,272,2.110601930769249,0.8971996031878589
SOS,35.0,5,273,0.4715320204683162,0.8971996031878589
SOS,35.0,5,274,1.7177905062645102,0.8971996031878589
SOS,35.0,5,275,-2.535652801357322,0.8971996031878589
SOS,35.0,5,276,2.9285506244782313,0.8971996031878589
SOS,35.0,5,277,-2.276134066348281,0.8971996031878589
SOS,35.0,5,278,3.8852494050596067,0.8971996031878589
SOS,35.0,5,279,1.1372620867729775,0.8971996031878589
SOS,35.0,5,280,2.3410278432492557,0.8971996031878589
SOS,35.0,5,281,-0.8903636434867626,0.8971996031878589
SOS,35.0,5,282,1.4704921112791252,0.8971996031878589
SOS,35.0,5,283,3.156344765540763,0.8971996031878589
SOS,35.0,5,284,0.0711218417240933,0.8971996031878589
SOS,35.0,5,285,-0.3490127738386428,0.8971996031878589
SOS,35.0,5,286,-0.6215487742600134,0.8971996031878589
SOS,35.0,5,287,1.0579362535007981,0.8971996031878589
SOS,35.0,5,288,1.5979591868118777,0.8971996031878589
SOS,35.0,5,289,-0.7097596443805492,0.8971996031878589
SOS,35.0,5,290,3.626727539489851,0.8971996031878589
SOS,35.0,5,291,1.653127516749311,0.8971996031878589
SOS,35.0,5,292,-0.7535843337136643,0.8971996031878589
SOS,35.0,5,293,-2.6678379156881133,0.8971996031878589
SOS,35.0,5,294,3.696331015416332,0.8971996031878589
SOS,35.0,5,295,-2.930938367597715,0.8971996031878589
SOS,35.0,5,296,1.1133628263242685,0.8971996031878589
SOS,35.0,5,297,1.1696434629351984,0.8971996031878589
SOS,35.0,5,298,0.031842760320517305,0.8971996031878589
SOS,35.0,5,299,4.307626555770176,0.8971996031878589
SOS,35.0,5,300,2.3219837312333014,0.8971996031878589
SOS,35.0,5,301,0.8824144330261441,0.8971996031878589
SOS,35.0,5,302,-0.2580479994995686,0.8971996031878589
SOS,35.0,5,303,0.41694899612415015,0.8971996031878589
SOS,35.0,5,304,0.22300141890970626,0.8971996031878589
SOS,35.0,5,305,3.8198742419635696,0.8971996031878589
SOS,35.0,5,306,-0.3199680064383057,0.8971996031878589
SOS,35.0,5,307,-0.440941284986448,0.8971996031878589
SOS,35.0,5,308,-0.7814265914833218,0.8971996031878589
SOS,35.0,5,309,-1.8591472723424478,0.8971996031878589
SOS,35.0,5,310,-1.6412659531275113,0.8971996031878589
SOS,35.0,5,311,2.2536316122447593,0.8971996031878589
SOS,35.0,5,312,3.723762801342076,0.8971996031878589
SOS,35.0,5,313,-0.3235187735068299,0.8971996031878589
SOS,35.0,5,314,-1.656036230604577,0.8971996031878589
SOS,35.0,5,315,0.20751261349028116,0.8971996031878589
SOS,35.0,5,316,1.1084764883382037,0.8971996031878589
SOS,35.0,5,317,3.398314551500861,0.8971996031878589
SOS,35.0,5,318,1.3191805208179994,0.8971996031878589
SOS,35.0,5,319,0.39348463967073566,0.8971996031878589
SOS,35.0,5,320,-1.2537872174475488,0.8971996031878589
SOS,35.0,5,321,3.1036898577931034,0.8971996031878589
SOS,35.0,5,322,3.527883653353726,0.8971996031878589
SOS,35.0,5,323,0.26372472333910396,0.8971996031878589
SOS,35.0,5,324,0.9628670393301775,0.8971996031878589
SOS,35.0,5,325,2.6604295488719725,0.8971996031878589
SOS,35.0,5,326,3.23536634070817,0.8971996031878589
SOS,35.0,5,327,3.656465489292752,0.8971996031878589
SOS,35.0,5,328,2.627864811629033,0.8971996031878589
SOS,35.0,5,329,-1.4955732518642175,0.8971996031878589
SOS,35.0,5,330,1.0321147261856332,0.8971996031878589
SOS,35.0,5,331,1.2009536613567402,0.8971996031878589
SOS,35.0,5,332,0.713018514191951,0.8971996031878589
SOS,35.0,5,333,2.1234279472170208,0.8971996031878589
SOS,35.0,5,334,3.3807245164570117,0.8971996031878589
SOS,35.0,5,335,1.8740430392671996,0.8971996031878589
SOS,35.0,5,336,1.1396721807017203,0.8971996031878589
SOS,35.0,5,337,0.17640931552188305,0.8971996031878589
SOS,35.0,5,338,0.8047600133661734,0.8971996031878589
SOS,35.0,5,339,0.5662426392416491,0.8971996031878589
SOS,35.0,5,340,-0.8244885156498374,0.8971996031878589
SOS,35.0,5,341,2.970832688527801,0.8971996031878589
SOS,35.0,5,342,1.8986111387772935,0.8971996031878589
SOS,35.0,5,343,0.6449896467755614,0.8971996031878589
SOS,35.0,5,344,2.67009908179453,0.8971996031878589
SOS,35.0,5,345,0.9102693067227998,0.8971996031878589
SOS,35.0,5,346,1.3593887126691722,0.8971996031878589
SOS,35.0,5,347,2.058577210854004,0.8971996031878589
SOS,35.0,5,348,-1.2657149009407553,0.8971996031878589
SOS,35.0,5,349,-0.8299893159459302,0.8971996031878589
SOS,35.0,5,350,-1.5090164411715907,0.8971996031878589
SOS,35.0,5,351,1.4349068695215887,0.8971996031878589
SOS,35.0,5,352,-3.5855444180901457,0.8971996031878589
SOS,35.0,5,353,-1.570575146457823,0.8971996031878589
SOS,35.0,5,354,-2.1823723282025713,0.8971996031878589
SOS,35.0,5,355,1.977036584012112,0.8971996031878589
SOS,35.0,5,356,0.6968816334433694,0.8971996031878589
SOS,35.0,5,357,0.17675776619533234,0.8971996031878589
SOS,35.0,5,358,2.784032995281337,0.8971996031878589
SOS,35.0,5,359,0.13980760488748922,0.8971996031878589
SOS,35.0,5,360,-1.458833132690553,0.8971996031878589
SOS,35.0,5,361,4.04062162124129,0.8971996031878589
SOS,35.0,5,362,0.8557845502979375,0.8971996031878589
SOS,35.0,5,363,-0.2491915356725063,0.8971996031878589
SOS,35.0,5,364,0.30746325060417257,0.8971996031878589
SOS,35.0,5,365,3.4557794770728085,0.8971996031878589
SOS,35.0,5,366,1.0133887525442629,0.8971996031878589
SOS,35.0,5,367,0.9437520335323433,0.8971996031878589
SOS,35.0,5,368,0.38600274188547634,0.8971996031878589
SOS,35.0,5,369,-1.2882271333447792,0.8971996031878589
SOS,35.0,5,370,-1.5036295745502506,0.8971996031878589
SOS,35.0,5,371,-0.9637654333097143,0.8971996031878589
SOS,35.0,5,372,-0.23053431799140034,0.8971996031878589
SOS,35.0,5,373,-1.7698538299842044,0.8971996031878589
SOS,35.0,5,374,0.5323382443912694,0.8971996031878589
SOS,35.0,5,375,0.9869571424900232,0.8971996031878589
SOS,35.0,5,376,-0.012731117078406351,0.8971996031878589
SOS,35.0,5,377,-0.519047916019652,0.8971996031878589
SOS,35.0,5,378,-0.6755674457672391,0.8971996031878589
SOS,35.0,5,379,-0.374827308436708,0.8971996031878589
SOS,35.0,5,380,-0.3423882399060143,0.8971996031878589
SOS,35.0,5,381,2.609229500442369,0.8971996031878589
SOS,35.0,5,382,-1.0883893294058788,0.8971996031878589
SOS,35.0,5,383,2.0133394827674915,0.8971996031878589
SOS,35.0,5,384,-0.44294577549995284,0.8971996031878589
SOS,35.0,5,385,0.6460065712594362,0.8971996031878589
SOS,35.0,5,386,0.9680502777266786,0.8971996031878589
SOS,35.0,5,387,-0.17396815341829108,0.8971996031878589
SOS,35.0,5,388,3.5758119662821146,0.8971996031878589
SOS,35.0,5,389,0.06674890854200433,0.8971996031878589
SOS,35.0,5,390,2.2592817091044046,0.8971996031878589
SOS,35.0,5,391,0.28950696894428973,0.8971996031878589
SOS,35.0,5,392,-0.8756003106521024,0.8971996031878589
SOS,35.0,5,393,-0.6864763930304043,0.8971996031878589
SOS,35.0,5,394,-1.538359980052021,0.8971996031878589
SOS,35.0,5,395,2.090072427926975,0.8971996031878589
SOS,35.0,5,396,0.11379941474854993,0.8971996031878589
SOS,35.0,5,397,0.9277955085214111,0.8971996031878589
SOS,35.0,5,398,1.5549430071688466,0.8971996031878589
SOS,35.0,5,399,0.548804305437242,0.8971996031878589
SOS,35.0,5,400,1.890760220903461,0.8971996031878589
SOS,35.0,5,401,0.4598108728863879,0.8971996031878589
SOS,35.0,5,402,2.4529494236410283,0.8971996031878589
SOS,35.0,5,403,-3.5070758137815945,0.8971996031878589
SOS,35.0,5,404,1.595869006818694,0.8971996031878589
SOS,35.0,5,405,1.280838365311023,0.8971996031878589
SOS,35.0,5,406,0.16432649757666073,0.8971996031878589
SOS,35.0,5,407,0.8637264570052132,0.8971996031878589
SOS,35.0,5,408,-2.575424437674445,0.8971996031878589
SOS,35.0,5,409,-0.8266326180509402,0.8971996031878589
SOS,35.0,5,410,-0.5039561948568934,0.8971996031878589
SOS,35.0,5,411,0.22932557745242654,0.8971996031878589
SOS,35.0,5,412,0.1336945866500776,0.8971996031878589
SOS,35.0,5,413,0.358247047914515,0.8971996031878589
SOS,35.0,5,414,-0.4160822808240336,0.8971996031878589
SOS,35.0,5,415,2.2051398258059045,0.8971996031878589
SOS,35.0,5,416,2.0366314076447636,0.8971996031878589
SOS,35.0,5,417,1.9489694343020931,0.8971996031878589
SOS,35.0,5,418,1.7148682262738688,0.8971996031878589
SOS,35.0,5,419,1.4008914516685222,0.8971996031878589
SOS,35.0,5,420,1.3815861195137114,0.8971996031878589
SOS,35.0,5,421,-0.7874518702169502,0.8971996031878589
SOS,35.0,5,422,-0.3076643958700429,0.8971996031878589
SOS,35.0,5,423,1.9177956678638195,0.8971996031878589
SOS,35.0,5,424,-0.42450349045607294,0.8971996031878589
SOS,35.0,5,425,1.1661442206006254,0.8971996031878589
SOS,35.0,5,426,0.8903484340333989,0.8971996031878589
SOS,35.0,5,427,3.8151745210218984,0.8971996031878589
SOS,35.0,5,428,1.2534566061608103,0.8971996031878589
SOS,35.0,5,429,-0.3039749360834496,0.8971996031878589
SOS,35.0,5,430,1.158690121534658,0.8971996031878589
SOS,35.0,5,431,-0.47652087690160316,0.8971996031878589
SOS,35.0,5,432,1.591219692290764,0.8971996031878589
SOS,35.0,5,433,1.5569854496594253,0.8971996031878589
SOS,35.0,5,434,-1.3867985398757279,0.8971996031878589
SOS,35.0,5,435,0.35088192832079,0.8971996031878589
SOS,35.0,5,436,1.377392561011813,0.8971996031878589
SOS,35.0,5,437,2.334811099271486,0.8971996031878589
SOS,35.0,5,438,0.5103636973748737,0.8971996031878589
SOS,35.0,5,439,1.440653985249247,0.8971996031878589
SOS,35.0,5,440,-0.04484840953977165,0.8971996031878589
SOS,35.0,5,441,-1.5138413327735953,0.8971996031878589
SOS,35.0,5,442,1.966703026517333,0.8971996031878589
SOS,35.0,5,443,3.2660736276131606,0.8971996031878589
SOS,35.0,5,444,4.815458805446081,0.8971996031878589
SOS,35.0,5,445,0.4492495431272806,0.8971996031878589
SOS,35.0,5,446,2.038221106025473,0.8971996031878589
SOS,35.0,5,447,0.45188661530897,0.8971996031878589
SOS,35.0,5,448,-0.16295827061357193,0.8971996031878589
SOS,35.0,5,449,-1.9278924042026993,0.8971996031878589
SOS,35.0,5,450,-1.1239356509296392,0.8971996031878589
SOS,35.0,5,451,-1.526432782007921,0.8971996031878589
SOS,35.0,5,452,-0.8454281216747057,0.8971996031878589
SOS,35.0,5,453,3.4266859160597387,0.8971996031878589
SOS,35.0,5,454,0.5595296745165943,0.8971996031878589
SOS,35.0,5,455,-0.25167230427415777,0.8971996031878589
SOS,35.0,5,456,-2.2366174608225937,0.8971996031878589
SOS,35.0,5,457,-0.897023362615481,0.8971996031878589
SOS,35.0,5,458,2.2050813340533892,0.8971996031878589
SOS,35.0,5,459,0.8507587149779624,0.8971996031878589
SOS,35.0,5,460,-0.41867567813882833,0.8971996031878589
SOS,35.0,5,461,0.16613246759413802,0.8971996031878589
SOS,35.0,5,462,1.4571187652816788,0.8971996031878589
SOS,35.0,5,463,-0.26055813318759324,0.8971996031878589
SOS,35.0,5,464,1.5948388711496813,0.8971996031878589
SOS,35.0,5,465,1.1907131922278165,0.8971996031878589
SOS,35.0,5,466,-0.018212119516543446,0.8971996031878589
SOS,35.0,5,467,-0.0911519186543508,0.8971996031878589
SOS,35.0,5,468,1.5808159065144256,0.8971996031878589
SOS,35.0,5,469,1.8638384441297424,0.8971996031878589
SOS,35.0,5,470,1.4058814168660188,0.8971996031878589
SOS,35.0,5,471,0.7672827457019453,0.8971996031878589
SOS,35.0,5,472,-2.7852813355560273,0.8971996031878589
SOS,35.0,5,473,-2.525752607056494,0.8971996031878589
SOS,35.0,5,474,3.04353539361799,0.8971996031878589
SOS,35.0,5,475,0.5896517757409475,0.8971996031878589
SOS,35.0,5,476,-0.6667486415432515,0.8971996031878589
SOS,35.0,5,477,-3.0536261922414996,0.8971996031878589
SOS,35.0,5,478,-2.3291402111727812,0.8971996031878589
SOS,35.0,5,479,2.721070960943516,0.8971996031878589
SOS,35.0,5,480,1.3646521828583291,0.8971996031878589
SOS,35.0,5,481,1.8227647734009391,0.8971996031878589
SOS,35.0,5,482,2.639853314017194,0.8971996031878589
SOS,35.0,5,483,1.4829346593380517,0.8971996031878589
SOS,35.0,5,484,4.041420797973477,0.8971996031878589
SOS,35.0,5,485,-1.2275720801242032,0.8971996031878589
SOS,35.0,5,486,1.9637870419550998,0.8971996031878589
SOS,35.0,5,487,1.7692731422836903,0.8971996031878589
SOS,35.0,5,488,-1.7884389946288333,0.8971996031878589
SOS,35.0,5,489,-1.8644111878237617,0.8971996031878589
SOS,35.0,5,490,-2.7935792187404522,0.8971996031878589
SOS,35.0,5,491,-1.0783623634226405,0.8971996031878589
SOS,35.0,5,492,1.453788118045352,0.8971996031878589
SOS,35.0,5,493,4.1087321671530175,0.8971996031878589
SOS,35.0,5,494,0.21448433979731962,0.8971996031878589
SOS,35.0,5,495,3.001612660580669,0.8971996031878589
SOS,35.0,5,496,3.919775391504253,0.8971996031878589
SOS,35.0,5,497,0.13150575394406827,0.8971996031878589
SOS,35.0,5,498,-0.7417797545982483,0.8971996031878589
SOS,35.0,5,499,-2.0724701699175445,0.8971996031878589
SOS,35.0,5,500,0.9265310531711451,0.8971996031878589
SOS,35.0,5,501,2.015569472825873,0.8971996031878589
SOS,35.0,5,502,1.0196490226346047,0.8971996031878589
SOS,35.0,5,503,0.7814114885740517,0.8971996031878589
SOS,35.0,5,504,0.519443516495,0.8971996031878589
SOS,35.0,5,505,3.3682843345956512,0.8971996031878589
SOS,35.0,5,506,-1.2766345073675378,0.8971996031878589
SOS,35.0,5,507,3.1286754697076997,0.8971996031878589
SOS,35.0,5,508,-0.09906527663337861,0.8971996031878589
SOS,35.0,5,509,2.7386216055515886,0.8971996031878589
SOS,35.0,5,510,-1.0747273239619441,0.8971996031878589
SOS,35.0,5,511,2.3882071844634494,0.8971996031878589
SOS,35.0,5,512,1.1632265549850964,0.8971996031878589
SOS,35.0,5,513,3.303505450224197,0.8971996031878589
SOS,35.0,5,514,-2.004931214364699,0.8971996031878589
SOS,35.0,5,515,2.4701870573743596,0.8971996031878589
SOS,35.0,5,516,0.8145679837858986,0.8971996031878589
SOS,35.0,5,517,-0.941425664331832,0.8971996031878589
SOS,35.0,5,518,0.5725178634058172,0.8971996031878589
SOS,35.0,5,519,3.791346280880873,0.8971996031878589
SOS,35.0,5,520,3.168894368811397,0.8971996031878589
SOS,35.0,5,521,-2.4560837639565767,0.8971996031878589
SOS,35.0,5,522,-0.9129806151963186,0.8971996031878589
SOS,35.0,5,523,0.030403002866352558,0.8971996031878589
SOS,35.0,5,524,1.3745747246642166,0.8971996031878589
SOS,35.0,5,525,0.35212534915241545,0.8971996031878589
SOS,35.0,5,526,0.7160447170593565,0.8971996031878589
SOS,35.0,5,527,0.6723999344614755,0.8971996031878589
SOS,35.0,5,528,0.23478564419768366,0.8971996031878589
SOS,35.0,5,529,0.8308016161061624,0.8971996031878589
SOS,35.0,5,530,-0.28834530797241587,0.8971996031878589
SOS,35.0,5,531,1.749493286988781,0.8971996031878589
SOS,35.0,5,532,-3.592802680225359,0.8971996031878589
SOS,35.0,5,533,-0.43702301114533326,0.8971996031878589
SOS,35.0,5,534,0.918280641947379,0.8971996031878589
SOS,35.0,5,535,0.9750555859048275,0.8971996031878589
SOS,35.0,5,536,-0.4176182939889821,0.8971996031878589
SOS,35.0,5,537,-1.2311619821592164,0.8971996031878589
SOS,35.0,5,538,2.442868756999412,0.8971996031878589
SOS,35.0,5,539,1.2067898371225263,0.8971996031878589
SOS,35.0,5,540,-1.9913000766991653,0.8971996031878589
SOS,35.0,5,541,1.6739395987585097,0.8971996031878589
SOS,35.0,5,542,0.8405041835531992,0.8971996031878589
SOS,35.0,5,543,2.840390053581558,0.8971996031878589
SOS,35.0,5,544,0.34028796167538533,0.8971996031878589
SOS,35.0,5,545,-1.8071857570972156,0.8971996031878589
SOS,35.0,5,546,0.2594906719160215,0.8971996031878589
SOS,35.0,5,547,-0.6904080256893907,0.8971996031878589
SOS,35.0,5,548,-2.7622572065475897,0.8971996031878589
SOS,35.0,5,549,0.5191761196629419,0.8971996031878589
SOS,35.0,5,550,1.4371909421285727,0.8971996031878589
SOS,35.0,5,551,-0.04208582761479307,0.8971996031878589
SOS,35.0,5,552,0.6704795718527274,0.8971996031878589
SOS,35.0,5,553,3.285141182845075,0.8971996031878589
SOS,35.0,5,554,0.6996026887421478,0.8971996031878589
SOS,35.0,5,555,1.3917044019672575,0.8971996031878589
SOS,35.0,5,556,3.887960431027765,0.8971996031878589
SOS,35.0,5,557,-1.4794851109213998,0.8971996031878589
SOS,35.0,5,558,2.1567892982876185,0.8971996031878589
SOS,35.0,5,559,-0.650193868548482,0.8971996031878589
SOS,35.0,5,560,3.5692976959691904,0.8971996031878589
SOS,35.0,5,561,3.8346271164947834,0.8971996031878589
SOS,35.0,5,562,1.1947585821942723,0.8971996031878589
SOS,35.0,5,563,1.178129733235111,0.8971996031878589
SOS,35.0,5,564,1.1866162407247818,0.8971996031878589
SOS,35.0,5,565,3.0479650018714515,0.8971996031878589
SOS,35.0,5,566,2.9731589061214736,0.8971996031878589
SOS,35.0,5,567,0.5424126180533944,0.8971996031878589
SOS,35.0,5,568,3.3288561969354324,0.8971996031878589
SOS,35.0,5,569,-1.3588857936474468,0.8971996031878589
SOS,35.0,5,570,-0.5782946861274414,0.8971996031878589
SOS,35.0,5,571,1.6661407683000822,0.8971996031878589
SOS,35.0,5,572,-1.1064161420754257,0.8971996031878589
SOS,35.0,5,573,2.161427696708254,0.8971996031878589
SOS,35.0,5,574,0.37162993832016245,0.8971996031878589
SOS,35.0,5,575,0.8587874049614843,0.8971996031878589
SOS,35.0,5,576,2.743219635863386,0.8971996031878589
SOS,35.0,5,577,0.28687381486330255,0.8971996031878589
SOS,35.0,5,578,1.8643565231249448,0.8971996031878589
SOS,35.0,5,579,0.2493811050911754,0.8971996031878589
SOS,35.0,5,580,1.3441173010188652,0.8971996031878589
SOS,35.0,5,581,4.079080738951927,0.8971996031878589
SOS,35.0,5,582,1.5502562558789235,0.8971996031878589
SOS,35.0,5,583,0.9462891593647154,0.8971996031878589
SOS,35.0,5,584,1.7875020862805986,0.8971996031878589
SOS,35.0,5,585,-0.15558781027043334,0.8971996031878589
SOS,35.0,5,586,-0.04750445446191487,0.8971996031878589
SOS,35.0,5,587,2.0465832750133788,0.8971996031878589
SOS,35.0,5,588,-0.9376942884917296,0.8971996031878589
SOS,35.0,5,589,3.5766500051123558,0.8971996031878589
SOS,35.0,5,590,0.9329985584379774,0.8971996031878589
SOS,35.0,5,591,-0.7777623405676212,0.8971996031878589
SOS,35.0,5,592,2.6080025828156996,0.8971996031878589
SOS,35.0,5,593,4.5226003242627355,0.8971996031878589
SOS,35.0,5,594,1.383348636505822,0.8971996031878589
SOS,35.0,5,595,2.6890028807257167,0.8971996031878589
SOS,35.0,5,596,0.7759492498046082,0.8971996031878589
SOS,35.0,5,597,2.499474095998894,0.8971996031878589
SOS,35.0,5,598,-0.7005737384391595,0.8971996031878589
SOS,35.0,5,599,4.168719662936631,0.8971996031878589
SOS,35.0,5,600,-0.8981077079079913,0.8971996031878589
SOS,35.0,5,601,-0.5280387327118425,0.8971996031878589
SOS,35.0,5,602,1.807656451099685,0.8971996031878589
SOS,35.0,5,603,0.5687938649552031,0.8971996031878589
SOS,35.0,5,604,0.9516710216036772,0.8971996031878589
SOS,35.0,5,605,1.6071850649934674,0.8971996031878589
SOS,35.0,5,606,1.6644704342253953,0.8971996031878589
SOS,35.0,5,607,-0.6064109397150499,0.8971996031878589
SOS,35.0,5,608,1.9317851295760065,0.8971996031878589
SOS,35.0,5,609,1.6258021269687153,0.8971996031878589
SOS,35.0,5,610,1.6627457961303707,0.8971996031878589
SOS,35.0,5,611,-1.246302583416397,0.8971996031878589
SOS,35.0,5,612,-1.5191624692172276,0.8971996031878589
SOS,35.0,5,613,4.153580157048763,0.8971996031878589
SOS,35.0,5,614,1.4621804911034721,0.8971996031878589
SOS,35.0,5,615,0.9082518361574823,0.8971996031878589
SOS,35.0,5,616,3.231096324049034,0.8971996031878589
SOS,35.0,5,617,0.6732997409537473,0.8971996031878589
SOS,35.0,5,618,1.8751231221341687,0.8971996031878589
SOS,35.0,5,619,0.767138182644362,0.8971996031878589
SOS,35.0,5,620,0.630737178300276,0.8971996031878589
SOS,35.0,5,621,-0.1550147903012502,0.8971996031878589
SOS,35.0,5,622,2.394161326075926,0.8971996031878589
SOS,35.0,5,623,3.513875950815391,0.8971996031878589
SOS,35.0,5,624,1.9920842944614479,0.8971996031878589
SOS,35.0,5,625,2.4141885566693704,0.8971996031878589
SOS,35.0,5,626,-0.22450681210070844,0.8971996031878589
SOS,35.0,5,627,2.626401354448851,0.8971996031878589
SOS,35.0,5,628,3.4207091549745963,0.8971996031878589
SOS,35.0,5,629,0.6937008308452359,0.8971996031878589
SOS,35.0,5,630,2.870018847592818,0.8971996031878589
SOS,35.0,5,631,1.3496787157508978,0.8971996031878589
SOS,35.0,5,632,0.2901516396124646,0.8971996031878589
SOS,35.0,5,633,-1.7411935789065869,0.8971996031878589
SOS,35.0,5,634,1.2221567794528039,0.8971996031878589
SOS,35.0,5,635,3.8364014815197494,0.8971996031878589
SOS,35.0,5,636,-0.8644385338229883,0.8971996031878589
SOS,35.0,5,637,1.1559491646954148,0.8971996031878589
SOS,35.0,5,638,1.56988590710911,0.8971996031878589
SOS,35.0,5,639,0.8318408288335885,0.8971996031878589
SOS,35.0,5,640,5.10351392661266,0.8971996031878589
SOS,35.0,5,641,0.44991270287147844,0.8971996031878589
SOS,35.0,5,642,3.446097666852422,0.8971996031878589
SOS,35.0,5,643,2.6257254718145417,0.8971996031878589
SOS,35.0,5,644,0.32339333913277035,0.8971996031878589
SOS,35.0,5,645,2.0623936549572455,0.8971996031878589
SOS,35.0,5,646,-1.5902299695633983,0.8971996031878589
SOS,35.0,5,647,1.9542685674292395,0.8971996031878589
SOS,35.0,5,648,0.5584693557746474,0.8971996031878589
SOS,35.0,5,649,1.7593530452667794,0.8971996031878589
SOS,35.0,5,650,3.9885616834911426,0.8971996031878589
SOS,35.0,5,651,2.7228331824140195,0.8971996031878589
SOS,35.0,5,652,-0.3353943407445898,0.8971996031878589
SOS,35.0,5,653,1.9345825273700619,0.8971996031878589
SOS,35.0,5,654,-0.7322396183075153,0.8971996031878589
SOS,35.0,5,655,3.2876817674536385,0.8971996031878589
SOS,35.0,5,656,-0.6349954786227134,0.8971996031878589
SOS,35.0,5,657,-0.699577388967321,0.8971996031878589
SOS,35.0,5,658,2.312313613302188,0.8971996031878589
SOS,35.0,5,659,0.6111081715607068,0.8971996031878589
SOS,35.0,5,660,1.138739860003348,0.8971996031878589
SOS,35.0,5,661,0.9474157794586575,0.8971996031878589
SOS,35.0,5,662,-2.4972678341735124,0.8971996031878589
SOS,35.0,5,663,1.033745900444087,0.8971996031878589
SOS,35.0,5,664,-1.3153358437838945,0.8971996031878589
SOS,35.0,5,665,2.26364862844742,0.8971996031878589
SOS,35.0,5,666,0.7990164102867994,0.8971996031878589
SOS,35.0,5,667,4.066962265688577,0.8971996031878589
SOS,35.0,5,668,1.478264791385005,0.8971996031878589
SOS,35.0,5,669,-2.90540154235574,0.8971996031878589
SOS,35.0,5,670,-0.5286432175280624,0.8971996031878589
SOS,35.0,5,671,4.2101261755634525,0.8971996031878589
SOS,35.0,5,672,0.6332736033815505,0.8971996031878589
SOS,35.0,5,673,-0.6828837773339949,0.8971996031878589
SOS,35.0,5,674,0.23218644970151958,0.8971996031878589
SOS,35.0,5,675,1.1286990763605265,0.8971996031878589
SOS,35.0,5,676,-0.8555000104208115,0.8971996031878589
SOS,35.0,5,677,3.767053730069571,0.8971996031878589
SOS,35.0,5,678,-1.210266299492786,0.8971996031878589
SOS,35.0,5,679,1.3668738132826486,0.8971996031878589
SOS,35.0,5,680,-2.261803878295953,0.8971996031878589
SOS,35.0,5,681,2.185914244132631,0.8971996031878589
SOS,35.0,5,682,2.548932221798216,0.8971996031878589
SOS,35.0,5,683,-4.365225058941246,0.8971996031878589
SOS,35.0,5,684,-2.1134359915870102,0.8971996031878589
SOS,35.0,5,685,3.423371690783905,0.8971996031878589
SOS,35.0,5,686,1.706105091224009,0.8971996031878589
SOS,35.0,5,687,2.649882608246331,0.8971996031878589
SOS,35.0,5,688,3.8751751913950434,0.8971996031878589
SOS,35.0,5,689,3.2912209980877387,0.8971996031878589
SOS,35.0,5,690,-1.2813534527436503,0.8971996031878589
SOS,35.0,5,691,-0.9985529416918323,0.8971996031878589
SOS,35.0,5,692,3.348575926677302,0.8971996031878589
SOS,35.0,5,693,2.2738310764846714,0.8971996031878589
SOS,35.0,5,694,1.6884418783014894,0.8971996031878589
SOS,35.0,5,695,1.5287994526811937,0.8971996031878589
SOS,35.0,5,696,0.9795962889493309,0.8971996031878589
SOS,35.0,5,697,0.8281741574034766,0.8971996031878589
SOS,35.0,5,698,1.3468847103839943,0.8971996031878589
SOS,35.0,5,699,0.3858761956822766,0.8971996031878589
SOS,35.0,5,700,0.5980820966739167,0.8971996031878589
SOS,35.0,5,701,-0.6128770689983307,0.8971996031878589
SOS,35.0,5,702,1.1466437228549844,0.8971996031878589
SOS,35.0,5,703,1.4804437358701268,0.8971996031878589
SOS,35.0,5,704,-0.43403819997760773,0.8971996031878589
SOS,35.0,5,705,0.11837348056072594,0.8971996031878589
SOS,35.0,5,706,1.6966503829958728,0.8971996031878589
SOS,35.0,5,707,4.212708163621022,0.8971996031878589
SOS,35.0,5,708,0.907299202028843,0.8971996031878589
SOS,35.0,5,709,-1.0055858762861347,0.8971996031878589
SOS,35.0,5,710,-0.15359533930047653,0.8971996031878589
SOS,35.0,5,711,-0.5792134661187771,0.8971996031878589
SOS,35.0,5,712,-3.0490794468893565,0.8971996031878589
SOS,35.0,5,713,-0.9733217243063482,0.8971996031878589
SOS,35.0,5,714,-3.031475795474987,0.8971996031878589
SOS,35.0,5,715,-1.4163343865862978,0.8971996031878589
SOS,35.0,5,716,-0.33236343680015035,0.8971996031878589
SOS,35.0,5,717,-1.6105072274723857,0.8971996031878589
SOS,35.0,5,718,0.04120188344151643,0.8971996031878589
SOS,35.0,5,719,3.3345214433182147,0.8971996031878589
SOS,35.0,5,720,1.624986887790229,0.8971996031878589
SOS,35.0,5,721,1.3571608259860268,0.8971996031878589
SOS,35.0,5,722,1.1453314259511658,0.8971996031878589
SOS,35.0,5,723,-1.238178493013542,0.8971996031878589
SOS,35.0,5,724,0.3896780328232352,0.8971996031878589
SOS,35.0,5,725,1.8951436718111403,0.8971996031878589
SOS,35.0,5,726,1.8805778317866106,0.8971996031878589
SOS,35.0,5,727,-1.4114608814821512,0.8971996031878589
SOS,35.0,5,728,-0.6761146743546705,0.8971996031878589
SOS,35.0,5,729,0.029242289605662553,0.8971996031878589
SOS,35.0,5,730,0.7146473256516104,0.8971996031878589
SOS,35.0,5,731,0.590885988911646,0.8971996031878589
SOS,35.0,5,732,0.36824166909413547,0.8971996031878589
SOS,35.0,5,733,2.6960088037265075,0.8971996031878589
SOS,35.0,5,734,-0.3262963942236148,0.8971996031878589
SOS,35.0,5,735,2.2383287478329286,0.8971996031878589
SOS,35.0,5,736,2.4123539969116523,0.8971996031878589
SOS,35.0,5,737,0.253024685205572,0.8971996031878589
SOS,35.0,5,738,1.0954162144333746,0.8971996031878589
SOS,35.0,5,739,0.25653994822367154,0.8971996031878589
SOS,35.0,5,740,-0.6865793059849522,0.8971996031878589
SOS,35.0,5,741,0.640417297168536,0.8971996031878589
SOS,35.0,5,742,-1.333928203418929,0.8971996031878589
SOS,35.0,5,743,2.7365535653731055,0.8971996031878589
SOS,35.0,5,744,0.004585630276051189,0.8971996031878589
SOS,35.0,5,745,1.7241890145054473,0.8971996031878589
SOS,35.0,5,746,-0.87571632397069,0.8971996031878589
SOS,35.0,5,747,0.04211916633279178,0.8971996031878589
SOS,35.0,5,748,3.9907713229550916,0.8971996031878589
SOS,35.0,5,749,3.180457066918817,0.8971996031878589
SOS,35.0,5,750,2.6741906369216384,0.8971996031878589
SOS,35.0,5,751,3.653163602165994,0.8971996031878589
SOS,35.0,5,752,1.0918358316901267,0.8971996031878589
SOS,35.0,5,753,4.924201075177799,0.8971996031878589
SOS,35.0,5,754,2.4381183338055257,0.8971996031878589
SOS,35.0,5,755,3.0469759276985773,0.8971996031878589
SOS,35.0,5,756,3.87487784444827,0.8971996031878589
SOS,35.0,5,757,-1.484304824297209,0.8971996031878589
SOS,35.0,5,758,0.6037146978515918,0.8971996031878589
SOS,35.0,5,759,-0.13956399933137315,0.8971996031878589
SOS,35.0,5,760,2.1906786764258164,0.8971996031878589
SOS,35.0,5,761,3.321938693563977,0.8971996031878589
SOS,35.0,5,762,-0.1726522213010635,0.8971996031878589
SOS,35.0,5,763,0.7068401042692127,0.8971996031878589
SOS,35.0,5,764,4.854095240577671,0.8971996031878589
SOS,35.0,5,765,0.11294991129680376,0.8971996031878589
SOS,35.0,5,766,3.234810061091404,0.8971996031878589
SOS,35.0,5,767,0.940321278044774,0.8971996031878589
SOS,35.0,5,768,2.455469737990389,0.8971996031878589
SOS,35.0,5,769,0.284850164658915,0.8971996031878589
SOS,35.0,5,770,3.4927462438387185,0.8971996031878589
SOS,35.0,5,771,3.0413170091913626,0.8971996031878589
SOS,35.0,5,772,-2.34613273835485,0.8971996031878589
SOS,35.0,5,773,0.3934231904239063,0.8971996031878589
SOS,35.0,5,774,2.2302873336455535,0.8971996031878589
SOS,35.0,5,775,-1.9075262072415513,0.8971996031878589
SOS,35.0,5,776,0.21675067678393645,0.8971996031878589
SOS,35.0,5,777,-2.511556725007369,0.8971996031878589
SOS,35.0,5,778,1.8469984864417701,0.8971996031878589
SOS,35.0,5,779,-0.2227122409288269,0.8971996031878589
SOS,35.0,5,780,1.7300339851971562,0.8971996031878589
SOS,35.0,5,781,0.821821178837589,0.8971996031878589
SOS,35.0,5,782,-1.3991246159633444,0.8971996031878589
SOS,35.0,5,783,-0.4464640372279133,0.8971996031878589
SOS,35.0,5,784,0.9832928911470534,0.8971996031878589
SOS,35.0,5,785,2.2692941442722883,0.8971996031878589
SOS,35.0,5,786,1.17384923471627,0.8971996031878589
SOS,35.0,5,787,2.4207887846755316,0.8971996031878589
SOS,35.0,5,788,0.9323590529630811,0.8971996031878589
SOS,35.0,5,789,3.87286866334048,0.8971996031878589
SOS,35.0,5,790,0.7620042725243179,0.8971996031878589
SOS,35.0,5,791,2.902769773161155,0.8971996031878589
SOS,35.0,5,792,1.0674087416147928,0.8971996031878589
SOS,35.0,5,793,0.3009942548879989,0.8971996031878589
SOS,35.0,5,794,2.0277372626404584,0.8971996031878589
SOS,35.0,5,795,0.9561533575833339,0.8971996031878589
SOS,35.0,5,796,-2.4831622728506533,0.8971996031878589
SOS,35.0,5,797,-1.1246676541802743,0.8971996031878589
SOS,35.0,5,798,0.0963554471226461,0.8971996031878589
SOS,35.0,5,799,2.281570900973457,0.8971996031878589
SOS,35.0,5,800,1.9945476048126984,0.8971996031878589
SOS,35.0,5,801,-1.5982824538674096,0.8971996031878589
SOS,35.0,5,802,3.1760234748657554,0.8971996031878589
SOS,35.0,5,803,1.1038913153657794,0.8971996031878589
SOS,35.0,5,804,2.2014620974136747,0.8971996031878589
SOS,35.0,5,805,-0.43656574615523724,0.8971996031878589
SOS,35.0,5,806,-0.9491930183466686,0.8971996031878589
SOS,35.0,5,807,1.6519654111194266,0.8971996031878589
SOS,35.0,5,808,-2.130639471382233,0.8971996031878589
SOS,35.0,5,809,1.1504976086666736,0.8971996031878589
SOS,35.0,5,810,1.5945055489229807,0.8971996031878589
SOS,35.0,5,811,0.7976377657841629,0.8971996031878589
SOS,35.0,5,812,-0.5484327837463349,0.8971996031878589
SOS,35.0,5,813,3.2774278933514798,0.8971996031878589
SOS,35.0,5,814,-0.2817135822721484,0.8971996031878589
SOS,35.0,5,815,-2.3529545317976304,0.8971996031878589
SOS,35.0,5,816,-1.663927625952721,0.8971996031878589
SOS,35.0,5,817,3.3364258542958454,0.8971996031878589
SOS,35.0,5,818,-0.8139914317873131,0.8971996031878589
SOS,35.0,5,819,2.0573985370811676,0.8971996031878589
SOS,35.0,5,820,0.23347969356270037,0.8971996031878589
SOS,35.0,5,821,3.074420839703012,0.8971996031878589
SOS,35.0,5,822,0.7313069835753666,0.8971996031878589
SOS,35.0,5,823,0.97203984807936,0.8971996031878589
SOS,35.0,5,824,2.915391909018912,0.8971996031878589
SOS,35.0,5,825,-0.19725879192716178,0.8971996031878589
SOS,35.0,5,826,-0.8386968265660902,0.8971996031878589
SOS,35.0,5,827,4.481567455020784,0.8971996031878589
SOS,35.0,5,828,3.2412043634204055,0.8971996031878589
SOS,35.0,5,829,1.6042770897589345,0.8971996031878589
SOS,35.0,5,830,3.4978347119436526,0.8971996031878589
SOS,35.0,5,831,0.7212297030506553,0.8971996031878589
SOS,35.0,5,832,3.820836507293416,0.8971996031878589
SOS,35.0,5,833,2.7635514123820633,0.8971996031878589
SOS,35.0,5,834,0.7282028989219429,0.8971996031878589
SOS,35.0,5,835,-0.017752765063787646,0.8971996031878589
SOS,35.0,5,836,0.47897633991525845,0.8971996031878589
SOS,35.0,5,837,1.9367934916476872,0.8971996031878589
SOS,35.0,5,838,1.7243386171439308,0.8971996031878589
SOS,35.0,5,839,0.5182569634365314,0.8971996031878589
SOS,35.0,5,840,-2.1945402016595636,0.8971996031878589
SOS,35.0,5,841,0.9009821280539326,0.8971996031878589
SOS,35.0,5,842,2.242599447983108,0.8971996031878589
SOS,35.0,5,843,0.2786964257475042,0.8971996031878589
SOS,35.0,5,844,0.890106447194734,0.8971996031878589
SOS,35.0,5,845,4.153359813226009,0.8971996031878589
SOS,35.0,5,846,2.8890209623563488,0.8971996031878589
SOS,35.0,5,847,0.04744837808659019,0.8971996031878589
SOS,35.0,5,848,4.799646102380547,0.8971996031878589
SOS,35.0,5,849,0.3249166134589958,0.8971996031878589
SOS,35.0,5,850,-0.8919493379928647,0.8971996031878589
SOS,35.0,5,851,1.5049229746467556,0.8971996031878589
SOS,35.0,5,852,4.683051920674686,0.8971996031878589
SOS,35.0,5,853,1.1399216870261508,0.8971996031878589
SOS,35.0,5,854,-1.581722303543579,0.8971996031878589
SOS,35.0,5,855,-0.5902629439311194,0.8971996031878589
SOS,35.0,5,856,-0.7062905788155787,0.8971996031878589
SOS,35.0,5,857,-0.5234905180958378,0.8971996031878589
SOS,35.0,5,858,-0.43464309900895914,0.8971996031878589
SOS,35.0,5,859,1.6674851634554975,0.8971996031878589
SOS,35.0,5,860,-0.7437945614676449,0.8971996031878589
SOS,35.0,5,861,3.3656596500211835,0.8971996031878589
SOS,35.0,5,862,2.712024054840288,0.8971996031878589
SOS,35.0,5,863,-0.043249277588344626,0.8971996031878589
SOS,35.0,5,864,3.328949710151087,0.8971996031878589
SOS,35.0,5,865,1.7588109222258677,0.8971996031878589
SOS,35.0,5,866,0.125624961784278,0.8971996031878589
SOS,35.0,5,867,1.984658108207085,0.8971996031878589
SOS,35.0,5,868,-0.7047891266494652,0.8971996031878589
SOS,35.0,5,869,-0.24338811267206206,0.8971996031878589
SOS,35.0,5,870,-0.7915687402536657,0.8971996031878589
SOS,35.0,5,871,1.4940355216870838,0.8971996031878589
SOS,35.0,5,872,1.967145886526743,0.8971996031878589
SOS,35.0,5,873,0.23431650038567908,0.8971996031878589
SOS,35.0,5,874,-0.5572759015441273,0.8971996031878589
SOS,35.0,5,875,1.863358282487858,0.8971996031878589
SOS,35.0,5,876,1.7267802716904233,0.8971996031878589
SOS,35.0,5,877,1.4196828881141412,0.8971996031878589
SOS,35.0,5,878,-0.15294975698266078,0.8971996031878589
SOS,35.0,5,879,-2.2987669768667884,0.8971996031878589
SOS,35.0,5,880,-1.4878321771970735,0.8971996031878589
SOS,35.0,5,881,2.4573755625374876,0.8971996031878589
SOS,35.0,5,882,2.5613555395616467,0.8971996031878589
SOS,35.0,5,883,-0.11969699582077065,0.8971996031878589
SOS,35.0,5,884,1.1370312261558415,0.8971996031878589
SOS,35.0,5,885,1.6599055963919305,0.8971996031878589
SOS,35.0,5,886,2.0161687055883006,0.8971996031878589
SOS,35.0,5,887,1.3345259232259405,0.8971996031878589
SOS,35.0,5,888,1.8961214969129707,0.8971996031878589
SOS,35.0,5,889,2.761794563919648,0.8971996031878589
SOS,35.0,5,890,2.089351543191167,0.8971996031878589
SOS,35.0,5,891,-1.4718320678492964,0.8971996031878589
SOS,35.0,5,892,1.9285440644210319,0.8971996031878589
SOS,35.0,5,893,1.7466245728382699,0.8971996031878589
SOS,35.0,5,894,-0.5611287219617654,0.8971996031878589
SOS,35.0,5,895,2.8577666524875673,0.8971996031878589
SOS,35.0,5,896,2.488268404916655,0.8971996031878589
SOS,35.0,5,897,0.17700677674608833,0.8971996031878589
SOS,35.0,5,898,0.7952018178219418,0.8971996031878589
SOS,35.0,5,899,0.24824844433128201,0.8971996031878589
SOS,35.0,5,900,-1.905204255224356,0.8971996031878589
SOS,35.0,5,901,1.8601518725474997,0.8971996031878589
SOS,35.0,5,902,0.6732980687493668,0.8971996031878589
SOS,35.0,5,903,1.9128062766358787,0.8971996031878589
SOS,35.0,5,904,1.2348880235563544,0.8971996031878589
SOS,35.0,5,905,0.7989934800235041,0.8971996031878589
SOS,35.0,5,906,-0.11559363618321505,0.8971996031878589
SOS,35.0,5,907,1.976315235244027,0.8971996031878589
SOS,35.0,5,908,0.17667625348319638,0.8971996031878589
SOS,35.0,5,909,0.44518292781742597,0.8971996031878589
SOS,35.0,5,910,-1.8002084510491079,0.8971996031878589
SOS,35.0,5,911,3.33487061249999,0.8971996031878589
SOS,35.0,5,912,-1.8795850410948618,0.8971996031878589
SOS,35.0,5,913,3.9843350445451065,0.8971996031878589
SOS,35.0,5,914,2.8035835436031693,0.8971996031878589
SOS,35.0,5,915,2.814986800862467,0.8971996031878589
SOS,35.0,5,916,-0.16715392473282464,0.8971996031878589
SOS,35.0,5,917,3.2300836992065496,0.8971996031878589
SOS,35.0,5,918,2.2233707720789804,0.8971996031878589
SOS,35.0,5,919,-3.4159340164764647,0.8971996031878589
SOS,35.0,5,920,-0.7975590382082973,0.8971996031878589
SOS,35.0,5,921,3.8008703572573554,0.8971996031878589
SOS,35.0,5,922,0.02437805998426401,0.8971996031878589
SOS,35.0,5,923,0.15060533567825107,0.8971996031878589
SOS,35.0,5,924,1.2933997576340708,0.8971996031878589
SOS,35.0,5,925,3.4617164409820127,0.8971996031878589
SOS,35.0,5,926,3.367681602501657,0.8971996031878589
SOS,35.0,5,927,-3.3531753832682356,0.8971996031878589
SOS,35.0,5,928,2.4900277432034756,0.8971996031878589
SOS,35.0,5,929,3.5341836364300416,0.8971996031878589
SOS,35.0,5,930,-0.5345686671011594,0.8971996031878589
SOS,35.0,5,931,0.6007481426726129,0.8971996031878589
SOS,35.0,5,932,2.3539288828454605,0.8971996031878589
SOS,35.0,5,933,1.8685144909493905,0.8971996031878589
SOS,35.0,5,934,1.622393205371246,0.8971996031878589
SOS,35.0,5,935,0.0932749117833781,0.8971996031878589
SOS,35.0,5,936,3.0154764671506555,0.8971996031878589
SOS,35.0,5,937,2.2817492960176473,0.8971996031878589
SOS,35.0,5,938,-0.2117955095449614,0.8971996031878589
SOS,35.0,5,939,-0.23183081171075104,0.8971996031878589
SOS,35.0,5,940,1.782192133182792,0.8971996031878589
SOS,35.0,5,941,-1.0632518939538365,0.8971996031878589
SOS,35.0,5,942,-1.1919939895980038,0.8971996031878589
SOS,35.0,5,943,0.9709291342629736,0.8971996031878589
SOS,35.0,5,944,-0.6773742501900669,0.8971996031878589
SOS,35.0,5,945,2.423261852588216,0.8971996031878589
SOS,35.0,5,946,2.8905121303858876,0.8971996031878589
SOS,35.0,5,947,-1.0370882590250474,0.8971996031878589
SOS,35.0,5,948,-0.24489811041844356,0.8971996031878589
SOS,35.0,5,949,-1.3059812881562136,0.8971996031878589
SOS,35.0,5,950,-0.3313710726955348,0.8971996031878589
SOS,35.0,5,951,-4.809097671549237,0.8971996031878589
SOS,35.0,5,952,2.4561428521729862,0.8971996031878589
SOS,35.0,5,953,2.468122607362847,0.8971996031878589
SOS,35.0,5,954,0.03870429564111455,0.8971996031878589
SOS,35.0,5,955,0.7422526483828847,0.8971996031878589
SOS,35.0,5,956,1.2153421589385032,0.8971996031878589
SOS,35.0,5,957,5.375989770331463,0.8971996031878589
SOS,35.0,5,958,1.6287616196069572,0.8971996031878589
SOS,35.0,5,959,2.320893321911256,0.8971996031878589
SOS,35.0,5,960,-3.1221564270705224,0.8971996031878589
SOS,35.0,5,961,0.22438881867128968,0.8971996031878589
SOS,35.0,5,962,3.6803499699409237,0.8971996031878589
SOS,35.0,5,963,1.6580684647839408,0.8971996031878589
SOS,35.0,5,964,1.1759452168812077,0.8971996031878589
SOS,35.0,5,965,-2.8272132269504135,0.8971996031878589
SOS,35.0,5,966,-0.23278660830245157,0.8971996031878589
SOS,35.0,5,967,2.144571995367183,0.8971996031878589
SOS,35.0,5,968,0.24295404370697304,0.8971996031878589
SOS,35.0,5,969,4.211201400336201,0.8971996031878589
SOS,35.0,5,970,1.964365732282234,0.8971996031878589
SOS,35.0,5,971,-2.6215594016352046,0.8971996031878589
SOS,35.0,5,972,1.9498993663627895,0.8971996031878589
SOS,35.0,5,973,2.797517176216741,0.8971996031878589
SOS,35.0,5,974,2.665564465397713,0.8971996031878589
SOS,35.0,5,975,-1.6750912827918238,0.8971996031878589
SOS,35.0,5,976,0.45415928162829156,0.8971996031878589
SOS,35.0,5,977,0.4890179801745337,0.8971996031878589
SOS,35.0,5,978,1.3835218125898654,0.8971996031878589
SOS,35.0,5,979,-1.6457386550297688,0.8971996031878589
SOS,35.0,5,980,-1.2528446077474364,0.8971996031878589
SOS,35.0,5,981,2.5461352558392187,0.8971996031878589
SOS,35.0,5,982,0.6251201162642165,0.8971996031878589
SOS,35.0,5,983,-0.879671331438509,0.8971996031878589
SOS,35.0,5,984,4.705737731436955,0.8971996031878589
SOS,35.0,5,985,2.7552380375598444,0.8971996031878589
SOS,35.0,5,986,-0.25952499689154895,0.8971996031878589
SOS,35.0,5,987,0.9131354299505621,0.8971996031878589
SOS,35.0,5,988,2.1277438139524767,0.8971996031878589
SOS,35.0,5,989,1.7297544982996036,0.8971996031878589
SOS,35.0,5,990,1.183009571385019,0.8971996031878589
SOS,35.0,5,991,1.9713593201560116,0.8971996031878589
SOS,35.0,5,992,0.0238809574015022,0.8971996031878589
SOS,35.0,5,993,2.0483175329702297,0.8971996031878589
SOS,35.0,5,994,-2.528649205539815,0.8971996031878589
SOS,35.0,5,995,-1.7418084538700307,0.8971996031878589
SOS,35.0,5,996,-1.3492430475358157,0.8971996031878589
SOS,35.0,5,997,0.8783049441068731,0.8971996031878589
SOS,35.0,5,998,-0.0003847890473585025,0.8971996031878589
SOS,35.0,5,999,-1.2457442335217679,0.8971996031878589
SOS,45.0,5,1,3.269725365787641,2.248854481285245
SOS,45.0,5,2,2.0908658345501885,2.248854481285245
SOS,45.0,5,3,2.392147854343125,2.248854481285245
SOS,45.0,5,4,2.366756912756392,2.248854481285245
SOS,45.0,5,5,1.8877734669050585,2.248854481285245
SOS,45.0,5,6,0.7278431915155975,2.248854481285245
SOS,45.0,5,7,1.557063626763202,2.248854481285245
SOS,45.0,5,8,2.2497330622322673,2.248854481285245
SOS,45.0,5,9,1.268716695026801,2.248854481285245
SOS,45.0,5,10,2.364505568462223,2.248854481285245
SOS,45.0,5,11,2.9006099238121372,2.248854481285245
SOS,45.0,5,12,2.345496630996662,2.248854481285245
SOS,45.0,5,13,1.5397762007705125,2.248854481285245
SOS,45.0,5,14,2.5274562515403654,2.248854481285245
SOS,45.0,5,15,2.4941172246907537,2.248854481285245
SOS,45.0,5,16,1.7533770747111728,2.248854481285245
SOS,45.0,5,17,3.8927192978572824,2.248854481285245
SOS,45.0,5,18,4.415997400034152,2.248854481285245
SOS,45.0,5,19,0.35034106877419224,2.248854481285245
SOS,45.0,5,20,5.465585349968999,2.248854481285245
SOS,45.0,5,21,1.7287916490047595,2.248854481285245
SOS,45.0,5,22,2.300513326481178,2.248854481285245
SOS,45.0,5,23,2.0564926081631505,2.248854481285245
SOS,45.0,5,24,0.5428192470765474,2.248854481285245
SOS,45.0,5,25,4.27415900311739,2.248854481285245
SOS,45.0,5,26,0.11751338625092478,2.248854481285245
SOS,45.0,5,27,1.6199510732587648,2.248854481285245
SOS,45.0,5,28,1.9304350869912608,2.248854481285245
SOS,45.0,5,29,3.492049397384445,2.248854481285245
SOS,45.0,5,30,1.533828448759026,2.248854481285245
SOS,45.0,5,31,3.808830868525807,2.248854481285245
SOS,45.0,5,32,3.374159115093871,2.248854481285245
SOS,45.0,5,33,2.9120399780773574,2.248854481285245
SOS,45.0,5,34,0.06706898434068065,2.248854481285245
SOS,45.0,5,35,2.124191421584571,2.248854481285245
SOS,45.0,5,36,1.6406117671201697,2.248854481285245
SOS,45.0,5,37,1.4229345091128616,2.248854481285245
SOS,45.0,5,38,1.2400368663275758,2.248854481285245
SOS,45.0,5,39,2.7252250438735977,2.248854481285245
SOS,45.0,5,40,-1.4590840469938025,2.248854481285245
SOS,45.0,5,41,1.7679878356009062,2.248854481285245
SOS,45.0,5,42,3.2822055004800568,2.248854481285245
SOS,45.0,5,43,4.8992176998005315,2.248854481285245
SOS,45.0,5,44,3.9553102362586143,2.248854481285245
SOS,45.0,5,45,1.7596143045311505,2.248854481285245
SOS,45.0,5,46,1.8033490850124438,2.248854481285245
SOS,45.0,5,47,2.9156670501991244,2.248854481285245
SOS,45.0,5,48,2.8849970485799927,2.248854481285245
SOS,45.0,5,49,3.757940514382411,2.248854481285245
SOS,45.0,5,50,0.5715993277686933,2.248854481285245
SOS,45.0,5,51,1.767674797577675,2.248854481285245
SOS,45.0,5,52,3.55946868312358,2.248854481285245
SOS,45.0,5,53,2.080841359696435,2.248854481285245
SOS,45.0,5,54,-1.2223560719786717,2.248854481285245
SOS,45.0,5,55,4.008675833631254,2.248854481285245
SOS,45.0,5,56,2.4415159927054138,2.248854481285245
SOS,45.0,5,57,1.0838801453623779,2.248854481285245
SOS,45.0,5,58,0.7261133123378465,2.248854481285245
SOS,45.0,5,59,2.9986108437135757,2.248854481285245
SOS,45.0,5,60,2.839379358419384,2.248854481285245
SOS,45.0,5,61,4.125726392281195,2.248854481285245
SOS,45.0,5,62,2.249035138133828,2.248854481285245
SOS,45.0,5,63,1.8581837045580798,2.248854481285245
SOS,45.0,5,64,0.4685872525096683,2.248854481285245
SOS,45.0,5,65,2.490547087169608,2.248854481285245
SOS,45.0,5,66,2.987345832089307,2.248854481285245
SOS,45.0,5,67,1.0202383645710056,2.248854481285245
SOS,45.0,5,68,0.9659438516977159,2.248854481285245
SOS,45.0,5,69,3.9392434793745785,2.248854481285245
SOS,45.0,5,70,2.316120587096997,2.248854481285245
SOS,45.0,5,71,1.0111815080632374,2.248854481285245
SOS,45.0,5,72,3.513902333787227,2.248854481285245
SOS,45.0,5,73,0.680165646627801,2.248854481285245
SOS,45.0,5,74,3.2886953907644147,2.248854481285245
SOS,45.0,5,75,2.449417292811626,2.248854481285245
SOS,45.0,5,76,5.0938985548641105,2.248854481285245
SOS,45.0,5,77,4.334042200360569,2.248854481285245
SOS,45.0,5,78,1.640759870356223,2.248854481285245
SOS,45.0,5,79,2.7511657080837053,2.248854481285245
SOS,45.0,5,80,2.041490082259589,2.248854481285245
SOS,45.0,5,81,1.266756502349718,2.248854481285245
SOS,45.0,5,82,3.064020986170488,2.248854481285245
SOS,45.0,5,83,2.429624014524721,2.248854481285245
SOS,45.0,5,84,2.5226978733629037,2.248854481285245
SOS,45.0,5,85,2.84928875585986,2.248854481285245
SOS,45.0,5,86,2.7789457377359543,2.248854481285245
SOS,45.0,5,87,4.276305887234755,2.248854481285245
SOS,45.0,5,88,0.6918210029442047,2.248854481285245
SOS,45.0,5,89,4.702716950267424,2.248854481285245
SOS,45.0,5,90,1.6098839763144253,2.248854481285245
SOS,45.0,5,91,2.192132757324738,2.248854481285245
SOS,45.0,5,92,-0.28709745181921154,2.248854481285245
SOS,45.0,5,93,1.7377290560374985,2.248854481285245
SOS,45.0,5,94,3.020362948333383,2.248854481285245
SOS,45.0,5,95,1.7900912042697366,2.248854481285245
SOS,45.0,5,96,2.458657360181261,2.248854481285245
SOS,45.0,5,97,3.04148929618237,2.248854481285245
SOS,45.0,5,98,0.9623072563946412,2.248854481285245
SOS,45.0,5,99,1.7144536718924388,2.248854481285245
SOS,45.0,5,100,1.105272159607341,2.248854481285245
SOS,45.0,5,101,0.9060719592393542,2.248854481285245
SOS,45.0,5,102,1.2559354071891766,2.248854481285245
SOS,45.0,5,103,3.372412912985195,2.248854481285245
SOS,45.0,5,104,0.5554600304357494,2.248854481285245
SOS,45.0,5,105,4.023185819217851,2.248854481285245
SOS,45.0,5,106,0.5605633039539504,2.248854481285245
SOS,45.0,5,107,1.8697873960048572,2.248854481285245
SOS,45.0,5,108,2.060118941707989,2.248854481285245
SOS,45.0,5,109,3.103491441142353,2.248854481285245
SOS,45.0,5,110,1.4573418540445497,2.248854481285245
SOS,45.0,5,111,-0.2789397002449434,2.248854481285245
SOS,45.0,5,112,2.7558758551065736,2.248854481285245
SOS,45.0,5,113,0.7123643735404528,2.248854481285245
SOS,45.0,5,114,2.119699769705933,2.248854481285245
SOS,45.0,5,115,2.397555862058557,2.248854481285245
SOS,45.0,5,116,-1.3854018341641154,2.248854481285245
SOS,45.0,5,117,2.6385129563918097,2.248854481285245
SOS,45.0,5,118,3.545989515169084,2.248854481285245
SOS,45.0,5,119,2.6610087224202505,2.248854481285245
SOS,45.0,5,120,0.6240904922841479,2.248854481285245
SOS,45.0,5,121,1.9813045525692734,2.248854481285245
SOS,45.0,5,122,0.18256738693682065,2.248854481285245
SOS,45.0,5,123,0.10605177324917042,2.248854481285245
SOS,45.0,5,124,2.3463926699175985,2.248854481285245
SOS,45.0,5,125,0.6434705958843496,2.248854481285245
SOS,45.0,5,126,1.1844839289028275,2.248854481285245
SOS,45.0,5,127,3.9841031633490447,2.248854481285245
SOS,45.0,5,128,1.942269576952116,2.248854481285245
SOS,45.0,5,129,1.8356853501262873,2.248854481285245
SOS,45.0,5,130,3.0157955736096294,2.248854481285245
SOS,45.0,5,131,0.726918273829785,2.248854481285245
SOS,45.0,5,132,1.9844848043217245,2.248854481285245
SOS,45.0,5,133,0.6656653132452524,2.248854481285245
SOS,45.0,5,134,2.6192446447020137,2.248854481285245
SOS,45.0,5,135,1.1665335425651677,2.248854481285245
SOS,45.0,5,136,1.462898352106267,2.248854481285245
SOS,45.0,5,137,0.7078577502649048,2.248854481285245
SOS,45.0,5,138,1.7238256655190671,2.248854481285245
SOS,45.0,5,139,1.8636364853218592,2.248854481285245
SOS,45.0,5,140,0.17472254085045802,2.248854481285245
SOS,45.0,5,141,1.319328859537961,2.248854481285245
SOS,45.0,5,142,1.4662076809999405,2.248854481285245
SOS,45.0,5,143,2.2950847508287975,2.248854481285245
SOS,45.0,5,144,3.1077707536037904,2.248854481285245
SOS,45.0,5,145,2.2963809967605657,2.248854481285245
SOS,45.0,5,146,4.000564436204708,2.248854481285245
SOS,45.0,5,147,2.8444044905362262,2.248854481285245
SOS,45.0,5,148,2.4273181684387843,2.248854481285245
SOS,45.0,5,149,2.9551435489338083,2.248854481285245
SOS,45.0,5,150,3.3855997336945554,2.248854481285245
SOS,45.0,5,151,1.761238409741557,2.248854481285245
SOS,45.0,5,152,2.051987594981265,2.248854481285245
SOS,45.0,5,153,0.6889204419883055,2.248854481285245
SOS,45.0,5,154,2.4014817757996685,2.248854481285245
SOS,45.0,5,155,1.9657845596076424,2.248854481285245
SOS,45.0,5,156,-0.6061871909969565,2.248854481285245
SOS,45.0,5,157,2.9479949924472497,2.248854481285245
SOS,45.0,5,158,3.3200944995136057,2.248854481285245
SOS,45.0,5,159,4.648262695694378,2.248854481285245
SOS,45.0,5,160,1.5917892638068256,2.248854481285245
SOS,45.0,5,161,0.1810502591451303,2.248854481285245
SOS,45.0,5,162,2.68510451491725,2.248854481285245
SOS,45.0,5,163,1.7122811681587933,2.248854481285245
SOS,45.0,5,164,3.588782598283751,2.248854481285245
SOS,45.0,5,165,2.0520329191360824,2.248854481285245
SOS,45.0,5,166,3.121020363661134,2.248854481285245
SOS,45.0,5,167,5.310480414033066,2.248854481285245
SOS,45.0,5,168,3.2338141968891514,2.248854481285245
SOS,45.0,5,169,1.428893183982467,2.248854481285245
SOS,45.0,5,170,1.178102328712045,2.248854481285245
SOS,45.0,5,171,4.913170600452621,2.248854481285245
SOS,45.0,5,172,2.539796974727808,2.248854481285245
SOS,45.0,5,173,2.7051286676915716,2.248854481285245
SOS,45.0,5,174,3.128257534556083,2.248854481285245
SOS,45.0,5,175,3.6952992227036043,2.248854481285245
SOS,45.0,5,176,2.3724668437826617,2.248854481285245
SOS,45.0,5,177,2.705154570538186,2.248854481285245
SOS,45.0,5,178,2.715755005560048,2.248854481285245
SOS,45.0,5,179,3.154478613874272,2.248854481285245
SOS,45.0,5,180,3.830710227620343,2.248854481285245
SOS,45.0,5,181,3.0970487909313666,2.248854481285245
SOS,45.0,5,182,3.3552295189052757,2.248854481285245
SOS,45.0,5,183,1.2915984376717127,2.248854481285245
SOS,45.0,5,184,1.0980276579016972,2.248854481285245
SOS,45.0,5,185,4.335452888661953,2.248854481285245
SOS,45.0,5,186,0.3081922820703249,2.248854481285245
SOS,45.0,5,187,0.7733528898696638,2.248854481285245
SOS,45.0,5,188,2.9506478168511245,2.248854481285245
SOS,45.0,5,189,3.937346484553139,2.248854481285245
SOS,45.0,5,190,0.8582234192937437,2.248854481285245
SOS,45.0,5,191,1.3054840433638426,2.248854481285245
SOS,45.0,5,192,0.6570141588601245,2.248854481285245
SOS,45.0,5,193,3.5175409848597,2.248854481285245
SOS,45.0,5,194,3.615603091740093,2.248854481285245
SOS,45.0,5,195,0.27288690025050777,2.248854481285245
SOS,45.0,5,196,2.373703687871739,2.248854481285245
SOS,45.0,5,197,1.674157125635044,2.248854481285245
SOS,45.0,5,198,2.013006139285425,2.248854481285245
SOS,45.0,5,199,4.90972358394576,2.248854481285245
SOS,45.0,5,200,2.579870736329304,2.248854481285245
SOS,45.0,5,201,1.125593804010519,2.248854481285245
SOS,45.0,5,202,2.159967179327726,2.248854481285245
SOS,45.0,5,203,2.884138171559457,2.248854481285245
SOS,45.0,5,204,4.313873637884048,2.248854481285245
SOS,45.0,5,205,2.3557431605098906,2.248854481285245
SOS,45.0,5,206,1.9365491465610905,2.248854481285245
SOS,45.0,5,207,3.1130308712120405,2.248854481285245
SOS,45.0,5,208,2.479958090430678,2.248854481285245
SOS,45.0,5,209,3.253536232576425,2.248854481285245
SOS,45.0,5,210,2.037072281366252,2.248854481285245
SOS,45.0,5,211,2.855110938570272,2.248854481285245
SOS,45.0,5,212,2.5203104857130656,2.248854481285245
SOS,45.0,5,213,0.8092842558823151,2.248854481285245
SOS,45.0,5,214,1.3952793469782576,2.248854481285245
SOS,45.0,5,215,0.736355284314204,2.248854481285245
SOS,45.0,5,216,2.4389342815655715,2.248854481285245
SOS,45.0,5,217,1.6758512647134838,2.248854481285245
SOS,45.0,5,218,0.6231518590972436,2.248854481285245
SOS,45.0,5,219,1.0863140907123667,2.248854481285245
SOS,45.0,5,220,1.7080228555456574,2.248854481285245
SOS,45.0,5,221,1.0523530121066087,2.248854481285245
SOS,45.0,5,222,-0.2436667070113958,2.248854481285245
SOS,45.0,5,223,3.7949886851634727,2.248854481285245
SOS,45.0,5,224,0.372351580573001,2.248854481285245
SOS,45.0,5,225,2.6452813251586926,2.248854481285245
SOS,45.0,5,226,2.6267357368616997,2.248854481285245
SOS,45.0,5,227,4.01365967597932,2.248854481285245
SOS,45.0,5,228,0.8951007284128673,2.248854481285245
SOS,45.0,5,229,1.2365361422109509,2.248854481285245
SOS,45.0,5,230,2.192447539171834,2.248854481285245
SOS,45.0,5,231,3.606381714077438,2.248854481285245
SOS,45.0,5,232,3.1408223498393637,2.248854481285245
SOS,45.0,5,233,3.0042852371134146,2.248854481285245
SOS,45.0,5,234,2.4146985294847267,2.248854481285245
SOS,45.0,5,235,3.015150367392343,2.248854481285245
SOS,45.0,5,236,3.218672772551734,2.248854481285245
SOS,45.0,5,237,4.003292407023771,2.248854481285245
SOS,45.0,5,238,0.6707932868418893,2.248854481285245
SOS,45.0,5,239,0.7415606799434977,2.248854481285245
SOS,45.0,5,240,0.513303788234477,2.248854481285245
SOS,45.0,5,241,2.8877238157278797,2.248854481285245
SOS,45.0,5,242,0.6257949357239974,2.248854481285245
SOS,45.0,5,243,0.5355383341860849,2.248854481285245
SOS,45.0,5,244,2.6488243573849646,2.248854481285245
SOS,45.0,5,245,3.3084650170403886,2.248854481285245
SOS,45.0,5,246,0.8729755311942474,2.248854481285245
SOS,45.0,5,247,1.6525810740077258,2.248854481285245
SOS,45.0,5,248,0.06816692860787477,2.248854481285245
SOS,45.0,5,249,0.3989709929503469,2.248854481285245
SOS,45.0,5,250,3.320324243297761,2.248854481285245
SOS,45.0,5,251,2.4436020762786326,2.248854481285245
SOS,45.0,5,252,1.2247424128500202,2.248854481285245
SOS,45.0,5,253,4.906707042562469,2.248854481285245
SOS,45.0,5,254,3.359588732550317,2.248854481285245
SOS,45.0,5,255,2.4766416637499304,2.248854481285245
SOS,45.0,5,256,1.2897508322711646,2.248854481285245
SOS,45.0,5,257,1.0034076896409023,2.248854481285245
SOS,45.0,5,258,3.3513091213224038,2.248854481285245
SOS,45.0,5,259,2.0323688135438633,2.248854481285245
SOS,45.0,5,260,3.3428482629738427,2.248854481285245
SOS,45.0,5,261,4.866934738520374,2.248854481285245
SOS,45.0,5,262,1.1300805247773036,2.248854481285245
SOS,45.0,5,263,2.564186169218411,2.248854481285245
SOS,45.0,5,264,2.036345503465278,2.248854481285245
SOS,45.0,5,265,3.260415431838725,2.248854481285245
SOS,45.0,5,266,3.1417231693536527,2.248854481285245
SOS,45.0,5,267,3.0661685809827754,2.248854481285245
SOS,45.0,5,268,2.3665876653177187,2.248854481285245
SOS,45.0,5,269,1.2790305309536218,2.248854481285245
SOS,45.0,5,270,3.720467720259034,2.248854481285245
SOS,45.0,5,271,3.256531075041738,2.248854481285245
SOS,45.0,5,272,2.5944398885254984,2.248854481285245
SOS,45.0,5,273,-0.16256641950667894,2.248854481285245
SOS,45.0,5,274,3.5009084449586405,2.248854481285245
SOS,45.0,5,275,3.434027156818707,2.248854481285245
SOS,45.0,5,276,1.7550131465841665,2.248854481285245
SOS,45.0,5,277,0.12740457132166338,2.248854481285245
SOS,45.0,5,278,2.82945746951711,2.248854481285245
SOS,45.0,5,279,2.61916936282947,2.248854481285245
SOS,45.0,5,280,0.8941116412486823,2.248854481285245
SOS,45.0,5,281,1.557521364436249,2.248854481285245
SOS,45.0,5,282,2.967428823797697,2.248854481285245
SOS,45.0,5,283,0.9702155082798521,2.248854481285245
SOS,45.0,5,284,2.050074565419586,2.248854481285245
SOS,45.0,5,285,2.9004412849886467,2.248854481285245
SOS,45.0,5,286,3.2803989427918774,2.248854481285245
SOS,45.0,5,287,1.9186119886852127,2.248854481285245
SOS,45.0,5,288,2.0916304165155877,2.248854481285245
SOS,45.0,5,289,2.3538320747028,2.248854481285245
SOS,45.0,5,290,0.03265676052205868,2.248854481285245
SOS,45.0,5,291,1.617555243173097,2.248854481285245
SOS,45.0,5,292,3.5268483703106477,2.248854481285245
SOS,45.0,5,293,3.7150118720470315,2.248854481285245
SOS,45.0,5,294,2.4408882421113054,2.248854481285245
SOS,45.0,5,295,2.9067519719270463,2.248854481285245
SOS,45.0,5,296,2.8563601683408515,2.248854481285245
SOS,45.0,5,297,2.005115801323409,2.248854481285245
SOS,45.0,5,298,0.6186285287188362,2.248854481285245
SOS,45.0,5,299,1.3286339056140388,2.248854481285245
SOS,45.0,5,300,3.3916126240318745,2.248854481285245
SOS,45.0,5,301,0.886144550816264,2.248854481285245
SOS,45.0,5,302,2.712399346129152,2.248854481285245
SOS,45.0,5,303,4.233023492565733,2.248854481285245
SOS,45.0,5,304,2.51757663204885,2.248854481285245
SOS,45.0,5,305,3.83414490981961,2.248854481285245
SOS,45.0,5,306,2.799028076982278,2.248854481285245
SOS,45.0,5,307,3.865237931368151,2.248854481285245
SOS,45.0,5,308,1.9177676128500571,2.248854481285245
SOS,45.0,5,309,2.4279214054496787,2.248854481285245
SOS,45.0,5,310,2.7212019739641633,2.248854481285245
SOS,45.0,5,311,2.333927946548914,2.248854481285245
SOS,45.0,5,312,1.150260858374064,2.248854481285245
SOS,45.0,5,313,2.502574940499904,2.248854481285245
SOS,45.0,5,314,2.2780568645527537,2.248854481285245
SOS,45.0,5,315,3.7454740836708287,2.248854481285245
SOS,45.0,5,316,4.122893806166102,2.248854481285245
SOS,45.0,5,317,4.423993105030149,2.248854481285245
SOS,45.0,5,318,3.6178174542273185,2.248854481285245
SOS,45.0,5,319,2.631901507746626,2.248854481285245
SOS,45.0,5,320,1.9938012324149499,2.248854481285245
SOS,45.0,5,321,2.396960142695948,2.248854481285245
SOS,45.0,5,322,3.1123521001503383,2.248854481285245
SOS,45.0,5,323,1.4240009697357636,2.248854481285245
SOS,45.0,5,324,4.683471184299496,2.248854481285245
SOS,45.0,5,325,1.7753865538229374,2.248854481285245
SOS,45.0,5,326,3.0631393392135333,2.248854481285245
SOS,45.0,5,327,0.2725648789595967,2.248854481285245
SOS,45.0,5,328,2.465553776136031,2.248854481285245
SOS,45.0,5,329,3.882940403143136,2.248854481285245
SOS,45.0,5,330,2.305046242807786,2.248854481285245
SOS,45.0,5,331,1.3732550230008198,2.248854481285245
SOS,45.0,5,332,1.4260515598187484,2.248854481285245
SOS,45.0,5,333,3.9720976838250355,2.248854481285245
SOS,45.0,5,334,1.8715666455525954,2.248854481285245
SOS,45.0,5,335,1.2672240960203056,2.248854481285245
SOS,45.0,5,336,3.295727340549375,2.248854481285245
SOS,45.0,5,337,2.195348546157124,2.248854481285245
SOS,45.0,5,338,3.5482106507562876,2.248854481285245
SOS,45.0,5,339,2.242410590099574,2.248854481285245
SOS,45.0,5,340,3.037200063388044,2.248854481285245
SOS,45.0,5,341,4.225046809119439,2.248854481285245
SOS,45.0,5,342,0.2674413166399552,2.248854481285245
SOS,45.0,5,343,2.045127617690188,2.248854481285245
SOS,45.0,5,344,1.3451388299667395,2.248854481285245
SOS,45.0,5,345,2.6589831900731706,2.248854481285245
SOS,45.0,5,346,2.676526246391698,2.248854481285245
SOS,45.0,5,347,2.4348481208634287,2.248854481285245
SOS,45.0,5,348,5.082616064695699,2.248854481285245
SOS,45.0,5,349,3.0630415883979047,2.248854481285245
SOS,45.0,5,350,2.3707415867724504,2.248854481285245
SOS,45.0,5,351,2.0692404129341617,2.248854481285245
SOS,45.0,5,352,3.8311808113302357,2.248854481285245
SOS,45.0,5,353,2.780616906565839,2.248854481285245
SOS,45.0,5,354,3.835149133287306,2.248854481285245
SOS,45.0,5,355,2.0674540045491887,2.248854481285245
SOS,45.0,5,356,1.0104060058279138,2.248854481285245
SOS,45.0,5,357,2.746254211876142,2.248854481285245
SOS,45.0,5,358,2.8341738702824766,2.248854481285245
SOS,45.0,5,359,2.743751212251534,2.248854481285245
SOS,45.0,5,360,2.0524699649318388,2.248854481285245
SOS,45.0,5,361,-0.21887486146738877,2.248854481285245
SOS,45.0,5,362,2.2861209556273554,2.248854481285245
SOS,45.0,5,363,3.5061598904207383,2.248854481285245
SOS,45.0,5,364,1.97796215342345,2.248854481285245
SOS,45.0,5,365,0.010375006298759315,2.248854481285245
SOS,45.0,5,366,1.8205696537149292,2.248854481285245
SOS,45.0,5,367,3.1544946646753247,2.248854481285245
SOS,45.0,5,368,3.2662948052679153,2.248854481285245
SOS,45.0,5,369,1.2381222959560994,2.248854481285245
SOS,45.0,5,370,4.195745139886171,2.248854481285245
SOS,45.0,5,371,4.4662049399910435,2.248854481285245
SOS,45.0,5,372,2.7023908124684652,2.248854481285245
SOS,45.0,5,373,1.0750821876539316,2.248854481285245
SOS,45.0,5,374,1.258769037366509,2.248854481285245
SOS,45.0,5,375,2.8985576289736517,2.248854481285245
SOS,45.0,5,376,1.1456051111352497,2.248854481285245
SOS,45.0,5,377,2.1558299612330796,2.248854481285245
SOS,45.0,5,378,1.7404419451559918,2.248854481285245
SOS,45.0,5,379,3.3635268766977098,2.248854481285245
SOS,45.0,5,380,1.5480547376356177,2.248854481285245
SOS,45.0,5,381,2.7321464613390303,2.248854481285245
SOS,45.0,5,382,0.9272692352528258,2.248854481285245
SOS,45.0,5,383,3.6690662855260205,2.248854481285245
SOS,45.0,5,384,3.1659918790703183,2.248854481285245
SOS,45.0,5,385,1.6205533291066574,2.248854481285245
SOS,45.0,5,386,2.2601318798977656,2.248854481285245
SOS,45.0,5,387,3.251049819957464,2.248854481285245
SOS,45.0,5,388,2.1624797124438597,2.248854481285245
SOS,45.0,5,389,0.34760659439983244,2.248854481285245
SOS,45.0,5,390,-0.5061576647292803,2.248854481285245
SOS,45.0,5,391,4.790335631879898,2.248854481285245
SOS,45.0,5,392,2.095722492529263,2.248854481285245
SOS,45.0,5,393,3.2628628295115227,2.248854481285245
SOS,45.0,5,394,2.049301075041661,2.248854481285245
SOS,45.0,5,395,1.7968917950687637,2.248854481285245
SOS,45.0,5,396,4.0439599968702336,2.248854481285245
SOS,45.0,5,397,2.61845093235769,2.248854481285245
SOS,45.0,5,398,1.9469521327024082,2.248854481285245
SOS,45.0,5,399,2.0180051986709033,2.248854481285245
SOS,45.0,5,400,3.663548919134259,2.248854481285245
SOS,45.0,5,401,2.5596058520468334,2.248854481285245
SOS,45.0,5,402,1.0409767755507948,2.248854481285245
SOS,45.0,5,403,2.2851573458446444,2.248854481285245
SOS,45.0,5,404,5.462390584054727,2.248854481285245
SOS,45.0,5,405,3.0014126540721566,2.248854481285245
SOS,45.0,5,406,4.892472315374517,2.248854481285245
SOS,45.0,5,407,2.649792539689443,2.248854481285245
SOS,45.0,5,408,0.5473131705432996,2.248854481285245
SOS,45.0,5,409,2.995505569219525,2.248854481285245
SOS,45.0,5,410,2.8906504030457887,2.248854481285245
SOS,45.0,5,411,4.244774673263196,2.248854481285245
SOS,45.0,5,412,4.868510155291136,2.248854481285245
SOS,45.0,5,413,3.5960401739779067,2.248854481285245
SOS,45.0,5,414,0.08787864795948563,2.248854481285245
SOS,45.0,5,415,0.4680626459702768,2.248854481285245
SOS,45.0,5,416,2.8689751686292664,2.248854481285245
SOS,45.0,5,417,3.2416229440471884,2.248854481285245
SOS,45.0,5,418,2.579606111651478,2.248854481285245
SOS,45.0,5,419,2.2492904668086613,2.248854481285245
SOS,45.0,5,420,0.9357722930873582,2.248854481285245
SOS,45.0,5,421,2.923915629253755,2.248854481285245
SOS,45.0,5,422,1.8569939653463066,2.248854481285245
SOS,45.0,5,423,0.8823816525405221,2.248854481285245
SOS,45.0,5,424,1.8424350927337658,2.248854481285245
SOS,45.0,5,425,0.34819631366546655,2.248854481285245
SOS,45.0,5,426,2.4955230473036965,2.248854481285245
SOS,45.0,5,427,1.518386286902082,2.248854481285245
SOS,45.0,5,428,2.4591305621035318,2.248854481285245
SOS,45.0,5,429,3.556624400847789,2.248854481285245
SOS,45.0,5,430,2.3585481550132017,2.248854481285245
SOS,45.0,5,431,2.3248052115563405,2.248854481285245
SOS,45.0,5,432,1.4139499311561576,2.248854481285245
SOS,45.0,5,433,2.1419017471712047,2.248854481285245
SOS,45.0,5,434,3.322715705445126,2.248854481285245
SOS,45.0,5,435,3.528020111970782,2.248854481285245
SOS,45.0,5,436,0.8300912965001498,2.248854481285245
SOS,45.0,5,437,2.630343158082393,2.248854481285245
SOS,45.0,5,438,3.8875324676668317,2.248854481285245
SOS,45.0,5,439,1.6793431472910103,2.248854481285245
SOS,45.0,5,440,1.9488300699066732,2.248854481285245
SOS,45.0,5,441,1.9374594206380693,2.248854481285245
SOS,45.0,5,442,1.3326761567010477,2.248854481285245
SOS,45.0,5,443,3.3108621715046014,2.248854481285245
SOS,45.0,5,444,1.485421279563249,2.248854481285245
SOS,45.0,5,445,1.1999748988639136,2.248854481285245
SOS,45.0,5,446,1.1775846181800085,2.248854481285245
SOS,45.0,5,447,4.017911642037306,2.248854481285245
SOS,45.0,5,448,3.803053863396729,2.248854481285245
SOS,45.0,5,449,1.2241792735258603,2.248854481285245
SOS,45.0,5,450,3.6209901627102017,2.248854481285245
SOS,45.0,5,451,2.794193410831895,2.248854481285245
SOS,45.0,5,452,3.4216411365288444,2.248854481285245
SOS,45.0,5,453,3.6467301496456965,2.248854481285245
SOS,45.0,5,454,2.519685968141798,2.248854481285245
SOS,45.0,5,455,2.5122426823002133,2.248854481285245
SOS,45.0,5,456,2.5664238761786557,2.248854481285245
SOS,45.0,5,457,1.7159556622586432,2.248854481285245
SOS,45.0,5,458,1.2299302050382583,2.248854481285245
SOS,45.0,5,459,2.239438230156722,2.248854481285245
SOS,45.0,5,460,3.3425747589759336,2.248854481285245
SOS,45.0,5,461,2.127858359158793,2.248854481285245
SOS,45.0,5,462,1.7729719218222735,2.248854481285245
SOS,45.0,5,463,1.4868123883888757,2.248854481285245
SOS,45.0,5,464,3.2395978835032535,2.248854481285245
SOS,45.0,5,465,3.7887678085440726,2.248854481285245
SOS,45.0,5,466,4.315681590771507,2.248854481285245
SOS,45.0,5,467,3.1763184220877747,2.248854481285245
SOS,45.0,5,468,1.1893167510648746,2.248854481285245
SOS,45.0,5,469,2.0714256236621225,2.248854481285245
SOS,45.0,5,470,2.790854638162239,2.248854481285245
SOS,45.0,5,471,1.6853442631958264,2.248854481285245
SOS,45.0,5,472,4.963843669224255,2.248854481285245
SOS,45.0,5,473,2.7310364526012867,2.248854481285245
SOS,45.0,5,474,-0.9672564162055719,2.248854481285245
SOS,45.0,5,475,1.377983126890003,2.248854481285245
SOS,45.0,5,476,2.8940213080772814,2.248854481285245
SOS,45.0,5,477,2.6278556560007704,2.248854481285245
SOS,45.0,5,478,2.2455934987458863,2.248854481285245
SOS,45.0,5,479,0.03845432804965476,2.248854481285245
SOS,45.0,5,480,1.49615555904944,2.248854481285245
SOS,45.0,5,481,3.0918560718097217,2.248854481285245
SOS,45.0,5,482,0.8752235326251538,2.248854481285245
SOS,45.0,5,483,2.478986027495436,2.248854481285245
SOS,45.0,5,484,1.046937392893192,2.248854481285245
SOS,45.0,5,485,2.105454655915441,2.248854481285245
SOS,45.0,5,486,0.16612841562871017,2.248854481285245
SOS,45.0,5,487,2.868985709799595,2.248854481285245
SOS,45.0,5,488,1.4780133976617327,2.248854481285245
SOS,45.0,5,489,3.0162431399743523,2.248854481285245
SOS,45.0,5,490,2.64690374453496,2.248854481285245
SOS,45.0,5,491,3.411752341378069,2.248854481285245
SOS,45.0,5,492,1.216040258884893,2.248854481285245
SOS,45.0,5,493,0.41469909232777136,2.248854481285245
SOS,45.0,5,494,1.8852402905529244,2.248854481285245
SOS,45.0,5,495,0.5473210302459908,2.248854481285245
SOS,45.0,5,496,1.251213671589836,2.248854481285245
SOS,45.0,5,497,1.7435241274958166,2.248854481285245
SOS,45.0,5,498,1.3388474907927181,2.248854481285245
SOS,45.0,5,499,1.3257129322596652,2.248854481285245
SOS,45.0,5,500,0.5135922937322954,2.248854481285245
SOS,45.0,5,501,2.65849009464121,2.248854481285245
SOS,45.0,5,502,0.8258885129320855,2.248854481285245
SOS,45.0,5,503,2.05944111009494,2.248854481285245
SOS,45.0,5,504,2.325680817446787,2.248854481285245
SOS,45.0,5,505,-0.2628752249467914,2.248854481285245
SOS,45.0,5,506,2.593406225058148,2.248854481285245
SOS,45.0,5,507,2.351743548801337,2.248854481285245
SOS,45.0,5,508,1.9726847228101714,2.248854481285245
SOS,45.0,5,509,1.9471443272205013,2.248854481285245
SOS,45.0,5,510,2.6954017645661312,2.248854481285245
SOS,45.0,5,511,3.1865954350548185,2.248854481285245
SOS,45.0,5,512,2.917443227423947,2.248854481285245
SOS,45.0,5,513,1.147592498881255,2.248854481285245
SOS,45.0,5,514,3.057561034729937,2.248854481285245
SOS,45.0,5,515,3.138814134442248,2.248854481285245
SOS,45.0,5,516,2.259877206847351,2.248854481285245
SOS,45.0,5,517,3.1153238368340617,2.248854481285245
SOS,45.0,5,518,1.3605068586202977,2.248854481285245
SOS,45.0,5,519,0.4989728481604231,2.248854481285245
SOS,45.0,5,520,2.2348005061057816,2.248854481285245
SOS,45.0,5,521,2.361215868589547,2.248854481285245
SOS,45.0,5,522,1.883342023347978,2.248854481285245
SOS,45.0,5,523,0.8901641001238025,2.248854481285245
SOS,45.0,5,524,2.7105321395083113,2.248854481285245
SOS,45.0,5,525,1.3584999480469044,2.248854481285245
SOS,45.0,5,526,0.42325721331301003,2.248854481285245
SOS,45.0,5,527,3.339498473707482,2.248854481285245
SOS,45.0,5,528,3.2724915527622596,2.248854481285245
SOS,45.0,5,529,1.6772645998431266,2.248854481285245
SOS,45.0,5,530,0.5051928043797238,2.248854481285245
SOS,45.0,5,531,0.20388504300959798,2.248854481285245
SOS,45.0,5,532,3.6550379710395515,2.248854481285245
SOS,45.0,5,533,1.9311448748287103,2.248854481285245
SOS,45.0,5,534,2.6848040889752673,2.248854481285245
SOS,45.0,5,535,4.484810285823047,2.248854481285245
SOS,45.0,5,536,2.977134496855224,2.248854481285245
SOS,45.0,5,537,2.369611770986734,2.248854481285245
SOS,45.0,5,538,2.3359664653574184,2.248854481285245
SOS,45.0,5,539,3.165808157098162,2.248854481285245
SOS,45.0,5,540,4.302605230235082,2.248854481285245
SOS,45.0,5,541,4.0507129864929485,2.248854481285245
SOS,45.0,5,542,2.5453839702142527,2.248854481285245
SOS,45.0,5,543,1.436624425313891,2.248854481285245
SOS,45.0,5,544,2.8110268064969075,2.248854481285245
SOS,45.0,5,545,4.007188539194061,2.248854481285245
SOS,45.0,5,546,1.4694274312304827,2.248854481285245
SOS,45.0,5,547,3.5353602164323155,2.248854481285245
SOS,45.0,5,548,2.7026914743521524,2.248854481285245
SOS,45.0,5,549,2.078884399686044,2.248854481285245
SOS,45.0,5,550,3.43872208973137,2.248854481285245
SOS,45.0,5,551,3.7370151977136126,2.248854481285245
SOS,45.0,5,552,3.3096800881288613,2.248854481285245
SOS,45.0,5,553,1.7613097504078727,2.248854481285245
SOS,45.0,5,554,3.734725572401327,2.248854481285245
SOS,45.0,5,555,1.17175890094038,2.248854481285245
SOS,45.0,5,556,1.5196087169452228,2.248854481285245
SOS,45.0,5,557,2.3389805322898805,2.248854481285245
SOS,45.0,5,558,0.3773108849583533,2.248854481285245
SOS,45.0,5,559,2.3824170795682553,2.248854481285245
SOS,45.0,5,560,2.448779804451614,2.248854481285245
SOS,45.0,5,561,1.7267304416373463,2.248854481285245
SOS,45.0,5,562,0.6284656096143282,2.248854481285245
SOS,45.0,5,563,1.7434531948180787,2.248854481285245
SOS,45.0,5,564,3.5616421102354163,2.248854481285245
SOS,45.0,5,565,3.395268089540022,2.248854481285245
SOS,45.0,5,566,1.7127409533557154,2.248854481285245
SOS,45.0,5,567,0.4273822655732439,2.248854481285245
SOS,45.0,5,568,2.221606007517406,2.248854481285245
SOS,45.0,5,569,3.903830291389004,2.248854481285245
SOS,45.0,5,570,2.5958799430598596,2.248854481285245
SOS,45.0,5,571,1.222975622276135,2.248854481285245
SOS,45.0,5,572,1.9116266936066824,2.248854481285245
SOS,45.0,5,573,1.2522738019682458,2.248854481285245
SOS,45.0,5,574,3.9854110134242013,2.248854481285245
SOS,45.0,5,575,0.13772821512624878,2.248854481285245
SOS,45.0,5,576,2.2355433075799183,2.248854481285245
SOS,45.0,5,577,1.059467685723245,2.248854481285245
SOS,45.0,5,578,2.8124389158309855,2.248854481285245
SOS,45.0,5,579,1.2671158075067466,2.248854481285245
SOS,45.0,5,580,1.4982800049532377,2.248854481285245
SOS,45.0,5,581,2.0298834238886467,2.248854481285245
SOS,45.0,5,582,2.9159860563733435,2.248854481285245
SOS,45.0,5,583,1.0107439982987465,2.248854481285245
SOS,45.0,5,584,0.4167440121955789,2.248854481285245
SOS,45.0,5,585,1.8553905560034765,2.248854481285245
SOS,45.0,5,586,1.5561204187806816,2.248854481285245
SOS,45.0,5,587,2.675215207256266,2.248854481285245
SOS,45.0,5,588,0.38876836118468244,2.248854481285245
SOS,45.0,5,589,2.760029461445608,2.248854481285245
SOS,45.0,5,590,3.301039845163503,2.248854481285245
SOS,45.0,5,591,2.0879686853319015,2.248854481285245
SOS,45.0,5,592,0.697626012274196,2.248854481285245
SOS,45.0,5,593,3.8481272045147605,2.248854481285245
SOS,45.0,5,594,-0.4738136233851993,2.248854481285245
SOS,45.0,5,595,2.0190347709655505,2.248854481285245
SOS,45.0,5,596,1.8000856864841046,2.248854481285245
SOS,45.0,5,597,3.357368969148287,2.248854481285245
SOS,45.0,5,598,1.738687157089813,2.248854481285245
SOS,45.0,5,599,1.8082212659335837,2.248854481285245
SOS,45.0,5,600,2.588107275883829,2.248854481285245
SOS,45.0,5,601,-0.6282095099487995,2.248854481285245
SOS,45.0,5,602,3.123153034968071,2.248854481285245
SOS,45.0,5,603,2.8269657190997393,2.248854481285245
SOS,45.0,5,604,2.127261614451199,2.248854481285245
SOS,45.0,5,605,1.1389432985984687,2.248854481285245
SOS,45.0,5,606,2.897706621464657,2.248854481285245
SOS,45.0,5,607,-0.7902146750033849,2.248854481285245
SOS,45.0,5,608,2.9421122134140094,2.248854481285245
SOS,45.0,5,609,0.27865587259232405,2.248854481285245
SOS,45.0,5,610,1.6274816097774607,2.248854481285245
SOS,45.0,5,611,3.21823469497295,2.248854481285245
SOS,45.0,5,612,1.1825715124663323,2.248854481285245
SOS,45.0,5,613,3.297453183514884,2.248854481285245
SOS,45.0,5,614,2.078972998198925,2.248854481285245
SOS,45.0,5,615,1.174505993423197,2.248854481285245
SOS,45.0,5,616,2.186601333160591,2.248854481285245
SOS,45.0,5,617,1.9328448795336075,2.248854481285245
SOS,45.0,5,618,3.0806512257255263,2.248854481285245
SOS,45.0,5,619,1.7685701448752011,2.248854481285245
SOS,45.0,5,620,0.4252330826413041,2.248854481285245
SOS,45.0,5,621,3.2548849118231553,2.248854481285245
SOS,45.0,5,622,1.4365555920740105,2.248854481285245
SOS,45.0,5,623,4.117097596796535,2.248854481285245
SOS,45.0,5,624,1.9557421437214846,2.248854481285245
SOS,45.0,5,625,1.0825018053454691,2.248854481285245
SOS,45.0,5,626,-0.06900872922838863,2.248854481285245
SOS,45.0,5,627,1.1367606225872962,2.248854481285245
SOS,45.0,5,628,3.8112927333515048,2.248854481285245
SOS,45.0,5,629,1.6493707133744118,2.248854481285245
SOS,45.0,5,630,3.4470765374123244,2.248854481285245
SOS,45.0,5,631,3.126550860578728,2.248854481285245
SOS,45.0,5,632,2.9495011732525644,2.248854481285245
SOS,45.0,5,633,3.5064093898373008,2.248854481285245
SOS,45.0,5,634,2.877513131015993,2.248854481285245
SOS,45.0,5,635,1.7312397032168105,2.248854481285245
SOS,45.0,5,636,2.0125768962830453,2.248854481285245
SOS,45.0,5,637,1.8977065501637655,2.248854481285245
SOS,45.0,5,638,2.712203109735238,2.248854481285245
SOS,45.0,5,639,2.0577834609804357,2.248854481285245
SOS,45.0,5,640,2.6752391564495213,2.248854481285245
SOS,45.0,5,641,2.2706591479453033,2.248854481285245
SOS,45.0,5,642,1.4629359119416074,2.248854481285245
SOS,45.0,5,643,0.5669277088913633,2.248854481285245
SOS,45.0,5,644,1.5893785248483077,2.248854481285245
SOS,45.0,5,645,2.2909201764041924,2.248854481285245
SOS,45.0,5,646,1.7140998086244088,2.248854481285245
SOS,45.0,5,647,1.6447765968319514,2.248854481285245
SOS,45.0,5,648,3.6317553312045088,2.248854481285245
SOS,45.0,5,649,0.5330524229113671,2.248854481285245
SOS,45.0,5,650,0.5903497526568946,2.248854481285245
SOS,45.0,5,651,2.4923374999780177,2.248854481285245
SOS,45.0,5,652,-0.5135366658286231,2.248854481285245
SOS,45.0,5,653,1.5981404460181918,2.248854481285245
SOS,45.0,5,654,1.318286134125546,2.248854481285245
SOS,45.0,5,655,2.507318643153629,2.248854481285245
SOS,45.0,5,656,3.647804758582163,2.248854481285245
SOS,45.0,5,657,1.889102779952466,2.248854481285245
SOS,45.0,5,658,4.235414789175692,2.248854481285245
SOS,45.0,5,659,1.972762548610898,2.248854481285245
SOS,45.0,5,660,2.8350040025647,2.248854481285245
SOS,45.0,5,661,0.5767588401149593,2.248854481285245
SOS,45.0,5,662,1.4868388046980014,2.248854481285245
SOS,45.0,5,663,2.1023377004623676,2.248854481285245
SOS,45.0,5,664,2.8926681276662958,2.248854481285245
SOS,45.0,5,665,2.640005449458229,2.248854481285245
SOS,45.0,5,666,1.2812436087521708,2.248854481285245
SOS,45.0,5,667,2.035174225134578,2.248854481285245
SOS,45.0,5,668,1.2252951446789464,2.248854481285245
SOS,45.0,5,669,1.498741752930831,2.248854481285245
SOS,45.0,5,670,4.314487158949015,2.248854481285245
SOS,45.0,5,671,1.2374743692490708,2.248854481285245
SOS,45.0,5,672,-1.1046926988972046,2.248854481285245
SOS,45.0,5,673,3.0603151980975567,2.248854481285245
SOS,45.0,5,674,2.287247767523859,2.248854481285245
SOS,45.0,5,675,3.7631400227782907,2.248854481285245
SOS,45.0,5,676,2.8332485873746625,2.248854481285245
SOS,45.0,5,677,1.7046384089979045,2.248854481285245
SOS,45.0,5,678,1.8878289461695852,2.248854481285245
SOS,45.0,5,679,3.0122370412457546,2.248854481285245
SOS,45.0,5,680,2.99330949896388,2.248854481285245
SOS,45.0,5,681,1.381107126872918,2.248854481285245
SOS,45.0,5,682,1.6816610159659733,2.248854481285245
SOS,45.0,5,683,2.804342563714567,2.248854481285245
SOS,45.0,5,684,2.6003416607362166,2.248854481285245
SOS,45.0,5,685,2.46371963947439,2.248854481285245
SOS,45.0,5,686,3.092828202528675,2.248854481285245
SOS,45.0,5,687,0.9692454413215796,2.248854481285245
SOS,45.0,5,688,0.6808711292339785,2.248854481285245
SOS,45.0,5,689,2.874851663454173,2.248854481285245
SOS,45.0,5,690,2.0819901656936413,2.248854481285245
SOS,45.0,5,691,0.7809321883271994,2.248854481285245
SOS,45.0,5,692,0.36918563447515784,2.248854481285245
SOS,45.0,5,693,1.8644163309396324,2.248854481285245
SOS,45.0,5,694,1.5718004707614714,2.248854481285245
SOS,45.0,5,695,2.7547918110616747,2.248854481285245
SOS,45.0,5,696,1.1849518533469596,2.248854481285245
SOS,45.0,5,697,1.8040191861313304,2.248854481285245
SOS,45.0,5,698,1.842124588814022,2.248854481285245
SOS,45.0,5,699,2.1439097244154457,2.248854481285245
SOS,45.0,5,700,1.3318086033154253,2.248854481285245
SOS,45.0,5,701,2.628659269754124,2.248854481285245
SOS,45.0,5,702,2.2201402295088695,2.248854481285245
SOS,45.0,5,703,1.7392968597215779,2.248854481285245
SOS,45.0,5,704,3.073447311028267,2.248854481285245
SOS,45.0,5,705,2.810506412054215,2.248854481285245
SOS,45.0,5,706,1.9682910406042624,2.248854481285245
SOS,45.0,5,707,2.2078145302391494,2.248854481285245
SOS,45.0,5,708,1.4756600379813996,2.248854481285245
SOS,45.0,5,709,2.454096506631923,2.248854481285245
SOS,45.0,5,710,3.220459524265327,2.248854481285245
SOS,45.0,5,711,3.8732774334230413,2.248854481285245
SOS,45.0,5,712,3.192330947593974,2.248854481285245
SOS,45.0,5,713,1.1679330799843521,2.248854481285245
SOS,45.0,5,714,2.640245973971386,2.248854481285245
SOS,45.0,5,715,2.9965975941539407,2.248854481285245
SOS,45.0,5,716,1.200420778267621,2.248854481285245
SOS,45.0,5,717,3.083801652253805,2.248854481285245
SOS,45.0,5,718,4.443035438037839,2.248854481285245
SOS,45.0,5,719,2.2204243307056197,2.248854481285245
SOS,45.0,5,720,1.2456546116263616,2.248854481285245
SOS,45.0,5,721,2.2565570580129335,2.248854481285245
SOS,45.0,5,722,2.7329863329889097,2.248854481285245
SOS,45.0,5,723,3.927888392522588,2.248854481285245
SOS,45.0,5,724,2.0518670716337017,2.248854481285245
SOS,45.0,5,725,1.5349115370186326,2.248854481285245
SOS,45.0,5,726,2.692966553992982,2.248854481285245
SOS,45.0,5,727,1.6321935777493954,2.248854481285245
SOS,45.0,5,728,1.28020874022903,2.248854481285245
SOS,45.0,5,729,3.5398043360755818,2.248854481285245
SOS,45.0,5,730,2.986388986773555,2.248854481285245
SOS,45.0,5,731,4.378104035304235,2.248854481285245
SOS,45.0,5,732,3.8911817448583874,2.248854481285245
SOS,45.0,5,733,4.137037792773668,2.248854481285245
SOS,45.0,5,734,2.6360474878785696,2.248854481285245
SOS,45.0,5,735,1.2359666161828815,2.248854481285245
SOS,45.0,5,736,3.183921844183476,2.248854481285245
SOS,45.0,5,737,2.3948940897511273,2.248854481285245
SOS,45.0,5,738,-0.48732538021443284,2.248854481285245
SOS,45.0,5,739,1.9570458967227387,2.248854481285245
SOS,45.0,5,740,2.062338686063171,2.248854481285245
SOS,45.0,5,741,3.7685488150048494,2.248854481285245
SOS,45.0,5,742,4.42674192087353,2.248854481285245
SOS,45.0,5,743,3.555146229108261,2.248854481285245
SOS,45.0,5,744,1.9650314155152406,2.248854481285245
SOS,45.0,5,745,2.083236793655296,2.248854481285245
SOS,45.0,5,746,3.6229315481825024,2.248854481285245
SOS,45.0,5,747,2.023539250886065,2.248854481285245
SOS,45.0,5,748,0.7266931783353661,2.248854481285245
SOS,45.0,5,749,3.304817552005887,2.248854481285245
SOS,45.0,5,750,0.6218330029905399,2.248854481285245
SOS,45.0,5,751,2.4503005750252873,2.248854481285245
SOS,45.0,5,752,2.0200013970906756,2.248854481285245
SOS,45.0,5,753,1.8894229776447204,2.248854481285245
SOS,45.0,5,754,3.3232089786299746,2.248854481285245
SOS,45.0,5,755,3.6136395346667083,2.248854481285245
SOS,45.0,5,756,1.4936288654954626,2.248854481285245
SOS,45.0,5,757,2.002439511129963,2.248854481285245
SOS,45.0,5,758,1.5400406913631173,2.248854481285245
SOS,45.0,5,759,0.22811425415908432,2.248854481285245
SOS,45.0,5,760,3.690635102815581,2.248854481285245
SOS,45.0,5,761,1.872460862511677,2.248854481285245
SOS,45.0,5,762,1.4569756526207103,2.248854481285245
SOS,45.0,5,763,2.0979366875655403,2.248854481285245
SOS,45.0,5,764,2.3375880142243455,2.248854481285245
SOS,45.0,5,765,3.5088879496231016,2.248854481285245
SOS,45.0,5,766,2.0483509964130295,2.248854481285245
SOS,45.0,5,767,1.2797763085405869,2.248854481285245
SOS,45.0,5,768,2.9777643527192557,2.248854481285245
SOS,45.0,5,769,3.6549792432737136,2.248854481285245
SOS,45.0,5,770,0.9350728505515882,2.248854481285245
SOS,45.0,5,771,0.6412626444212475,2.248854481285245
SOS,45.0,5,772,3.0778745738855946,2.248854481285245
SOS,45.0,5,773,4.557332986709094,2.248854481285245
SOS,45.0,5,774,3.062185663940251,2.248854481285245
SOS,45.0,5,775,-0.5018115793945235,2.248854481285245
SOS,45.0,5,776,2.962418045536682,2.248854481285245
SOS,45.0,5,777,3.781928886515384,2.248854481285245
SOS,45.0,5,778,0.4925530537821907,2.248854481285245
SOS,45.0,5,779,1.906829974740629,2.248854481285245
SOS,45.0,5,780,2.6212886347252002,2.248854481285245
SOS,45.0,5,781,1.3910028282929732,2.248854481285245
SOS,45.0,5,782,1.185506533736284,2.248854481285245
SOS,45.0,5,783,1.6438891437447192,2.248854481285245
SOS,45.0,5,784,2.6025006565031337,2.248854481285245
SOS,45.0,5,785,-0.5264037093106106,2.248854481285245
SOS,45.0,5,786,2.353421427170137,2.248854481285245
SOS,45.0,5,787,3.179131121543242,2.248854481285245
SOS,45.0,5,788,1.147659834988144,2.248854481285245
SOS,45.0,5,789,2.392309515397039,2.248854481285245
SOS,45.0,5,790,2.157445959228065,2.248854481285245
SOS,45.0,5,791,3.5874042470034953,2.248854481285245
SOS,45.0,5,792,3.1475204075725847,2.248854481285245
SOS,45.0,5,793,1.68787181017222,2.248854481285245
SOS,45.0,5,794,3.883798514577211,2.248854481285245
SOS,45.0,5,795,2.498337014831983,2.248854481285245
SOS,45.0,5,796,2.213273503535191,2.248854481285245
SOS,45.0,5,797,2.7004927194388415,2.248854481285245
SOS,45.0,5,798,0.7055336822844412,2.248854481285245
SOS,45.0,5,799,2.438883000682348,2.248854481285245
SOS,45.0,5,800,2.4104608980999096,2.248854481285245
SOS,45.0,5,801,3.6331830548724207,2.248854481285245
SOS,45.0,5,802,0.7153877401013857,2.248854481285245
SOS,45.0,5,803,1.8185752553837022,2.248854481285245
SOS,45.0,5,804,1.2310030865143942,2.248854481285245
SOS,45.0,5,805,2.4046953988704933,2.248854481285245
SOS,45.0,5,806,3.740752801850755,2.248854481285245
SOS,45.0,5,807,2.9051591274343904,2.248854481285245
SOS,45.0,5,808,1.9360146686501043,2.248854481285245
SOS,45.0,5,809,4.734150602453201,2.248854481285245
SOS,45.0,5,810,0.7595745736378052,2.248854481285245
SOS,45.0,5,811,2.393076713309841,2.248854481285245
SOS,45.0,5,812,-0.914257612723909,2.248854481285245
SOS,45.0,5,813,1.2168253426002953,2.248854481285245
SOS,45.0,5,814,0.3635249049732592,2.248854481285245
SOS,45.0,5,815,2.593291600466813,2.248854481285245
SOS,45.0,5,816,2.044132215407884,2.248854481285245
SOS,45.0,5,817,1.5770735937644464,2.248854481285245
SOS,45.0,5,818,2.1473376584636537,2.248854481285245
SOS,45.0,5,819,1.7382542087005377,2.248854481285245
SOS,45.0,5,820,2.515374565649077,2.248854481285245
SOS,45.0,5,821,2.027517825807904,2.248854481285245
SOS,45.0,5,822,2.9425240078751917,2.248854481285245
SOS,45.0,5,823,0.8554043127831146,2.248854481285245
SOS,45.0,5,824,1.9417212992236854,2.248854481285245
SOS,45.0,5,825,2.1020639323299846,2.248854481285245
SOS,45.0,5,826,1.9074933336562347,2.248854481285245
SOS,45.0,5,827,2.0238976939318727,2.248854481285245
SOS,45.0,5,828,2.6522469615833435,2.248854481285245
SOS,45.0,5,829,1.0474412055010123,2.248854481285245
SOS,45.0,5,830,4.200678891043088,2.248854481285245
SOS,45.0,5,831,1.6911958954487627,2.248854481285245
SOS,45.0,5,832,2.0598584864608376,2.248854481285245
SOS,45.0,5,833,0.7057176581807002,2.248854481285245
SOS,45.0,5,834,3.3878531666394487,2.248854481285245
SOS,45.0,5,835,3.101531147312818,2.248854481285245
SOS,45.0,5,836,2.288985449613795,2.248854481285245
SOS,45.0,5,837,-0.04438510561658371,2.248854481285245
SOS,45.0,5,838,5.0059699130899595,2.248854481285245
SOS,45.0,5,839,1.6719994703993375,2.248854481285245
SOS,45.0,5,840,4.891115999313405,2.248854481285245
SOS,45.0,5,841,1.3138147110795455,2.248854481285245
SOS,45.0,5,842,1.8011127744846622,2.248854481285245
SOS,45.0,5,843,2.9664244488374107,2.248854481285245
SOS,45.0,5,844,1.4984158467689683,2.248854481285245
SOS,45.0,5,845,1.64537994053588,2.248854481285245
SOS,45.0,5,846,2.5891909171966145,2.248854481285245
SOS,45.0,5,847,5.0422410654090974,2.248854481285245
SOS,45.0,5,848,2.681163054425444,2.248854481285245
SOS,45.0,5,849,2.136641795507716,2.248854481285245
SOS,45.0,5,850,2.528391532754943,2.248854481285245
SOS,45.0,5,851,1.4026661918032204,2.248854481285245
SOS,45.0,5,852,1.7242550380826485,2.248854481285245
SOS,45.0,5,853,2.3634710665313525,2.248854481285245
SOS,45.0,5,854,4.835766522697684,2.248854481285245
SOS,45.0,5,855,1.2289366986140549,2.248854481285245
SOS,45.0,5,856,3.260317940624629,2.248854481285245
SOS,45.0,5,857,2.79017903568761,2.248854481285245
SOS,45.0,5,858,1.357121074953368,2.248854481285245
SOS,45.0,5,859,3.0074356125519275,2.248854481285245
SOS,45.0,5,860,1.7609538115657144,2.248854481285245
SOS,45.0,5,861,1.351099339615001,2.248854481285245
SOS,45.0,5,862,1.6372023889219722,2.248854481285245
SOS,45.0,5,863,3.1476155356830127,2.248854481285245
SOS,45.0,5,864,1.2312644427403314,2.248854481285245
SOS,45.0,5,865,4.3826019062065225,2.248854481285245
SOS,45.0,5,866,1.3877585889622854,2.248854481285245
SOS,45.0,5,867,1.9826870231788036,2.248854481285245
SOS,45.0,5,868,3.79945904913336,2.248854481285245
SOS,45.0,5,869,2.8993605714097925,2.248854481285245
SOS,45.0,5,870,3.914205773957575,2.248854481285245
SOS,45.0,5,871,2.503646705202363,2.248854481285245
SOS,45.0,5,872,2.0306929827973046,2.248854481285245
SOS,45.0,5,873,0.3961018162579856,2.248854481285245
SOS,45.0,5,874,-0.2463267445383659,2.248854481285245
SOS,45.0,5,875,-0.09015714046770973,2.248854481285245
SOS,45.0,5,876,1.2069576302796563,2.248854481285245
SOS,45.0,5,877,0.5584538763540676,2.248854481285245
SOS,45.0,5,878,2.138987069457854,2.248854481285245
SOS,45.0,5,879,3.2267094020129345,2.248854481285245
SOS,45.0,5,880,2.5419247101539266,2.248854481285245
SOS,45.0,5,881,0.3164415757618395,2.248854481285245
SOS,45.0,5,882,0.8006403258652797,2.248854481285245
SOS,45.0,5,883,2.5633044420662463,2.248854481285245
SOS,45.0,5,884,3.2263493835784063,2.248854481285245
SOS,45.0,5,885,4.823941379911593,2.248854481285245
SOS,45.0,5,886,1.8263999448803458,2.248854481285245
SOS,45.0,5,887,1.6073490255806426,2.248854481285245
SOS,45.0,5,888,3.6571139086942592,2.248854481285245
SOS,45.0,5,889,2.2385952379578375,2.248854481285245
SOS,45.0,5,890,2.7342078912948797,2.248854481285245
SOS,45.0,5,891,6.275917391472166,2.248854481285245
SOS,45.0,5,892,3.273026621596378,2.248854481285245
SOS,45.0,5,893,2.370409036391227,2.248854481285245
SOS,45.0,5,894,1.9817220569474163,2.248854481285245
SOS,45.0,5,895,0.5550666192961804,2.248854481285245
SOS,45.0,5,896,1.9131408352769217,2.248854481285245
SOS,45.0,5,897,1.3026004643453324,2.248854481285245
SOS,45.0,5,898,2.636001379088301,2.248854481285245
SOS,45.0,5,899,2.2863706173752676,2.248854481285245
SOS,45.0,5,900,2.3050404502251904,2.248854481285245
SOS,45.0,5,901,2.6059154627560606,2.248854481285245
SOS,45.0,5,902,1.4210868685023925,2.248854481285245
SOS,45.0,5,903,3.5842384204445703,2.248854481285245
SOS,45.0,5,904,-1.2791576410071221,2.248854481285245
SOS,45.0,5,905,2.7513480117381013,2.248854481285245
SOS,45.0,5,906,4.044614367692009,2.248854481285245
SOS,45.0,5,907,1.849245125211109,2.248854481285245
SOS,45.0,5,908,0.8537779620391319,2.248854481285245
SOS,45.0,5,909,1.9298181438696187,2.248854481285245
SOS,45.0,5,910,2.059735071225434,2.248854481285245
SOS,45.0,5,911,1.0631391501922374,2.248854481285245
SOS,45.0,5,912,1.417922489408961,2.248854481285245
SOS,45.0,5,913,3.4439113983323333,2.248854481285245
SOS,45.0,5,914,2.442276088533715,2.248854481285245
SOS,45.0,5,915,4.088946434413685,2.248854481285245
SOS,45.0,5,916,3.4689725060949845,2.248854481285245
SOS,45.0,5,917,1.4756762921995086,2.248854481285245
SOS,45.0,5,918,2.163568693732328,2.248854481285245
SOS,45.0,5,919,2.0259613393942377,2.248854481285245
SOS,45.0,5,920,2.7685381872772052,2.248854481285245
SOS,45.0,5,921,4.270799529924579,2.248854481285245
SOS,45.0,5,922,2.7498003466525525,2.248854481285245
SOS,45.0,5,923,2.8124382023202807,2.248854481285245
SOS,45.0,5,924,1.9053363668834369,2.248854481285245
SOS,45.0,5,925,5.247047110098481,2.248854481285245
SOS,45.0,5,926,0.42903765840503594,2.248854481285245
SOS,45.0,5,927,1.089716536713825,2.248854481285245
SOS,45.0,5,928,1.4848385326652118,2.248854481285245
SOS,45.0,5,929,1.136417378479248,2.248854481285245
SOS,45.0,5,930,0.83532979751778,2.248854481285245
SOS,45.0,5,931,2.553840305375405,2.248854481285245
SOS,45.0,5,932,1.5479720496938334,2.248854481285245
SOS,45.0,5,933,3.164370357397215,2.248854481285245
SOS,45.0,5,934,1.0441480779672785,2.248854481285245
SOS,45.0,5,935,0.86158800275064,2.248854481285245
SOS,45.0,5,936,1.7060370797835063,2.248854481285245
SOS,45.0,5,937,1.7798926058885285,2.248854481285245
SOS,45.0,5,938,1.2431722968888743,2.248854481285245
SOS,45.0,5,939,3.742176450610079,2.248854481285245
SOS,45.0,5,940,1.982602346624758,2.248854481285245
SOS,45.0,5,941,2.935842276711744,2.248854481285245
SOS,45.0,5,942,3.266232836338821,2.248854481285245
SOS,45.0,5,943,2.082100170117352,2.248854481285245
SOS,45.0,5,944,1.749573181136987,2.248854481285245
SOS,45.0,5,945,1.4563198251534333,2.248854481285245
SOS,45.0,5,946,-1.218715292053894,2.248854481285245
SOS,45.0,5,947,2.9680363458668246,2.248854481285245
SOS,45.0,5,948,2.592795222619724,2.248854481285245
SOS,45.0,5,949,2.0731360095453373,2.248854481285245
SOS,45.0,5,950,4.264492109432145,2.248854481285245
SOS,45.0,5,951,2.9555527171305447,2.248854481285245
SOS,45.0,5,952,2.3021900218620517,2.248854481285245
SOS,45.0,5,953,0.8214589108705004,2.248854481285245
SOS,45.0,5,954,1.6562472853741739,2.248854481285245
SOS,45.0,5,955,2.8138921507285874,2.248854481285245
SOS,45.0,5,956,4.970760727834065,2.248854481285245
SOS,45.0,5,957,1.5123157089303068,2.248854481285245
SOS,45.0,5,958,2.936794559176625,2.248854481285245
SOS,45.0,5,959,4.087256467681135,2.248854481285245
SOS,45.0,5,960,3.6519776685461514,2.248854481285245
SOS,45.0,5,961,3.284837190543184,2.248854481285245
SOS,45.0,5,962,-0.19643323506904753,2.248854481285245
SOS,45.0,5,963,1.6174776721727004,2.248854481285245
SOS,45.0,5,964,2.3383651568732366,2.248854481285245
SOS,45.0,5,965,2.445970810054911,2.248854481285245
SOS,45.0,5,966,0.6666081957283166,2.248854481285245
SOS,45.0,5,967,4.4628633079245486,2.248854481285245
SOS,45.0,5,968,2.793806184015155,2.248854481285245
SOS,45.0,5,969,1.6257464748072996,2.248854481285245
SOS,45.0,5,970,1.707191995179536,2.248854481285245
SOS,45.0,5,971,2.820493056353661,2.248854481285245
SOS,45.0,5,972,1.817243748293484,2.248854481285245
SOS,45.0,5,973,2.45260171918067,2.248854481285245
SOS,45.0,5,974,4.687928902931384,2.248854481285245
SOS,45.0,5,975,2.4104928410905853,2.248854481285245
SOS,45.0,5,976,2.909639454923845,2.248854481285245
SOS,45.0,5,977,1.0906335601716486,2.248854481285245
SOS,45.0,5,978,1.3362359782181312,2.248854481285245
SOS,45.0,5,979,1.7039290089046717,2.248854481285245
SOS,45.0,5,980,0.8652555320024924,2.248854481285245
SOS,45.0,5,981,2.5791316528385697,2.248854481285245
SOS,45.0,5,982,0.03841839169427563,2.248854481285245
SOS,45.0,5,983,2.6046829643337492,2.248854481285245
SOS,45.0,5,984,1.413842691470099,2.248854481285245
SOS,45.0,5,985,-0.7570185416830164,2.248854481285245
SOS,45.0,5,986,2.560644000067247,2.248854481285245
SOS,45.0,5,987,1.2112871457353822,2.248854481285245
SOS,45.0,5,988,2.2731380510467334,2.248854481285245
SOS,45.0,5,989,2.3708658868359302,2.248854481285245
SOS,45.0,5,990,4.112996172059084,2.248854481285245
SOS,45.0,5,991,1.9677563110745453,2.248854481285245
SOS,45.0,5,992,4.1943871607761904,2.248854481285245
SOS,45.0,5,993,4.321318351685537,2.248854481285245
SOS,45.0,5,994,1.8330943715561092,2.248854481285245
SOS,45.0,5,995,2.3557717045489555,2.248854481285245
SOS,45.0,5,996,1.7040163336771879,2.248854481285245
SOS,45.0,5,997,2.2905280300765862,2.248854481285245
SOS,45.0,5,998,5.08683917786561,2.248854481285245
SOS,45.0,5,999,3.9542437170102342,2.248854481285245
SOS,55.0,5,1,1.0125860799255335,0.9367068863383412
SOS,55.0,5,2,0.691009173914481,0.9367068863383412
SOS,55.0,5,3,0.9070150089009674,0.9367068863383412
SOS,55.0,5,4,0.2369868561170705,0.9367068863383412
SOS,55.0,5,5,1.0786872659289268,0.9367068863383412
SOS,55.0,5,6,0.8658881761121344,0.9367068863383412
SOS,55.0,5,7,1.4019335298561142,0.9367068863383412
SOS,55.0,5,8,0.34811898385366424,0.9367068863383412
SOS,55.0,5,9,-0.05933905133481676,0.9367068863383412
SOS,55.0,5,10,2.288108221950857,0.9367068863383412
SOS,55.0,5,11,1.442700963004449,0.9367068863383412
SOS,55.0,5,12,1.3372346962567352,0.9367068863383412
SOS,55.0,5,13,0.14130019996628373,0.9367068863383412
SOS,55.0,5,14,0.0747515572660391,0.9367068863383412
SOS,55.0,5,15,0.6449386518277795,0.9367068863383412
SOS,55.0,5,16,1.474778481424577,0.9367068863383412
SOS,55.0,5,17,0.2969909894874443,0.9367068863383412
SOS,55.0,5,18,1.0805188571963857,0.9367068863383412
SOS,55.0,5,19,1.6992423817725255,0.9367068863383412
SOS,55.0,5,20,1.1573604350070046,0.9367068863383412
SOS,55.0,5,21,1.095993671319735,0.9367068863383412
SOS,55.0,5,22,0.6883345019057647,0.9367068863383412
SOS,55.0,5,23,0.21355456305605336,0.9367068863383412
SOS,55.0,5,24,1.2679461972324233,0.9367068863383412
SOS,55.0,5,25,1.1668283144716984,0.9367068863383412
SOS,55.0,5,26,2.361468301328206,0.9367068863383412
SOS,55.0,5,27,0.767823115724243,0.9367068863383412
SOS,55.0,5,28,1.6417043562612634,0.9367068863383412
SOS,55.0,5,29,0.4243030129493165,0.9367068863383412
SOS,55.0,5,30,0.8790563072041414,0.9367068863383412
SOS,55.0,5,31,1.500693832447114,0.9367068863383412
SOS,55.0,5,32,1.1546829788234956,0.9367068863383412
SOS,55.0,5,33,1.88816298664363,0.9367068863383412
SOS,55.0,5,34,1.1751333575403855,0.9367068863383412
SOS,55.0,5,35,-0.657345015910771,0.9367068863383412
SOS,55.0,5,36,2.094913982720332,0.9367068863383412
SOS,55.0,5,37,0.4034842556110695,0.9367068863383412
SOS,55.0,5,38,1.2867790132233305,0.9367068863383412
SOS,55.0,5,39,1.7823165872970785,0.9367068863383412
SOS,55.0,5,40,0.21668977491034092,0.9367068863383412
SOS,55.0,5,41,0.34625341915626184,0.9367068863383412
SOS,55.0,5,42,0.9989434653962683,0.9367068863383412
SOS,55.0,5,43,0.5496405092050002,0.9367068863383412
SOS,55.0,5,44,1.6007149285146376,0.9367068863383412
SOS,55.0,5,45,1.3891602929968214,0.9367068863383412
SOS,55.0,5,46,1.413516625028337,0.9367068863383412
SOS,55.0,5,47,0.6077849657899954,0.9367068863383412
SOS,55.0,5,48,1.1411177023990213,0.9367068863383412
SOS,55.0,5,49,1.671955790418743,0.9367068863383412
SOS,55.0,5,50,0.31053108818871367,0.9367068863383412
SOS,55.0,5,51,1.1255293837856857,0.9367068863383412
SOS,55.0,5,52,0.4353754382573416,0.9367068863383412
SOS,55.0,5,53,1.8513397423348847,0.9367068863383412
SOS,55.0,5,54,1.5740606090056,0.9367068863383412
SOS,55.0,5,55,0.6812575909549132,0.9367068863383412
SOS,55.0,5,56,-0.3426992621748668,0.9367068863383412
SOS,55.0,5,57,1.617189511796553,0.9367068863383412
SOS,55.0,5,58,0.7837618484943957,0.9367068863383412
SOS,55.0,5,59,0.6168200895532159,0.9367068863383412
SOS,55.0,5,60,1.5053603143374836,0.9367068863383412
SOS,55.0,5,61,0.7940272991120042,0.9367068863383412
SOS,55.0,5,62,-0.09463906869806782,0.9367068863383412
SOS,55.0,5,63,1.6220971040377599,0.9367068863383412
SOS,55.0,5,64,0.36779452659079015,0.9367068863383412
SOS,55.0,5,65,1.4704272818011375,0.9367068863383412
SOS,55.0,5,66,0.8652487684493005,0.9367068863383412
SOS,55.0,5,67,1.1799532954117102,0.9367068863383412
SOS,55.0,5,68,0.6937133936000671,0.9367068863383412
SOS,55.0,5,69,1.4399680802886397,0.9367068863383412
SOS,55.0,5,70,1.9637445286340958,0.9367068863383412
SOS,55.0,5,71,1.1482880582207047,0.9367068863383412
SOS,55.0,5,72,0.3355849556517039,0.9367068863383412
SOS,55.0,5,73,1.8137922326895541,0.9367068863383412
SOS,55.0,5,74,0.19298665524049197,0.9367068863383412
SOS,55.0,5,75,2.4456961351721223,0.9367068863383412
SOS,55.0,5,76,0.6830777593957764,0.9367068863383412
SOS,55.0,5,77,1.8602765652452247,0.9367068863383412
SOS,55.0,5,78,0.5799050660170472,0.9367068863383412
SOS,55.0,5,79,0.37814051922845915,0.9367068863383412
SOS,55.0,5,80,1.4650417193892,0.9367068863383412
SOS,55.0,5,81,0.9695775079018654,0.9367068863383412
SOS,55.0,5,82,0.3040852656240517,0.9367068863383412
SOS,55.0,5,83,1.191498627278899,0.9367068863383412
SOS,55.0,5,84,0.84712142267492,0.9367068863383412
SOS,55.0,5,85,1.1967547735189021,0.9367068863383412
SOS,55.0,5,86,2.1174077465333814,0.9367068863383412
SOS,55.0,5,87,0.17148316859196183,0.9367068863383412
SOS,55.0,5,88,1.5253314001320757,0.9367068863383412
SOS,55.0,5,89,1.3867336420927658,0.9367068863383412
SOS,55.0,5,90,-0.35739082327722804,0.9367068863383412
SOS,55.0,5,91,0.88132601683077,0.9367068863383412
SOS,55.0,5,92,1.5400284045105486,0.9367068863383412
SOS,55.0,5,93,1.227009282805207,0.9367068863383412
SOS,55.0,5,94,-0.08900727426540778,0.9367068863383412
SOS,55.0,5,95,0.6587260609814978,0.9367068863383412
SOS,55.0,5,96,-0.42965079581487287,0.9367068863383412
SOS,55.0,5,97,1.4135460512347384,0.9367068863383412
SOS,55.0,5,98,0.6432705750596943,0.9367068863383412
SOS,55.0,5,99,0.7563721786819853,0.9367068863383412
SOS,55.0,5,100,1.2884361401905293,0.9367068863383412
SOS,55.0,5,101,-0.3236196908459132,0.9367068863383412
SOS,55.0,5,102,0.4942936660282249,0.9367068863383412
SOS,55.0,5,103,0.3336342370150495,0.9367068863383412
SOS,55.0,5,104,0.6737947604139878,0.9367068863383412
SOS,55.0,5,105,1.3719944092315535,0.9367068863383412
SOS,55.0,5,106,1.2679182213446702,0.9367068863383412
SOS,55.0,5,107,1.0805605514959256,0.9367068863383412
SOS,55.0,5,108,-0.09176900811933453,0.9367068863383412
SOS,55.0,5,109,0.546051664193357,0.9367068863383412
SOS,55.0,5,110,0.3877935045076054,0.9367068863383412
SOS,55.0,5,111,0.7359839193705704,0.9367068863383412
SOS,55.0,5,112,1.5194674132575188,0.9367068863383412
SOS,55.0,5,113,1.5506329205583294,0.9367068863383412
SOS,55.0,5,114,1.5296731694796157,0.9367068863383412
SOS,55.0,5,115,1.66830746868038,0.9367068863383412
SOS,55.0,5,116,1.6227127424736598,0.9367068863383412
SOS,55.0,5,117,2.20705063657213,0.9367068863383412
SOS,55.0,5,118,0.8882458571453729,0.9367068863383412
SOS,55.0,5,119,1.5533236427512245,0.9367068863383412
SOS,55.0,5,120,1.311226395718571,0.9367068863383412
SOS,55.0,5,121,1.2154354441157829,0.9367068863383412
SOS,55.0,5,122,0.5784068389954928,0.9367068863383412
SOS,55.0,5,123,1.9085278756095254,0.9367068863383412
SOS,55.0,5,124,1.4659656414531774,0.9367068863383412
SOS,55.0,5,125,1.1734870177569596,0.9367068863383412
SOS,55.0,5,126,0.44627373865882086,0.9367068863383412
SOS,55.0,5,127,0.3386925518551389,0.9367068863383412
SOS,55.0,5,128,0.3132100121049888,0.9367068863383412
SOS,55.0,5,129,1.2903372153554855,0.9367068863383412
SOS,55.0,5,130,0.3381910455523869,0.9367068863383412
SOS,55.0,5,131,1.0895602426160953,0.9367068863383412
SOS,55.0,5,132,1.18386887694991,0.9367068863383412
SOS,55.0,5,133,0.9205475102210294,0.9367068863383412
SOS,55.0,5,134,1.0128983564811855,0.9367068863383412
SOS,55.0,5,135,1.9541559337709395,0.9367068863383412
SOS,55.0,5,136,0.7902358071697702,0.9367068863383412
SOS,55.0,5,137,1.316983378182128,0.9367068863383412
SOS,55.0,5,138,1.1274935495463496,0.9367068863383412
SOS,55.0,5,139,2.1920625001920713,0.9367068863383412
SOS,55.0,5,140,0.996668744355808,0.9367068863383412
SOS,55.0,5,141,0.8581097700921951,0.9367068863383412
SOS,55.0,5,142,0.6116218008708937,0.9367068863383412
SOS,55.0,5,143,0.7055723049865887,0.9367068863383412
SOS,55.0,5,144,1.2699978928291606,0.9367068863383412
SOS,55.0,5,145,2.603988375246982,0.9367068863383412
SOS,55.0,5,146,-0.15294946351250527,0.9367068863383412
SOS,55.0,5,147,-0.2504025703866546,0.9367068863383412
SOS,55.0,5,148,1.1068582280223986,0.9367068863383412
SOS,55.0,5,149,1.4065874423160305,0.9367068863383412
SOS,55.0,5,150,0.9597697334715836,0.9367068863383412
SOS,55.0,5,151,0.8596602155481854,0.9367068863383412
SOS,55.0,5,152,0.639913601607764,0.9367068863383412
SOS,55.0,5,153,1.8180556888269805,0.9367068863383412
SOS,55.0,5,154,0.7364104305400097,0.9367068863383412
SOS,55.0,5,155,0.6066633227387794,0.9367068863383412
SOS,55.0,5,156,0.5256494751539833,0.9367068863383412
SOS,55.0,5,157,1.3868131020648824,0.9367068863383412
SOS,55.0,5,158,0.6986995703726242,0.9367068863383412
SOS,55.0,5,159,1.7847304540313988,0.9367068863383412
SOS,55.0,5,160,0.3838346556695395,0.9367068863383412
SOS,55.0,5,161,1.1046108397663792,0.9367068863383412
SOS,55.0,5,162,0.7212798328343655,0.9367068863383412
SOS,55.0,5,163,1.0441880151298197,0.9367068863383412
SOS,55.0,5,164,0.5845390268890366,0.9367068863383412
SOS,55.0,5,165,0.89864454018482,0.9367068863383412
SOS,55.0,5,166,0.05917039542666119,0.9367068863383412
SOS,55.0,5,167,1.6693069870314128,0.9367068863383412
SOS,55.0,5,168,1.363768434991627,0.9367068863383412
SOS,55.0,5,169,0.0929526972186705,0.9367068863383412
SOS,55.0,5,170,0.8066334447430242,0.9367068863383412
SOS,55.0,5,171,0.8927352514026516,0.9367068863383412
SOS,55.0,5,172,2.497707125320054,0.9367068863383412
SOS,55.0,5,173,-0.3429142273127158,0.9367068863383412
SOS,55.0,5,174,0.6779100668580824,0.9367068863383412
SOS,55.0,5,175,1.1741234478818119,0.9367068863383412
SOS,55.0,5,176,1.2697394138944555,0.9367068863383412
SOS,55.0,5,177,0.6285568182937135,0.9367068863383412
SOS,55.0,5,178,1.4554487676495285,0.9367068863383412
SOS,55.0,5,179,1.0856828915366052,0.9367068863383412
SOS,55.0,5,180,0.7163886812621294,0.9367068863383412
SOS,55.0,5,181,0.5522981228498567,0.9367068863383412
SOS,55.0,5,182,1.8487000108720484,0.9367068863383412
SOS,55.0,5,183,1.5940703073676494,0.9367068863383412
SOS,55.0,5,184,0.6704553214385793,0.9367068863383412
SOS,55.0,5,185,0.9300847757561119,0.9367068863383412
SOS,55.0,5,186,0.7491467685988257,0.9367068863383412
SOS,55.0,5,187,0.0679893101053054,0.9367068863383412
SOS,55.0,5,188,0.8606498669067689,0.9367068863383412
SOS,55.0,5,189,1.094797383652129,0.9367068863383412
SOS,55.0,5,190,0.9556760309421761,0.9367068863383412
SOS,55.0,5,191,0.6204116832743237,0.9367068863383412
SOS,55.0,5,192,0.8907863112397414,0.9367068863383412
SOS,55.0,5,193,1.1159880045529176,0.9367068863383412
SOS,55.0,5,194,1.4114529536004254,0.9367068863383412
SOS,55.0,5,195,0.7913049833384633,0.9367068863383412
SOS,55.0,5,196,1.2927305964550517,0.9367068863383412
SOS,55.0,5,197,0.4990085800713163,0.9367068863383412
SOS,55.0,5,198,0.2856873031945192,0.9367068863383412
SOS,55.0,5,199,0.46746857601630076,0.9367068863383412
SOS,55.0,5,200,2.018590130366816,0.9367068863383412
SOS,55.0,5,201,1.5299553031577855,0.9367068863383412
SOS,55.0,5,202,1.7191987494773908,0.9367068863383412
SOS,55.0,5,203,1.5987874146625323,0.9367068863383412
SOS,55.0,5,204,1.7545292404739894,0.9367068863383412
SOS,55.0,5,205,0.46472903606404,0.9367068863383412
SOS,55.0,5,206,1.481135272203455,0.9367068863383412
SOS,55.0,5,207,1.922713427521518,0.9367068863383412
SOS,55.0,5,208,0.3124264909702861,0.9367068863383412
SOS,55.0,5,209,0.8539194560284291,0.9367068863383412
SOS,55.0,5,210,1.3560992230463431,0.9367068863383412
SOS,55.0,5,211,1.9021371806404566,0.9367068863383412
SOS,55.0,5,212,1.8870350487801137,0.9367068863383412
SOS,55.0,5,213,0.9846264175891066,0.9367068863383412
SOS,55.0,5,214,0.11449695463689469,0.9367068863383412
SOS,55.0,5,215,0.6223778875083142,0.9367068863383412
SOS,55.0,5,216,0.15584345012081335,0.9367068863383412
SOS,55.0,5,217,0.9392278097784322,0.9367068863383412
SOS,55.0,5,218,1.0390128546809227,0.9367068863383412
SOS,55.0,5,219,0.9716312260539745,0.9367068863383412
SOS,55.0,5,220,1.0855170616040613,0.9367068863383412
SOS,55.0,5,221,1.100979850630468,0.9367068863383412
SOS,55.0,5,222,0.710443886509371,0.9367068863383412
SOS,55.0,5,223,0.5178934333854401,0.9367068863383412
SOS,55.0,5,224,1.1163790969629717,0.9367068863383412
SOS,55.0,5,225,1.2884139520587787,0.9367068863383412
SOS,55.0,5,226,1.069218412036788,0.9367068863383412
SOS,55.0,5,227,1.6216793432190593,0.9367068863383412
SOS,55.0,5,228,1.8336539405652288,0.9367068863383412
SOS,55.0,5,229,1.1129186146471932,0.9367068863383412
SOS,55.0,5,230,0.054301557817792556,0.9367068863383412
SOS,55.0,5,231,0.5575219286005197,0.9367068863383412
SOS,55.0,5,232,2.70210888774953,0.9367068863383412
SOS,55.0,5,233,0.36208116978848137,0.9367068863383412
SOS,55.0,5,234,1.6309763632919685,0.9367068863383412
SOS,55.0,5,235,0.7966936692563362,0.9367068863383412
SOS,55.0,5,236,1.2471269885206784,0.9367068863383412
SOS,55.0,5,237,0.4508447343665155,0.9367068863383412
SOS,55.0,5,238,0.6260021036683245,0.9367068863383412
SOS,55.0,5,239,1.4736490532350224,0.9367068863383412
SOS,55.0,5,240,1.4324917348151809,0.9367068863383412
SOS,55.0,5,241,1.9165142671371946,0.9367068863383412
SOS,55.0,5,242,0.8898588586479355,0.9367068863383412
SOS,55.0,5,243,0.7810723677330105,0.9367068863383412
SOS,55.0,5,244,1.2960513091514707,0.9367068863383412
SOS,55.0,5,245,1.4980970929571429,0.9367068863383412
SOS,55.0,5,246,0.6948283335869806,0.9367068863383412
SOS,55.0,5,247,1.018677663768072,0.9367068863383412
SOS,55.0,5,248,0.9759697338849805,0.9367068863383412
SOS,55.0,5,249,1.1327108520155378,0.9367068863383412
SOS,55.0,5,250,1.0353858634717619,0.9367068863383412
SOS,55.0,5,251,1.0238548823080469,0.9367068863383412
SOS,55.0,5,252,0.23510340508264171,0.9367068863383412
SOS,55.0,5,253,1.196874851776678,0.9367068863383412
SOS,55.0,5,254,1.603711203095663,0.9367068863383412
SOS,55.0,5,255,-0.019999621474693807,0.9367068863383412
SOS,55.0,5,256,0.8065863809586602,0.9367068863383412
SOS,55.0,5,257,0.46244479101311453,0.9367068863383412
SOS,55.0,5,258,-0.047403578170126304,0.9367068863383412
SOS,55.0,5,259,0.7406917360039037,0.9367068863383412
SOS,55.0,5,260,1.4177088210344064,0.9367068863383412
SOS,55.0,5,261,0.7366153079887977,0.9367068863383412
SOS,55.0,5,262,0.36790160886978285,0.9367068863383412
SOS,55.0,5,263,0.9026286619816724,0.9367068863383412
SOS,55.0,5,264,1.304619417940917,0.9367068863383412
SOS,55.0,5,265,1.285503566938615,0.9367068863383412
SOS,55.0,5,266,1.0977574719735206,0.9367068863383412
SOS,55.0,5,267,-0.595943416023782,0.9367068863383412
SOS,55.0,5,268,0.20424837020435205,0.9367068863383412
SOS,55.0,5,269,0.3832240482102207,0.9367068863383412
SOS,55.0,5,270,-0.18447601920384704,0.9367068863383412
SOS,55.0,5,271,0.048485800020367786,0.9367068863383412
SOS,55.0,5,272,0.12327522742679853,0.9367068863383412
SOS,55.0,5,273,0.879893078767719,0.9367068863383412
SOS,55.0,5,274,1.3695316164349363,0.9367068863383412
SOS,55.0,5,275,-0.0968933656108788,0.9367068863383412
SOS,55.0,5,276,0.9575093072231237,0.9367068863383412
SOS,55.0,5,277,0.7232637947667359,0.9367068863383412
SOS,55.0,5,278,1.2047248801694952,0.9367068863383412
SOS,55.0,5,279,0.7510591815422026,0.9367068863383412
SOS,55.0,5,280,0.8228213902182464,0.9367068863383412
SOS,55.0,5,281,0.934375961684598,0.9367068863383412
SOS,55.0,5,282,1.8778907685117145,0.9367068863383412
SOS,55.0,5,283,0.4817582805630319,0.9367068863383412
SOS,55.0,5,284,1.6600631664389327,0.9367068863383412
SOS,55.0,5,285,0.17078727067722133,0.9367068863383412
SOS,55.0,5,286,0.624860353323495,0.9367068863383412
SOS,55.0,5,287,1.137764302572239,0.9367068863383412
SOS,55.0,5,288,0.41430299824864264,0.9367068863383412
SOS,55.0,5,289,2.129878065066454,0.9367068863383412
SOS,55.0,5,290,0.17482356568756563,0.9367068863383412
SOS,55.0,5,291,0.7294441894132688,0.9367068863383412
SOS,55.0,5,292,1.0946634472771049,0.9367068863383412
SOS,55.0,5,293,0.34360085995353673,0.9367068863383412
SOS,55.0,5,294,1.4491255215634862,0.9367068863383412
SOS,55.0,5,295,0.8823329376025156,0.9367068863383412
SOS,55.0,5,296,1.3036718436828993,0.9367068863383412
SOS,55.0,5,297,0.21414733216811144,0.9367068863383412
SOS,55.0,5,298,0.42883478097955197,0.9367068863383412
SOS,55.0,5,299,0.28350170277461584,0.9367068863383412
SOS,55.0,5,300,0.5996361164593118,0.9367068863383412
SOS,55.0,5,301,2.0092231738193003,0.9367068863383412
SOS,55.0,5,302,1.6550879929737325,0.9367068863383412
SOS,55.0,5,303,0.4577799707212857,0.9367068863383412
SOS,55.0,5,304,0.08768399514452971,0.9367068863383412
SOS,55.0,5,305,2.296699986164687,0.9367068863383412
SOS,55.0,5,306,0.889250358928163,0.9367068863383412
SOS,55.0,5,307,0.5212496252615995,0.9367068863383412
SOS,55.0,5,308,0.38146312296429197,0.9367068863383412
SOS,55.0,5,309,-0.07212973196450256,0.9367068863383412
SOS,55.0,5,310,-0.1641555521353124,0.9367068863383412
SOS,55.0,5,311,0.8981138892668944,0.9367068863383412
SOS,55.0,5,312,1.5218699541130767,0.9367068863383412
SOS,55.0,5,313,1.4395688232024026,0.9367068863383412
SOS,55.0,5,314,-0.06614554136372308,0.9367068863383412
SOS,55.0,5,315,0.9809414318048307,0.9367068863383412
SOS,55.0,5,316,0.913978833245284,0.9367068863383412
SOS,55.0,5,317,0.6109007036142398,0.9367068863383412
SOS,55.0,5,318,0.9799309625871404,0.9367068863383412
SOS,55.0,5,319,1.5648680448765266,0.9367068863383412
SOS,55.0,5,320,0.8501319245119983,0.9367068863383412
SOS,55.0,5,321,0.797181819606166,0.9367068863383412
SOS,55.0,5,322,1.3262774966354243,0.9367068863383412
SOS,55.0,5,323,-0.553275098637879,0.9367068863383412
SOS,55.0,5,324,0.7203006755858459,0.9367068863383412
SOS,55.0,5,325,1.3336368928510225,0.9367068863383412
SOS,55.0,5,326,2.0514675028663794,0.9367068863383412
SOS,55.0,5,327,2.0484291059589275,0.9367068863383412
SOS,55.0,5,328,2.2519976379128535,0.9367068863383412
SOS,55.0,5,329,0.28559702315476565,0.9367068863383412
SOS,55.0,5,330,1.6499724669216906,0.9367068863383412
SOS,55.0,5,331,0.7057223962267858,0.9367068863383412
SOS,55.0,5,332,1.4453524515693432,0.9367068863383412
SOS,55.0,5,333,0.7362896369430534,0.9367068863383412
SOS,55.0,5,334,2.4203131459328437,0.9367068863383412
SOS,55.0,5,335,1.15694687731386,0.9367068863383412
SOS,55.0,5,336,1.0362764176828025,0.9367068863383412
SOS,55.0,5,337,-0.5794753541931256,0.9367068863383412
SOS,55.0,5,338,1.587221654820662,0.9367068863383412
SOS,55.0,5,339,1.3315084997022109,0.9367068863383412
SOS,55.0,5,340,0.21532575547006572,0.9367068863383412
SOS,55.0,5,341,1.4951407042304397,0.9367068863383412
SOS,55.0,5,342,1.0512718734653137,0.9367068863383412
SOS,55.0,5,343,0.33795796641330744,0.9367068863383412
SOS,55.0,5,344,-0.6803749003070159,0.9367068863383412
SOS,55.0,5,345,1.4218798601547646,0.9367068863383412
SOS,55.0,5,346,0.05707936336796182,0.9367068863383412
SOS,55.0,5,347,0.7518345924296281,0.9367068863383412
SOS,55.0,5,348,0.9943642539528422,0.9367068863383412
SOS,55.0,5,349,1.9433973276240197,0.9367068863383412
SOS,55.0,5,350,1.841341563443588,0.9367068863383412
SOS,55.0,5,351,0.20277665442924864,0.9367068863383412
SOS,55.0,5,352,0.6529615842211938,0.9367068863383412
SOS,55.0,5,353,0.653265776367105,0.9367068863383412
SOS,55.0,5,354,1.5195978568912327,0.9367068863383412
SOS,55.0,5,355,-0.08323324731085302,0.9367068863383412
SOS,55.0,5,356,2.51581502169446,0.9367068863383412
SOS,55.0,5,357,1.1765272835926686,0.9367068863383412
SOS,55.0,5,358,1.1523138402490787,0.9367068863383412
SOS,55.0,5,359,0.49282679050259703,0.9367068863383412
SOS,55.0,5,360,0.763453302878522,0.9367068863383412
SOS,55.0,5,361,0.718097407513281,0.9367068863383412
SOS,55.0,5,362,1.093885289360584,0.9367068863383412
SOS,55.0,5,363,1.0777370593616529,0.9367068863383412
SOS,55.0,5,364,0.9571917755668586,0.9367068863383412
SOS,55.0,5,365,1.2938620079248886,0.9367068863383412
SOS,55.0,5,366,2.0612191156141444,0.9367068863383412
SOS,55.0,5,367,1.2032270060819645,0.9367068863383412
SOS,55.0,5,368,1.3273982773911277,0.9367068863383412
SOS,55.0,5,369,0.9060521917335722,0.9367068863383412
SOS,55.0,5,370,0.8211146908257615,0.9367068863383412
SOS,55.0,5,371,1.1591792209989178,0.9367068863383412
SOS,55.0,5,372,0.17010797781912568,0.9367068863383412
SOS,55.0,5,373,0.4609835962809162,0.9367068863383412
SOS,55.0,5,374,2.102955621388248,0.9367068863383412
SOS,55.0,5,375,1.9554701961101637,0.9367068863383412
SOS,55.0,5,376,1.1136492863609557,0.9367068863383412
SOS,55.0,5,377,1.6335229981792974,0.9367068863383412
SOS,55.0,5,378,1.2699083139338603,0.9367068863383412
SOS,55.0,5,379,1.555833586759457,0.9367068863383412
SOS,55.0,5,380,0.9384628598125937,0.9367068863383412
SOS,55.0,5,381,1.0625913153554543,0.9367068863383412
SOS,55.0,5,382,1.2514834764658536,0.9367068863383412
SOS,55.0,5,383,1.1731670284549123,0.9367068863383412
SOS,55.0,5,384,0.4750745704882603,0.9367068863383412
SOS,55.0,5,385,0.4082943831947965,0.9367068863383412
SOS,55.0,5,386,1.1649593842795865,0.9367068863383412
SOS,55.0,5,387,0.7413802017353174,0.9367068863383412
SOS,55.0,5,388,-0.2841228757259276,0.9367068863383412
SOS,55.0,5,389,0.8467880861163714,0.9367068863383412
SOS,55.0,5,390,0.8089382228802713,0.9367068863383412
SOS,55.0,5,391,0.6998586574159827,0.9367068863383412
SOS,55.0,5,392,1.1454329341444678,0.9367068863383412
SOS,55.0,5,393,0.7217251126608654,0.9367068863383412
SOS,55.0,5,394,1.0173256027074573,0.9367068863383412
SOS,55.0,5,395,2.828227866515968,0.9367068863383412
SOS,55.0,5,396,1.8197308097814415,0.9367068863383412
SOS,55.0,5,397,0.6591538851820484,0.9367068863383412
SOS,55.0,5,398,2.148844384558827,0.9367068863383412
SOS,55.0,5,399,0.9240757218749791,0.9367068863383412
SOS,55.0,5,400,1.8849976929040007,0.9367068863383412
SOS,55.0,5,401,1.330827541323419,0.9367068863383412
SOS,55.0,5,402,0.3739455343124992,0.9367068863383412
SOS,55.0,5,403,0.6933454461242474,0.9367068863383412
SOS,55.0,5,404,0.46546509779766926,0.9367068863383412
SOS,55.0,5,405,0.8493536101868797,0.9367068863383412
SOS,55.0,5,406,1.3669104960960943,0.9367068863383412
SOS,55.0,5,407,-0.6863865625659493,0.9367068863383412
SOS,55.0,5,408,0.7597476871888349,0.9367068863383412
SOS,55.0,5,409,-0.25084828381973356,0.9367068863383412
SOS,55.0,5,410,1.4648879789597082,0.9367068863383412
SOS,55.0,5,411,1.544621818388553,0.9367068863383412
SOS,55.0,5,412,0.6194947052611475,0.9367068863383412
SOS,55.0,5,413,1.4248789371567592,0.9367068863383412
SOS,55.0,5,414,-0.026309347920143555,0.9367068863383412
SOS,55.0,5,415,-0.2225563960619501,0.9367068863383412
SOS,55.0,5,416,1.5546256449026024,0.9367068863383412
SOS,55.0,5,417,1.04313564783885,0.9367068863383412
SOS,55.0,5,418,1.3264743366261904,0.9367068863383412
SOS,55.0,5,419,0.4504711245230776,0.9367068863383412
SOS,55.0,5,420,1.204222655309851,0.9367068863383412
SOS,55.0,5,421,0.5486467003122029,0.9367068863383412
SOS,55.0,5,422,1.6660068276800042,0.9367068863383412
SOS,55.0,5,423,0.7887715854076252,0.9367068863383412
SOS,55.0,5,424,1.209387793549651,0.9367068863383412
SOS,55.0,5,425,1.2447578240729378,0.9367068863383412
SOS,55.0,5,426,1.510068093462511,0.9367068863383412
SOS,55.0,5,427,1.2149405805181777,0.9367068863383412
SOS,55.0,5,428,1.4613171257524555,0.9367068863383412
SOS,55.0,5,429,1.8234037927704252,0.9367068863383412
SOS,55.0,5,430,0.963581138078372,0.9367068863383412
SOS,55.0,5,431,0.40080584114830975,0.9367068863383412
SOS,55.0,5,432,0.365540314819506,0.9367068863383412
SOS,55.0,5,433,0.1400171264014306,0.9367068863383412
SOS,55.0,5,434,0.3571148464140361,0.9367068863383412
SOS,55.0,5,435,1.5418548942612704,0.9367068863383412
SOS,55.0,5,436,2.087567012466332,0.9367068863383412
SOS,55.0,5,437,-0.2913389516434144,0.9367068863383412
SOS,55.0,5,438,1.1720829517299927,0.9367068863383412
SOS,55.0,5,439,0.309783902197326,0.9367068863383412
SOS,55.0,5,440,0.156790780648448,0.9367068863383412
SOS,55.0,5,441,0.6113885885779208,0.9367068863383412
SOS,55.0,5,442,0.7303115063763009,0.9367068863383412
SOS,55.0,5,443,2.1376160370763184,0.9367068863383412
SOS,55.0,5,444,1.3956486136942308,0.9367068863383412
SOS,55.0,5,445,1.766477299116865,0.9367068863383412
SOS,55.0,5,446,0.8738621714694645,0.9367068863383412
SOS,55.0,5,447,0.8257452731590587,0.9367068863383412
SOS,55.0,5,448,0.7872552910081643,0.9367068863383412
SOS,55.0,5,449,0.995163026810849,0.9367068863383412
SOS,55.0,5,450,0.15177941922692684,0.9367068863383412
SOS,55.0,5,451,0.14890054847951728,0.9367068863383412
SOS,55.0,5,452,0.6286335383058281,0.9367068863383412
SOS,55.0,5,453,1.18855162093343,0.9367068863383412
SOS,55.0,5,454,0.7515921721485126,0.9367068863383412
SOS,55.0,5,455,1.4645045830775796,0.9367068863383412
SOS,55.0,5,456,1.0896540005281965,0.9367068863383412
SOS,55.0,5,457,0.9815612733277473,0.9367068863383412
SOS,55.0,5,458,0.4971580433960805,0.9367068863383412
SOS,55.0,5,459,1.3578415474962187,0.9367068863383412
SOS,55.0,5,460,1.4868221172589444,0.9367068863383412
SOS,55.0,5,461,0.6440097582293969,0.9367068863383412
SOS,55.0,5,462,1.4289102127079156,0.9367068863383412
SOS,55.0,5,463,0.6800358950398238,0.9367068863383412
SOS,55.0,5,464,1.7325052749628314,0.9367068863383412
SOS,55.0,5,465,0.827656904730979,0.9367068863383412
SOS,55.0,5,466,1.2872761100288768,0.9367068863383412
SOS,55.0,5,467,-0.5040353803319799,0.9367068863383412
SOS,55.0,5,468,-0.6130105810641866,0.9367068863383412
SOS,55.0,5,469,1.5658211719674664,0.9367068863383412
SOS,55.0,5,470,0.5153889271083355,0.9367068863383412
SOS,55.0,5,471,1.5895684202489304,0.9367068863383412
SOS,55.0,5,472,-0.35765632674628023,0.9367068863383412
SOS,55.0,5,473,0.5367898253080013,0.9367068863383412
SOS,55.0,5,474,1.1959513233942989,0.9367068863383412
SOS,55.0,5,475,0.586476327345513,0.9367068863383412
SOS,55.0,5,476,1.0959436130815876,0.9367068863383412
SOS,55.0,5,477,1.2992099096148864,0.9367068863383412
SOS,55.0,5,478,-0.28966618640045705,0.9367068863383412
SOS,55.0,5,479,1.3409903006375055,0.9367068863383412
SOS,55.0,5,480,0.8993583497953928,0.9367068863383412
SOS,55.0,5,481,0.32595402215221336,0.9367068863383412
SOS,55.0,5,482,1.911928477906,0.9367068863383412
SOS,55.0,5,483,0.6863983641179181,0.9367068863383412
SOS,55.0,5,484,0.5486168485443736,0.9367068863383412
SOS,55.0,5,485,1.034094288114154,0.9367068863383412
SOS,55.0,5,486,1.9774922510704873,0.9367068863383412
SOS,55.0,5,487,1.5921807272944313,0.9367068863383412
SOS,55.0,5,488,0.8747638688896162,0.9367068863383412
SOS,55.0,5,489,0.46492739055059773,0.9367068863383412
SOS,55.0,5,490,0.7458505157941664,0.9367068863383412
SOS,55.0,5,491,0.8566504882859993,0.9367068863383412
SOS,55.0,5,492,1.4276983556162097,0.9367068863383412
SOS,55.0,5,493,-0.12864117353289195,0.9367068863383412
SOS,55.0,5,494,1.1402017026873135,0.9367068863383412
SOS,55.0,5,495,0.09668921004549547,0.9367068863383412
SOS,55.0,5,496,0.7850840734682136,0.9367068863383412
SOS,55.0,5,497,1.0618796714415923,0.9367068863383412
SOS,55.0,5,498,-0.5111327092826449,0.9367068863383412
SOS,55.0,5,499,0.2963479818090582,0.9367068863383412
SOS,55.0,5,500,0.6439058807126864,0.9367068863383412
SOS,55.0,5,501,1.3257701834923614,0.9367068863383412
SOS,55.0,5,502,1.2510174377969725,0.9367068863383412
SOS,55.0,5,503,1.3833765586136575,0.9367068863383412
SOS,55.0,5,504,2.099648136166811,0.9367068863383412
SOS,55.0,5,505,1.0432134586438635,0.9367068863383412
SOS,55.0,5,506,0.6446052120401513,0.9367068863383412
SOS,55.0,5,507,1.7462793455969208,0.9367068863383412
SOS,55.0,5,508,1.4747835259543944,0.9367068863383412
SOS,55.0,5,509,2.523005295805044,0.9367068863383412
SOS,55.0,5,510,1.6227783957233266,0.9367068863383412
SOS,55.0,5,511,1.2890219825636995,0.9367068863383412
SOS,55.0,5,512,0.5033062503194163,0.9367068863383412
SOS,55.0,5,513,0.17187194565101727,0.9367068863383412
SOS,55.0,5,514,1.376596717156016,0.9367068863383412
SOS,55.0,5,515,0.27441786066878054,0.9367068863383412
SOS,55.0,5,516,0.6059847476328994,0.9367068863383412
SOS,55.0,5,517,0.8756095376408085,0.9367068863383412
SOS,55.0,5,518,0.18903974608782992,0.9367068863383412
SOS,55.0,5,519,1.2244351916631055,0.9367068863383412
SOS,55.0,5,520,0.9755560768004202,0.9367068863383412
SOS,55.0,5,521,0.30173455462055343,0.9367068863383412
SOS,55.0,5,522,1.060053436861783,0.9367068863383412
SOS,55.0,5,523,1.229371695501299,0.9367068863383412
SOS,55.0,5,524,1.352042028174203,0.9367068863383412
SOS,55.0,5,525,0.5699977940736297,0.9367068863383412
SOS,55.0,5,526,1.6160622557005604,0.9367068863383412
SOS,55.0,5,527,-0.42907587702957883,0.9367068863383412
SOS,55.0,5,528,2.2102175157499264,0.9367068863383412
SOS,55.0,5,529,1.4326844417775129,0.9367068863383412
SOS,55.0,5,530,2.421833900708931,0.9367068863383412
SOS,55.0,5,531,1.228096277938546,0.9367068863383412
SOS,55.0,5,532,-0.425465254031538,0.9367068863383412
SOS,55.0,5,533,1.0387458857509193,0.9367068863383412
SOS,55.0,5,534,1.9810066371286243,0.9367068863383412
SOS,55.0,5,535,0.7189254052158935,0.9367068863383412
SOS,55.0,5,536,0.9668278895112926,0.9367068863383412
SOS,55.0,5,537,0.21282265185639715,0.9367068863383412
SOS,55.0,5,538,0.5588832873334497,0.9367068863383412
SOS,55.0,5,539,0.6535484473033855,0.9367068863383412
SOS,55.0,5,540,0.9236351320831733,0.9367068863383412
SOS,55.0,5,541,1.5359257136974511,0.9367068863383412
SOS,55.0,5,542,1.9987760370490624,0.9367068863383412
SOS,55.0,5,543,0.175156601136538,0.9367068863383412
SOS,55.0,5,544,1.085962282787024,0.9367068863383412
SOS,55.0,5,545,-0.08327039885074106,0.9367068863383412
SOS,55.0,5,546,1.0428290659803865,0.9367068863383412
SOS,55.0,5,547,1.4912319033441823,0.9367068863383412
SOS,55.0,5,548,2.027112232989619,0.9367068863383412
SOS,55.0,5,549,1.4939616848230208,0.9367068863383412
SOS,55.0,5,550,1.5942250794164132,0.9367068863383412
SOS,55.0,5,551,-0.0677101658822834,0.9367068863383412
SOS,55.0,5,552,0.4549577608885083,0.9367068863383412
SOS,55.0,5,553,1.083676028452128,0.9367068863383412
SOS,55.0,5,554,1.142808615577525,0.9367068863383412
SOS,55.0,5,555,0.37317633035416936,0.9367068863383412
SOS,55.0,5,556,1.5055990115865656,0.9367068863383412
SOS,55.0,5,557,-0.25121323525461203,0.9367068863383412
SOS,55.0,5,558,2.049534165651475,0.9367068863383412
SOS,55.0,5,559,1.9466056929478142,0.9367068863383412
SOS,55.0,5,560,1.0138296963329554,0.9367068863383412
SOS,55.0,5,561,0.04976814509735328,0.9367068863383412
SOS,55.0,5,562,0.5608591449546565,0.9367068863383412
SOS,55.0,5,563,0.4776462876382599,0.9367068863383412
SOS,55.0,5,564,1.514969181363522,0.9367068863383412
SOS,55.0,5,565,0.4914614138103686,0.9367068863383412
SOS,55.0,5,566,0.4845306806522896,0.9367068863383412
SOS,55.0,5,567,0.6686705063265337,0.9367068863383412
SOS,55.0,5,568,1.3142931031932354,0.9367068863383412
SOS,55.0,5,569,0.4402209174540885,0.9367068863383412
SOS,55.0,5,570,1.4846664210500427,0.9367068863383412
SOS,55.0,5,571,1.4960905781060578,0.9367068863383412
SOS,55.0,5,572,0.28039448413836543,0.9367068863383412
SOS,55.0,5,573,0.33822016932561894,0.9367068863383412
SOS,55.0,5,574,-0.24456349306623282,0.9367068863383412
SOS,55.0,5,575,0.7778974297485265,0.9367068863383412
SOS,55.0,5,576,1.9009519554470176,0.9367068863383412
SOS,55.0,5,577,2.11790141905052,0.9367068863383412
SOS,55.0,5,578,1.0236802142089811,0.9367068863383412
SOS,55.0,5,579,1.679692502830681,0.9367068863383412
SOS,55.0,5,580,0.34326961048034477,0.9367068863383412
SOS,55.0,5,581,-0.009067026719319027,0.9367068863383412
SOS,55.0,5,582,0.8640562892945578,0.9367068863383412
SOS,55.0,5,583,2.0214772940477213,0.9367068863383412
SOS,55.0,5,584,0.7177200344382004,0.9367068863383412
SOS,55.0,5,585,1.3530552132651192,0.9367068863383412
SOS,55.0,5,586,0.04744264890190719,0.9367068863383412
SOS,55.0,5,587,0.44670702025365094,0.9367068863383412
SOS,55.0,5,588,2.0218683034421696,0.9367068863383412
SOS,55.0,5,589,0.9848740514530239,0.9367068863383412
SOS,55.0,5,590,1.0327884647200192,0.9367068863383412
SOS,55.0,5,591,0.49865256257003565,0.9367068863383412
SOS,55.0,5,592,0.9208670156059644,0.9367068863383412
SOS,55.0,5,593,0.9785627344432613,0.9367068863383412
SOS,55.0,5,594,1.7257717901401388,0.9367068863383412
SOS,55.0,5,595,1.1631320657757505,0.9367068863383412
SOS,55.0,5,596,0.9657469321039325,0.9367068863383412
SOS,55.0,5,597,2.5640986199375533,0.9367068863383412
SOS,55.0,5,598,2.3416065041133196,0.9367068863383412
SOS,55.0,5,599,1.4468802353128203,0.9367068863383412
SOS,55.0,5,600,0.9214626675046723,0.9367068863383412
SOS,55.0,5,601,0.2712945898612329,0.9367068863383412
SOS,55.0,5,602,0.46645341974080684,0.9367068863383412
SOS,55.0,5,603,0.497282261028101,0.9367068863383412
SOS,55.0,5,604,0.2248270334216962,0.9367068863383412
SOS,55.0,5,605,1.726242510619016,0.9367068863383412
SOS,55.0,5,606,2.521199816160152,0.9367068863383412
SOS,55.0,5,607,0.7621813052523725,0.9367068863383412
SOS,55.0,5,608,2.179170611367574,0.9367068863383412
SOS,55.0,5,609,1.0988975277948518,0.9367068863383412
SOS,55.0,5,610,0.9876979294533739,0.9367068863383412
SOS,55.0,5,611,1.1163818708593767,0.9367068863383412
SOS,55.0,5,612,0.3814047937983138,0.9367068863383412
SOS,55.0,5,613,1.2222724175731832,0.9367068863383412
SOS,55.0,5,614,0.3671025879833266,0.9367068863383412
SOS,55.0,5,615,0.4852148887549531,0.9367068863383412
SOS,55.0,5,616,0.8719302130499005,0.9367068863383412
SOS,55.0,5,617,0.14671967663407653,0.9367068863383412
SOS,55.0,5,618,1.416257273811801,0.9367068863383412
SOS,55.0,5,619,1.4780439398712908,0.9367068863383412
SOS,55.0,5,620,1.5213027403129797,0.9367068863383412
SOS,55.0,5,621,0.9449934550479018,0.9367068863383412
SOS,55.0,5,622,1.188382833550107,0.9367068863383412
SOS,55.0,5,623,1.7867979522297905,0.9367068863383412
SOS,55.0,5,624,2.1911593628484898,0.9367068863383412
SOS,55.0,5,625,0.5195502720766658,0.9367068863383412
SOS,55.0,5,626,0.7845029964863088,0.9367068863383412
SOS,55.0,5,627,0.692248552684442,0.9367068863383412
SOS,55.0,5,628,1.3757058575754169,0.9367068863383412
SOS,55.0,5,629,0.7290200817484213,0.9367068863383412
SOS,55.0,5,630,0.5739811815586879,0.9367068863383412
SOS,55.0,5,631,0.9165900456252962,0.9367068863383412
SOS,55.0,5,632,1.47268967067297,0.9367068863383412
SOS,55.0,5,633,0.5529082551028459,0.9367068863383412
SOS,55.0,5,634,0.4817114001339345,0.9367068863383412
SOS,55.0,5,635,0.4537033157735372,0.9367068863383412
SOS,55.0,5,636,-0.16647211691418307,0.9367068863383412
SOS,55.0,5,637,1.8509795709395074,0.9367068863383412
SOS,55.0,5,638,-0.27659396609622466,0.9367068863383412
SOS,55.0,5,639,1.3752204700735513,0.9367068863383412
SOS,55.0,5,640,2.0327272408469472,0.9367068863383412
SOS,55.0,5,641,0.8337855480504857,0.9367068863383412
SOS,55.0,5,642,-0.07208684107478464,0.9367068863383412
SOS,55.0,5,643,1.1218254498000468,0.9367068863383412
SOS,55.0,5,644,0.24975381850564138,0.9367068863383412
SOS,55.0,5,645,0.3795426638801257,0.9367068863383412
SOS,55.0,5,646,0.9111378355878159,0.9367068863383412
SOS,55.0,5,647,0.7441672561734868,0.9367068863383412
SOS,55.0,5,648,0.36164542249862364,0.9367068863383412
SOS,55.0,5,649,1.2332825533436371,0.9367068863383412
SOS,55.0,5,650,0.6372803743428834,0.9367068863383412
SOS,55.0,5,651,1.444636694977631,0.9367068863383412
SOS,55.0,5,652,1.2397955296383132,0.9367068863383412
SOS,55.0,5,653,0.8283514620763072,0.9367068863383412
SOS,55.0,5,654,0.3172943377360238,0.9367068863383412
SOS,55.0,5,655,1.582876138735513,0.9367068863383412
SOS,55.0,5,656,1.1554397556496805,0.9367068863383412
SOS,55.0,5,657,0.6642598261452215,0.9367068863383412
SOS,55.0,5,658,1.457161982196865,0.9367068863383412
SOS,55.0,5,659,0.6651563133666254,0.9367068863383412
SOS,55.0,5,660,1.2362821769247117,0.9367068863383412
SOS,55.0,5,661,1.0278050684190116,0.9367068863383412
SOS,55.0,5,662,-0.4566704791625713,0.9367068863383412
SOS,55.0,5,663,0.5211076838691634,0.9367068863383412
SOS,55.0,5,664,0.8412760775153846,0.9367068863383412
SOS,55.0,5,665,1.463780593202709,0.9367068863383412
SOS,55.0,5,666,1.048893880443921,0.9367068863383412
SOS,55.0,5,667,0.876736707222322,0.9367068863383412
SOS,55.0,5,668,1.1715956269431589,0.9367068863383412
SOS,55.0,5,669,1.57291985241529,0.9367068863383412
SOS,55.0,5,670,1.0189096211096724,0.9367068863383412
SOS,55.0,5,671,0.9409491742296967,0.9367068863383412
SOS,55.0,5,672,1.1521163070440223,0.9367068863383412
SOS,55.0,5,673,0.7738705669479398,0.9367068863383412
SOS,55.0,5,674,1.7550583263970656,0.9367068863383412
SOS,55.0,5,675,1.2943127566128334,0.9367068863383412
SOS,55.0,5,676,1.4187823920861575,0.9367068863383412
SOS,55.0,5,677,1.0607666135903295,0.9367068863383412
SOS,55.0,5,678,0.10100507943567505,0.9367068863383412
SOS,55.0,5,679,0.46696362114840007,0.9367068863383412
SOS,55.0,5,680,0.4118134420163936,0.9367068863383412
SOS,55.0,5,681,0.37828303842957617,0.9367068863383412
SOS,55.0,5,682,1.9144884515019622,0.9367068863383412
SOS,55.0,5,683,-0.1779023082422655,0.9367068863383412
SOS,55.0,5,684,0.6515419207799327,0.9367068863383412
SOS,55.0,5,685,1.1233488342123175,0.9367068863383412
SOS,55.0,5,686,0.8306003274404525,0.9367068863383412
SOS,55.0,5,687,1.8422535700323173,0.9367068863383412
SOS,55.0,5,688,0.7007360143821848,0.9367068863383412
SOS,55.0,5,689,1.7923998134819041,0.9367068863383412
SOS,55.0,5,690,0.007595385074658179,0.9367068863383412
SOS,55.0,5,691,0.3133512801394007,0.9367068863383412
SOS,55.0,5,692,0.9619415670064222,0.9367068863383412
SOS,55.0,5,693,1.5885557932615781,0.9367068863383412
SOS,55.0,5,694,0.3834098824698835,0.9367068863383412
SOS,55.0,5,695,1.9698703117118428,0.9367068863383412
SOS,55.0,5,696,0.3358810149934608,0.9367068863383412
SOS,55.0,5,697,0.777056737066951,0.9367068863383412
SOS,55.0,5,698,0.03980345223371473,0.9367068863383412
SOS,55.0,5,699,0.7644609273133364,0.9367068863383412
SOS,55.0,5,700,0.537347700192783,0.9367068863383412
SOS,55.0,5,701,0.7483697391332179,0.9367068863383412
SOS,55.0,5,702,1.5485332566613594,0.9367068863383412
SOS,55.0,5,703,1.8111664691320555,0.9367068863383412
SOS,55.0,5,704,1.1363794466292063,0.9367068863383412
SOS,55.0,5,705,-0.17187063337720354,0.9367068863383412
SOS,55.0,5,706,1.417078867985262,0.9367068863383412
SOS,55.0,5,707,1.836691731924548,0.9367068863383412
SOS,55.0,5,708,1.041830389979927,0.9367068863383412
SOS,55.0,5,709,-0.34061719604402996,0.9367068863383412
SOS,55.0,5,710,1.4495638628565561,0.9367068863383412
SOS,55.0,5,711,0.8317013076049533,0.9367068863383412
SOS,55.0,5,712,1.0061354844416566,0.9367068863383412
SOS,55.0,5,713,0.015523840291224555,0.9367068863383412
SOS,55.0,5,714,0.0842453265353742,0.9367068863383412
SOS,55.0,5,715,1.863788906313879,0.9367068863383412
SOS,55.0,5,716,1.2096481072337606,0.9367068863383412
SOS,55.0,5,717,0.4386939372951084,0.9367068863383412
SOS,55.0,5,718,0.7176565799649486,0.9367068863383412
SOS,55.0,5,719,1.6957828506330412,0.9367068863383412
SOS,55.0,5,720,0.772594331974556,0.9367068863383412
SOS,55.0,5,721,0.9891486727051768,0.9367068863383412
SOS,55.0,5,722,2.0676783649165844,0.9367068863383412
SOS,55.0,5,723,0.46914121486200444,0.9367068863383412
SOS,55.0,5,724,1.5573184659763422,0.9367068863383412
SOS,55.0,5,725,1.8035413676365344,0.9367068863383412
SOS,55.0,5,726,0.9980833153436813,0.9367068863383412
SOS,55.0,5,727,-0.5225446394540944,0.9367068863383412
SOS,55.0,5,728,0.8029285593389781,0.9367068863383412
SOS,55.0,5,729,1.2893805477637035,0.9367068863383412
SOS,55.0,5,730,1.717669207391729,0.9367068863383412
SOS,55.0,5,731,0.6750267689764584,0.9367068863383412
SOS,55.0,5,732,0.7968737760523597,0.9367068863383412
SOS,55.0,5,733,2.378373408073074,0.9367068863383412
SOS,55.0,5,734,1.8843153404014759,0.9367068863383412
SOS,55.0,5,735,0.4937943994755509,0.9367068863383412
SOS,55.0,5,736,0.5896150513264249,0.9367068863383412
SOS,55.0,5,737,1.963217574868994,0.9367068863383412
SOS,55.0,5,738,1.2702521834831868,0.9367068863383412
SOS,55.0,5,739,-0.18142823975847144,0.9367068863383412
SOS,55.0,5,740,0.42157246989260555,0.9367068863383412
SOS,55.0,5,741,0.2799072923050938,0.9367068863383412
SOS,55.0,5,742,0.36578271703135934,0.9367068863383412
SOS,55.0,5,743,1.0852449182421262,0.9367068863383412
SOS,55.0,5,744,1.3372654563806068,0.9367068863383412
SOS,55.0,5,745,1.2482377305094041,0.9367068863383412
SOS,55.0,5,746,0.8225612148974644,0.9367068863383412
SOS,55.0,5,747,0.8907483156219522,0.9367068863383412
SOS,55.0,5,748,1.8289033424283931,0.9367068863383412
SOS,55.0,5,749,0.6045283055340398,0.9367068863383412
SOS,55.0,5,750,0.4596771520233877,0.9367068863383412
SOS,55.0,5,751,0.7518319859829421,0.9367068863383412
SOS,55.0,5,752,2.535339892394911,0.9367068863383412
SOS,55.0,5,753,1.8204502999592005,0.9367068863383412
SOS,55.0,5,754,0.7210782255091805,0.9367068863383412
SOS,55.0,5,755,0.8006796271845065,0.9367068863383412
SOS,55.0,5,756,0.4714380320266871,0.9367068863383412
SOS,55.0,5,757,0.30583356969872344,0.9367068863383412
SOS,55.0,5,758,1.2412044944524825,0.9367068863383412
SOS,55.0,5,759,0.3188416435027424,0.9367068863383412
SOS,55.0,5,760,2.3427153020805327,0.9367068863383412
SOS,55.0,5,761,2.488012039649731,0.9367068863383412
SOS,55.0,5,762,0.5882348072210201,0.9367068863383412
SOS,55.0,5,763,-0.0637015428983656,0.9367068863383412
SOS,55.0,5,764,1.7914469386000498,0.9367068863383412
SOS,55.0,5,765,1.8737190098087486,0.9367068863383412
SOS,55.0,5,766,0.9484266217609303,0.9367068863383412
SOS,55.0,5,767,1.1900303804617436,0.9367068863383412
SOS,55.0,5,768,0.9773695942933902,0.9367068863383412
SOS,55.0,5,769,1.4377713219255113,0.9367068863383412
SOS,55.0,5,770,0.9286307348061913,0.9367068863383412
SOS,55.0,5,771,0.6661932385507314,0.9367068863383412
SOS,55.0,5,772,2.0422151523109755,0.9367068863383412
SOS,55.0,5,773,0.4499140478241572,0.9367068863383412
SOS,55.0,5,774,0.9819075825991326,0.9367068863383412
SOS,55.0,5,775,0.4685556801008812,0.9367068863383412
SOS,55.0,5,776,0.5087190143248359,0.9367068863383412
SOS,55.0,5,777,1.8033811158849498,0.9367068863383412
SOS,55.0,5,778,1.3736309829827766,0.9367068863383412
SOS,55.0,5,779,0.9062227071709816,0.9367068863383412
SOS,55.0,5,780,1.1278125667371854,0.9367068863383412
SOS,55.0,5,781,2.361732701082957,0.9367068863383412
SOS,55.0,5,782,0.5875632824081061,0.9367068863383412
SOS,55.0,5,783,0.8664911970746952,0.9367068863383412
SOS,55.0,5,784,1.205743359673211,0.9367068863383412
SOS,55.0,5,785,0.6299716059375428,0.9367068863383412
SOS,55.0,5,786,0.3417151131427727,0.9367068863383412
SOS,55.0,5,787,2.0441987174995715,0.9367068863383412
SOS,55.0,5,788,1.777814674181837,0.9367068863383412
SOS,55.0,5,789,0.7036374293407466,0.9367068863383412
SOS,55.0,5,790,0.5806292695667523,0.9367068863383412
SOS,55.0,5,791,2.0029783830331676,0.9367068863383412
SOS,55.0,5,792,0.8230542745236824,0.9367068863383412
SOS,55.0,5,793,1.8016318059997813,0.9367068863383412
SOS,55.0,5,794,0.9644917187637326,0.9367068863383412
SOS,55.0,5,795,0.022855212481807552,0.9367068863383412
SOS,55.0,5,796,0.9766799492851705,0.9367068863383412
SOS,55.0,5,797,0.3009733299253149,0.9367068863383412
SOS,55.0,5,798,1.2763582062331358,0.9367068863383412
SOS,55.0,5,799,1.0943181928622459,0.9367068863383412
SOS,55.0,5,800,1.44074068959506,0.9367068863383412
SOS,55.0,5,801,0.8887179618049375,0.9367068863383412
SOS,55.0,5,802,0.9591194297675043,0.9367068863383412
SOS,55.0,5,803,0.5201016912869723,0.9367068863383412
SOS,55.0,5,804,1.340403753471149,0.9367068863383412
SOS,55.0,5,805,1.322107369710211,0.9367068863383412
SOS,55.0,5,806,1.293979688711691,0.9367068863383412
SOS,55.0,5,807,-0.4832526580225558,0.9367068863383412
SOS,55.0,5,808,1.1171205155009587,0.9367068863383412
SOS,55.0,5,809,2.010297939008266,0.9367068863383412
SOS,55.0,5,810,0.7961116343038457,0.9367068863383412
SOS,55.0,5,811,1.5436604004927297,0.9367068863383412
SOS,55.0,5,812,0.9046842040826945,0.9367068863383412
SOS,55.0,5,813,-0.280975186252702,0.9367068863383412
SOS,55.0,5,814,0.6436042507771551,0.9367068863383412
SOS,55.0,5,815,1.685189816166551,0.9367068863383412
SOS,55.0,5,816,2.1651746708130943,0.9367068863383412
SOS,55.0,5,817,1.1873089605053484,0.9367068863383412
SOS,55.0,5,818,0.9321526117330616,0.9367068863383412
SOS,55.0,5,819,0.5892804037276194,0.9367068863383412
SOS,55.0,5,820,-0.027551128414369783,0.9367068863383412
SOS,55.0,5,821,0.5884189569653235,0.9367068863383412
SOS,55.0,5,822,0.6736026426839219,0.9367068863383412
SOS,55.0,5,823,1.0030748779388512,0.9367068863383412
SOS,55.0,5,824,1.9547465186939728,0.9367068863383412
SOS,55.0,5,825,1.5854288359510504,0.9367068863383412
SOS,55.0,5,826,0.09490474222063172,0.9367068863383412
SOS,55.0,5,827,-0.4202120596803549,0.9367068863383412
SOS,55.0,5,828,0.6850417211147322,0.9367068863383412
SOS,55.0,5,829,1.3254782575801545,0.9367068863383412
SOS,55.0,5,830,0.9929165032450683,0.9367068863383412
SOS,55.0,5,831,0.390743324447669,0.9367068863383412
SOS,55.0,5,832,-0.6084519885878241,0.9367068863383412
SOS,55.0,5,833,-0.2940883639676621,0.9367068863383412
SOS,55.0,5,834,0.9808184638875672,0.9367068863383412
SOS,55.0,5,835,1.3359625818574319,0.9367068863383412
SOS,55.0,5,836,1.8796796771021853,0.9367068863383412
SOS,55.0,5,837,1.0543181741049443,0.9367068863383412
SOS,55.0,5,838,0.8702036357159271,0.9367068863383412
SOS,55.0,5,839,0.2692098836962171,0.9367068863383412
SOS,55.0,5,840,0.5997922767152568,0.9367068863383412
SOS,55.0,5,841,0.35689520270264374,0.9367068863383412
SOS,55.0,5,842,2.1155038334142153,0.9367068863383412
SOS,55.0,5,843,1.1523960424910218,0.9367068863383412
SOS,55.0,5,844,-0.0137211760860938,0.9367068863383412
SOS,55.0,5,845,1.5662257050642174,0.9367068863383412
SOS,55.0,5,846,2.0687969479625012,0.9367068863383412
SOS,55.0,5,847,0.6839353657925998,0.9367068863383412
SOS,55.0,5,848,1.7207930417105866,0.9367068863383412
SOS,55.0,5,849,0.5606287293985819,0.9367068863383412
SOS,55.0,5,850,0.7719472530399696,0.9367068863383412
SOS,55.0,5,851,0.9967956168392387,0.9367068863383412
SOS,55.0,5,852,0.7752978840740268,0.9367068863383412
SOS,55.0,5,853,-0.18711212213199158,0.9367068863383412
SOS,55.0,5,854,0.2905848048443005,0.9367068863383412
SOS,55.0,5,855,1.222919707337582,0.9367068863383412
SOS,55.0,5,856,2.3308414831255435,0.9367068863383412
SOS,55.0,5,857,1.637501541486602,0.9367068863383412
SOS,55.0,5,858,1.20536282497622,0.9367068863383412
SOS,55.0,5,859,0.7747187567723202,0.9367068863383412
SOS,55.0,5,860,-0.20179702889403184,0.9367068863383412
SOS,55.0,5,861,0.035692227896741535,0.9367068863383412
SOS,55.0,5,862,0.7503038836058928,0.9367068863383412
SOS,55.0,5,863,1.1278776012550773,0.9367068863383412
SOS,55.0,5,864,-0.19634952945819162,0.9367068863383412
SOS,55.0,5,865,0.5751872090059744,0.9367068863383412
SOS,55.0,5,866,0.07728766730504699,0.9367068863383412
SOS,55.0,5,867,-0.04369524849645723,0.9367068863383412
SOS,55.0,5,868,0.9672340391495327,0.9367068863383412
SOS,55.0,5,869,1.2592055601597405,0.9367068863383412
SOS,55.0,5,870,1.1763084526660244,0.9367068863383412
SOS,55.0,5,871,0.14919979439635778,0.9367068863383412
SOS,55.0,5,872,0.49393846734413055,0.9367068863383412
SOS,55.0,5,873,1.1412957247542455,0.9367068863383412
SOS,55.0,5,874,-0.02120083149236085,0.9367068863383412
SOS,55.0,5,875,0.27764785833433925,0.9367068863383412
SOS,55.0,5,876,-0.3123522026525308,0.9367068863383412
SOS,55.0,5,877,0.31010497146476346,0.9367068863383412
SOS,55.0,5,878,0.5832390618112198,0.9367068863383412
SOS,55.0,5,879,0.6535582949226111,0.9367068863383412
SOS,55.0,5,880,1.1061004190221473,0.9367068863383412
SOS,55.0,5,881,0.332088439610697,0.9367068863383412
SOS,55.0,5,882,1.4403157663981068,0.9367068863383412
SOS,55.0,5,883,0.21453892538176111,0.9367068863383412
SOS,55.0,5,884,1.26144696145781,0.9367068863383412
SOS,55.0,5,885,1.6982307731859612,0.9367068863383412
SOS,55.0,5,886,1.340930975243907,0.9367068863383412
SOS,55.0,5,887,1.7307265678446067,0.9367068863383412
SOS,55.0,5,888,0.7740651842384592,0.9367068863383412
SOS,55.0,5,889,1.590799204042718,0.9367068863383412
SOS,55.0,5,890,0.3444576077537737,0.9367068863383412
SOS,55.0,5,891,-0.16258624892189155,0.9367068863383412
SOS,55.0,5,892,1.523721640296632,0.9367068863383412
SOS,55.0,5,893,0.24680788002069184,0.9367068863383412
SOS,55.0,5,894,-0.18571812369837182,0.9367068863383412
SOS,55.0,5,895,0.6713447912504924,0.9367068863383412
SOS,55.0,5,896,0.9804148336542163,0.9367068863383412
SOS,55.0,5,897,2.3700724642577704,0.9367068863383412
SOS,55.0,5,898,2.035925833449707,0.9367068863383412
SOS,55.0,5,899,0.28979952824079724,0.9367068863383412
SOS,55.0,5,900,2.005747278498393,0.9367068863383412
SOS,55.0,5,901,1.3824268967813054,0.9367068863383412
SOS,55.0,5,902,1.6861893637325003,0.9367068863383412
SOS,55.0,5,903,1.6011766696135554,0.9367068863383412
SOS,55.0,5,904,1.6508533615808005,0.9367068863383412
SOS,55.0,5,905,1.8624026575754042,0.9367068863383412
SOS,55.0,5,906,1.4183508073969222,0.9367068863383412
SOS,55.0,5,907,1.0255190377514043,0.9367068863383412
SOS,55.0,5,908,-0.3713998619097194,0.9367068863383412
SOS,55.0,5,909,0.9722547450985786,0.9367068863383412
SOS,55.0,5,910,0.036382391289152216,0.9367068863383412
SOS,55.0,5,911,1.636908078632504,0.9367068863383412
SOS,55.0,5,912,0.1149994770310343,0.9367068863383412
SOS,55.0,5,913,0.511781292493023,0.9367068863383412
SOS,55.0,5,914,2.1303885786175445,0.9367068863383412
SOS,55.0,5,915,1.9740959635112323,0.9367068863383412
SOS,55.0,5,916,0.45003070765964637,0.9367068863383412
SOS,55.0,5,917,0.5844859499912707,0.9367068863383412
SOS,55.0,5,918,1.4535173357141848,0.9367068863383412
SOS,55.0,5,919,0.7045343172351113,0.9367068863383412
SOS,55.0,5,920,1.1543522418809753,0.9367068863383412
SOS,55.0,5,921,0.8380384402442527,0.9367068863383412
SOS,55.0,5,922,0.7948484148599788,0.9367068863383412
SOS,55.0,5,923,0.9787636069942993,0.9367068863383412
SOS,55.0,5,924,0.44653055560246857,0.9367068863383412
SOS,55.0,5,925,2.0490185322258165,0.9367068863383412
SOS,55.0,5,926,1.1527701963232238,0.9367068863383412
SOS,55.0,5,927,0.680234060248406,0.9367068863383412
SOS,55.0,5,928,0.44369386779307274,0.9367068863383412
SOS,55.0,5,929,0.7386359323926648,0.9367068863383412
SOS,55.0,5,930,0.06246858283983969,0.9367068863383412
SOS,55.0,5,931,2.214350071004547,0.9367068863383412
SOS,55.0,5,932,0.759185375580429,0.9367068863383412
SOS,55.0,5,933,0.14050378119096107,0.9367068863383412
SOS,55.0,5,934,1.701495511515108,0.9367068863383412
SOS,55.0,5,935,0.9366310948968871,0.9367068863383412
SOS,55.0,5,936,0.6458026618170347,0.9367068863383412
SOS,55.0,5,937,0.12476567465258004,0.9367068863383412
SOS,55.0,5,938,1.0076549240045527,0.9367068863383412
SOS,55.0,5,939,1.13421796138496,0.9367068863383412
SOS,55.0,5,940,1.349280902879763,0.9367068863383412
SOS,55.0,5,941,0.604533814283326,0.9367068863383412
SOS,55.0,5,942,1.5115856155437974,0.9367068863383412
SOS,55.0,5,943,-0.5352454364453079,0.9367068863383412
SOS,55.0,5,944,0.12121244633631312,0.9367068863383412
SOS,55.0,5,945,0.8388790141180831,0.9367068863383412
SOS,55.0,5,946,-0.5307653685717184,0.9367068863383412
SOS,55.0,5,947,0.8049431436778862,0.9367068863383412
SOS,55.0,5,948,0.9265099593427777,0.9367068863383412
SOS,55.0,5,949,-0.18668618221882877,0.9367068863383412
SOS,55.0,5,950,0.3601963590073931,0.9367068863383412
SOS,55.0,5,951,1.0281388281466486,0.9367068863383412
SOS,55.0,5,952,0.011968294412850633,0.9367068863383412
SOS,55.0,5,953,1.1770035340791636,0.9367068863383412
SOS,55.0,5,954,1.332575984985462,0.9367068863383412
SOS,55.0,5,955,0.8201394435997253,0.9367068863383412
SOS,55.0,5,956,0.16888753750449936,0.9367068863383412
SOS,55.0,5,957,-0.1309504330738529,0.9367068863383412
SOS,55.0,5,958,0.06944257680428545,0.9367068863383412
SOS,55.0,5,959,0.32713988969758734,0.9367068863383412
SOS,55.0,5,960,1.553167867732416,0.9367068863383412
SOS,55.0,5,961,0.48519663971927657,0.9367068863383412
SOS,55.0,5,962,1.599524854576433,0.9367068863383412
SOS,55.0,5,963,0.3895202900548873,0.9367068863383412
SOS,55.0,5,964,2.317310070657307,0.9367068863383412
SOS,55.0,5,965,1.890677518889559,0.9367068863383412
SOS,55.0,5,966,0.6338176528882938,0.9367068863383412
SOS,55.0,5,967,1.5609184481032639,0.9367068863383412
SOS,55.0,5,968,1.2914977743229776,0.9367068863383412
SOS,55.0,5,969,1.0012215881245805,0.9367068863383412
SOS,55.0,5,970,1.3124523776601922,0.9367068863383412
SOS,55.0,5,971,0.9381232746802108,0.9367068863383412
SOS,55.0,5,972,1.1485009494877751,0.9367068863383412
SOS,55.0,5,973,0.03458806790641633,0.9367068863383412
SOS,55.0,5,974,1.1327264824203003,0.9367068863383412
SOS,55.0,5,975,1.0487322001542454,0.9367068863383412
SOS,55.0,5,976,1.0784815112620718,0.9367068863383412
SOS,55.0,5,977,-0.172394396719589,0.9367068863383412
SOS,55.0,5,978,0.8617529105122613,0.9367068863383412
SOS,55.0,5,979,0.7990018784111682,0.9367068863383412
SOS,55.0,5,980,1.3427814799109115,0.9367068863383412
SOS,55.0,5,981,0.5713712945728444,0.9367068863383412
SOS,55.0,5,982,1.053191679370582,0.9367068863383412
SOS,55.0,5,983,1.3919757936679054,0.9367068863383412
SOS,55.0,5,984,1.4165239671821812,0.9367068863383412
SOS,55.0,5,985,-0.03884685321581999,0.9367068863383412
SOS,55.0,5,986,1.345353563045704,0.9367068863383412
SOS,55.0,5,987,0.20513053030519157,0.9367068863383412
SOS,55.0,5,988,0.5128957644051562,0.9367068863383412
SOS,55.0,5,989,1.6515090909955106,0.9367068863383412
SOS,55.0,5,990,0.4285382159350831,0.9367068863383412
SOS,55.0,5,991,1.407159203631954,0.9367068863383412
SOS,55.0,5,992,1.1215532759910756,0.9367068863383412
SOS,55.0,5,993,1.7553690393276282,0.9367068863383412
SOS,55.0,5,994,0.5742016784914595,0.9367068863383412
SOS,55.0,5,995,1.0493430214873445,0.9367068863383412
SOS,55.0,5,996,0.8884530414651518,0.9367068863383412
SOS,55.0,5,997,1.5476179472862828,0.9367068863383412
SOS,55.0,5,998,1.7109254494707455,0.9367068863383412
SOS,55.0,5,999,1.4994112175059144,0.9367068863383412
SOS,25.0,10,1,0.682689511119498,0.5796719457532359
SOS,25.0,10,2,0.3644024801084853,0.5796719457532359
SOS,25.0,10,3,0.7954442911739792,0.5796719457532359
SOS,25.0,10,4,3.952880494179582,0.5796719457532359
SOS,25.0,10,5,-2.482624118061616,0.5796719457532359
SOS,25.0,10,6,2.212138242857804,0.5796719457532359
SOS,25.0,10,7,-0.9751809084359973,0.5796719457532359
SOS,25.0,10,8,9.308868121572642,0.5796719457532359
SOS,25.0,10,9,1.7897052630071453,0.5796719457532359
SOS,25.0,10,10,-1.8013547322991479,0.5796719457532359
SOS,25.0,10,11,2.8876330089503597,0.5796719457532359
SOS,25.0,10,12,0.487514416953887,0.5796719457532359
SOS,25.0,10,13,-0.9694822473967775,0.5796719457532359
SOS,25.0,10,14,1.2817266913410967,0.5796719457532359
SOS,25.0,10,15,5.78239640894326,0.5796719457532359
SOS,25.0,10,16,1.6572571053107108,0.5796719457532359
SOS,25.0,10,17,1.532849257958252,0.5796719457532359
SOS,25.0,10,18,1.519531818333613,0.5796719457532359
SOS,25.0,10,19,-5.125243620932855,0.5796719457532359
SOS,25.0,10,20,1.2791842642624573,0.5796719457532359
SOS,25.0,10,21,1.9614235653787628,0.5796719457532359
SOS,25.0,10,22,-3.973491157331516,0.5796719457532359
SOS,25.0,10,23,-4.659947189710001,0.5796719457532359
SOS,25.0,10,24,1.201557668820119,0.5796719457532359
SOS,25.0,10,25,-0.9620644961717779,0.5796719457532359
SOS,25.0,10,26,-1.6353719650484793,0.5796719457532359
SOS,25.0,10,27,2.668709222747659,0.5796719457532359
SOS,25.0,10,28,0.35241390943629525,0.5796719457532359
SOS,25.0,10,29,0.07698685903120661,0.5796719457532359
SOS,25.0,10,30,1.0458931927196242,0.5796719457532359
SOS,25.0,10,31,1.3796154924651076,0.5796719457532359
SOS,25.0,10,32,-2.2391064390037316,0.5796719457532359
SOS,25.0,10,33,4.504019041376932,0.5796719457532359
SOS,25.0,10,34,-4.098792057461663,0.5796719457532359
SOS,25.0,10,35,-3.8005180219955585,0.5796719457532359
SOS,25.0,10,36,3.5401807281274382,0.5796719457532359
SOS,25.0,10,37,1.0556105248827685,0.5796719457532359
SOS,25.0,10,38,1.0982015876255407,0.5796719457532359
SOS,25.0,10,39,1.366481480397892,0.5796719457532359
SOS,25.0,10,40,-6.64096092991613,0.5796719457532359
SOS,25.0,10,41,-0.4840075303584952,0.5796719457532359
SOS,25.0,10,42,-3.602920109793227,0.5796719457532359
SOS,25.0,10,43,0.5600594346769499,0.5796719457532359
SOS,25.0,10,44,3.423500178949014,0.5796719457532359
SOS,25.0,10,45,3.012978603258925,0.5796719457532359
SOS,25.0,10,46,4.426684027220456,0.5796719457532359
SOS,25.0,10,47,4.069444940080553,0.5796719457532359
SOS,25.0,10,48,-1.4486366532775037,0.5796719457532359
SOS,25.0,10,49,-1.6327909789177626,0.5796719457532359
SOS,25.0,10,50,1.652416800781638,0.5796719457532359
SOS,25.0,10,51,-3.90289972897967,0.5796719457532359
SOS,25.0,10,52,2.0021289986719033,0.5796719457532359
SOS,25.0,10,53,3.6645736702521234,0.5796719457532359
SOS,25.0,10,54,-6.190129391745067,0.5796719457532359
SOS,25.0,10,55,-0.13899838069310455,0.5796719457532359
SOS,25.0,10,56,1.6558394856551995,0.5796719457532359
SOS,25.0,10,57,-0.8802455156217481,0.5796719457532359
SOS,25.0,10,58,3.0490926744249816,0.5796719457532359
SOS,25.0,10,59,0.9288421518112604,0.5796719457532359
SOS,25.0,10,60,4.1277896330714166,0.5796719457532359
SOS,25.0,10,61,1.0816054095468757,0.5796719457532359
SOS,25.0,10,62,-2.4335573135298914,0.5796719457532359
SOS,25.0,10,63,0.41811782389415897,0.5796719457532359
SOS,25.0,10,64,3.139107431539694,0.5796719457532359
SOS,25.0,10,65,-0.2589356692361508,0.5796719457532359
SOS,25.0,10,66,4.8893473528115,0.5796719457532359
SOS,25.0,10,67,-1.072913465513638,0.5796719457532359
SOS,25.0,10,68,-1.70631702169442,0.5796719457532359
SOS,25.0,10,69,5.147980854720666,0.5796719457532359
SOS,25.0,10,70,-1.7275549705713928,0.5796719457532359
SOS,25.0,10,71,0.38505604474150457,0.5796719457532359
SOS,25.0,10,72,3.044208347896915,0.5796719457532359
SOS,25.0,10,73,-0.7884295623969785,0.5796719457532359
SOS,25.0,10,74,3.1968110452418586,0.5796719457532359
SOS,25.0,10,75,0.870178188092521,0.5796719457532359
SOS,25.0,10,76,1.6303316579441645,0.5796719457532359
SOS,25.0,10,77,-0.3556554498374844,0.5796719457532359
SOS,25.0,10,78,-4.293476101690737,0.5796719457532359
SOS,25.0,10,79,-1.2393647591288668,0.5796719457532359
SOS,25.0,10,80,-0.49328203734063436,0.5796719457532359
SOS,25.0,10,81,-3.304487007622909,0.5796719457532359
SOS,25.0,10,82,5.946029735351013,0.5796719457532359
SOS,25.0,10,83,-3.5777577043089104,0.5796719457532359
SOS,25.0,10,84,0.1368950341266858,0.5796719457532359
SOS,25.0,10,85,4.027418285185352,0.5796719457532359
SOS,25.0,10,86,1.9402954892607402,0.5796719457532359
SOS,25.0,10,87,3.266261173956364,0.5796719457532359
SOS,25.0,10,88,1.9642385690243156,0.5796719457532359
SOS,25.0,10,89,1.285072628049379,0.5796719457532359
SOS,25.0,10,90,3.466910402679966,0.5796719457532359
SOS,25.0,10,91,3.4334343465587445,0.5796719457532359
SOS,25.0,10,92,1.7095202847226858,0.5796719457532359
SOS,25.0,10,93,-1.6348088928068751,0.5796719457532359
SOS,25.0,10,94,3.1934502019057414,0.5796719457532359
SOS,25.0,10,95,1.6592908999007152,0.5796719457532359
SOS,25.0,10,96,-2.271568465473429,0.5796719457532359
SOS,25.0,10,97,-5.389659086811393,0.5796719457532359
SOS,25.0,10,98,1.51177200671275,0.5796719457532359
SOS,25.0,10,99,0.25176041283563544,0.5796719457532359
SOS,25.0,10,100,0.9663996661679448,0.5796719457532359
SOS,25.0,10,101,-5.50259847640717,0.5796719457532359
SOS,25.0,10,102,-6.009412951481024,0.5796719457532359
SOS,25.0,10,103,-1.7910354355982956,0.5796719457532359
SOS,25.0,10,104,2.1933349157420285,0.5796719457532359
SOS,25.0,10,105,2.4213458214407932,0.5796719457532359
SOS,25.0,10,106,-3.5843244039629583,0.5796719457532359
SOS,25.0,10,107,-4.088045826777114,0.5796719457532359
SOS,25.0,10,108,3.8138607915728215,0.5796719457532359
SOS,25.0,10,109,-1.6964353807447001,0.5796719457532359
SOS,25.0,10,110,0.0916097532782254,0.5796719457532359
SOS,25.0,10,111,2.5589907706940025,0.5796719457532359
SOS,25.0,10,112,3.4195909766842583,0.5796719457532359
SOS,25.0,10,113,5.380065946891966,0.5796719457532359
SOS,25.0,10,114,-3.6007539634571617,0.5796719457532359
SOS,25.0,10,115,1.6657772712928258,0.5796719457532359
SOS,25.0,10,116,5.008460653337836,0.5796719457532359
SOS,25.0,10,117,0.5942323209934125,0.5796719457532359
SOS,25.0,10,118,0.19368868564889774,0.5796719457532359
SOS,25.0,10,119,1.473654971523456,0.5796719457532359
SOS,25.0,10,120,0.7777907146094507,0.5796719457532359
SOS,25.0,10,121,1.3946487598125945,0.5796719457532359
SOS,25.0,10,122,-0.45151783597363493,0.5796719457532359
SOS,25.0,10,123,2.09405827986708,0.5796719457532359
SOS,25.0,10,124,-0.5008232570375329,0.5796719457532359
SOS,25.0,10,125,6.781377053008509,0.5796719457532359
SOS,25.0,10,126,3.5310463790816358,0.5796719457532359
SOS,25.0,10,127,-4.896052808777096,0.5796719457532359
SOS,25.0,10,128,1.1206399353992762,0.5796719457532359
SOS,25.0,10,129,-2.396105023658157,0.5796719457532359
SOS,25.0,10,130,8.239962157611316,0.5796719457532359
SOS,25.0,10,131,0.15385447532815577,0.5796719457532359
SOS,25.0,10,132,-2.2810152865084667,0.5796719457532359
SOS,25.0,10,133,-1.2706627620704445,0.5796719457532359
SOS,25.0,10,134,1.8890212947794924,0.5796719457532359
SOS,25.0,10,135,5.728769685972341,0.5796719457532359
SOS,25.0,10,136,3.343681331265132,0.5796719457532359
SOS,25.0,10,137,2.9126408386102396,0.5796719457532359
SOS,25.0,10,138,5.614705574192381,0.5796719457532359
SOS,25.0,10,139,-1.7536108459856834,0.5796719457532359
SOS,25.0,10,140,1.9927294640670234,0.5796719457532359
SOS,25.0,10,141,0.5119733057883731,0.5796719457532359
SOS,25.0,10,142,4.065845133753528,0.5796719457532359
SOS,25.0,10,143,1.3116293159790686,0.5796719457532359
SOS,25.0,10,144,1.2971555599632298,0.5796719457532359
SOS,25.0,10,145,2.8016931561387044,0.5796719457532359
SOS,25.0,10,146,-1.5361924908028182,0.5796719457532359
SOS,25.0,10,147,3.8416955589654154,0.5796719457532359
SOS,25.0,10,148,-2.892882516334848,0.5796719457532359
SOS,25.0,10,149,-4.378465175829853,0.5796719457532359
SOS,25.0,10,150,2.3127378452672023,0.5796719457532359
SOS,25.0,10,151,0.23628842980114895,0.5796719457532359
SOS,25.0,10,152,2.265177998322314,0.5796719457532359
SOS,25.0,10,153,-0.3038591161520856,0.5796719457532359
SOS,25.0,10,154,0.1807311196995065,0.5796719457532359
SOS,25.0,10,155,-5.818654286245063,0.5796719457532359
SOS,25.0,10,156,-0.7535164644256096,0.5796719457532359
SOS,25.0,10,157,3.399548372821506,0.5796719457532359
SOS,25.0,10,158,0.8040191246243048,0.5796719457532359
SOS,25.0,10,159,1.945263880226952,0.5796719457532359
SOS,25.0,10,160,-3.9287078051730946,0.5796719457532359
SOS,25.0,10,161,-1.955554709739558,0.5796719457532359
SOS,25.0,10,162,-1.0014568271365805,0.5796719457532359
SOS,25.0,10,163,-3.300286167422599,0.5796719457532359
SOS,25.0,10,164,-0.7267505919415176,0.5796719457532359
SOS,25.0,10,165,2.4446165997971967,0.5796719457532359
SOS,25.0,10,166,4.118428401212413,0.5796719457532359
SOS,25.0,10,167,4.345169475117702,0.5796719457532359
SOS,25.0,10,168,2.7481073875542688,0.5796719457532359
SOS,25.0,10,169,3.8084613624800716,0.5796719457532359
SOS,25.0,10,170,5.479725507495203,0.5796719457532359
SOS,25.0,10,171,0.1890185878123376,0.5796719457532359
SOS,25.0,10,172,-0.765227038961286,0.5796719457532359
SOS,25.0,10,173,2.293776447064524,0.5796719457532359
SOS,25.0,10,174,-1.479569240110599,0.5796719457532359
SOS,25.0,10,175,-1.2730705698504823,0.5796719457532359
SOS,25.0,10,176,-2.056615073528234,0.5796719457532359
SOS,25.0,10,177,3.037806739685923,0.5796719457532359
SOS,25.0,10,178,2.9324581992278635,0.5796719457532359
SOS,25.0,10,179,0.3729018073180357,0.5796719457532359
SOS,25.0,10,180,-4.867042794754935,0.5796719457532359
SOS,25.0,10,181,-1.3557871567493693,0.5796719457532359
SOS,25.0,10,182,0.40533953082708946,0.5796719457532359
SOS,25.0,10,183,-2.634419933384952,0.5796719457532359
SOS,25.0,10,184,0.4489881082852605,0.5796719457532359
SOS,25.0,10,185,-5.141729447153253,0.5796719457532359
SOS,25.0,10,186,0.43816484512097775,0.5796719457532359
SOS,25.0,10,187,2.6948769889522204,0.5796719457532359
SOS,25.0,10,188,2.4795586403118093,0.5796719457532359
SOS,25.0,10,189,6.390391597519546,0.5796719457532359
SOS,25.0,10,190,3.555034428893417,0.5796719457532359
SOS,25.0,10,191,1.9804589102523713,0.5796719457532359
SOS,25.0,10,192,4.859314659290131,0.5796719457532359
SOS,25.0,10,193,4.426085367735161,0.5796719457532359
SOS,25.0,10,194,3.258129238623087,0.5796719457532359
SOS,25.0,10,195,4.512503480942557,0.5796719457532359
SOS,25.0,10,196,2.510053284222394,0.5796719457532359
SOS,25.0,10,197,-2.2031061110623007,0.5796719457532359
SOS,25.0,10,198,-1.877718320135239,0.5796719457532359
SOS,25.0,10,199,-2.915124302455141,0.5796719457532359
SOS,25.0,10,200,4.36622198410836,0.5796719457532359
SOS,25.0,10,201,4.1684674693932156,0.5796719457532359
SOS,25.0,10,202,0.3482548165989179,0.5796719457532359
SOS,25.0,10,203,-0.4631143722906419,0.5796719457532359
SOS,25.0,10,204,0.8001644222128577,0.5796719457532359
SOS,25.0,10,205,-4.461153400443351,0.5796719457532359
SOS,25.0,10,206,-2.546940393342658,0.5796719457532359
SOS,25.0,10,207,1.8283228042536899,0.5796719457532359
SOS,25.0,10,208,1.9091122793980881,0.5796719457532359
SOS,25.0,10,209,-0.28051484821661,0.5796719457532359
SOS,25.0,10,210,-1.2710494451606533,0.5796719457532359
SOS,25.0,10,211,-1.8796604879308736,0.5796719457532359
SOS,25.0,10,212,-0.5574544086405876,0.5796719457532359
SOS,25.0,10,213,5.077701069265494,0.5796719457532359
SOS,25.0,10,214,1.4604175575801859,0.5796719457532359
SOS,25.0,10,215,-1.4049002679459672,0.5796719457532359
SOS,25.0,10,216,-0.2744702291164843,0.5796719457532359
SOS,25.0,10,217,1.7749413775441185,0.5796719457532359
SOS,25.0,10,218,1.5998197700647545,0.5796719457532359
SOS,25.0,10,219,0.2099098738734556,0.5796719457532359
SOS,25.0,10,220,2.684355056597054,0.5796719457532359
SOS,25.0,10,221,2.829859189595216,0.5796719457532359
SOS,25.0,10,222,2.320463059302959,0.5796719457532359
SOS,25.0,10,223,1.9291695812907137,0.5796719457532359
SOS,25.0,10,224,-5.17521614851783,0.5796719457532359
SOS,25.0,10,225,2.5793430237179775,0.5796719457532359
SOS,25.0,10,226,-0.9690897066499358,0.5796719457532359
SOS,25.0,10,227,2.306122672930141,0.5796719457532359
SOS,25.0,10,228,2.7262038469604746,0.5796719457532359
SOS,25.0,10,229,3.550583156906381,0.5796719457532359
SOS,25.0,10,230,-3.5185140135588946,0.5796719457532359
SOS,25.0,10,231,2.04635768122558,0.5796719457532359
SOS,25.0,10,232,3.069302676890607,0.5796719457532359
SOS,25.0,10,233,1.007404681600285,0.5796719457532359
SOS,25.0,10,234,6.0146679958124505,0.5796719457532359
SOS,25.0,10,235,1.2462427486967518,0.5796719457532359
SOS,25.0,10,236,2.0849358830192015,0.5796719457532359
SOS,25.0,10,237,-0.22012631214533196,0.5796719457532359
SOS,25.0,10,238,2.20935470601207,0.5796719457532359
SOS,25.0,10,239,4.962727267183475,0.5796719457532359
SOS,25.0,10,240,3.010931097121629,0.5796719457532359
SOS,25.0,10,241,-2.41730350588751,0.5796719457532359
SOS,25.0,10,242,4.1233150949913,0.5796719457532359
SOS,25.0,10,243,1.2538173506947419,0.5796719457532359
SOS,25.0,10,244,-1.6261122744096084,0.5796719457532359
SOS,25.0,10,245,3.2246198398511714,0.5796719457532359
SOS,25.0,10,246,-2.7927038162029234,0.5796719457532359
SOS,25.0,10,247,-0.5986067530582668,0.5796719457532359
SOS,25.0,10,248,1.4457304264553028,0.5796719457532359
SOS,25.0,10,249,1.9790419772516699,0.5796719457532359
SOS,25.0,10,250,0.7207002199986396,0.5796719457532359
SOS,25.0,10,251,2.4929771356896504,0.5796719457532359
SOS,25.0,10,252,4.5912950474439,0.5796719457532359
SOS,25.0,10,253,-2.930277240505104,0.5796719457532359
SOS,25.0,10,254,-0.9110502744181885,0.5796719457532359
SOS,25.0,10,255,1.677820701499611,0.5796719457532359
SOS,25.0,10,256,1.0957144754603645,0.5796719457532359
SOS,25.0,10,257,5.851814092525191,0.5796719457532359
SOS,25.0,10,258,0.9719957119122324,0.5796719457532359
SOS,25.0,10,259,4.539852779959751,0.5796719457532359
SOS,25.0,10,260,0.8113639956964205,0.5796719457532359
SOS,25.0,10,261,2.456622733773349,0.5796719457532359
SOS,25.0,10,262,1.6896002547513904,0.5796719457532359
SOS,25.0,10,263,4.1851068431227425,0.5796719457532359
SOS,25.0,10,264,1.16470381195324,0.5796719457532359
SOS,25.0,10,265,-0.24738167203661726,0.5796719457532359
SOS,25.0,10,266,-4.672169494052008,0.5796719457532359
SOS,25.0,10,267,4.189516050413596,0.5796719457532359
SOS,25.0,10,268,-1.087263268884622,0.5796719457532359
SOS,25.0,10,269,5.937082477841093,0.5796719457532359
SOS,25.0,10,270,-1.231447975603235,0.5796719457532359
SOS,25.0,10,271,0.24805253378702075,0.5796719457532359
SOS,25.0,10,272,4.2373950453741,0.5796719457532359
SOS,25.0,10,273,2.137561436729,0.5796719457532359
SOS,25.0,10,274,3.0828561209427656,0.5796719457532359
SOS,25.0,10,275,-3.239001703824453,0.5796719457532359
SOS,25.0,10,276,2.872497843658202,0.5796719457532359
SOS,25.0,10,277,0.5589214799757825,0.5796719457532359
SOS,25.0,10,278,-4.698271978813919,0.5796719457532359
SOS,25.0,10,279,6.898714687089193,0.5796719457532359
SOS,25.0,10,280,1.3689150152491134,0.5796719457532359
SOS,25.0,10,281,-4.6243731848514535,0.5796719457532359
SOS,25.0,10,282,3.5203792408309065,0.5796719457532359
SOS,25.0,10,283,6.173118518442688,0.5796719457532359
SOS,25.0,10,284,3.064246700341415,0.5796719457532359
SOS,25.0,10,285,4.821756160861825,0.5796719457532359
SOS,25.0,10,286,-0.5055651921451367,0.5796719457532359
SOS,25.0,10,287,0.3344511873181788,0.5796719457532359
SOS,25.0,10,288,0.2245786917585647,0.5796719457532359
SOS,25.0,10,289,0.7220348485298708,0.5796719457532359
SOS,25.0,10,290,7.539854546772813,0.5796719457532359
SOS,25.0,10,291,0.17259597371171526,0.5796719457532359
SOS,25.0,10,292,-0.4631068194156591,0.5796719457532359
SOS,25.0,10,293,5.563768280705902,0.5796719457532359
SOS,25.0,10,294,-1.678361568616101,0.5796719457532359
SOS,25.0,10,295,0.6576206066798878,0.5796719457532359
SOS,25.0,10,296,-4.689467633410697,0.5796719457532359
SOS,25.0,10,297,-0.40538261900226535,0.5796719457532359
SOS,25.0,10,298,1.263879949558022,0.5796719457532359
SOS,25.0,10,299,1.1174784523199568,0.5796719457532359
SOS,25.0,10,300,-0.09969519476945998,0.5796719457532359
SOS,25.0,10,301,-1.315208981414466,0.5796719457532359
SOS,25.0,10,302,-1.388188898315013,0.5796719457532359
SOS,25.0,10,303,1.7626279244658196,0.5796719457532359
SOS,25.0,10,304,-2.025973271278522,0.5796719457532359
SOS,25.0,10,305,1.36912813147528,0.5796719457532359
SOS,25.0,10,306,-1.6935020341745561,0.5796719457532359
SOS,25.0,10,307,1.5684266963488713,0.5796719457532359
SOS,25.0,10,308,-1.0559819930681065,0.5796719457532359
SOS,25.0,10,309,1.0878343816890303,0.5796719457532359
SOS,25.0,10,310,3.3396193970875663,0.5796719457532359
SOS,25.0,10,311,-0.2704872974272747,0.5796719457532359
SOS,25.0,10,312,-5.455361102516382,0.5796719457532359
SOS,25.0,10,313,-4.0222767757222115,0.5796719457532359
SOS,25.0,10,314,3.4469257873234067,0.5796719457532359
SOS,25.0,10,315,-3.1162895748278507,0.5796719457532359
SOS,25.0,10,316,1.9683779930993928,0.5796719457532359
SOS,25.0,10,317,5.318114782138709,0.5796719457532359
SOS,25.0,10,318,2.9774827593834976,0.5796719457532359
SOS,25.0,10,319,-0.697769519956239,0.5796719457532359
SOS,25.0,10,320,3.609344609049298,0.5796719457532359
SOS,25.0,10,321,0.032318047873036604,0.5796719457532359
SOS,25.0,10,322,-4.180135862422877,0.5796719457532359
SOS,25.0,10,323,-0.8536423804521687,0.5796719457532359
SOS,25.0,10,324,4.372186164706211,0.5796719457532359
SOS,25.0,10,325,1.6519473854774747,0.5796719457532359
SOS,25.0,10,326,4.3969372152442965,0.5796719457532359
SOS,25.0,10,327,-2.1643171552128075,0.5796719457532359
SOS,25.0,10,328,3.4885636098859467,0.5796719457532359
SOS,25.0,10,329,-5.1015611447271585,0.5796719457532359
SOS,25.0,10,330,3.111961187383143,0.5796719457532359
SOS,25.0,10,331,2.772790817191039,0.5796719457532359
SOS,25.0,10,332,2.618245659898166,0.5796719457532359
SOS,25.0,10,333,-0.723154666965996,0.5796719457532359
SOS,25.0,10,334,2.119462054469656,0.5796719457532359
SOS,25.0,10,335,3.2318743944242234,0.5796719457532359
SOS,25.0,10,336,1.0073968318152797,0.5796719457532359
SOS,25.0,10,337,-2.982748560163948,0.5796719457532359
SOS,25.0,10,338,8.215226166431073,0.5796719457532359
SOS,25.0,10,339,3.1722406861718415,0.5796719457532359
SOS,25.0,10,340,0.31890974083875023,0.5796719457532359
SOS,25.0,10,341,-1.9493721887288404,0.5796719457532359
SOS,25.0,10,342,0.5850078316587528,0.5796719457532359
SOS,25.0,10,343,-0.285232849111299,0.5796719457532359
SOS,25.0,10,344,4.8497759141507375,0.5796719457532359
SOS,25.0,10,345,3.9593464756275094,0.5796719457532359
SOS,25.0,10,346,2.423066032329025,0.5796719457532359
SOS,25.0,10,347,0.3235407081038604,0.5796719457532359
SOS,25.0,10,348,2.559010687261289,0.5796719457532359
SOS,25.0,10,349,0.6058090340389537,0.5796719457532359
SOS,25.0,10,350,3.312132950852856,0.5796719457532359
SOS,25.0,10,351,2.162999003618323,0.5796719457532359
SOS,25.0,10,352,2.0312212663986786,0.5796719457532359
SOS,25.0,10,353,1.7279819781000931,0.5796719457532359
SOS,25.0,10,354,-0.04409819420346159,0.5796719457532359
SOS,25.0,10,355,2.008903262069487,0.5796719457532359
SOS,25.0,10,356,-3.2296659475474967,0.5796719457532359
SOS,25.0,10,357,-1.9681875521250947,0.5796719457532359
SOS,25.0,10,358,2.936219820396144,0.5796719457532359
SOS,25.0,10,359,4.801628509989801,0.5796719457532359
SOS,25.0,10,360,5.27452408564413,0.5796719457532359
SOS,25.0,10,361,1.523233839875633,0.5796719457532359
SOS,25.0,10,362,-2.0672208378331813,0.5796719457532359
SOS,25.0,10,363,2.0762135592405606,0.5796719457532359
SOS,25.0,10,364,5.287575906839845,0.5796719457532359
SOS,25.0,10,365,-3.576363435383784,0.5796719457532359
SOS,25.0,10,366,1.304766156407537,0.5796719457532359
SOS,25.0,10,367,9.184874811471616,0.5796719457532359
SOS,25.0,10,368,-0.30477450842818277,0.5796719457532359
SOS,25.0,10,369,3.1019947691559064,0.5796719457532359
SOS,25.0,10,370,-1.7596897177707616,0.5796719457532359
SOS,25.0,10,371,1.6388857788080333,0.5796719457532359
SOS,25.0,10,372,-5.840643434650035,0.5796719457532359
SOS,25.0,10,373,-0.9414568044467977,0.5796719457532359
SOS,25.0,10,374,-3.17800612666807,0.5796719457532359
SOS,25.0,10,375,1.85192997833719,0.5796719457532359
SOS,25.0,10,376,1.833528473577552,0.5796719457532359
SOS,25.0,10,377,-4.260719204976522,0.5796719457532359
SOS,25.0,10,378,-3.1709909802355263,0.5796719457532359
SOS,25.0,10,379,3.7457558258459924,0.5796719457532359
SOS,25.0,10,380,4.33067958359186,0.5796719457532359
SOS,25.0,10,381,0.7779296680844812,0.5796719457532359
SOS,25.0,10,382,-0.2859827707116132,0.5796719457532359
SOS,25.0,10,383,5.696629779729675,0.5796719457532359
SOS,25.0,10,384,0.5011585687633674,0.5796719457532359
SOS,25.0,10,385,-2.047404236102391,0.5796719457532359
SOS,25.0,10,386,-0.7604666409674955,0.5796719457532359
SOS,25.0,10,387,-0.4858923509915696,0.5796719457532359
SOS,25.0,10,388,-8.30087448319616,0.5796719457532359
SOS,25.0,10,389,-2.5506281299807916,0.5796719457532359
SOS,25.0,10,390,-0.5817283708226428,0.5796719457532359
SOS,25.0,10,391,0.6884553117077716,0.5796719457532359
SOS,25.0,10,392,5.864084459594203,0.5796719457532359
SOS,25.0,10,393,-1.201740082193245,0.5796719457532359
SOS,25.0,10,394,0.013797594429886262,0.5796719457532359
SOS,25.0,10,395,0.3761732338789021,0.5796719457532359
SOS,25.0,10,396,-2.459363851313433,0.5796719457532359
SOS,25.0,10,397,-3.6470786327577835,0.5796719457532359
SOS,25.0,10,398,0.3235514063648637,0.5796719457532359
SOS,25.0,10,399,-1.3213606381236855,0.5796719457532359
SOS,25.0,10,400,-0.5208714136422075,0.5796719457532359
SOS,25.0,10,401,0.16219806125777791,0.5796719457532359
SOS,25.0,10,402,-2.732127528311767,0.5796719457532359
SOS,25.0,10,403,5.027447549046215,0.5796719457532359
SOS,25.0,10,404,-0.8507609465930263,0.5796719457532359
SOS,25.0,10,405,2.3192680419683134,0.5796719457532359
SOS,25.0,10,406,0.03973302409265056,0.5796719457532359
SOS,25.0,10,407,-0.8567930604913728,0.5796719457532359
SOS,25.0,10,408,-1.9480458242094953,0.5796719457532359
SOS,25.0,10,409,-0.5765668947298561,0.5796719457532359
SOS,25.0,10,410,-2.4114356540313153,0.5796719457532359
SOS,25.0,10,411,3.3454988913120447,0.5796719457532359
SOS,25.0,10,412,5.809372167683948,0.5796719457532359
SOS,25.0,10,413,-1.7795401264711006,0.5796719457532359
SOS,25.0,10,414,5.192828443547353,0.5796719457532359
SOS,25.0,10,415,-4.559596771418112,0.5796719457532359
SOS,25.0,10,416,1.3594984292318273,0.5796719457532359
SOS,25.0,10,417,3.7334358391822215,0.5796719457532359
SOS,25.0,10,418,-0.9015073715947091,0.5796719457532359
SOS,25.0,10,419,4.733168194639745,0.5796719457532359
SOS,25.0,10,420,2.9190449633024684,0.5796719457532359
SOS,25.0,10,421,-1.4338590595814407,0.5796719457532359
SOS,25.0,10,422,2.0595179718608345,0.5796719457532359
SOS,25.0,10,423,2.478621459893022,0.5796719457532359
SOS,25.0,10,424,0.49209197661720594,0.5796719457532359
SOS,25.0,10,425,5.8163175032243535,0.5796719457532359
SOS,25.0,10,426,-3.6872589657384784,0.5796719457532359
SOS,25.0,10,427,0.20732793021502244,0.5796719457532359
SOS,25.0,10,428,1.3445614249248758,0.5796719457532359
SOS,25.0,10,429,-0.3191987198045861,0.5796719457532359
SOS,25.0,10,430,2.430232453955618,0.5796719457532359
SOS,25.0,10,431,-3.0194193023081586,0.5796719457532359
SOS,25.0,10,432,-1.9022414450198548,0.5796719457532359
SOS,25.0,10,433,4.0144457120504775,0.5796719457532359
SOS,25.0,10,434,-1.3855982723408296,0.5796719457532359
SOS,25.0,10,435,3.3278547229297146,0.5796719457532359
SOS,25.0,10,436,0.8447905781516731,0.5796719457532359
SOS,25.0,10,437,-2.8815530597213304,0.5796719457532359
SOS,25.0,10,438,0.3769061300217228,0.5796719457532359
SOS,25.0,10,439,1.6532626221018547,0.5796719457532359
SOS,25.0,10,440,-1.1635948602510553,0.5796719457532359
SOS,25.0,10,441,3.172169607330875,0.5796719457532359
SOS,25.0,10,442,1.522517883850505,0.5796719457532359
SOS,25.0,10,443,-5.015424650128942,0.5796719457532359
SOS,25.0,10,444,4.253595181319018,0.5796719457532359
SOS,25.0,10,445,2.478204941660181,0.5796719457532359
SOS,25.0,10,446,0.10649562376827926,0.5796719457532359
SOS,25.0,10,447,4.906375640825456,0.5796719457532359
SOS,25.0,10,448,-0.2157900462463629,0.5796719457532359
SOS,25.0,10,449,2.146436104100414,0.5796719457532359
SOS,25.0,10,450,-0.8949810067415922,0.5796719457532359
SOS,25.0,10,451,-0.413040745344488,0.5796719457532359
SOS,25.0,10,452,1.0155376315461373,0.5796719457532359
SOS,25.0,10,453,1.183807770308082,0.5796719457532359
SOS,25.0,10,454,2.4834827326796542,0.5796719457532359
SOS,25.0,10,455,1.4850921857935058,0.5796719457532359
SOS,25.0,10,456,-0.4757399493112878,0.5796719457532359
SOS,25.0,10,457,-5.280496055064072,0.5796719457532359
SOS,25.0,10,458,-2.3160518620635018,0.5796719457532359
SOS,25.0,10,459,-4.294087085800098,0.5796719457532359
SOS,25.0,10,460,4.707518492783271,0.5796719457532359
SOS,25.0,10,461,5.632799164811905,0.5796719457532359
SOS,25.0,10,462,2.2656907851109596,0.5796719457532359
SOS,25.0,10,463,0.08292356462141966,0.5796719457532359
SOS,25.0,10,464,3.3977028462892207,0.5796719457532359
SOS,25.0,10,465,1.710044210132672,0.5796719457532359
SOS,25.0,10,466,3.0559122155620995,0.5796719457532359
SOS,25.0,10,467,3.6193970542887683,0.5796719457532359
SOS,25.0,10,468,-4.476395873257403,0.5796719457532359
SOS,25.0,10,469,-1.6295785037589305,0.5796719457532359
SOS,25.0,10,470,-2.048388592955889,0.5796719457532359
SOS,25.0,10,471,-0.16121552465043987,0.5796719457532359
SOS,25.0,10,472,1.9632554992616416,0.5796719457532359
SOS,25.0,10,473,3.5712527845016773,0.5796719457532359
SOS,25.0,10,474,0.6434768618163188,0.5796719457532359
SOS,25.0,10,475,2.7113853072201595,0.5796719457532359
SOS,25.0,10,476,-0.16595716981354647,0.5796719457532359
SOS,25.0,10,477,7.781213112277348,0.5796719457532359
SOS,25.0,10,478,4.631890490614944,0.5796719457532359
SOS,25.0,10,479,7.632153823710948,0.5796719457532359
SOS,25.0,10,480,-4.720648663224431,0.5796719457532359
SOS,25.0,10,481,1.7547996341878138,0.5796719457532359
SOS,25.0,10,482,3.92299175818675,0.5796719457532359
SOS,25.0,10,483,-3.4755367490815505,0.5796719457532359
SOS,25.0,10,484,1.5190708422209724,0.5796719457532359
SOS,25.0,10,485,-3.1279737420281943,0.5796719457532359
SOS,25.0,10,486,-1.927586440917469,0.5796719457532359
SOS,25.0,10,487,-1.246064326307604,0.5796719457532359
SOS,25.0,10,488,3.612503292561114,0.5796719457532359
SOS,25.0,10,489,0.9496445333661048,0.5796719457532359
SOS,25.0,10,490,7.607275884544594,0.5796719457532359
SOS,25.0,10,491,2.0257851232129482,0.5796719457532359
SOS,25.0,10,492,1.9608897990250074,0.5796719457532359
SOS,25.0,10,493,1.145171199547532,0.5796719457532359
SOS,25.0,10,494,1.8907764564843454,0.5796719457532359
SOS,25.0,10,495,0.89183822500756,0.5796719457532359
SOS,25.0,10,496,1.2200454495532127,0.5796719457532359
SOS,25.0,10,497,1.6533031185212748,0.5796719457532359
SOS,25.0,10,498,0.22625954603034815,0.5796719457532359
SOS,25.0,10,499,1.9212195168340314,0.5796719457532359
SOS,25.0,10,500,-1.354114010027851,0.5796719457532359
SOS,25.0,10,501,-1.1533372046219292,0.5796719457532359
SOS,25.0,10,502,0.915107595239907,0.5796719457532359
SOS,25.0,10,503,2.692954433044278,0.5796719457532359
SOS,25.0,10,504,-2.072426518076476,0.5796719457532359
SOS,25.0,10,505,3.501547840499063,0.5796719457532359
SOS,25.0,10,506,1.1905948919807332,0.5796719457532359
SOS,25.0,10,507,-0.17597940858386307,0.5796719457532359
SOS,25.0,10,508,-0.9049690079168874,0.5796719457532359
SOS,25.0,10,509,-1.1280576092385932,0.5796719457532359
SOS,25.0,10,510,1.4077475770081658,0.5796719457532359
SOS,25.0,10,511,-1.4520161393351896,0.5796719457532359
SOS,25.0,10,512,2.7779711762520414,0.5796719457532359
SOS,25.0,10,513,1.1207040438394598,0.5796719457532359
SOS,25.0,10,514,-0.5226692567607848,0.5796719457532359
SOS,25.0,10,515,1.79510322565531,0.5796719457532359
SOS,25.0,10,516,-0.284155961313447,0.5796719457532359
SOS,25.0,10,517,-2.4099278646108466,0.5796719457532359
SOS,25.0,10,518,2.543367815203911,0.5796719457532359
SOS,25.0,10,519,1.2412005306069553,0.5796719457532359
SOS,25.0,10,520,0.11573031361335695,0.5796719457532359
SOS,25.0,10,521,3.827068556903462,0.5796719457532359
SOS,25.0,10,522,4.819603300281264,0.5796719457532359
SOS,25.0,10,523,0.04292949565272508,0.5796719457532359
SOS,25.0,10,524,1.9645153906643888,0.5796719457532359
SOS,25.0,10,525,-2.0754949379097702,0.5796719457532359
SOS,25.0,10,526,0.7468728059536035,0.5796719457532359
SOS,25.0,10,527,-0.9737938939052606,0.5796719457532359
SOS,25.0,10,528,2.0394868778390007,0.5796719457532359
SOS,25.0,10,529,4.6952892638630495,0.5796719457532359
SOS,25.0,10,530,-0.5197158747029061,0.5796719457532359
SOS,25.0,10,531,-1.5713018637629002,0.5796719457532359
SOS,25.0,10,532,-2.763714452187173,0.5796719457532359
SOS,25.0,10,533,2.081838913940979,0.5796719457532359
SOS,25.0,10,534,3.382747148275337,0.5796719457532359
SOS,25.0,10,535,1.0576435664490638,0.5796719457532359
SOS,25.0,10,536,3.514305778066024,0.5796719457532359
SOS,25.0,10,537,-0.8525245045488155,0.5796719457532359
SOS,25.0,10,538,2.8320081649583013,0.5796719457532359
SOS,25.0,10,539,-1.2317495655971469,0.5796719457532359
SOS,25.0,10,540,2.7406576198911705,0.5796719457532359
SOS,25.0,10,541,-2.9577940927609747,0.5796719457532359
SOS,25.0,10,542,-0.6419000990272826,0.5796719457532359
SOS,25.0,10,543,0.8015504819397107,0.5796719457532359
SOS,25.0,10,544,0.022056323917507892,0.5796719457532359
SOS,25.0,10,545,1.587185671396069,0.5796719457532359
SOS,25.0,10,546,-2.882261729062008,0.5796719457532359
SOS,25.0,10,547,2.2884218521780744,0.5796719457532359
SOS,25.0,10,548,2.4866834215873563,0.5796719457532359
SOS,25.0,10,549,1.6390312867011043,0.5796719457532359
SOS,25.0,10,550,4.168718748370673,0.5796719457532359
SOS,25.0,10,551,3.356225579278499,0.5796719457532359
SOS,25.0,10,552,-5.2460247426053215,0.5796719457532359
SOS,25.0,10,553,2.389683566267326,0.5796719457532359
SOS,25.0,10,554,1.1637703676912785,0.5796719457532359
SOS,25.0,10,555,3.7208140899069515,0.5796719457532359
SOS,25.0,10,556,1.8407456069657508,0.5796719457532359
SOS,25.0,10,557,7.801182823750208,0.5796719457532359
SOS,25.0,10,558,2.074850187090145,0.5796719457532359
SOS,25.0,10,559,0.5131114481725092,0.5796719457532359
SOS,25.0,10,560,-0.20204494183169341,0.5796719457532359
SOS,25.0,10,561,0.15400763526139527,0.5796719457532359
SOS,25.0,10,562,-0.654998186986715,0.5796719457532359
SOS,25.0,10,563,1.6435745607199543,0.5796719457532359
SOS,25.0,10,564,2.2560982887532255,0.5796719457532359
SOS,25.0,10,565,-2.1799055429596326,0.5796719457532359
SOS,25.0,10,566,2.4433862235992825,0.5796719457532359
SOS,25.0,10,567,7.045376039939303,0.5796719457532359
SOS,25.0,10,568,1.7121019586003978,0.5796719457532359
SOS,25.0,10,569,3.8238037442359474,0.5796719457532359
SOS,25.0,10,570,2.752905164487749,0.5796719457532359
SOS,25.0,10,571,5.576624744197523,0.5796719457532359
SOS,25.0,10,572,0.9866656122839507,0.5796719457532359
SOS,25.0,10,573,-2.2516651588984713,0.5796719457532359
SOS,25.0,10,574,4.150642473574249,0.5796719457532359
SOS,25.0,10,575,3.856245653336933,0.5796719457532359
SOS,25.0,10,576,-0.7947517293947033,0.5796719457532359
SOS,25.0,10,577,-1.0701088672051606,0.5796719457532359
SOS,25.0,10,578,1.8354394178681677,0.5796719457532359
SOS,25.0,10,579,0.8326269947489513,0.5796719457532359
SOS,25.0,10,580,2.2925846270422703,0.5796719457532359
SOS,25.0,10,581,3.879716875788186,0.5796719457532359
SOS,25.0,10,582,-1.8739463779653303,0.5796719457532359
SOS,25.0,10,583,1.6915571313566913,0.5796719457532359
SOS,25.0,10,584,0.46555338678445946,0.5796719457532359
SOS,25.0,10,585,1.2417584284125147,0.5796719457532359
SOS,25.0,10,586,0.9072367356093956,0.5796719457532359
SOS,25.0,10,587,-2.038258203467823,0.5796719457532359
SOS,25.0,10,588,1.8341414837113332,0.5796719457532359
SOS,25.0,10,589,-6.391735762332348,0.5796719457532359
SOS,25.0,10,590,2.592689543939687,0.5796719457532359
SOS,25.0,10,591,-2.872450805674753,0.5796719457532359
SOS,25.0,10,592,0.3589705031291033,0.5796719457532359
SOS,25.0,10,593,6.773042144879799,0.5796719457532359
SOS,25.0,10,594,-0.07626464451707049,0.5796719457532359
SOS,25.0,10,595,0.08123586665684313,0.5796719457532359
SOS,25.0,10,596,-4.558637748960073,0.5796719457532359
SOS,25.0,10,597,1.1664554024945988,0.5796719457532359
SOS,25.0,10,598,2.2284933384564094,0.5796719457532359
SOS,25.0,10,599,4.297960844828971,0.5796719457532359
SOS,25.0,10,600,3.2997987219198777,0.5796719457532359
SOS,25.0,10,601,-5.246001319658586,0.5796719457532359
SOS,25.0,10,602,0.24018977204287384,0.5796719457532359
SOS,25.0,10,603,4.284490256002158,0.5796719457532359
SOS,25.0,10,604,1.113934254039377,0.5796719457532359
SOS,25.0,10,605,-5.3593056549064535,0.5796719457532359
SOS,25.0,10,606,3.801263276774919,0.5796719457532359
SOS,25.0,10,607,-1.1561332529991801,0.5796719457532359
SOS,25.0,10,608,6.994123033088995,0.5796719457532359
SOS,25.0,10,609,-0.07680708210050702,0.5796719457532359
SOS,25.0,10,610,-2.025740467318706,0.5796719457532359
SOS,25.0,10,611,3.324981958251363,0.5796719457532359
SOS,25.0,10,612,4.787125644119106,0.5796719457532359
SOS,25.0,10,613,-0.6974203993727373,0.5796719457532359
SOS,25.0,10,614,-2.4921232256982595,0.5796719457532359
SOS,25.0,10,615,1.2773884981483057,0.5796719457532359
SOS,25.0,10,616,0.21227596903069024,0.5796719457532359
SOS,25.0,10,617,-5.700479842551321,0.5796719457532359
SOS,25.0,10,618,3.7127688680384785,0.5796719457532359
SOS,25.0,10,619,2.3517345129684677,0.5796719457532359
SOS,25.0,10,620,4.052946422140439,0.5796719457532359
SOS,25.0,10,621,-0.08132333064384212,0.5796719457532359
SOS,25.0,10,622,4.396526259819408,0.5796719457532359
SOS,25.0,10,623,2.9880118214686493,0.5796719457532359
SOS,25.0,10,624,-1.309516936026015,0.5796719457532359
SOS,25.0,10,625,-2.1879529310999426,0.5796719457532359
SOS,25.0,10,626,0.5914758781012109,0.5796719457532359
SOS,25.0,10,627,3.308269676363432,0.5796719457532359
SOS,25.0,10,628,0.5119372296734247,0.5796719457532359
SOS,25.0,10,629,-2.172008483191296,0.5796719457532359
SOS,25.0,10,630,-3.170155870950988,0.5796719457532359
SOS,25.0,10,631,2.2583392396501707,0.5796719457532359
SOS,25.0,10,632,0.9585075363296873,0.5796719457532359
SOS,25.0,10,633,2.582485826232189,0.5796719457532359
SOS,25.0,10,634,-2.6437550338040623,0.5796719457532359
SOS,25.0,10,635,4.759738543266338,0.5796719457532359
SOS,25.0,10,636,4.399874734357,0.5796719457532359
SOS,25.0,10,637,-0.12345547773061005,0.5796719457532359
SOS,25.0,10,638,6.557847619416996,0.5796719457532359
SOS,25.0,10,639,3.1062932633149734,0.5796719457532359
SOS,25.0,10,640,0.7153304706001494,0.5796719457532359
SOS,25.0,10,641,-0.3586508796026068,0.5796719457532359
SOS,25.0,10,642,3.6139382795341763,0.5796719457532359
SOS,25.0,10,643,-5.282940671755084,0.5796719457532359
SOS,25.0,10,644,0.3865688313344807,0.5796719457532359
SOS,25.0,10,645,-1.777502981870261,0.5796719457532359
SOS,25.0,10,646,-3.970970417776395,0.5796719457532359
SOS,25.0,10,647,5.845061535464529,0.5796719457532359
SOS,25.0,10,648,1.6137975549937007,0.5796719457532359
SOS,25.0,10,649,-2.5472351810101337,0.5796719457532359
SOS,25.0,10,650,3.8436675078555536,0.5796719457532359
SOS,25.0,10,651,-1.8184587783927646,0.5796719457532359
SOS,25.0,10,652,3.3743113527261697,0.5796719457532359
SOS,25.0,10,653,-0.47067974526947876,0.5796719457532359
SOS,25.0,10,654,0.7672434593121515,0.5796719457532359
SOS,25.0,10,655,3.472150828316972,0.5796719457532359
SOS,25.0,10,656,-0.31980566129611754,0.5796719457532359
SOS,25.0,10,657,-0.01989782631878967,0.5796719457532359
SOS,25.0,10,658,1.0861811754491086,0.5796719457532359
SOS,25.0,10,659,-1.0106203092727761,0.5796719457532359
SOS,25.0,10,660,-2.7029488238555572,0.5796719457532359
SOS,25.0,10,661,-3.2060835921366455,0.5796719457532359
SOS,25.0,10,662,5.3191800741057715,0.5796719457532359
SOS,25.0,10,663,4.4635471952608095,0.5796719457532359
SOS,25.0,10,664,-1.5329710004175237,0.5796719457532359
SOS,25.0,10,665,0.5770402412928608,0.5796719457532359
SOS,25.0,10,666,1.9234116692478995,0.5796719457532359
SOS,25.0,10,667,-0.8780378958990105,0.5796719457532359
SOS,25.0,10,668,-2.3977904845941356,0.5796719457532359
SOS,25.0,10,669,0.9472285085120296,0.5796719457532359
SOS,25.0,10,670,0.8666504245723493,0.5796719457532359
SOS,25.0,10,671,2.004419271381458,0.5796719457532359
SOS,25.0,10,672,4.02553939039473,0.5796719457532359
SOS,25.0,10,673,-3.7464305051618902,0.5796719457532359
SOS,25.0,10,674,-0.09458740222842288,0.5796719457532359
SOS,25.0,10,675,-1.75615425837068,0.5796719457532359
SOS,25.0,10,676,5.077123361506158,0.5796719457532359
SOS,25.0,10,677,4.077528256953603,0.5796719457532359
SOS,25.0,10,678,-2.8632926289661427,0.5796719457532359
SOS,25.0,10,679,-3.535136656800879,0.5796719457532359
SOS,25.0,10,680,-1.7480230139079709,0.5796719457532359
SOS,25.0,10,681,-3.7608519089483545,0.5796719457532359
SOS,25.0,10,682,-3.9024167684700966,0.5796719457532359
SOS,25.0,10,683,-3.2066370018940065,0.5796719457532359
SOS,25.0,10,684,7.521143832058845,0.5796719457532359
SOS,25.0,10,685,0.558105000521837,0.5796719457532359
SOS,25.0,10,686,-0.5085564564350775,0.5796719457532359
SOS,25.0,10,687,0.9793011916443899,0.5796719457532359
SOS,25.0,10,688,3.515090579629623,0.5796719457532359
SOS,25.0,10,689,-0.7445779603299613,0.5796719457532359
SOS,25.0,10,690,7.385953561052643,0.5796719457532359
SOS,25.0,10,691,4.595566935236223,0.5796719457532359
SOS,25.0,10,692,1.0623292147058585,0.5796719457532359
SOS,25.0,10,693,0.5420516275028455,0.5796719457532359
SOS,25.0,10,694,-3.7033441737198456,0.5796719457532359
SOS,25.0,10,695,5.058799614357807,0.5796719457532359
SOS,25.0,10,696,1.111978520517455,0.5796719457532359
SOS,25.0,10,697,-0.5644932969242494,0.5796719457532359
SOS,25.0,10,698,2.015337202174464,0.5796719457532359
SOS,25.0,10,699,0.4987941436338079,0.5796719457532359
SOS,25.0,10,700,-2.1507704343576615,0.5796719457532359
SOS,25.0,10,701,0.7244590645613316,0.5796719457532359
SOS,25.0,10,702,0.9387182212392918,0.5796719457532359
SOS,25.0,10,703,-1.8642449559346423,0.5796719457532359
SOS,25.0,10,704,2.9294270322480607,0.5796719457532359
SOS,25.0,10,705,4.4323117745588805,0.5796719457532359
SOS,25.0,10,706,0.08226614486592952,0.5796719457532359
SOS,25.0,10,707,-5.2570312282007565,0.5796719457532359
SOS,25.0,10,708,-1.5814807027374664,0.5796719457532359
SOS,25.0,10,709,-2.1968799080623835,0.5796719457532359
SOS,25.0,10,710,-1.9552928306881405,0.5796719457532359
SOS,25.0,10,711,2.301250874146787,0.5796719457532359
SOS,25.0,10,712,1.0923025909373958,0.5796719457532359
SOS,25.0,10,713,5.90852510609548,0.5796719457532359
SOS,25.0,10,714,-1.237362621822696,0.5796719457532359
SOS,25.0,10,715,-1.2666329388959556,0.5796719457532359
SOS,25.0,10,716,-1.6377961652001827,0.5796719457532359
SOS,25.0,10,717,0.520414854629498,0.5796719457532359
SOS,25.0,10,718,0.2376197265367581,0.5796719457532359
SOS,25.0,10,719,0.15374453384007358,0.5796719457532359
SOS,25.0,10,720,-3.8632252141442427,0.5796719457532359
SOS,25.0,10,721,-3.220624972810438,0.5796719457532359
SOS,25.0,10,722,5.323003658187512,0.5796719457532359
SOS,25.0,10,723,-4.80274122503781,0.5796719457532359
SOS,25.0,10,724,-1.7631183586718142,0.5796719457532359
SOS,25.0,10,725,0.9548939187638463,0.5796719457532359
SOS,25.0,10,726,0.06889175904587862,0.5796719457532359
SOS,25.0,10,727,0.5718042589301925,0.5796719457532359
SOS,25.0,10,728,0.6275221135972586,0.5796719457532359
SOS,25.0,10,729,0.17172090888387315,0.5796719457532359
SOS,25.0,10,730,2.4076846771771487,0.5796719457532359
SOS,25.0,10,731,2.717715766300567,0.5796719457532359
SOS,25.0,10,732,3.8427549371782836,0.5796719457532359
SOS,25.0,10,733,4.837838964812538,0.5796719457532359
SOS,25.0,10,734,3.0013344574943193,0.5796719457532359
SOS,25.0,10,735,2.7520457939911704,0.5796719457532359
SOS,25.0,10,736,1.1944665894612938,0.5796719457532359
SOS,25.0,10,737,0.5226743597726955,0.5796719457532359
SOS,25.0,10,738,-0.5851641345861862,0.5796719457532359
SOS,25.0,10,739,-1.6278309436019098,0.5796719457532359
SOS,25.0,10,740,-2.3401460153210696,0.5796719457532359
SOS,25.0,10,741,0.04861327777252156,0.5796719457532359
SOS,25.0,10,742,-0.45172754803496407,0.5796719457532359
SOS,25.0,10,743,-1.1719717300059935,0.5796719457532359
SOS,25.0,10,744,2.084503456147405,0.5796719457532359
SOS,25.0,10,745,0.4892247976050328,0.5796719457532359
SOS,25.0,10,746,0.010869457701950275,0.5796719457532359
SOS,25.0,10,747,-0.8282281009412616,0.5796719457532359
SOS,25.0,10,748,0.5533164483586419,0.5796719457532359
SOS,25.0,10,749,5.188929778402864,0.5796719457532359
SOS,25.0,10,750,-1.8101615602651404,0.5796719457532359
SOS,25.0,10,751,0.16178677969868538,0.5796719457532359
SOS,25.0,10,752,-3.479189474116109,0.5796719457532359
SOS,25.0,10,753,1.2368937499916683,0.5796719457532359
SOS,25.0,10,754,8.042317653337744,0.5796719457532359
SOS,25.0,10,755,1.90929304077491,0.5796719457532359
SOS,25.0,10,756,-4.5721152150578055,0.5796719457532359
SOS,25.0,10,757,0.685749634877874,0.5796719457532359
SOS,25.0,10,758,-0.9604709456160014,0.5796719457532359
SOS,25.0,10,759,-0.02384792413904968,0.5796719457532359
SOS,25.0,10,760,4.56366071470099,0.5796719457532359
SOS,25.0,10,761,3.9377544436136,0.5796719457532359
SOS,25.0,10,762,1.024175705291762,0.5796719457532359
SOS,25.0,10,763,0.3193061270072821,0.5796719457532359
SOS,25.0,10,764,2.9668893925494153,0.5796719457532359
SOS,25.0,10,765,-4.44056636570618,0.5796719457532359
SOS,25.0,10,766,-5.5547978941534355,0.5796719457532359
SOS,25.0,10,767,1.4390002882955435,0.5796719457532359
SOS,25.0,10,768,-0.4602610002252022,0.5796719457532359
SOS,25.0,10,769,0.8216737710815536,0.5796719457532359
SOS,25.0,10,770,2.095463636659856,0.5796719457532359
SOS,25.0,10,771,3.025787105675268,0.5796719457532359
SOS,25.0,10,772,-0.24717163041324086,0.5796719457532359
SOS,25.0,10,773,-1.3830398159382706,0.5796719457532359
SOS,25.0,10,774,4.805921906879372,0.5796719457532359
SOS,25.0,10,775,-0.6504848161190171,0.5796719457532359
SOS,25.0,10,776,3.4357475596497906,0.5796719457532359
SOS,25.0,10,777,2.1706882412118436,0.5796719457532359
SOS,25.0,10,778,0.08253033166998208,0.5796719457532359
SOS,25.0,10,779,-0.25071610437349934,0.5796719457532359
SOS,25.0,10,780,-0.5114907433221254,0.5796719457532359
SOS,25.0,10,781,-0.23712714251919897,0.5796719457532359
SOS,25.0,10,782,3.5464661037628016,0.5796719457532359
SOS,25.0,10,783,-1.8751491626091448,0.5796719457532359
SOS,25.0,10,784,1.1662368820745672,0.5796719457532359
SOS,25.0,10,785,3.3947033565579563,0.5796719457532359
SOS,25.0,10,786,-0.5308734072665813,0.5796719457532359
SOS,25.0,10,787,-2.390069570533745,0.5796719457532359
SOS,25.0,10,788,-2.985431566268364,0.5796719457532359
SOS,25.0,10,789,3.016243188618893,0.5796719457532359
SOS,25.0,10,790,2.710611661976982,0.5796719457532359
SOS,25.0,10,791,-0.3021154449192269,0.5796719457532359
SOS,25.0,10,792,-5.393013846674872,0.5796719457532359
SOS,25.0,10,793,2.314172012166519,0.5796719457532359
SOS,25.0,10,794,0.40602156284327995,0.5796719457532359
SOS,25.0,10,795,0.2683586107961715,0.5796719457532359
SOS,25.0,10,796,-1.7877914522802487,0.5796719457532359
SOS,25.0,10,797,3.6358323062672273,0.5796719457532359
SOS,25.0,10,798,6.378100947186969,0.5796719457532359
SOS,25.0,10,799,0.47734413136917286,0.5796719457532359
SOS,25.0,10,800,9.243991759708656,0.5796719457532359
SOS,25.0,10,801,-3.915156272278492,0.5796719457532359
SOS,25.0,10,802,6.051023168254824,0.5796719457532359
SOS,25.0,10,803,-2.660374339472223,0.5796719457532359
SOS,25.0,10,804,-0.3764298175140106,0.5796719457532359
SOS,25.0,10,805,1.4501304754894455,0.5796719457532359
SOS,25.0,10,806,-3.3468084935335063,0.5796719457532359
SOS,25.0,10,807,4.754529853030471,0.5796719457532359
SOS,25.0,10,808,1.5120493559518535,0.5796719457532359
SOS,25.0,10,809,1.2951460585773256,0.5796719457532359
SOS,25.0,10,810,4.682019210635861,0.5796719457532359
SOS,25.0,10,811,2.881717877448059,0.5796719457532359
SOS,25.0,10,812,-2.5486129638304904,0.5796719457532359
SOS,25.0,10,813,-3.1491163666408424,0.5796719457532359
SOS,25.0,10,814,1.4998788245279242,0.5796719457532359
SOS,25.0,10,815,3.4170036293952557,0.5796719457532359
SOS,25.0,10,816,-0.5658295321128302,0.5796719457532359
SOS,25.0,10,817,2.1274932430633267,0.5796719457532359
SOS,25.0,10,818,3.349719012964756,0.5796719457532359
SOS,25.0,10,819,4.491135336929605,0.5796719457532359
SOS,25.0,10,820,0.8125944418685461,0.5796719457532359
SOS,25.0,10,821,2.3934780041346664,0.5796719457532359
SOS,25.0,10,822,0.6136786340951901,0.5796719457532359
SOS,25.0,10,823,1.1966119982213077,0.5796719457532359
SOS,25.0,10,824,-0.11874488631073665,0.5796719457532359
SOS,25.0,10,825,3.1168070381774826,0.5796719457532359
SOS,25.0,10,826,5.562583759150421,0.5796719457532359
SOS,25.0,10,827,3.926978459469816,0.5796719457532359
SOS,25.0,10,828,2.601196188701719,0.5796719457532359
SOS,25.0,10,829,-1.9087142284137586,0.5796719457532359
SOS,25.0,10,830,-1.0082275188625651,0.5796719457532359
SOS,25.0,10,831,2.537630206698767,0.5796719457532359
SOS,25.0,10,832,3.53731015276276,0.5796719457532359
SOS,25.0,10,833,-0.9178693174202688,0.5796719457532359
SOS,25.0,10,834,-5.080731447239977,0.5796719457532359
SOS,25.0,10,835,-1.1703371497950652,0.5796719457532359
SOS,25.0,10,836,-0.40016067964836366,0.5796719457532359
SOS,25.0,10,837,-6.060873365130796,0.5796719457532359
SOS,25.0,10,838,-3.3436793434637195,0.5796719457532359
SOS,25.0,10,839,4.437127756072375,0.5796719457532359
SOS,25.0,10,840,0.051593263851107185,0.5796719457532359
SOS,25.0,10,841,3.665920929380162,0.5796719457532359
SOS,25.0,10,842,4.546347293201303,0.5796719457532359
SOS,25.0,10,843,6.191883897347308,0.5796719457532359
SOS,25.0,10,844,-1.9442568073423585,0.5796719457532359
SOS,25.0,10,845,-3.798670302991674,0.5796719457532359
SOS,25.0,10,846,3.5495643477751977,0.5796719457532359
SOS,25.0,10,847,0.1118002844258209,0.5796719457532359
SOS,25.0,10,848,3.3733209713208483,0.5796719457532359
SOS,25.0,10,849,5.927601473031171,0.5796719457532359
SOS,25.0,10,850,-1.430335491080458,0.5796719457532359
SOS,25.0,10,851,1.2355550508625774,0.5796719457532359
SOS,25.0,10,852,0.16349777346580918,0.5796719457532359
SOS,25.0,10,853,-0.13434566533450665,0.5796719457532359
SOS,25.0,10,854,2.165691668361101,0.5796719457532359
SOS,25.0,10,855,2.360820350525786,0.5796719457532359
SOS,25.0,10,856,-3.493887629742855,0.5796719457532359
SOS,25.0,10,857,-0.7996356829658583,0.5796719457532359
SOS,25.0,10,858,0.30474337066732404,0.5796719457532359
SOS,25.0,10,859,1.72470497585999,0.5796719457532359
SOS,25.0,10,860,-3.4873776481218215,0.5796719457532359
SOS,25.0,10,861,0.7473950268644551,0.5796719457532359
SOS,25.0,10,862,-1.8130317667857785,0.5796719457532359
SOS,25.0,10,863,-1.4136075486202386,0.5796719457532359
SOS,25.0,10,864,-0.9970454143297502,0.5796719457532359
SOS,25.0,10,865,3.251668854175218,0.5796719457532359
SOS,25.0,10,866,1.4866558092242856,0.5796719457532359
SOS,25.0,10,867,2.646768194615395,0.5796719457532359
SOS,25.0,10,868,-3.7965262026951447,0.5796719457532359
SOS,25.0,10,869,-3.9012644404536494,0.5796719457532359
SOS,25.0,10,870,2.148851699781888,0.5796719457532359
SOS,25.0,10,871,1.2172932400964844,0.5796719457532359
SOS,25.0,10,872,5.618431398218739,0.5796719457532359
SOS,25.0,10,873,1.0366805534020171,0.5796719457532359
SOS,25.0,10,874,3.488525317942842,0.5796719457532359
SOS,25.0,10,875,0.5841817611896305,0.5796719457532359
SOS,25.0,10,876,-0.8917766136442296,0.5796719457532359
SOS,25.0,10,877,-0.40124391485799515,0.5796719457532359
SOS,25.0,10,878,-2.78090560253752,0.5796719457532359
SOS,25.0,10,879,2.4890901116742463,0.5796719457532359
SOS,25.0,10,880,-0.8165873481161652,0.5796719457532359
SOS,25.0,10,881,-1.6401686260753778,0.5796719457532359
SOS,25.0,10,882,2.9506046736704192,0.5796719457532359
SOS,25.0,10,883,3.1380838751193383,0.5796719457532359
SOS,25.0,10,884,0.2922748085999326,0.5796719457532359
SOS,25.0,10,885,2.3738528361076696,0.5796719457532359
SOS,25.0,10,886,-1.0985147337134238,0.5796719457532359
SOS,25.0,10,887,2.4149385601631805,0.5796719457532359
SOS,25.0,10,888,-6.7220187031766905,0.5796719457532359
SOS,25.0,10,889,-0.4303761145828917,0.5796719457532359
SOS,25.0,10,890,2.8643227681308407,0.5796719457532359
SOS,25.0,10,891,1.1753447358091713,0.5796719457532359
SOS,25.0,10,892,2.1780323625043043,0.5796719457532359
SOS,25.0,10,893,-1.3201900676535316,0.5796719457532359
SOS,25.0,10,894,-2.4113699189446702,0.5796719457532359
SOS,25.0,10,895,-1.2792293645835506,0.5796719457532359
SOS,25.0,10,896,0.22060535506087398,0.5796719457532359
SOS,25.0,10,897,-2.1778827098070055,0.5796719457532359
SOS,25.0,10,898,2.177045597696743,0.5796719457532359
SOS,25.0,10,899,2.148709086039305,0.5796719457532359
SOS,25.0,10,900,1.4276295244685282,0.5796719457532359
SOS,25.0,10,901,1.7661314071691445,0.5796719457532359
SOS,25.0,10,902,1.4979043780405068,0.5796719457532359
SOS,25.0,10,903,-0.8904579406655571,0.5796719457532359
SOS,25.0,10,904,1.4050583206437266,0.5796719457532359
SOS,25.0,10,905,0.14830879604858804,0.5796719457532359
SOS,25.0,10,906,2.0402097796174674,0.5796719457532359
SOS,25.0,10,907,5.7284871763887075,0.5796719457532359
SOS,25.0,10,908,-0.6203429998422305,0.5796719457532359
SOS,25.0,10,909,-1.1194695708658209,0.5796719457532359
SOS,25.0,10,910,-4.649873797349151,0.5796719457532359
SOS,25.0,10,911,2.6996463746302277,0.5796719457532359
SOS,25.0,10,912,2.940982098741758,0.5796719457532359
SOS,25.0,10,913,0.6074407243246367,0.5796719457532359
SOS,25.0,10,914,1.4006574384709756,0.5796719457532359
SOS,25.0,10,915,3.5016672918225717,0.5796719457532359
SOS,25.0,10,916,1.4712625368191796,0.5796719457532359
SOS,25.0,10,917,2.463824707739438,0.5796719457532359
SOS,25.0,10,918,-2.9364133834913413,0.5796719457532359
SOS,25.0,10,919,1.5442476155846463,0.5796719457532359
SOS,25.0,10,920,1.788911733362156,0.5796719457532359
SOS,25.0,10,921,-3.7403687923279545,0.5796719457532359
SOS,25.0,10,922,1.5703088988052993,0.5796719457532359
SOS,25.0,10,923,0.6700337777941936,0.5796719457532359
SOS,25.0,10,924,-0.01593133489091203,0.5796719457532359
SOS,25.0,10,925,1.4471176812100888,0.5796719457532359
SOS,25.0,10,926,-1.0304346322823132,0.5796719457532359
SOS,25.0,10,927,0.3452576669537379,0.5796719457532359
SOS,25.0,10,928,2.4033927902903387,0.5796719457532359
SOS,25.0,10,929,1.5452581247709427,0.5796719457532359
SOS,25.0,10,930,-2.2102093691131426,0.5796719457532359
SOS,25.0,10,931,-0.47615150600053946,0.5796719457532359
SOS,25.0,10,932,2.0929840998334868,0.5796719457532359
SOS,25.0,10,933,-0.3898692310513616,0.5796719457532359
SOS,25.0,10,934,-1.9915172123974716,0.5796719457532359
SOS,25.0,10,935,4.365826057240945,0.5796719457532359
SOS,25.0,10,936,2.3365616213845932,0.5796719457532359
SOS,25.0,10,937,6.958303776410295,0.5796719457532359
SOS,25.0,10,938,-1.0040676565803581,0.5796719457532359
SOS,25.0,10,939,2.04141106363163,0.5796719457532359
SOS,25.0,10,940,-1.1627411265816032,0.5796719457532359
SOS,25.0,10,941,4.035473504343266,0.5796719457532359
SOS,25.0,10,942,1.0487692247660036,0.5796719457532359
SOS,25.0,10,943,-3.725847226180774,0.5796719457532359
SOS,25.0,10,944,5.004278495891091,0.5796719457532359
SOS,25.0,10,945,-0.7497842622439037,0.5796719457532359
SOS,25.0,10,946,-1.1865428844753394,0.5796719457532359
SOS,25.0,10,947,5.31223062222558,0.5796719457532359
SOS,25.0,10,948,2.5767088747266613,0.5796719457532359
SOS,25.0,10,949,-0.9782566355052835,0.5796719457532359
SOS,25.0,10,950,1.5820356162290325,0.5796719457532359
SOS,25.0,10,951,2.433544461666313,0.5796719457532359
SOS,25.0,10,952,1.0875676166111705,0.5796719457532359
SOS,25.0,10,953,1.7783744257058722,0.5796719457532359
SOS,25.0,10,954,3.650765220065044,0.5796719457532359
SOS,25.0,10,955,-6.824525840888427,0.5796719457532359
SOS,25.0,10,956,-3.135997667994433,0.5796719457532359
SOS,25.0,10,957,2.6009825936429785,0.5796719457532359
SOS,25.0,10,958,-0.6939688038696291,0.5796719457532359
SOS,25.0,10,959,-2.88717690336882,0.5796719457532359
SOS,25.0,10,960,4.940592095802618,0.5796719457532359
SOS,25.0,10,961,1.3155137441682028,0.5796719457532359
SOS,25.0,10,962,-0.36924293356023696,0.5796719457532359
SOS,25.0,10,963,-1.6866046834726118,0.5796719457532359
SOS,25.0,10,964,-3.5568141257671364,0.5796719457532359
SOS,25.0,10,965,2.5090156561672474,0.5796719457532359
SOS,25.0,10,966,-5.304368433844973,0.5796719457532359
SOS,25.0,10,967,4.414845753619287,0.5796719457532359
SOS,25.0,10,968,1.9110813782820864,0.5796719457532359
SOS,25.0,10,969,-2.7033289185074016,0.5796719457532359
SOS,25.0,10,970,0.6634212411107605,0.5796719457532359
SOS,25.0,10,971,-3.7011707703959127,0.5796719457532359
SOS,25.0,10,972,-3.06926392887128,0.5796719457532359
SOS,25.0,10,973,-2.851243340749278,0.5796719457532359
SOS,25.0,10,974,2.3928848311396633,0.5796719457532359
SOS,25.0,10,975,1.2248067310807493,0.5796719457532359
SOS,25.0,10,976,-1.1792076008152141,0.5796719457532359
SOS,25.0,10,977,-1.620380051049046,0.5796719457532359
SOS,25.0,10,978,0.8364966828465109,0.5796719457532359
SOS,25.0,10,979,0.8942744457132727,0.5796719457532359
SOS,25.0,10,980,3.046509947196553,0.5796719457532359
SOS,25.0,10,981,3.224031940270586,0.5796719457532359
SOS,25.0,10,982,3.2849857113612755,0.5796719457532359
SOS,25.0,10,983,4.323211908982368,0.5796719457532359
SOS,25.0,10,984,0.16988638904583342,0.5796719457532359
SOS,25.0,10,985,0.38528960584605965,0.5796719457532359
SOS,25.0,10,986,4.358184632478246,0.5796719457532359
SOS,25.0,10,987,-3.2293141312368903,0.5796719457532359
SOS,25.0,10,988,-3.842150536189943,0.5796719457532359
SOS,25.0,10,989,-0.7732506477300353,0.5796719457532359
SOS,25.0,10,990,1.958923994061282,0.5796719457532359
SOS,25.0,10,991,-1.732394196345258,0.5796719457532359
SOS,25.0,10,992,-2.9948669576649407,0.5796719457532359
SOS,25.0,10,993,-0.2715079359160812,0.5796719457532359
SOS,25.0,10,994,-3.1265735092107803,0.5796719457532359
SOS,25.0,10,995,1.955405257251026,0.5796719457532359
SOS,25.0,10,996,2.2137417320947947,0.5796719457532359
SOS,25.0,10,997,4.58636706276134,0.5796719457532359
SOS,25.0,10,998,0.30682783768594823,0.5796719457532359
SOS,25.0,10,999,2.271147485267967,0.5796719457532359
SOS,35.0,10,1,2.9633881328287073,0.8971996031878589
SOS,35.0,10,2,2.6180657596800785,0.8971996031878589
SOS,35.0,10,3,2.7054822908003406,0.8971996031878589
SOS,35.0,10,4,-1.0088842729388248,0.8971996031878589
SOS,35.0,10,5,-1.4179877953895703,0.8971996031878589
SOS,35.0,10,6,2.1261845670894366,0.8971996031878589
SOS,35.0,10,7,-2.5385214274329795,0.8971996031878589
SOS,35.0,10,8,-3.140006405443432,0.8971996031878589
SOS,35.0,10,9,-3.251257982796181,0.8971996031878589
SOS,35.0,10,10,3.386955643507825,0.8971996031878589
SOS,35.0,10,11,3.421983558969499,0.8971996031878589
SOS,35.0,10,12,1.946323168945174,0.8971996031878589
SOS,35.0,10,13,-0.43359292091852436,0.8971996031878589
SOS,35.0,10,14,2.729003932910741,0.8971996031878589
SOS,35.0,10,15,0.5288036439799,0.8971996031878589
SOS,35.0,10,16,-1.9256853621857668,0.8971996031878589
SOS,35.0,10,17,1.1611059544564704,0.8971996031878589
SOS,35.0,10,18,-0.15856177969419916,0.8971996031878589
SOS,35.0,10,19,-1.1117179449310473,0.8971996031878589
SOS,35.0,10,20,0.18843862699616976,0.8971996031878589
SOS,35.0,10,21,0.05665511708967541,0.8971996031878589
SOS,35.0,10,22,3.437786938090115,0.8971996031878589
SOS,35.0,10,23,2.6060301840300104,0.8971996031878589
SOS,35.0,10,24,4.738663768934712,0.8971996031878589
SOS,35.0,10,25,-0.9819747404234578,0.8971996031878589
SOS,35.0,10,26,1.3167523912575902,0.8971996031878589
SOS,35.0,10,27,-0.16525269311059676,0.8971996031878589
SOS,35.0,10,28,2.746528368796678,0.8971996031878589
SOS,35.0,10,29,2.117465905525808,0.8971996031878589
SOS,35.0,10,30,0.30265844422987,0.8971996031878589
SOS,35.0,10,31,-0.8193250526141396,0.8971996031878589
SOS,35.0,10,32,2.916979922219074,0.8971996031878589
SOS,35.0,10,33,-1.8501028066273866,0.8971996031878589
SOS,35.0,10,34,-0.04195616814669045,0.8971996031878589
SOS,35.0,10,35,3.236198092072045,0.8971996031878589
SOS,35.0,10,36,-2.2039261938372903,0.8971996031878589
SOS,35.0,10,37,2.8363145554942646,0.8971996031878589
SOS,35.0,10,38,-2.7057278482336136,0.8971996031878589
SOS,35.0,10,39,0.7014200789537166,0.8971996031878589
SOS,35.0,10,40,4.995676559799951,0.8971996031878589
SOS,35.0,10,41,3.0359165445256115,0.8971996031878589
SOS,35.0,10,42,-0.8405754581701039,0.8971996031878589
SOS,35.0,10,43,-1.0558339689903562,0.8971996031878589
SOS,35.0,10,44,-2.3190598776095337,0.8971996031878589
SOS,35.0,10,45,3.53676696300675,0.8971996031878589
SOS,35.0,10,46,-3.6528656116628184,0.8971996031878589
SOS,35.0,10,47,2.1060466368979953,0.8971996031878589
SOS,35.0,10,48,-3.2875252160513813,0.8971996031878589
SOS,35.0,10,49,2.179460318781857,0.8971996031878589
SOS,35.0,10,50,2.4833086299745544,0.8971996031878589
SOS,35.0,10,51,5.6873342946972505,0.8971996031878589
SOS,35.0,10,52,-0.39971841611765035,0.8971996031878589
SOS,35.0,10,53,2.69722311325927,0.8971996031878589
SOS,35.0,10,54,0.056414945822688356,0.8971996031878589
SOS,35.0,10,55,-2.606985802006017,0.8971996031878589
SOS,35.0,10,56,1.7176071690533705,0.8971996031878589
SOS,35.0,10,57,0.039765036232242146,0.8971996031878589
SOS,35.0,10,58,-0.6460398096065211,0.8971996031878589
SOS,35.0,10,59,3.1099816589129072,0.8971996031878589
SOS,35.0,10,60,-2.0956330314201703,0.8971996031878589
SOS,35.0,10,61,-1.0881497595735132,0.8971996031878589
SOS,35.0,10,62,1.2683451785638107,0.8971996031878589
SOS,35.0,10,63,3.021015633835405,0.8971996031878589
SOS,35.0,10,64,3.1361729837036036,0.8971996031878589
SOS,35.0,10,65,-0.8229524414558489,0.8971996031878589
SOS,35.0,10,66,0.8536014407636099,0.8971996031878589
SOS,35.0,10,67,1.5095732141338816,0.8971996031878589
SOS,35.0,10,68,2.7480900303732696,0.8971996031878589
SOS,35.0,10,69,2.8020758646760124,0.8971996031878589
SOS,35.0,10,70,2.6143308421017726,0.8971996031878589
SOS,35.0,10,71,-2.880043748769787,0.8971996031878589
SOS,35.0,10,72,2.660849015318645,0.8971996031878589
SOS,35.0,10,73,1.1926513733677213,0.8971996031878589
SOS,35.0,10,74,-0.2573695333781736,0.8971996031878589
SOS,35.0,10,75,1.9614409494538088,0.8971996031878589
SOS,35.0,10,76,1.412152871562945,0.8971996031878589
SOS,35.0,10,77,2.131030304380851,0.8971996031878589
SOS,35.0,10,78,-2.2447184269240252,0.8971996031878589
SOS,35.0,10,79,0.4416356484447508,0.8971996031878589
SOS,35.0,10,80,-1.9861531148904106,0.8971996031878589
SOS,35.0,10,81,4.814981360557155,0.8971996031878589
SOS,35.0,10,82,0.21002354299549597,0.8971996031878589
SOS,35.0,10,83,0.39539962432121145,0.8971996031878589
SOS,35.0,10,84,1.5607679350074437,0.8971996031878589
SOS,35.0,10,85,2.566363330341474,0.8971996031878589
SOS,35.0,10,86,2.0355414311001567,0.8971996031878589
SOS,35.0,10,87,4.146143504833999,0.8971996031878589
SOS,35.0,10,88,-0.47632504916653984,0.8971996031878589
SOS,35.0,10,89,2.6716358749745353,0.8971996031878589
SOS,35.0,10,90,3.6290402202949332,0.8971996031878589
SOS,35.0,10,91,0.9816651308437226,0.8971996031878589
SOS,35.0,10,92,-2.6118723920419264,0.8971996031878589
SOS,35.0,10,93,-0.6596671715872717,0.8971996031878589
SOS,35.0,10,94,2.306606565861722,0.8971996031878589
SOS,35.0,10,95,1.2534376103653333,0.8971996031878589
SOS,35.0,10,96,-3.764127138913458,0.8971996031878589
SOS,35.0,10,97,4.156108492805624,0.8971996031878589
SOS,35.0,10,98,0.7600701473644067,0.8971996031878589
SOS,35.0,10,99,4.6860015924163925,0.8971996031878589
SOS,35.0,10,100,-1.8413385423313944,0.8971996031878589
SOS,35.0,10,101,3.734286488837494,0.8971996031878589
SOS,35.0,10,102,1.100897452507497,0.8971996031878589
SOS,35.0,10,103,2.8566763751261925,0.8971996031878589
SOS,35.0,10,104,-1.747894851521494,0.8971996031878589
SOS,35.0,10,105,-0.33800281752990524,0.8971996031878589
SOS,35.0,10,106,2.9683172212537086,0.8971996031878589
SOS,35.0,10,107,0.9733231405032314,0.8971996031878589
SOS,35.0,10,108,3.3479469815621368,0.8971996031878589
SOS,35.0,10,109,-0.4164063448020985,0.8971996031878589
SOS,35.0,10,110,-1.533570704416957,0.8971996031878589
SOS,35.0,10,111,2.0745744865362212,0.8971996031878589
SOS,35.0,10,112,3.6662583504284783,0.8971996031878589
SOS,35.0,10,113,0.3673095278042062,0.8971996031878589
SOS,35.0,10,114,-1.0387786271712112,0.8971996031878589
SOS,35.0,10,115,-1.554038580427832,0.8971996031878589
SOS,35.0,10,116,-0.6411041160755593,0.8971996031878589
SOS,35.0,10,117,-1.724653418316906,0.8971996031878589
SOS,35.0,10,118,1.9197382550964472,0.8971996031878589
SOS,35.0,10,119,-1.6575102510779327,0.8971996031878589
SOS,35.0,10,120,3.783511058288156,0.8971996031878589
SOS,35.0,10,121,0.4508028498219989,0.8971996031878589
SOS,35.0,10,122,1.592248962838688,0.8971996031878589
SOS,35.0,10,123,-1.1575793463755915,0.8971996031878589
SOS,35.0,10,124,3.3190871858157944,0.8971996031878589
SOS,35.0,10,125,-1.4503937202420754,0.8971996031878589
SOS,35.0,10,126,-2.6391636407522268,0.8971996031878589
SOS,35.0,10,127,-0.6910578218756134,0.8971996031878589
SOS,35.0,10,128,2.226482345561464,0.8971996031878589
SOS,35.0,10,129,-0.3631263042128384,0.8971996031878589
SOS,35.0,10,130,-0.9996944283743809,0.8971996031878589
SOS,35.0,10,131,3.721590737905444,0.8971996031878589
SOS,35.0,10,132,-3.085389136276162,0.8971996031878589
SOS,35.0,10,133,0.27245658777695114,0.8971996031878589
SOS,35.0,10,134,1.4062309201369136,0.8971996031878589
SOS,35.0,10,135,2.6023618792897487,0.8971996031878589
SOS,35.0,10,136,-0.21463105975435948,0.8971996031878589
SOS,35.0,10,137,2.871445522265604,0.8971996031878589
SOS,35.0,10,138,2.385648439259542,0.8971996031878589
SOS,35.0,10,139,0.6224474580497721,0.8971996031878589
SOS,35.0,10,140,-1.4509097713170855,0.8971996031878589
SOS,35.0,10,141,2.4770575550201035,0.8971996031878589
SOS,35.0,10,142,2.395867517525029,0.8971996031878589
SOS,35.0,10,143,1.0554805161013439,0.8971996031878589
SOS,35.0,10,144,0.7987203749960212,0.8971996031878589
SOS,35.0,10,145,2.0641670796402636,0.8971996031878589
SOS,35.0,10,146,4.14684370282192,0.8971996031878589
SOS,35.0,10,147,-0.9866602013027783,0.8971996031878589
SOS,35.0,10,148,2.9653816757528317,0.8971996031878589
SOS,35.0,10,149,-0.16758075921107674,0.8971996031878589
SOS,35.0,10,150,-1.0305143653050202,0.8971996031878589
SOS,35.0,10,151,-1.1904109523124073,0.8971996031878589
SOS,35.0,10,152,5.333998077638163,0.8971996031878589
SOS,35.0,10,153,-1.925371935040484,0.8971996031878589
SOS,35.0,10,154,3.917557893365192,0.8971996031878589
SOS,35.0,10,155,3.4044171697087986,0.8971996031878589
SOS,35.0,10,156,-0.7695082289029669,0.8971996031878589
SOS,35.0,10,157,3.7350730678134783,0.8971996031878589
SOS,35.0,10,158,-1.054244969146464,0.8971996031878589
SOS,35.0,10,159,3.3322132854359308,0.8971996031878589
SOS,35.0,10,160,-0.6847594776387977,0.8971996031878589
SOS,35.0,10,161,-2.0094912237624425,0.8971996031878589
SOS,35.0,10,162,1.7416533587283545,0.8971996031878589
SOS,35.0,10,163,-1.659628188403234,0.8971996031878589
SOS,35.0,10,164,1.2335583949558262,0.8971996031878589
SOS,35.0,10,165,2.882255214497522,0.8971996031878589
SOS,35.0,10,166,3.1773817664650235,0.8971996031878589
SOS,35.0,10,167,1.132369523875893,0.8971996031878589
SOS,35.0,10,168,1.7949139641276783,0.8971996031878589
SOS,35.0,10,169,-2.7444751003353414,0.8971996031878589
SOS,35.0,10,170,2.703317842217256,0.8971996031878589
SOS,35.0,10,171,4.933277836919146,0.8971996031878589
SOS,35.0,10,172,-1.6845569841895647,0.8971996031878589
SOS,35.0,10,173,3.2071210467048505,0.8971996031878589
SOS,35.0,10,174,-1.5666178178737447,0.8971996031878589
SOS,35.0,10,175,-0.23585569589747557,0.8971996031878589
SOS,35.0,10,176,2.6321137048510614,0.8971996031878589
SOS,35.0,10,177,-1.470459689913926,0.8971996031878589
SOS,35.0,10,178,-1.3397674248324412,0.8971996031878589
SOS,35.0,10,179,0.10963437056816105,0.8971996031878589
SOS,35.0,10,180,0.5102721565804227,0.8971996031878589
SOS,35.0,10,181,-2.432776392842161,0.8971996031878589
SOS,35.0,10,182,3.0449288440933096,0.8971996031878589
SOS,35.0,10,183,2.6654738074988527,0.8971996031878589
SOS,35.0,10,184,3.1951142698470525,0.8971996031878589
SOS,35.0,10,185,2.8685570570352485,0.8971996031878589
SOS,35.0,10,186,-0.2990452040185174,0.8971996031878589
SOS,35.0,10,187,1.8936655192525862,0.8971996031878589
SOS,35.0,10,188,1.9080466269935052,0.8971996031878589
SOS,35.0,10,189,-1.4990024085196665,0.8971996031878589
SOS,35.0,10,190,-4.401077293146428,0.8971996031878589
SOS,35.0,10,191,2.6297342371070838,0.8971996031878589
SOS,35.0,10,192,-3.905835721900321,0.8971996031878589
SOS,35.0,10,193,-2.213545017243766,0.8971996031878589
SOS,35.0,10,194,-1.797975343940206,0.8971996031878589
SOS,35.0,10,195,1.5631804894069592,0.8971996031878589
SOS,35.0,10,196,-1.9476835158232384,0.8971996031878589
SOS,35.0,10,197,4.921958401164272,0.8971996031878589
SOS,35.0,10,198,1.1646373008061284,0.8971996031878589
SOS,35.0,10,199,3.4656551968820795,0.8971996031878589
SOS,35.0,10,200,1.0498065856684407,0.8971996031878589
SOS,35.0,10,201,2.4798613010666175,0.8971996031878589
SOS,35.0,10,202,0.026478749539101565,0.8971996031878589
SOS,35.0,10,203,5.062500574119322,0.8971996031878589
SOS,35.0,10,204,-1.4817515379190531,0.8971996031878589
SOS,35.0,10,205,2.2075357055748386,0.8971996031878589
SOS,35.0,10,206,-2.5048920227651577,0.8971996031878589
SOS,35.0,10,207,2.7853849610897834,0.8971996031878589
SOS,35.0,10,208,2.679758367482522,0.8971996031878589
SOS,35.0,10,209,-0.29876919730852963,0.8971996031878589
SOS,35.0,10,210,2.3978212407729442,0.8971996031878589
SOS,35.0,10,211,-1.9716087510847404,0.8971996031878589
SOS,35.0,10,212,1.9174486882602921,0.8971996031878589
SOS,35.0,10,213,2.5054336910183417,0.8971996031878589
SOS,35.0,10,214,1.5900408407554867,0.8971996031878589
SOS,35.0,10,215,-0.847543053332978,0.8971996031878589
SOS,35.0,10,216,2.680230071510259,0.8971996031878589
SOS,35.0,10,217,-1.262986672351282,0.8971996031878589
SOS,35.0,10,218,-2.207036108334046,0.8971996031878589
SOS,35.0,10,219,1.46874229681888,0.8971996031878589
SOS,35.0,10,220,1.9095892841341988,0.8971996031878589
SOS,35.0,10,221,-0.9294102875922414,0.8971996031878589
SOS,35.0,10,222,-0.852527446623579,0.8971996031878589
SOS,35.0,10,223,-2.9502141712793444,0.8971996031878589
SOS,35.0,10,224,-0.4713790094991648,0.8971996031878589
SOS,35.0,10,225,1.3634036288570175,0.8971996031878589
SOS,35.0,10,226,2.795535973648493,0.8971996031878589
SOS,35.0,10,227,-0.6974329268045472,0.8971996031878589
SOS,35.0,10,228,0.7972770320398044,0.8971996031878589
SOS,35.0,10,229,2.8979880732465237,0.8971996031878589
SOS,35.0,10,230,2.7701393278998796,0.8971996031878589
SOS,35.0,10,231,-1.825408986735251,0.8971996031878589
SOS,35.0,10,232,-1.5041293808428442,0.8971996031878589
SOS,35.0,10,233,3.06451865532235,0.8971996031878589
SOS,35.0,10,234,-1.6103338071257058,0.8971996031878589
SOS,35.0,10,235,3.00630440498841,0.8971996031878589
SOS,35.0,10,236,-2.0332712392554284,0.8971996031878589
SOS,35.0,10,237,-0.4300565635044512,0.8971996031878589
SOS,35.0,10,238,2.0960833330187043,0.8971996031878589
SOS,35.0,10,239,-0.9148994678687394,0.8971996031878589
SOS,35.0,10,240,0.3454722945770434,0.8971996031878589
SOS,35.0,10,241,1.5754651669190995,0.8971996031878589
SOS,35.0,10,242,0.2831901087998725,0.8971996031878589
SOS,35.0,10,243,-2.386500689370853,0.8971996031878589
SOS,35.0,10,244,1.537609608459225,0.8971996031878589
SOS,35.0,10,245,-0.8761353776173344,0.8971996031878589
SOS,35.0,10,246,3.8391927749061603,0.8971996031878589
SOS,35.0,10,247,2.680122626423742,0.8971996031878589
SOS,35.0,10,248,-1.9338159137330522,0.8971996031878589
SOS,35.0,10,249,-2.1597431045843942,0.8971996031878589
SOS,35.0,10,250,1.687671780181998,0.8971996031878589
SOS,35.0,10,251,2.737699676161056,0.8971996031878589
SOS,35.0,10,252,-0.11478230281023061,0.8971996031878589
SOS,35.0,10,253,0.533839208581971,0.8971996031878589
SOS,35.0,10,254,1.47052067527551,0.8971996031878589
SOS,35.0,10,255,0.7235455892831404,0.8971996031878589
SOS,35.0,10,256,3.2565577070360647,0.8971996031878589
SOS,35.0,10,257,1.0133779824344324,0.8971996031878589
SOS,35.0,10,258,1.6003278042226272,0.8971996031878589
SOS,35.0,10,259,2.1607634038135486,0.8971996031878589
SOS,35.0,10,260,-0.6673394658419646,0.8971996031878589
SOS,35.0,10,261,1.5789904241756254,0.8971996031878589
SOS,35.0,10,262,-0.5443302207838308,0.8971996031878589
SOS,35.0,10,263,3.3777229202884467,0.8971996031878589
SOS,35.0,10,264,-2.527477832706455,0.8971996031878589
SOS,35.0,10,265,-2.82259920842156,0.8971996031878589
SOS,35.0,10,266,-0.9965057524068295,0.8971996031878589
SOS,35.0,10,267,4.150749300441932,0.8971996031878589
SOS,35.0,10,268,2.3526741544781777,0.8971996031878589
SOS,35.0,10,269,-3.4502179871812766,0.8971996031878589
SOS,35.0,10,270,0.19639358393070272,0.8971996031878589
SOS,35.0,10,271,2.2602126740147925,0.8971996031878589
SOS,35.0,10,272,2.8237065907994126,0.8971996031878589
SOS,35.0,10,273,2.7175073716128617,0.8971996031878589
SOS,35.0,10,274,-1.9646742985199526,0.8971996031878589
SOS,35.0,10,275,-1.4463777619237526,0.8971996031878589
SOS,35.0,10,276,3.1119395221657893,0.8971996031878589
SOS,35.0,10,277,2.1776161420311393,0.8971996031878589
SOS,35.0,10,278,-0.7594735577104766,0.8971996031878589
SOS,35.0,10,279,-2.077138882700895,0.8971996031878589
SOS,35.0,10,280,-1.1728763717134312,0.8971996031878589
SOS,35.0,10,281,4.046561220659337,0.8971996031878589
SOS,35.0,10,282,1.768366835212153,0.8971996031878589
SOS,35.0,10,283,-3.1675383351911846,0.8971996031878589
SOS,35.0,10,284,0.8007846535570177,0.8971996031878589
SOS,35.0,10,285,1.0553915513348273,0.8971996031878589
SOS,35.0,10,286,-1.9127908353069176,0.8971996031878589
SOS,35.0,10,287,4.273399010174902,0.8971996031878589
SOS,35.0,10,288,2.954410803530209,0.8971996031878589
SOS,35.0,10,289,0.4120733429804839,0.8971996031878589
SOS,35.0,10,290,-1.577923162441085,0.8971996031878589
SOS,35.0,10,291,-0.6821530212322098,0.8971996031878589
SOS,35.0,10,292,1.8340214575048128,0.8971996031878589
SOS,35.0,10,293,-0.5312759732147234,0.8971996031878589
SOS,35.0,10,294,1.3835670933964834,0.8971996031878589
SOS,35.0,10,295,-0.5476165467094039,0.8971996031878589
SOS,35.0,10,296,0.9965070605069797,0.8971996031878589
SOS,35.0,10,297,2.4257180244173786,0.8971996031878589
SOS,35.0,10,298,0.44442967331003946,0.8971996031878589
SOS,35.0,10,299,-0.7739022199997239,0.8971996031878589
SOS,35.0,10,300,4.596815008673149,0.8971996031878589
SOS,35.0,10,301,-3.0491223548910047,0.8971996031878589
SOS,35.0,10,302,-2.867757592568589,0.8971996031878589
SOS,35.0,10,303,1.6717838590991843,0.8971996031878589
SOS,35.0,10,304,-2.1794247490477856,0.8971996031878589
SOS,35.0,10,305,-1.2865320774470086,0.8971996031878589
SOS,35.0,10,306,1.1869862315078081,0.8971996031878589
SOS,35.0,10,307,4.00643270357307,0.8971996031878589
SOS,35.0,10,308,2.3859920536324317,0.8971996031878589
SOS,35.0,10,309,4.598547943555689,0.8971996031878589
SOS,35.0,10,310,-2.95418011071744,0.8971996031878589
SOS,35.0,10,311,0.20920605428836603,0.8971996031878589
SOS,35.0,10,312,1.9313777153326306,0.8971996031878589
SOS,35.0,10,313,0.3112134856304558,0.8971996031878589
SOS,35.0,10,314,1.3471181742410903,0.8971996031878589
SOS,35.0,10,315,0.8466690308666012,0.8971996031878589
SOS,35.0,10,316,1.9734522145298774,0.8971996031878589
SOS,35.0,10,317,-1.6726825372995937,0.8971996031878589
SOS,35.0,10,318,4.02127488405717,0.8971996031878589
SOS,35.0,10,319,0.4685390754058659,0.8971996031878589
SOS,35.0,10,320,-1.9235935131665176,0.8971996031878589
SOS,35.0,10,321,-2.7062753882420445,0.8971996031878589
SOS,35.0,10,322,0.9637671749802001,0.8971996031878589
SOS,35.0,10,323,-0.02445472992361175,0.8971996031878589
SOS,35.0,10,324,-1.3119017545399734,0.8971996031878589
SOS,35.0,10,325,0.9018954086905098,0.8971996031878589
SOS,35.0,10,326,2.8326197992223574,0.8971996031878589
SOS,35.0,10,327,0.8658291820944557,0.8971996031878589
SOS,35.0,10,328,3.251917727330488,0.8971996031878589
SOS,35.0,10,329,-0.5424133084278762,0.8971996031878589
SOS,35.0,10,330,-2.1684159559941842,0.8971996031878589
SOS,35.0,10,331,-0.32604908932297616,0.8971996031878589
SOS,35.0,10,332,0.663462180311009,0.8971996031878589
SOS,35.0,10,333,-0.5206944354466845,0.8971996031878589
SOS,35.0,10,334,3.0867747818498894,0.8971996031878589
SOS,35.0,10,335,1.9677817751740219,0.8971996031878589
SOS,35.0,10,336,1.8432838159035032,0.8971996031878589
SOS,35.0,10,337,1.6068542549155005,0.8971996031878589
SOS,35.0,10,338,0.48849709841491706,0.8971996031878589
SOS,35.0,10,339,2.4070792166915664,0.8971996031878589
SOS,35.0,10,340,-1.3855323223913647,0.8971996031878589
SOS,35.0,10,341,-1.4520563735074843,0.8971996031878589
SOS,35.0,10,342,3.4874535214371205,0.8971996031878589
SOS,35.0,10,343,-1.4628074923874022,0.8971996031878589
SOS,35.0,10,344,-0.6290319972103923,0.8971996031878589
SOS,35.0,10,345,0.9489601659678608,0.8971996031878589
SOS,35.0,10,346,-0.4294543160661477,0.8971996031878589
SOS,35.0,10,347,4.88824196799473,0.8971996031878589
SOS,35.0,10,348,-0.22971572464096401,0.8971996031878589
SOS,35.0,10,349,2.2824819703501573,0.8971996031878589
SOS,35.0,10,350,1.2152215704130636,0.8971996031878589
SOS,35.0,10,351,3.5521047069824827,0.8971996031878589
SOS,35.0,10,352,-2.690625040116307,0.8971996031878589
SOS,35.0,10,353,3.6596933218152166,0.8971996031878589
SOS,35.0,10,354,3.1445566866118813,0.8971996031878589
SOS,35.0,10,355,-2.084875010874541,0.8971996031878589
SOS,35.0,10,356,1.1443993040148335,0.8971996031878589
SOS,35.0,10,357,2.6635358297555447,0.8971996031878589
SOS,35.0,10,358,-2.2124600481419714,0.8971996031878589
SOS,35.0,10,359,3.4416870010084795,0.8971996031878589
SOS,35.0,10,360,-0.07142186056647293,0.8971996031878589
SOS,35.0,10,361,1.498564118768917,0.8971996031878589
SOS,35.0,10,362,1.0383365630811372,0.8971996031878589
SOS,35.0,10,363,-0.6851708345795053,0.8971996031878589
SOS,35.0,10,364,0.846706518144424,0.8971996031878589
SOS,35.0,10,365,3.1725642073809572,0.8971996031878589
SOS,35.0,10,366,0.9883697389715553,0.8971996031878589
SOS,35.0,10,367,-1.2189418197196074,0.8971996031878589
SOS,35.0,10,368,1.8754119676299017,0.8971996031878589
SOS,35.0,10,369,3.1393330728352504,0.8971996031878589
SOS,35.0,10,370,-2.4995307832393396,0.8971996031878589
SOS,35.0,10,371,2.445629993348957,0.8971996031878589
SOS,35.0,10,372,-0.4099480266522457,0.8971996031878589
SOS,35.0,10,373,-1.8486054559648188,0.8971996031878589
SOS,35.0,10,374,2.8069562867058186,0.8971996031878589
SOS,35.0,10,375,-2.3273864821045573,0.8971996031878589
SOS,35.0,10,376,-0.27379798936845956,0.8971996031878589
SOS,35.0,10,377,-2.363435898430782,0.8971996031878589
SOS,35.0,10,378,5.271958503157663,0.8971996031878589
SOS,35.0,10,379,-0.9306775420815974,0.8971996031878589
SOS,35.0,10,380,3.093392613893603,0.8971996031878589
SOS,35.0,10,381,0.4736364447686321,0.8971996031878589
SOS,35.0,10,382,3.971749683188431,0.8971996031878589
SOS,35.0,10,383,-1.117864837298362,0.8971996031878589
SOS,35.0,10,384,0.21909973385507375,0.8971996031878589
SOS,35.0,10,385,3.5400806683640504,0.8971996031878589
SOS,35.0,10,386,1.0144113285763012,0.8971996031878589
SOS,35.0,10,387,2.3613065642991913,0.8971996031878589
SOS,35.0,10,388,1.5553249946573904,0.8971996031878589
SOS,35.0,10,389,0.3688062022494749,0.8971996031878589
SOS,35.0,10,390,2.440627169496162,0.8971996031878589
SOS,35.0,10,391,3.4521429506436343,0.8971996031878589
SOS,35.0,10,392,-0.5478631381907584,0.8971996031878589
SOS,35.0,10,393,2.076198417376432,0.8971996031878589
SOS,35.0,10,394,-1.947809179509852,0.8971996031878589
SOS,35.0,10,395,-0.7526937590375624,0.8971996031878589
SOS,35.0,10,396,-1.3622551099927542,0.8971996031878589
SOS,35.0,10,397,0.16585649434754168,0.8971996031878589
SOS,35.0,10,398,-1.1998669326327853,0.8971996031878589
SOS,35.0,10,399,-0.9630032510131494,0.8971996031878589
SOS,35.0,10,400,-2.073073398977561,0.8971996031878589
SOS,35.0,10,401,-1.2003504555027904,0.8971996031878589
SOS,35.0,10,402,-1.7111174354272154,0.8971996031878589
SOS,35.0,10,403,-0.527944140903704,0.8971996031878589
SOS,35.0,10,404,-3.048150767724115,0.8971996031878589
SOS,35.0,10,405,-1.1138747383423988,0.8971996031878589
SOS,35.0,10,406,0.6474339417185551,0.8971996031878589
SOS,35.0,10,407,1.4903096498372248,0.8971996031878589
SOS,35.0,10,408,4.712012866840013,0.8971996031878589
SOS,35.0,10,409,-1.1329357334635508,0.8971996031878589
SOS,35.0,10,410,-0.7131930809445104,0.8971996031878589
SOS,35.0,10,411,1.7552559689207974,0.8971996031878589
SOS,35.0,10,412,-0.9703685469888332,0.8971996031878589
SOS,35.0,10,413,2.7909916233096874,0.8971996031878589
SOS,35.0,10,414,3.009484827222672,0.8971996031878589
SOS,35.0,10,415,-1.0443155521089547,0.8971996031878589
SOS,35.0,10,416,3.3569248829396057,0.8971996031878589
SOS,35.0,10,417,-1.199683050838242,0.8971996031878589
SOS,35.0,10,418,0.6120455916904879,0.8971996031878589
SOS,35.0,10,419,-1.2686828298804398,0.8971996031878589
SOS,35.0,10,420,-1.3494283454190137,0.8971996031878589
SOS,35.0,10,421,2.728864263627381,0.8971996031878589
SOS,35.0,10,422,4.289624518082189,0.8971996031878589
SOS,35.0,10,423,0.6876627898769487,0.8971996031878589
SOS,35.0,10,424,-1.3027830440668295,0.8971996031878589
SOS,35.0,10,425,-2.452922620109697,0.8971996031878589
SOS,35.0,10,426,0.42695321857678725,0.8971996031878589
SOS,35.0,10,427,-0.4841894370923485,0.8971996031878589
SOS,35.0,10,428,1.605995878802354,0.8971996031878589
SOS,35.0,10,429,2.7936637585425714,0.8971996031878589
SOS,35.0,10,430,0.8231266428283124,0.8971996031878589
SOS,35.0,10,431,0.5418447364361799,0.8971996031878589
SOS,35.0,10,432,-2.9675102231214003,0.8971996031878589
SOS,35.0,10,433,0.8499569346891853,0.8971996031878589
SOS,35.0,10,434,3.6412611620914483,0.8971996031878589
SOS,35.0,10,435,-1.2655480503814147,0.8971996031878589
SOS,35.0,10,436,1.6022312237906875,0.8971996031878589
SOS,35.0,10,437,-1.8217273609711895,0.8971996031878589
SOS,35.0,10,438,2.7251464839674853,0.8971996031878589
SOS,35.0,10,439,3.438334748483029,0.8971996031878589
SOS,35.0,10,440,-2.0228348993448084,0.8971996031878589
SOS,35.0,10,441,5.402698586067411,0.8971996031878589
SOS,35.0,10,442,4.985357396492623,0.8971996031878589
SOS,35.0,10,443,2.670072910081303,0.8971996031878589
SOS,35.0,10,444,1.7802284658271628,0.8971996031878589
SOS,35.0,10,445,-1.5461907657918572,0.8971996031878589
SOS,35.0,10,446,-1.5856210346055963,0.8971996031878589
SOS,35.0,10,447,-0.8750360680612854,0.8971996031878589
SOS,35.0,10,448,2.559838924507652,0.8971996031878589
SOS,35.0,10,449,-0.40248070160248917,0.8971996031878589
SOS,35.0,10,450,-1.493630875006923,0.8971996031878589
SOS,35.0,10,451,-1.7455554508386795,0.8971996031878589
SOS,35.0,10,452,3.720547432577546,0.8971996031878589
SOS,35.0,10,453,-1.403701467161474,0.8971996031878589
SOS,35.0,10,454,0.19055751674746046,0.8971996031878589
SOS,35.0,10,455,-0.8539041699809538,0.8971996031878589
SOS,35.0,10,456,4.220672469211566,0.8971996031878589
SOS,35.0,10,457,2.1215214671911315,0.8971996031878589
SOS,35.0,10,458,-1.3859377483552113,0.8971996031878589
SOS,35.0,10,459,-0.3129915327919328,0.8971996031878589
SOS,35.0,10,460,3.6949731509969928,0.8971996031878589
SOS,35.0,10,461,0.7516866922910397,0.8971996031878589
SOS,35.0,10,462,-0.6728325699353719,0.8971996031878589
SOS,35.0,10,463,-1.1311882953783976,0.8971996031878589
SOS,35.0,10,464,3.8647962165269947,0.8971996031878589
SOS,35.0,10,465,3.24264556230471,0.8971996031878589
SOS,35.0,10,466,-4.503285306737466,0.8971996031878589
SOS,35.0,10,467,0.17036265409580342,0.8971996031878589
SOS,35.0,10,468,-1.5879079591247378,0.8971996031878589
SOS,35.0,10,469,-0.6248361451817948,0.8971996031878589
SOS,35.0,10,470,-0.911360060468245,0.8971996031878589
SOS,35.0,10,471,0.19916152535937992,0.8971996031878589
SOS,35.0,10,472,4.442676599663097,0.8971996031878589
SOS,35.0,10,473,2.683164765870629,0.8971996031878589
SOS,35.0,10,474,-0.2545367852657462,0.8971996031878589
SOS,35.0,10,475,3.9975220716913045,0.8971996031878589
SOS,35.0,10,476,4.555819444999977,0.8971996031878589
SOS,35.0,10,477,0.19045067848814634,0.8971996031878589
SOS,35.0,10,478,2.3070918058440224,0.8971996031878589
SOS,35.0,10,479,3.0503099706416723,0.8971996031878589
SOS,35.0,10,480,2.9362883311653043,0.8971996031878589
SOS,35.0,10,481,-0.11066213360484412,0.8971996031878589
SOS,35.0,10,482,1.7752766517840808,0.8971996031878589
SOS,35.0,10,483,4.525890881187066,0.8971996031878589
SOS,35.0,10,484,-1.9756919697302788,0.8971996031878589
SOS,35.0,10,485,-0.5951010894623179,0.8971996031878589
SOS,35.0,10,486,-2.204882591367559,0.8971996031878589
SOS,35.0,10,487,-1.5272759060208028,0.8971996031878589
SOS,35.0,10,488,-2.3808204788571623,0.8971996031878589
SOS,35.0,10,489,-0.720540956265451,0.8971996031878589
SOS,35.0,10,490,-1.6604206984558432,0.8971996031878589
SOS,35.0,10,491,2.9827910355310383,0.8971996031878589
SOS,35.0,10,492,2.8264874892808938,0.8971996031878589
SOS,35.0,10,493,-0.11882025555974196,0.8971996031878589
SOS,35.0,10,494,0.3150136597359845,0.8971996031878589
SOS,35.0,10,495,4.654515630857297,0.8971996031878589
SOS,35.0,10,496,0.7789477755225872,0.8971996031878589
SOS,35.0,10,497,1.3694612601858611,0.8971996031878589
SOS,35.0,10,498,-0.04521789663251641,0.8971996031878589
SOS,35.0,10,499,0.35160079832862756,0.8971996031878589
SOS,35.0,10,500,3.2786475234357444,0.8971996031878589
SOS,35.0,10,501,-0.5018024322045147,0.8971996031878589
SOS,35.0,10,502,-0.3551920069367671,0.8971996031878589
SOS,35.0,10,503,4.8093333085522225,0.8971996031878589
SOS,35.0,10,504,2.0788703132415316,0.8971996031878589
SOS,35.0,10,505,0.8071817659778726,0.8971996031878589
SOS,35.0,10,506,-1.4195061002200444,0.8971996031878589
SOS,35.0,10,507,-1.0387585058161415,0.8971996031878589
SOS,35.0,10,508,-1.58714691752762,0.8971996031878589
SOS,35.0,10,509,3.2555160905161973,0.8971996031878589
SOS,35.0,10,510,-3.077574040965416,0.8971996031878589
SOS,35.0,10,511,-0.9281807815775598,0.8971996031878589
SOS,35.0,10,512,0.19736331502863946,0.8971996031878589
SOS,35.0,10,513,3.27962771070058,0.8971996031878589
SOS,35.0,10,514,0.10665184735885469,0.8971996031878589
SOS,35.0,10,515,1.9365649926992161,0.8971996031878589
SOS,35.0,10,516,0.862880168873581,0.8971996031878589
SOS,35.0,10,517,1.682760066178223,0.8971996031878589
SOS,35.0,10,518,0.7956162669625548,0.8971996031878589
SOS,35.0,10,519,0.28339884390824044,0.8971996031878589
SOS,35.0,10,520,-0.9792855532727714,0.8971996031878589
SOS,35.0,10,521,2.719601697355372,0.8971996031878589
SOS,35.0,10,522,-1.34146594879965,0.8971996031878589
SOS,35.0,10,523,3.756945599741913,0.8971996031878589
SOS,35.0,10,524,2.821032932732097,0.8971996031878589
SOS,35.0,10,525,2.5512821332814237,0.8971996031878589
SOS,35.0,10,526,-0.25419452706667833,0.8971996031878589
SOS,35.0,10,527,2.7615125904136546,0.8971996031878589
SOS,35.0,10,528,1.643492326836559,0.8971996031878589
SOS,35.0,10,529,-1.018839135255404,0.8971996031878589
SOS,35.0,10,530,-1.8931231155130075,0.8971996031878589
SOS,35.0,10,531,3.6069903557844842,0.8971996031878589
SOS,35.0,10,532,0.9951388017463713,0.8971996031878589
SOS,35.0,10,533,2.9155285968435622,0.8971996031878589
SOS,35.0,10,534,3.0547306327557138,0.8971996031878589
SOS,35.0,10,535,3.257658307502032,0.8971996031878589
SOS,35.0,10,536,-0.9135039556139273,0.8971996031878589
SOS,35.0,10,537,-0.07685345997570914,0.8971996031878589
SOS,35.0,10,538,3.7154712440981688,0.8971996031878589
SOS,35.0,10,539,-2.1673756802259616,0.8971996031878589
SOS,35.0,10,540,1.084102294232057,0.8971996031878589
SOS,35.0,10,541,4.777801810472412,0.8971996031878589
SOS,35.0,10,542,1.626821656302297,0.8971996031878589
SOS,35.0,10,543,3.6719370983305906,0.8971996031878589
SOS,35.0,10,544,-0.3333840789906055,0.8971996031878589
SOS,35.0,10,545,-1.2097768019301838,0.8971996031878589
SOS,35.0,10,546,-1.3988831157148374,0.8971996031878589
SOS,35.0,10,547,-1.4305172742499423,0.8971996031878589
SOS,35.0,10,548,-0.3596965064308213,0.8971996031878589
SOS,35.0,10,549,2.4470826686343425,0.8971996031878589
SOS,35.0,10,550,-0.6054561837291059,0.8971996031878589
SOS,35.0,10,551,1.7335334425642093,0.8971996031878589
SOS,35.0,10,552,4.617758701056028,0.8971996031878589
SOS,35.0,10,553,1.579522346377044,0.8971996031878589
SOS,35.0,10,554,2.5201682275087554,0.8971996031878589
SOS,35.0,10,555,1.4352605143524784,0.8971996031878589
SOS,35.0,10,556,1.3963635320025223,0.8971996031878589
SOS,35.0,10,557,3.0342880586941914,0.8971996031878589
SOS,35.0,10,558,3.7266930452416087,0.8971996031878589
SOS,35.0,10,559,1.1415459876544,0.8971996031878589
SOS,35.0,10,560,3.8776369514999205,0.8971996031878589
SOS,35.0,10,561,2.941120504509612,0.8971996031878589
SOS,35.0,10,562,-0.9224008099838339,0.8971996031878589
SOS,35.0,10,563,-3.229392624280589,0.8971996031878589
SOS,35.0,10,564,2.6304560783067044,0.8971996031878589
SOS,35.0,10,565,-0.18111464941298383,0.8971996031878589
SOS,35.0,10,566,2.6679334954861056,0.8971996031878589
SOS,35.0,10,567,-1.627854919413116,0.8971996031878589
SOS,35.0,10,568,-0.7059961649364321,0.8971996031878589
SOS,35.0,10,569,1.5431761120903436,0.8971996031878589
SOS,35.0,10,570,-2.353010466887178,0.8971996031878589
SOS,35.0,10,571,-2.0466513454052633,0.8971996031878589
SOS,35.0,10,572,3.8599426401799524,0.8971996031878589
SOS,35.0,10,573,0.27590185240947895,0.8971996031878589
SOS,35.0,10,574,4.822752295070075,0.8971996031878589
SOS,35.0,10,575,3.0915254020825675,0.8971996031878589
SOS,35.0,10,576,1.0952805977669766,0.8971996031878589
SOS,35.0,10,577,2.2104368897186566,0.8971996031878589
SOS,35.0,10,578,0.9986451410133432,0.8971996031878589
SOS,35.0,10,579,-1.068435883851814,0.8971996031878589
SOS,35.0,10,580,0.15722057375736131,0.8971996031878589
SOS,35.0,10,581,3.8225523981652136,0.8971996031878589
SOS,35.0,10,582,4.027243776872851,0.8971996031878589
SOS,35.0,10,583,-0.1730011092226651,0.8971996031878589
SOS,35.0,10,584,0.7870370691745913,0.8971996031878589
SOS,35.0,10,585,3.415255169734493,0.8971996031878589
SOS,35.0,10,586,4.422790429461449,0.8971996031878589
SOS,35.0,10,587,-1.0423964972619082,0.8971996031878589
SOS,35.0,10,588,2.6346872802833508,0.8971996031878589
SOS,35.0,10,589,3.8368861349328065,0.8971996031878589
SOS,35.0,10,590,1.4853478048963402,0.8971996031878589
SOS,35.0,10,591,-0.1391026785174173,0.8971996031878589
SOS,35.0,10,592,2.2831202338753864,0.8971996031878589
SOS,35.0,10,593,1.4940011714147337,0.8971996031878589
SOS,35.0,10,594,1.971510205975702,0.8971996031878589
SOS,35.0,10,595,3.0289853900385664,0.8971996031878589
SOS,35.0,10,596,-1.6189756671609201,0.8971996031878589
SOS,35.0,10,597,1.720150916113958,0.8971996031878589
SOS,35.0,10,598,1.099035355640636,0.8971996031878589
SOS,35.0,10,599,-2.01892648444775,0.8971996031878589
SOS,35.0,10,600,3.4368183800864207,0.8971996031878589
SOS,35.0,10,601,3.4117496003307695,0.8971996031878589
SOS,35.0,10,602,-0.9606984393198574,0.8971996031878589
SOS,35.0,10,603,1.8097500005955984,0.8971996031878589
SOS,35.0,10,604,-1.632186751733979,0.8971996031878589
SOS,35.0,10,605,2.3753884480671705,0.8971996031878589
SOS,35.0,10,606,3.014361996203887,0.8971996031878589
SOS,35.0,10,607,3.7961805585515744,0.8971996031878589
SOS,35.0,10,608,-0.6347815460095587,0.8971996031878589
SOS,35.0,10,609,0.7572072344832881,0.8971996031878589
SOS,35.0,10,610,2.644074131346441,0.8971996031878589
SOS,35.0,10,611,0.9316494911494506,0.8971996031878589
SOS,35.0,10,612,-3.6582071143001347,0.8971996031878589
SOS,35.0,10,613,0.1168103105421574,0.8971996031878589
SOS,35.0,10,614,2.555333879840494,0.8971996031878589
SOS,35.0,10,615,2.0437933937727935,0.8971996031878589
SOS,35.0,10,616,0.4613253225021001,0.8971996031878589
SOS,35.0,10,617,3.306543336588222,0.8971996031878589
SOS,35.0,10,618,1.8658446494171415,0.8971996031878589
SOS,35.0,10,619,2.739437036745566,0.8971996031878589
SOS,35.0,10,620,-2.134941368242282,0.8971996031878589
SOS,35.0,10,621,4.300019225303572,0.8971996031878589
SOS,35.0,10,622,-3.5320213626794614,0.8971996031878589
SOS,35.0,10,623,2.349234234819066,0.8971996031878589
SOS,35.0,10,624,-0.5192971444340074,0.8971996031878589
SOS,35.0,10,625,-0.8932060852786816,0.8971996031878589
SOS,35.0,10,626,3.2902441300039267,0.8971996031878589
SOS,35.0,10,627,-3.551989729343071,0.8971996031878589
SOS,35.0,10,628,1.3882973236376053,0.8971996031878589
SOS,35.0,10,629,-0.9832423971014608,0.8971996031878589
SOS,35.0,10,630,0.529151290384069,0.8971996031878589
SOS,35.0,10,631,2.9746627259371676,0.8971996031878589
SOS,35.0,10,632,-0.006725313927048671,0.8971996031878589
SOS,35.0,10,633,4.303238092326165,0.8971996031878589
SOS,35.0,10,634,-1.2627216258176905,0.8971996031878589
SOS,35.0,10,635,-1.6970021144927632,0.8971996031878589
SOS,35.0,10,636,2.8573458683319117,0.8971996031878589
SOS,35.0,10,637,1.578959291233387,0.8971996031878589
SOS,35.0,10,638,-1.7040110421800534,0.8971996031878589
SOS,35.0,10,639,-1.6649049938369136,0.8971996031878589
SOS,35.0,10,640,-0.8744288017398378,0.8971996031878589
SOS,35.0,10,641,-0.10658467395978072,0.8971996031878589
SOS,35.0,10,642,-2.560371868238087,0.8971996031878589
SOS,35.0,10,643,2.810591905189582,0.8971996031878589
SOS,35.0,10,644,4.290424933792594,0.8971996031878589
SOS,35.0,10,645,2.7802936791927353,0.8971996031878589
SOS,35.0,10,646,-0.28275313776166344,0.8971996031878589
SOS,35.0,10,647,-2.044750810932824,0.8971996031878589
SOS,35.0,10,648,1.490085143568238,0.8971996031878589
SOS,35.0,10,649,2.0558352178003085,0.8971996031878589
SOS,35.0,10,650,-2.529109958133626,0.8971996031878589
SOS,35.0,10,651,1.0998639407744966,0.8971996031878589
SOS,35.0,10,652,-0.6669757708541932,0.8971996031878589
SOS,35.0,10,653,4.464883724244312,0.8971996031878589
SOS,35.0,10,654,1.714346661398983,0.8971996031878589
SOS,35.0,10,655,3.773929449469674,0.8971996031878589
SOS,35.0,10,656,2.2899375425059896,0.8971996031878589
SOS,35.0,10,657,3.1072335449267676,0.8971996031878589
SOS,35.0,10,658,4.747630150266447,0.8971996031878589
SOS,35.0,10,659,0.7073647732440776,0.8971996031878589
SOS,35.0,10,660,0.5549090069411673,0.8971996031878589
SOS,35.0,10,661,2.083972787233968,0.8971996031878589
SOS,35.0,10,662,-2.1039894943625326,0.8971996031878589
SOS,35.0,10,663,0.6505256095140683,0.8971996031878589
SOS,35.0,10,664,-2.2597311889693863,0.8971996031878589
SOS,35.0,10,665,-0.11310790287144479,0.8971996031878589
SOS,35.0,10,666,-0.2135461886499488,0.8971996031878589
SOS,35.0,10,667,4.117114134240118,0.8971996031878589
SOS,35.0,10,668,-0.19524795795653138,0.8971996031878589
SOS,35.0,10,669,1.25565974966129,0.8971996031878589
SOS,35.0,10,670,1.2877651027616301,0.8971996031878589
SOS,35.0,10,671,-0.21521532633065377,0.8971996031878589
SOS,35.0,10,672,1.61911099021429,0.8971996031878589
SOS,35.0,10,673,2.5529237247892804,0.8971996031878589
SOS,35.0,10,674,-0.26988757610806013,0.8971996031878589
SOS,35.0,10,675,-1.0307618410244377,0.8971996031878589
SOS,35.0,10,676,-1.7374591274352456,0.8971996031878589
SOS,35.0,10,677,-0.0010998622196911612,0.8971996031878589
SOS,35.0,10,678,4.6273431262238045,0.8971996031878589
SOS,35.0,10,679,1.6131813586207866,0.8971996031878589
SOS,35.0,10,680,-1.2961642796043198,0.8971996031878589
SOS,35.0,10,681,-2.9737590760318766,0.8971996031878589
SOS,35.0,10,682,-0.5360272667255985,0.8971996031878589
SOS,35.0,10,683,3.8926349439668217,0.8971996031878589
SOS,35.0,10,684,-1.9042837624044804,0.8971996031878589
SOS,35.0,10,685,3.798785398480729,0.8971996031878589
SOS,35.0,10,686,-1.40868877646295,0.8971996031878589
SOS,35.0,10,687,1.941837879002945,0.8971996031878589
SOS,35.0,10,688,-0.4347565562831289,0.8971996031878589
SOS,35.0,10,689,-1.4664416737314139,0.8971996031878589
SOS,35.0,10,690,-0.016455684565388484,0.8971996031878589
SOS,35.0,10,691,2.955340487118075,0.8971996031878589
SOS,35.0,10,692,-3.1516586807075218,0.8971996031878589
SOS,35.0,10,693,-2.448023568483981,0.8971996031878589
SOS,35.0,10,694,5.405752294638055,0.8971996031878589
SOS,35.0,10,695,-2.6241701960382344,0.8971996031878589
SOS,35.0,10,696,2.87908740777753,0.8971996031878589
SOS,35.0,10,697,2.694865499132905,0.8971996031878589
SOS,35.0,10,698,0.05890819381819146,0.8971996031878589
SOS,35.0,10,699,-0.7455191162055876,0.8971996031878589
SOS,35.0,10,700,3.987820757004603,0.8971996031878589
SOS,35.0,10,701,-0.13303367774158525,0.8971996031878589
SOS,35.0,10,702,-1.7231212088137924,0.8971996031878589
SOS,35.0,10,703,2.848398449631314,0.8971996031878589
SOS,35.0,10,704,0.8771738774523806,0.8971996031878589
SOS,35.0,10,705,-0.8114696745848814,0.8971996031878589
SOS,35.0,10,706,-3.514171615858041,0.8971996031878589
SOS,35.0,10,707,3.114964492407434,0.8971996031878589
SOS,35.0,10,708,-1.2944549171805009,0.8971996031878589
SOS,35.0,10,709,-0.34283764196354616,0.8971996031878589
SOS,35.0,10,710,-1.705103786126236,0.8971996031878589
SOS,35.0,10,711,1.2773964193695881,0.8971996031878589
SOS,35.0,10,712,2.013262796583204,0.8971996031878589
SOS,35.0,10,713,0.61258557764493,0.8971996031878589
SOS,35.0,10,714,3.3118855384798724,0.8971996031878589
SOS,35.0,10,715,-0.170014469297196,0.8971996031878589
SOS,35.0,10,716,2.6066245229644007,0.8971996031878589
SOS,35.0,10,717,3.856996374947137,0.8971996031878589
SOS,35.0,10,718,0.10446153435495753,0.8971996031878589
SOS,35.0,10,719,2.301907991805044,0.8971996031878589
SOS,35.0,10,720,-1.391729643359354,0.8971996031878589
SOS,35.0,10,721,-0.9744125507017802,0.8971996031878589
SOS,35.0,10,722,-1.9821145464561916,0.8971996031878589
SOS,35.0,10,723,-1.1755037395199175,0.8971996031878589
SOS,35.0,10,724,2.4203994537076765,0.8971996031878589
SOS,35.0,10,725,-0.3037645972855094,0.8971996031878589
SOS,35.0,10,726,0.2036786309687868,0.8971996031878589
SOS,35.0,10,727,0.6392760804554802,0.8971996031878589
SOS,35.0,10,728,-1.280860236663632,0.8971996031878589
SOS,35.0,10,729,3.6703063093926893,0.8971996031878589
SOS,35.0,10,730,0.19232554997264328,0.8971996031878589
SOS,35.0,10,731,1.562575377419849,0.8971996031878589
SOS,35.0,10,732,1.4725175115425873,0.8971996031878589
SOS,35.0,10,733,-0.5927409952834228,0.8971996031878589
SOS,35.0,10,734,-2.4853740178682555,0.8971996031878589
SOS,35.0,10,735,0.29165467573993675,0.8971996031878589
SOS,35.0,10,736,4.265777188663657,0.8971996031878589
SOS,35.0,10,737,2.254032445033694,0.8971996031878589
SOS,35.0,10,738,1.1715038239711366,0.8971996031878589
SOS,35.0,10,739,1.374951310792495,0.8971996031878589
SOS,35.0,10,740,-1.513957465459463,0.8971996031878589
SOS,35.0,10,741,2.5435420484014504,0.8971996031878589
SOS,35.0,10,742,2.1008976296777515,0.8971996031878589
SOS,35.0,10,743,6.0828697732923915,0.8971996031878589
SOS,35.0,10,744,0.4155390245647631,0.8971996031878589
SOS,35.0,10,745,-0.0028325002600668725,0.8971996031878589
SOS,35.0,10,746,1.6740216777460217,0.8971996031878589
SOS,35.0,10,747,3.4761527257087046,0.8971996031878589
SOS,35.0,10,748,-1.297947485723095,0.8971996031878589
SOS,35.0,10,749,3.5294365673928367,0.8971996031878589
SOS,35.0,10,750,-1.1666987496286774,0.8971996031878589
SOS,35.0,10,751,-2.4511171534542475,0.8971996031878589
SOS,35.0,10,752,-0.12059123298103357,0.8971996031878589
SOS,35.0,10,753,2.124996131680925,0.8971996031878589
SOS,35.0,10,754,-1.8582696545017363,0.8971996031878589
SOS,35.0,10,755,1.048823873214047,0.8971996031878589
SOS,35.0,10,756,0.8732125115783147,0.8971996031878589
SOS,35.0,10,757,3.6051140137914643,0.8971996031878589
SOS,35.0,10,758,5.521973946586176,0.8971996031878589
SOS,35.0,10,759,3.8396951983736156,0.8971996031878589
SOS,35.0,10,760,-0.7666173770899988,0.8971996031878589
SOS,35.0,10,761,-1.449838913926807,0.8971996031878589
SOS,35.0,10,762,-0.2689935628660939,0.8971996031878589
SOS,35.0,10,763,0.7145223156684039,0.8971996031878589
SOS,35.0,10,764,1.3096923998982173,0.8971996031878589
SOS,35.0,10,765,4.049228878677196,0.8971996031878589
SOS,35.0,10,766,-0.8544213112388463,0.8971996031878589
SOS,35.0,10,767,-1.4147576419155217,0.8971996031878589
SOS,35.0,10,768,2.850936496160708,0.8971996031878589
SOS,35.0,10,769,1.5459628872508797,0.8971996031878589
SOS,35.0,10,770,1.3630879593135257,0.8971996031878589
SOS,35.0,10,771,3.609423390682296,0.8971996031878589
SOS,35.0,10,772,0.8539754826334494,0.8971996031878589
SOS,35.0,10,773,1.1807575084781747,0.8971996031878589
SOS,35.0,10,774,-1.4488812433467781,0.8971996031878589
SOS,35.0,10,775,-1.2988652450310378,0.8971996031878589
SOS,35.0,10,776,1.6485131184048685,0.8971996031878589
SOS,35.0,10,777,0.50459001406855,0.8971996031878589
SOS,35.0,10,778,4.502429610737103,0.8971996031878589
SOS,35.0,10,779,0.5710436492968144,0.8971996031878589
SOS,35.0,10,780,-1.067656903668083,0.8971996031878589
SOS,35.0,10,781,0.022399880333033195,0.8971996031878589
SOS,35.0,10,782,1.4215374458679175,0.8971996031878589
SOS,35.0,10,783,-1.420958874138243,0.8971996031878589
SOS,35.0,10,784,4.130010095723879,0.8971996031878589
SOS,35.0,10,785,0.3985415839714055,0.8971996031878589
SOS,35.0,10,786,0.09392919884642903,0.8971996031878589
SOS,35.0,10,787,-1.5121119783797248,0.8971996031878589
SOS,35.0,10,788,1.018204990016149,0.8971996031878589
SOS,35.0,10,789,-2.8515086931908464,0.8971996031878589
SOS,35.0,10,790,2.1302789069217862,0.8971996031878589
SOS,35.0,10,791,-2.65508857942486,0.8971996031878589
SOS,35.0,10,792,3.2762905798273856,0.8971996031878589
SOS,35.0,10,793,0.09975685106808618,0.8971996031878589
SOS,35.0,10,794,0.36827538797239967,0.8971996031878589
SOS,35.0,10,795,-0.11791294387132156,0.8971996031878589
SOS,35.0,10,796,5.211018121752543,0.8971996031878589
SOS,35.0,10,797,-3.895664131813793,0.8971996031878589
SOS,35.0,10,798,4.620281262110732,0.8971996031878589
SOS,35.0,10,799,1.447021616139232,0.8971996031878589
SOS,35.0,10,800,0.5959470024034814,0.8971996031878589
SOS,35.0,10,801,1.1747648609441856,0.8971996031878589
SOS,35.0,10,802,1.8465923143452736,0.8971996031878589
SOS,35.0,10,803,1.0331146069773656,0.8971996031878589
SOS,35.0,10,804,-0.010137370129789769,0.8971996031878589
SOS,35.0,10,805,2.582305882360786,0.8971996031878589
SOS,35.0,10,806,-0.2710416088823846,0.8971996031878589
SOS,35.0,10,807,0.32382327566554125,0.8971996031878589
SOS,35.0,10,808,-0.35903643030348054,0.8971996031878589
SOS,35.0,10,809,4.530631112132331,0.8971996031878589
SOS,35.0,10,810,1.7474026952569695,0.8971996031878589
SOS,35.0,10,811,-1.0450875305222647,0.8971996031878589
SOS,35.0,10,812,-1.882755632689051,0.8971996031878589
SOS,35.0,10,813,0.5869185612490743,0.8971996031878589
SOS,35.0,10,814,-1.8214610833804858,0.8971996031878589
SOS,35.0,10,815,2.9575522758105586,0.8971996031878589
SOS,35.0,10,816,5.308056190359613,0.8971996031878589
SOS,35.0,10,817,1.2443451745878988,0.8971996031878589
SOS,35.0,10,818,0.06054957466477573,0.8971996031878589
SOS,35.0,10,819,-1.3436436998094,0.8971996031878589
SOS,35.0,10,820,-1.0588812142619184,0.8971996031878589
SOS,35.0,10,821,2.7878969993470566,0.8971996031878589
SOS,35.0,10,822,3.7089121278611072,0.8971996031878589
SOS,35.0,10,823,0.04498424888162511,0.8971996031878589
SOS,35.0,10,824,-1.880710085493248,0.8971996031878589
SOS,35.0,10,825,0.04323680405954078,0.8971996031878589
SOS,35.0,10,826,-1.1845123341360424,0.8971996031878589
SOS,35.0,10,827,-1.1195421452157774,0.8971996031878589
SOS,35.0,10,828,2.6650397575906384,0.8971996031878589
SOS,35.0,10,829,2.716922652412413,0.8971996031878589
SOS,35.0,10,830,2.4123844397722283,0.8971996031878589
SOS,35.0,10,831,0.14242569533571714,0.8971996031878589
SOS,35.0,10,832,1.3675273954531924,0.8971996031878589
SOS,35.0,10,833,3.444611628262027,0.8971996031878589
SOS,35.0,10,834,-0.5123954655454208,0.8971996031878589
SOS,35.0,10,835,-2.0323110165868776,0.8971996031878589
SOS,35.0,10,836,-1.1067532289821043,0.8971996031878589
SOS,35.0,10,837,3.8375249798507767,0.8971996031878589
SOS,35.0,10,838,-0.877631364380749,0.8971996031878589
SOS,35.0,10,839,-0.8231922164592151,0.8971996031878589
SOS,35.0,10,840,0.8529864360982704,0.8971996031878589
SOS,35.0,10,841,1.4578737011513097,0.8971996031878589
SOS,35.0,10,842,0.4449033134689244,0.8971996031878589
SOS,35.0,10,843,1.661479986416311,0.8971996031878589
SOS,35.0,10,844,-1.7521784161129061,0.8971996031878589
SOS,35.0,10,845,-1.5497137424412384,0.8971996031878589
SOS,35.0,10,846,-1.1179902325648123,0.8971996031878589
SOS,35.0,10,847,2.7098952473138844,0.8971996031878589
SOS,35.0,10,848,-0.45786362905669264,0.8971996031878589
SOS,35.0,10,849,1.188107022037863,0.8971996031878589
SOS,35.0,10,850,-1.2660399611105437,0.8971996031878589
SOS,35.0,10,851,-0.4813488506766339,0.8971996031878589
SOS,35.0,10,852,2.9320549682702404,0.8971996031878589
SOS,35.0,10,853,-0.8357779676090966,0.8971996031878589
SOS,35.0,10,854,2.2313022504737363,0.8971996031878589
SOS,35.0,10,855,2.6711245106684913,0.8971996031878589
SOS,35.0,10,856,-1.3061170079866244,0.8971996031878589
SOS,35.0,10,857,-1.609675378739348,0.8971996031878589
SOS,35.0,10,858,-1.0263876772993887,0.8971996031878589
SOS,35.0,10,859,4.16373613957224,0.8971996031878589
SOS,35.0,10,860,-1.5179017169484614,0.8971996031878589
SOS,35.0,10,861,3.6157532408948905,0.8971996031878589
SOS,35.0,10,862,3.584908480091975,0.8971996031878589
SOS,35.0,10,863,-1.420629511885028,0.8971996031878589
SOS,35.0,10,864,5.480711572461832,0.8971996031878589
SOS,35.0,10,865,-0.45058515204847227,0.8971996031878589
SOS,35.0,10,866,-1.0934511116027337,0.8971996031878589
SOS,35.0,10,867,-2.1547130044948064,0.8971996031878589
SOS,35.0,10,868,3.576192239080987,0.8971996031878589
SOS,35.0,10,869,1.8072894787972968,0.8971996031878589
SOS,35.0,10,870,-1.5203986358832844,0.8971996031878589
SOS,35.0,10,871,1.6262747451523885,0.8971996031878589
SOS,35.0,10,872,0.288675649817423,0.8971996031878589
SOS,35.0,10,873,1.7556761637709493,0.8971996031878589
SOS,35.0,10,874,-1.6875928494338321,0.8971996031878589
SOS,35.0,10,875,-3.3917482432558113,0.8971996031878589
SOS,35.0,10,876,5.565630311217314,0.8971996031878589
SOS,35.0,10,877,3.53462349369992,0.8971996031878589
SOS,35.0,10,878,-0.9255045244886055,0.8971996031878589
SOS,35.0,10,879,1.3172988761983828,0.8971996031878589
SOS,35.0,10,880,-0.8554052381843208,0.8971996031878589
SOS,35.0,10,881,3.2852982799920682,0.8971996031878589
SOS,35.0,10,882,0.17350007075707108,0.8971996031878589
SOS,35.0,10,883,-0.45143659956628257,0.8971996031878589
SOS,35.0,10,884,3.9107253276221803,0.8971996031878589
SOS,35.0,10,885,1.7008187800422683,0.8971996031878589
SOS,35.0,10,886,3.2000223601482265,0.8971996031878589
SOS,35.0,10,887,4.7538932132959175,0.8971996031878589
SOS,35.0,10,888,4.265897262009931,0.8971996031878589
SOS,35.0,10,889,2.1246227839479825,0.8971996031878589
SOS,35.0,10,890,1.8924200524124675,0.8971996031878589
SOS,35.0,10,891,3.656576268004736,0.8971996031878589
SOS,35.0,10,892,1.6968028939822852,0.8971996031878589
SOS,35.0,10,893,1.503642661947059,0.8971996031878589
SOS,35.0,10,894,-0.25640487322546357,0.8971996031878589
SOS,35.0,10,895,0.13632928020778112,0.8971996031878589
SOS,35.0,10,896,4.033447560423211,0.8971996031878589
SOS,35.0,10,897,1.489075136980147,0.8971996031878589
SOS,35.0,10,898,1.708829797865043,0.8971996031878589
SOS,35.0,10,899,-2.1715169112855657,0.8971996031878589
SOS,35.0,10,900,1.0423290553548479,0.8971996031878589
SOS,35.0,10,901,2.370951444823807,0.8971996031878589
SOS,35.0,10,902,2.290611202551778,0.8971996031878589
SOS,35.0,10,903,3.3952250845119756,0.8971996031878589
SOS,35.0,10,904,-3.3585589718732525,0.8971996031878589
SOS,35.0,10,905,2.3324260242160983,0.8971996031878589
SOS,35.0,10,906,0.01338362210791988,0.8971996031878589
SOS,35.0,10,907,1.3574106539820798,0.8971996031878589
SOS,35.0,10,908,0.3130547843277417,0.8971996031878589
SOS,35.0,10,909,-1.2335230559839847,0.8971996031878589
SOS,35.0,10,910,-1.0135591042418954,0.8971996031878589
SOS,35.0,10,911,-2.208483608677671,0.8971996031878589
SOS,35.0,10,912,2.5020499566176695,0.8971996031878589
SOS,35.0,10,913,2.6834481900885736,0.8971996031878589
SOS,35.0,10,914,2.6105229376799777,0.8971996031878589
SOS,35.0,10,915,-1.831587152712129,0.8971996031878589
SOS,35.0,10,916,2.435750578681903,0.8971996031878589
SOS,35.0,10,917,4.170569957994769,0.8971996031878589
SOS,35.0,10,918,3.32008129442777,0.8971996031878589
SOS,35.0,10,919,-1.331848000628487,0.8971996031878589
SOS,35.0,10,920,-0.4680004495161183,0.8971996031878589
SOS,35.0,10,921,3.2735920586492706,0.8971996031878589
SOS,35.0,10,922,1.486621817584528,0.8971996031878589
SOS,35.0,10,923,-0.9343523734868108,0.8971996031878589
SOS,35.0,10,924,2.2106755727508487,0.8971996031878589
SOS,35.0,10,925,4.357283197227774,0.8971996031878589
SOS,35.0,10,926,0.003764831061265017,0.8971996031878589
SOS,35.0,10,927,2.7252401383310056,0.8971996031878589
SOS,35.0,10,928,-1.6948704648148896,0.8971996031878589
SOS,35.0,10,929,5.049621255751852,0.8971996031878589
SOS,35.0,10,930,3.684848154329276,0.8971996031878589
SOS,35.0,10,931,-2.7929406021600576,0.8971996031878589
SOS,35.0,10,932,1.643952647935149,0.8971996031878589
SOS,35.0,10,933,0.08479748789416375,0.8971996031878589
SOS,35.0,10,934,0.3155974827828358,0.8971996031878589
SOS,35.0,10,935,-0.4835728941862485,0.8971996031878589
SOS,35.0,10,936,1.9060554936453487,0.8971996031878589
SOS,35.0,10,937,1.4210641142920217,0.8971996031878589
SOS,35.0,10,938,2.648417857327323,0.8971996031878589
SOS,35.0,10,939,-2.321768392736627,0.8971996031878589
SOS,35.0,10,940,1.2392745844049402,0.8971996031878589
SOS,35.0,10,941,-2.7180202057718486,0.8971996031878589
SOS,35.0,10,942,5.118746165747497,0.8971996031878589
SOS,35.0,10,943,-1.600170867775227,0.8971996031878589
SOS,35.0,10,944,-1.6320782953242825,0.8971996031878589
SOS,35.0,10,945,3.315862712490873,0.8971996031878589
SOS,35.0,10,946,2.9153979369868535,0.8971996031878589
SOS,35.0,10,947,-0.15317347243144286,0.8971996031878589
SOS,35.0,10,948,1.5218036422245727,0.8971996031878589
SOS,35.0,10,949,2.2966522158888396,0.8971996031878589
SOS,35.0,10,950,-0.3637068855125105,0.8971996031878589
SOS,35.0,10,951,-2.863755199851253,0.8971996031878589
SOS,35.0,10,952,-0.6428778327009932,0.8971996031878589
SOS,35.0,10,953,0.9726437171081621,0.8971996031878589
SOS,35.0,10,954,3.0369228020999905,0.8971996031878589
SOS,35.0,10,955,0.3552971832019518,0.8971996031878589
SOS,35.0,10,956,2.7247681901140073,0.8971996031878589
SOS,35.0,10,957,-2.180684331517699,0.8971996031878589
SOS,35.0,10,958,-1.9434455198956542,0.8971996031878589
SOS,35.0,10,959,-0.4221003958369445,0.8971996031878589
SOS,35.0,10,960,4.638050195947744,0.8971996031878589
SOS,35.0,10,961,0.14088651502157568,0.8971996031878589
SOS,35.0,10,962,-0.5120506047890854,0.8971996031878589
SOS,35.0,10,963,0.7502328882330362,0.8971996031878589
SOS,35.0,10,964,-1.190403722352515,0.8971996031878589
SOS,35.0,10,965,-0.6313616128529147,0.8971996031878589
SOS,35.0,10,966,-0.12657970785258643,0.8971996031878589
SOS,35.0,10,967,-2.887406455785177,0.8971996031878589
SOS,35.0,10,968,-1.7408214580827217,0.8971996031878589
SOS,35.0,10,969,2.0798584281413905,0.8971996031878589
SOS,35.0,10,970,3.8131409560886764,0.8971996031878589
SOS,35.0,10,971,-0.09510249546597738,0.8971996031878589
SOS,35.0,10,972,3.1469900487393887,0.8971996031878589
SOS,35.0,10,973,3.187750838234665,0.8971996031878589
SOS,35.0,10,974,2.9354702089866516,0.8971996031878589
SOS,35.0,10,975,0.4629971948387195,0.8971996031878589
SOS,35.0,10,976,0.18358346855481145,0.8971996031878589
SOS,35.0,10,977,4.275530069561372,0.8971996031878589
SOS,35.0,10,978,4.857196673321227,0.8971996031878589
SOS,35.0,10,979,1.7001807200572083,0.8971996031878589
SOS,35.0,10,980,-2.6670071488644176,0.8971996031878589
SOS,35.0,10,981,2.57223477887693,0.8971996031878589
SOS,35.0,10,982,-0.722625512372057,0.8971996031878589
SOS,35.0,10,983,-1.6578373452552904,0.8971996031878589
SOS,35.0,10,984,-1.592373993236069,0.8971996031878589
SOS,35.0,10,985,4.5758756970988355,0.8971996031878589
SOS,35.0,10,986,-0.9949396763322003,0.8971996031878589
SOS,35.0,10,987,-1.22784399695727,0.8971996031878589
SOS,35.0,10,988,1.1621949633743753,0.8971996031878589
SOS,35.0,10,989,3.6408540175248527,0.8971996031878589
SOS,35.0,10,990,1.7567430851806802,0.8971996031878589
SOS,35.0,10,991,-0.36011504923564197,0.8971996031878589
SOS,35.0,10,992,0.3068253707708706,0.8971996031878589
SOS,35.0,10,993,-0.3144450035785882,0.8971996031878589
SOS,35.0,10,994,0.25515398688223123,0.8971996031878589
SOS,35.0,10,995,-2.714705028527125,0.8971996031878589
SOS,35.0,10,996,2.796861739499172,0.8971996031878589
SOS,35.0,10,997,-1.5258391084867058,0.8971996031878589
SOS,35.0,10,998,2.1762285933596432,0.8971996031878589
SOS,35.0,10,999,-1.4029324034890092,0.8971996031878589
SOS,45.0,10,1,1.5880665238923828,2.248854481285245
SOS,45.0,10,2,2.8020441201386577,2.248854481285245
SOS,45.0,10,3,3.1595840397034443,2.248854481285245
SOS,45.0,10,4,3.3367771986068835,2.248854481285245
SOS,45.0,10,5,1.8311310038889488,2.248854481285245
SOS,45.0,10,6,2.5219286057915973,2.248854481285245
SOS,45.0,10,7,2.15460315697363,2.248854481285245
SOS,45.0,10,8,4.871515770583368,2.248854481285245
SOS,45.0,10,9,4.322652711779709,2.248854481285245
SOS,45.0,10,10,0.9870543522785826,2.248854481285245
SOS,45.0,10,11,1.6460831620257041,2.248854481285245
SOS,45.0,10,12,2.584738655749498,2.248854481285245
SOS,45.0,10,13,1.5317748544312717,2.248854481285245
SOS,45.0,10,14,0.14847251489836177,2.248854481285245
SOS,45.0,10,15,2.5025034163061446,2.248854481285245
SOS,45.0,10,16,3.426323894954171,2.248854481285245
SOS,45.0,10,17,1.2003492196332854,2.248854481285245
SOS,45.0,10,18,2.7126008278385454,2.248854481285245
SOS,45.0,10,19,2.513000602919313,2.248854481285245
SOS,45.0,10,20,3.0778289126009897,2.248854481285245
SOS,45.0,10,21,2.5333990196683573,2.248854481285245
SOS,45.0,10,22,1.2071173659573473,2.248854481285245
SOS,45.0,10,23,2.802912258887156,2.248854481285245
SOS,45.0,10,24,1.6518336676438468,2.248854481285245
SOS,45.0,10,25,1.65186943751779,2.248854481285245
SOS,45.0,10,26,3.2167898372596824,2.248854481285245
SOS,45.0,10,27,1.152705858376986,2.248854481285245
SOS,45.0,10,28,1.3297112795659083,2.248854481285245
SOS,45.0,10,29,2.9782231780020267,2.248854481285245
SOS,45.0,10,30,0.49342686230784416,2.248854481285245
SOS,45.0,10,31,2.297072703884441,2.248854481285245
SOS,45.0,10,32,1.5238845047194591,2.248854481285245
SOS,45.0,10,33,2.7696393439795184,2.248854481285245
SOS,45.0,10,34,2.8583174864117105,2.248854481285245
SOS,45.0,10,35,1.818821652047085,2.248854481285245
SOS,45.0,10,36,3.391840647398606,2.248854481285245
SOS,45.0,10,37,0.05744940456060266,2.248854481285245
SOS,45.0,10,38,4.025511015152141,2.248854481285245
SOS,45.0,10,39,1.0267621507670934,2.248854481285245
SOS,45.0,10,40,2.3084084720224953,2.248854481285245
SOS,45.0,10,41,2.238932247086275,2.248854481285245
SOS,45.0,10,42,3.27888980825681,2.248854481285245
SOS,45.0,10,43,4.372759856061387,2.248854481285245
SOS,45.0,10,44,4.25322875162735,2.248854481285245
SOS,45.0,10,45,1.2755306799689685,2.248854481285245
SOS,45.0,10,46,3.851209572648318,2.248854481285245
SOS,45.0,10,47,1.3581182434783374,2.248854481285245
SOS,45.0,10,48,2.66570558038819,2.248854481285245
SOS,45.0,10,49,1.5444200628274414,2.248854481285245
SOS,45.0,10,50,2.346700054932563,2.248854481285245
SOS,45.0,10,51,0.07808877525625713,2.248854481285245
SOS,45.0,10,52,2.687125128049522,2.248854481285245
SOS,45.0,10,53,0.08187631398038286,2.248854481285245
SOS,45.0,10,54,2.5362178885437956,2.248854481285245
SOS,45.0,10,55,2.4305913570238316,2.248854481285245
SOS,45.0,10,56,1.9724976255311129,2.248854481285245
SOS,45.0,10,57,4.104129456561043,2.248854481285245
SOS,45.0,10,58,2.7717185418119086,2.248854481285245
SOS,45.0,10,59,0.6972094110997682,2.248854481285245
SOS,45.0,10,60,3.625634923582112,2.248854481285245
SOS,45.0,10,61,2.835631303889656,2.248854481285245
SOS,45.0,10,62,1.9987245549348711,2.248854481285245
SOS,45.0,10,63,1.0396326356281889,2.248854481285245
SOS,45.0,10,64,2.454581488514825,2.248854481285245
SOS,45.0,10,65,1.0783176677241872,2.248854481285245
SOS,45.0,10,66,1.8559204307689174,2.248854481285245
SOS,45.0,10,67,3.021481190440482,2.248854481285245
SOS,45.0,10,68,1.0404704944350645,2.248854481285245
SOS,45.0,10,69,1.8181344621847852,2.248854481285245
SOS,45.0,10,70,0.14043330046132518,2.248854481285245
SOS,45.0,10,71,3.3004781920132302,2.248854481285245
SOS,45.0,10,72,2.069000257178004,2.248854481285245
SOS,45.0,10,73,1.6358349463623445,2.248854481285245
SOS,45.0,10,74,2.371722170950866,2.248854481285245
SOS,45.0,10,75,1.4398910641503178,2.248854481285245
SOS,45.0,10,76,2.966026824227532,2.248854481285245
SOS,45.0,10,77,1.5101397113089297,2.248854481285245
SOS,45.0,10,78,2.582458643740386,2.248854481285245
SOS,45.0,10,79,1.7999940798372662,2.248854481285245
SOS,45.0,10,80,1.5998803752389228,2.248854481285245
SOS,45.0,10,81,1.08971828726215,2.248854481285245
SOS,45.0,10,82,1.576894868201463,2.248854481285245
SOS,45.0,10,83,3.649573665083455,2.248854481285245
SOS,45.0,10,84,3.2669377132877075,2.248854481285245
SOS,45.0,10,85,2.2061872871590356,2.248854481285245
SOS,45.0,10,86,2.0582035429499324,2.248854481285245
SOS,45.0,10,87,1.935235857088101,2.248854481285245
SOS,45.0,10,88,3.858959647329381,2.248854481285245
SOS,45.0,10,89,1.0024295716782685,2.248854481285245
SOS,45.0,10,90,1.4008778788936171,2.248854481285245
SOS,45.0,10,91,1.723192786000128,2.248854481285245
SOS,45.0,10,92,3.0969990360683193,2.248854481285245
SOS,45.0,10,93,0.8716050241026798,2.248854481285245
SOS,45.0,10,94,1.9016391077677557,2.248854481285245
SOS,45.0,10,95,2.895813650807051,2.248854481285245
SOS,45.0,10,96,3.9365696664067276,2.248854481285245
SOS,45.0,10,97,2.2826720849823405,2.248854481285245
SOS,45.0,10,98,2.361821638853076,2.248854481285245
SOS,45.0,10,99,1.466833624077277,2.248854481285245
SOS,45.0,10,100,1.6764245454403315,2.248854481285245
SOS,45.0,10,101,1.8811845368984477,2.248854481285245
SOS,45.0,10,102,0.6712850283171286,2.248854481285245
SOS,45.0,10,103,2.5681771697716163,2.248854481285245
SOS,45.0,10,104,3.382861477757993,2.248854481285245
SOS,45.0,10,105,2.6207165591738137,2.248854481285245
SOS,45.0,10,106,1.7137882949446213,2.248854481285245
SOS,45.0,10,107,2.61150647701917,2.248854481285245
SOS,45.0,10,108,1.4766904467048674,2.248854481285245
SOS,45.0,10,109,1.2886243540692963,2.248854481285245
SOS,45.0,10,110,2.013816545872717,2.248854481285245
SOS,45.0,10,111,3.0173984851325377,2.248854481285245
SOS,45.0,10,112,2.094839986327413,2.248854481285245
SOS,45.0,10,113,1.6548027277607262,2.248854481285245
SOS,45.0,10,114,2.3695020030063922,2.248854481285245
SOS,45.0,10,115,2.744665770876592,2.248854481285245
SOS,45.0,10,116,2.428800658139539,2.248854481285245
SOS,45.0,10,117,2.6706173155903965,2.248854481285245
SOS,45.0,10,118,1.6369686726768045,2.248854481285245
SOS,45.0,10,119,3.241243052327923,2.248854481285245
SOS,45.0,10,120,1.161770071059569,2.248854481285245
SOS,45.0,10,121,2.414577139575941,2.248854481285245
SOS,45.0,10,122,4.083335427129388,2.248854481285245
SOS,45.0,10,123,3.5839818135229793,2.248854481285245
SOS,45.0,10,124,0.21116319127048655,2.248854481285245
SOS,45.0,10,125,1.927409694703629,2.248854481285245
SOS,45.0,10,126,2.224124422884897,2.248854481285245
SOS,45.0,10,127,0.22566779663411085,2.248854481285245
SOS,45.0,10,128,2.894440167315767,2.248854481285245
SOS,45.0,10,129,2.257247186895909,2.248854481285245
SOS,45.0,10,130,4.007012218914955,2.248854481285245
SOS,45.0,10,131,1.9963158115279191,2.248854481285245
SOS,45.0,10,132,4.2848922822986335,2.248854481285245
SOS,45.0,10,133,3.597062223201446,2.248854481285245
SOS,45.0,10,134,3.355336511844186,2.248854481285245
SOS,45.0,10,135,2.371832458601111,2.248854481285245
SOS,45.0,10,136,4.056607803792779,2.248854481285245
SOS,45.0,10,137,1.722600251920496,2.248854481285245
SOS,45.0,10,138,1.432163804845311,2.248854481285245
SOS,45.0,10,139,2.6536957911312307,2.248854481285245
SOS,45.0,10,140,5.038209600268727,2.248854481285245
SOS,45.0,10,141,1.176110459218995,2.248854481285245
SOS,45.0,10,142,1.1449676802675344,2.248854481285245
SOS,45.0,10,143,2.617318808015926,2.248854481285245
SOS,45.0,10,144,3.322994170518232,2.248854481285245
SOS,45.0,10,145,2.295351200112411,2.248854481285245
SOS,45.0,10,146,1.880429689729271,2.248854481285245
SOS,45.0,10,147,3.0723877948918314,2.248854481285245
SOS,45.0,10,148,1.1140884085902099,2.248854481285245
SOS,45.0,10,149,3.8269035667368296,2.248854481285245
SOS,45.0,10,150,2.218597636716709,2.248854481285245
SOS,45.0,10,151,3.4294580969105257,2.248854481285245
SOS,45.0,10,152,-1.1039006208948885,2.248854481285245
SOS,45.0,10,153,2.1463829153441347,2.248854481285245
SOS,45.0,10,154,3.282372314553007,2.248854481285245
SOS,45.0,10,155,-0.36612174357224436,2.248854481285245
SOS,45.0,10,156,3.5628480445230952,2.248854481285245
SOS,45.0,10,157,1.9573546149470766,2.248854481285245
SOS,45.0,10,158,3.6619312915518423,2.248854481285245
SOS,45.0,10,159,2.3455322083885477,2.248854481285245
SOS,45.0,10,160,2.252391300155517,2.248854481285245
SOS,45.0,10,161,4.532978748921191,2.248854481285245
SOS,45.0,10,162,1.0284430059080558,2.248854481285245
SOS,45.0,10,163,2.542575720530134,2.248854481285245
SOS,45.0,10,164,3.018727430949889,2.248854481285245
SOS,45.0,10,165,0.7220615053436568,2.248854481285245
SOS,45.0,10,166,1.1568928452327656,2.248854481285245
SOS,45.0,10,167,2.937137789457802,2.248854481285245
SOS,45.0,10,168,2.2326174689447584,2.248854481285245
SOS,45.0,10,169,1.5626157159856413,2.248854481285245
SOS,45.0,10,170,0.8171133598413352,2.248854481285245
SOS,45.0,10,171,2.218061606830868,2.248854481285245
SOS,45.0,10,172,2.718015223670067,2.248854481285245
SOS,45.0,10,173,1.2055077231265825,2.248854481285245
SOS,45.0,10,174,4.767344375531817,2.248854481285245
SOS,45.0,10,175,4.673759399089059,2.248854481285245
SOS,45.0,10,176,2.6924485615564606,2.248854481285245
SOS,45.0,10,177,1.9467511630968755,2.248854481285245
SOS,45.0,10,178,1.3010028539028196,2.248854481285245
SOS,45.0,10,179,3.2137313480577103,2.248854481285245
SOS,45.0,10,180,3.746853607053262,2.248854481285245
SOS,45.0,10,181,1.5685288644662214,2.248854481285245
SOS,45.0,10,182,3.0086808864590533,2.248854481285245
SOS,45.0,10,183,1.5011138432094526,2.248854481285245
SOS,45.0,10,184,1.6592489212305739,2.248854481285245
SOS,45.0,10,185,-0.15876444994116623,2.248854481285245
SOS,45.0,10,186,1.4395643820943491,2.248854481285245
SOS,45.0,10,187,2.1102317441074616,2.248854481285245
SOS,45.0,10,188,2.096024239068963,2.248854481285245
SOS,45.0,10,189,3.719409601808642,2.248854481285245
SOS,45.0,10,190,4.156637569485654,2.248854481285245
SOS,45.0,10,191,2.62130679760066,2.248854481285245
SOS,45.0,10,192,3.115916353003925,2.248854481285245
SOS,45.0,10,193,2.016478107962964,2.248854481285245
SOS,45.0,10,194,4.203696654336797,2.248854481285245
SOS,45.0,10,195,2.0042162517774176,2.248854481285245
SOS,45.0,10,196,3.9673100138703017,2.248854481285245
SOS,45.0,10,197,0.5215657071687101,2.248854481285245
SOS,45.0,10,198,1.2014935358298215,2.248854481285245
SOS,45.0,10,199,-0.1404437703384236,2.248854481285245
SOS,45.0,10,200,3.0314071098253867,2.248854481285245
SOS,45.0,10,201,1.5125195742655215,2.248854481285245
SOS,45.0,10,202,2.540085135620395,2.248854481285245
SOS,45.0,10,203,1.4617625190678294,2.248854481285245
SOS,45.0,10,204,2.7193501150145885,2.248854481285245
SOS,45.0,10,205,0.8420511731673419,2.248854481285245
SOS,45.0,10,206,3.646612581397635,2.248854481285245
SOS,45.0,10,207,1.778538523442545,2.248854481285245
SOS,45.0,10,208,2.5427719093359316,2.248854481285245
SOS,45.0,10,209,1.0940457635818084,2.248854481285245
SOS,45.0,10,210,0.9392762650965476,2.248854481285245
SOS,45.0,10,211,2.5823103121537168,2.248854481285245
SOS,45.0,10,212,2.1244579210568317,2.248854481285245
SOS,45.0,10,213,2.2452579335109153,2.248854481285245
SOS,45.0,10,214,3.9933638024481204,2.248854481285245
SOS,45.0,10,215,2.6628364189210343,2.248854481285245
SOS,45.0,10,216,0.6283098687471332,2.248854481285245
SOS,45.0,10,217,4.289602866576365,2.248854481285245
SOS,45.0,10,218,2.3874335534016073,2.248854481285245
SOS,45.0,10,219,1.591076081874087,2.248854481285245
SOS,45.0,10,220,2.123610935035257,2.248854481285245
SOS,45.0,10,221,2.1361829453520715,2.248854481285245
SOS,45.0,10,222,3.394604199461506,2.248854481285245
SOS,45.0,10,223,3.207368145638811,2.248854481285245
SOS,45.0,10,224,3.760205436017579,2.248854481285245
SOS,45.0,10,225,3.148808375649242,2.248854481285245
SOS,45.0,10,226,1.6629386769059327,2.248854481285245
SOS,45.0,10,227,2.888287024148996,2.248854481285245
SOS,45.0,10,228,1.3370205475061763,2.248854481285245
SOS,45.0,10,229,1.5288994189643932,2.248854481285245
SOS,45.0,10,230,2.5381094235340766,2.248854481285245
SOS,45.0,10,231,3.3674771571173983,2.248854481285245
SOS,45.0,10,232,2.282892585571063,2.248854481285245
SOS,45.0,10,233,2.2022134522807457,2.248854481285245
SOS,45.0,10,234,1.9867633782129555,2.248854481285245
SOS,45.0,10,235,0.8033917939730361,2.248854481285245
SOS,45.0,10,236,3.417424341127356,2.248854481285245
SOS,45.0,10,237,0.7376752101346975,2.248854481285245
SOS,45.0,10,238,2.954625982923446,2.248854481285245
SOS,45.0,10,239,3.85132419881312,2.248854481285245
SOS,45.0,10,240,1.3678099995673996,2.248854481285245
SOS,45.0,10,241,0.082282886333923,2.248854481285245
SOS,45.0,10,242,1.9125611036226988,2.248854481285245
SOS,45.0,10,243,3.725785502977808,2.248854481285245
SOS,45.0,10,244,1.431441560931275,2.248854481285245
SOS,45.0,10,245,3.0844376081854534,2.248854481285245
SOS,45.0,10,246,1.236349821589867,2.248854481285245
SOS,45.0,10,247,2.9155787109304923,2.248854481285245
SOS,45.0,10,248,4.409986031802551,2.248854481285245
SOS,45.0,10,249,2.132637429211788,2.248854481285245
SOS,45.0,10,250,2.038565161400528,2.248854481285245
SOS,45.0,10,251,-0.2883299096496511,2.248854481285245
SOS,45.0,10,252,3.8357128486811733,2.248854481285245
SOS,45.0,10,253,2.6416250687581773,2.248854481285245
SOS,45.0,10,254,1.3819357498740263,2.248854481285245
SOS,45.0,10,255,3.163380537194981,2.248854481285245
SOS,45.0,10,256,0.9219876078117623,2.248854481285245
SOS,45.0,10,257,1.9678446391755857,2.248854481285245
SOS,45.0,10,258,2.0869529991965585,2.248854481285245
SOS,45.0,10,259,2.2093540613059903,2.248854481285245
SOS,45.0,10,260,1.5805541870153796,2.248854481285245
SOS,45.0,10,261,3.397690371392943,2.248854481285245
SOS,45.0,10,262,4.495904781539031,2.248854481285245
SOS,45.0,10,263,1.7466108452449678,2.248854481285245
SOS,45.0,10,264,2.1760965416484037,2.248854481285245
SOS,45.0,10,265,3.8290439168087658,2.248854481285245
SOS,45.0,10,266,1.2156224467864392,2.248854481285245
SOS,45.0,10,267,1.4607897236761795,2.248854481285245
SOS,45.0,10,268,3.0463651000825713,2.248854481285245
SOS,45.0,10,269,2.9348272204728225,2.248854481285245
SOS,45.0,10,270,1.330840907459316,2.248854481285245
SOS,45.0,10,271,3.3151369323677353,2.248854481285245
SOS,45.0,10,272,0.4788039857287511,2.248854481285245
SOS,45.0,10,273,0.8881515527953723,2.248854481285245
SOS,45.0,10,274,2.740261981179964,2.248854481285245
SOS,45.0,10,275,2.814270166389768,2.248854481285245
SOS,45.0,10,276,1.0596024849679502,2.248854481285245
SOS,45.0,10,277,-0.13255025470887927,2.248854481285245
SOS,45.0,10,278,1.4406627900506148,2.248854481285245
SOS,45.0,10,279,3.4070187116460424,2.248854481285245
SOS,45.0,10,280,2.387740121050453,2.248854481285245
SOS,45.0,10,281,1.866028277024605,2.248854481285245
SOS,45.0,10,282,1.8828992679200978,2.248854481285245
SOS,45.0,10,283,2.844779716480711,2.248854481285245
SOS,45.0,10,284,2.025269252320421,2.248854481285245
SOS,45.0,10,285,3.7170681533557666,2.248854481285245
SOS,45.0,10,286,2.8871072929974346,2.248854481285245
SOS,45.0,10,287,2.1485044522637002,2.248854481285245
SOS,45.0,10,288,0.9929753919276747,2.248854481285245
SOS,45.0,10,289,2.486096407266897,2.248854481285245
SOS,45.0,10,290,3.089944448913208,2.248854481285245
SOS,45.0,10,291,3.1770165615690895,2.248854481285245
SOS,45.0,10,292,0.9822081745363012,2.248854481285245
SOS,45.0,10,293,2.942490016194441,2.248854481285245
SOS,45.0,10,294,2.9264667174731427,2.248854481285245
SOS,45.0,10,295,3.2752543921299844,2.248854481285245
SOS,45.0,10,296,1.1526506803742298,2.248854481285245
SOS,45.0,10,297,3.9493713911307573,2.248854481285245
SOS,45.0,10,298,4.2648356513048125,2.248854481285245
SOS,45.0,10,299,2.3751092079033977,2.248854481285245
SOS,45.0,10,300,2.8672830541983183,2.248854481285245
SOS,45.0,10,301,2.2108776596182054,2.248854481285245
SOS,45.0,10,302,4.404898165917545,2.248854481285245
SOS,45.0,10,303,1.5231110568539648,2.248854481285245
SOS,45.0,10,304,3.4167504520673715,2.248854481285245
SOS,45.0,10,305,2.729889068552362,2.248854481285245
SOS,45.0,10,306,0.4413405215480066,2.248854481285245
SOS,45.0,10,307,2.677953754831792,2.248854481285245
SOS,45.0,10,308,1.2568934673890957,2.248854481285245
SOS,45.0,10,309,2.0621290180409324,2.248854481285245
SOS,45.0,10,310,4.3160641184572786,2.248854481285245
SOS,45.0,10,311,2.6201676170359938,2.248854481285245
SOS,45.0,10,312,1.5774647545823366,2.248854481285245
SOS,45.0,10,313,2.1811403874411184,2.248854481285245
SOS,45.0,10,314,1.742288414367606,2.248854481285245
SOS,45.0,10,315,0.7299736401740922,2.248854481285245
SOS,45.0,10,316,2.014950720560895,2.248854481285245
SOS,45.0,10,317,2.181452782253057,2.248854481285245
SOS,45.0,10,318,-0.0316817759815895,2.248854481285245
SOS,45.0,10,319,2.491209785011471,2.248854481285245
SOS,45.0,10,320,1.8599633276735916,2.248854481285245
SOS,45.0,10,321,2.8150795041177545,2.248854481285245
SOS,45.0,10,322,0.9078763299808614,2.248854481285245
SOS,45.0,10,323,0.7629276050957787,2.248854481285245
SOS,45.0,10,324,4.013234656055332,2.248854481285245
SOS,45.0,10,325,3.9842842747451854,2.248854481285245
SOS,45.0,10,326,1.4218164839475649,2.248854481285245
SOS,45.0,10,327,2.286632839526922,2.248854481285245
SOS,45.0,10,328,2.8972722740559917,2.248854481285245
SOS,45.0,10,329,1.1455400333875012,2.248854481285245
SOS,45.0,10,330,4.0009307380442305,2.248854481285245
SOS,45.0,10,331,2.3534710301969426,2.248854481285245
SOS,45.0,10,332,1.174987987852171,2.248854481285245
SOS,45.0,10,333,3.338147816226982,2.248854481285245
SOS,45.0,10,334,2.7609266523810803,2.248854481285245
SOS,45.0,10,335,2.2997428808988376,2.248854481285245
SOS,45.0,10,336,1.4431726963169313,2.248854481285245
SOS,45.0,10,337,2.5885107827786706,2.248854481285245
SOS,45.0,10,338,2.268523044797357,2.248854481285245
SOS,45.0,10,339,0.30002149218788876,2.248854481285245
SOS,45.0,10,340,1.7220665363836352,2.248854481285245
SOS,45.0,10,341,3.078496348449751,2.248854481285245
SOS,45.0,10,342,1.8896960062214114,2.248854481285245
SOS,45.0,10,343,2.26349364910549,2.248854481285245
SOS,45.0,10,344,1.3855843182694447,2.248854481285245
SOS,45.0,10,345,2.907071404929243,2.248854481285245
SOS,45.0,10,346,2.590080153734048,2.248854481285245
SOS,45.0,10,347,0.7697848164525722,2.248854481285245
SOS,45.0,10,348,3.4099771001464054,2.248854481285245
SOS,45.0,10,349,2.1009289368998885,2.248854481285245
SOS,45.0,10,350,2.504793364446553,2.248854481285245
SOS,45.0,10,351,3.3662405042935912,2.248854481285245
SOS,45.0,10,352,2.2643273883158037,2.248854481285245
SOS,45.0,10,353,1.829081571210427,2.248854481285245
SOS,45.0,10,354,0.2093917591190093,2.248854481285245
SOS,45.0,10,355,4.016025040340468,2.248854481285245
SOS,45.0,10,356,2.6675834271734833,2.248854481285245
SOS,45.0,10,357,0.9719273590737496,2.248854481285245
SOS,45.0,10,358,3.3532273207403556,2.248854481285245
SOS,45.0,10,359,0.45394084927586487,2.248854481285245
SOS,45.0,10,360,2.60985274339201,2.248854481285245
SOS,45.0,10,361,3.3192761004981,2.248854481285245
SOS,45.0,10,362,2.5053708366598317,2.248854481285245
SOS,45.0,10,363,3.642539257783822,2.248854481285245
SOS,45.0,10,364,3.368553542430622,2.248854481285245
SOS,45.0,10,365,1.655880406060433,2.248854481285245
SOS,45.0,10,366,2.466552235617801,2.248854481285245
SOS,45.0,10,367,2.1968580777939763,2.248854481285245
SOS,45.0,10,368,0.9534783706100437,2.248854481285245
SOS,45.0,10,369,2.4548482688224507,2.248854481285245
SOS,45.0,10,370,2.650147830349891,2.248854481285245
SOS,45.0,10,371,2.423987292711688,2.248854481285245
SOS,45.0,10,372,2.610247877871691,2.248854481285245
SOS,45.0,10,373,2.5535322740394477,2.248854481285245
SOS,45.0,10,374,0.5492705106235236,2.248854481285245
SOS,45.0,10,375,2.156698258810219,2.248854481285245
SOS,45.0,10,376,2.6418895303318766,2.248854481285245
SOS,45.0,10,377,1.2810054677410307,2.248854481285245
SOS,45.0,10,378,1.1670219712972827,2.248854481285245
SOS,45.0,10,379,3.9416155555507086,2.248854481285245
SOS,45.0,10,380,1.964997966711132,2.248854481285245
SOS,45.0,10,381,2.69231778935711,2.248854481285245
SOS,45.0,10,382,0.19750407276882642,2.248854481285245
SOS,45.0,10,383,1.580607480437418,2.248854481285245
SOS,45.0,10,384,2.4315326207434227,2.248854481285245
SOS,45.0,10,385,1.6443838385737894,2.248854481285245
SOS,45.0,10,386,2.9950278318382404,2.248854481285245
SOS,45.0,10,387,3.552423755216632,2.248854481285245
SOS,45.0,10,388,1.8474510386820304,2.248854481285245
SOS,45.0,10,389,2.3058003484079115,2.248854481285245
SOS,45.0,10,390,3.0765245620231214,2.248854481285245
SOS,45.0,10,391,1.013332005699752,2.248854481285245
SOS,45.0,10,392,3.4617222381329977,2.248854481285245
SOS,45.0,10,393,2.0386368130063057,2.248854481285245
SOS,45.0,10,394,3.356292488841782,2.248854481285245
SOS,45.0,10,395,3.766588935654083,2.248854481285245
SOS,45.0,10,396,4.091822993998991,2.248854481285245
SOS,45.0,10,397,1.0523978704053591,2.248854481285245
SOS,45.0,10,398,4.529022893963899,2.248854481285245
SOS,45.0,10,399,4.320745374275569,2.248854481285245
SOS,45.0,10,400,3.0381653273540365,2.248854481285245
SOS,45.0,10,401,2.2968870536679704,2.248854481285245
SOS,45.0,10,402,3.9405762196198086,2.248854481285245
SOS,45.0,10,403,3.2780002011021154,2.248854481285245
SOS,45.0,10,404,2.5861903204055205,2.248854481285245
SOS,45.0,10,405,2.7948228163361217,2.248854481285245
SOS,45.0,10,406,3.407622139442883,2.248854481285245
SOS,45.0,10,407,1.0123741969509907,2.248854481285245
SOS,45.0,10,408,2.2099302032537596,2.248854481285245
SOS,45.0,10,409,2.1581674943122495,2.248854481285245
SOS,45.0,10,410,4.694383996077167,2.248854481285245
SOS,45.0,10,411,3.4187999847915638,2.248854481285245
SOS,45.0,10,412,4.725185361645,2.248854481285245
SOS,45.0,10,413,2.712728022350305,2.248854481285245
SOS,45.0,10,414,1.4272323793292891,2.248854481285245
SOS,45.0,10,415,3.3805865308053566,2.248854481285245
SOS,45.0,10,416,-0.49246197190017615,2.248854481285245
SOS,45.0,10,417,2.3530821699109152,2.248854481285245
SOS,45.0,10,418,1.8527027968284764,2.248854481285245
SOS,45.0,10,419,2.2891817833703314,2.248854481285245
SOS,45.0,10,420,2.3526465968283308,2.248854481285245
SOS,45.0,10,421,2.307081457748782,2.248854481285245
SOS,45.0,10,422,2.394749533248744,2.248854481285245
SOS,45.0,10,423,3.6468950430924436,2.248854481285245
SOS,45.0,10,424,3.148489248167414,2.248854481285245
SOS,45.0,10,425,2.9086950694536204,2.248854481285245
SOS,45.0,10,426,2.8719190074174494,2.248854481285245
SOS,45.0,10,427,2.955326391057171,2.248854481285245
SOS,45.0,10,428,1.9830402119694477,2.248854481285245
SOS,45.0,10,429,1.0598091659859603,2.248854481285245
SOS,45.0,10,430,2.4115626625484223,2.248854481285245
SOS,45.0,10,431,0.24715058823305536,2.248854481285245
SOS,45.0,10,432,1.565913145510283,2.248854481285245
SOS,45.0,10,433,2.0375409640135205,2.248854481285245
SOS,45.0,10,434,1.4504545157339872,2.248854481285245
SOS,45.0,10,435,3.810208243782832,2.248854481285245
SOS,45.0,10,436,2.1893944649239776,2.248854481285245
SOS,45.0,10,437,3.3402137597922,2.248854481285245
SOS,45.0,10,438,0.8062711240442506,2.248854481285245
SOS,45.0,10,439,2.2663761680618038,2.248854481285245
SOS,45.0,10,440,2.8330742188429925,2.248854481285245
SOS,45.0,10,441,1.7352990989380646,2.248854481285245
SOS,45.0,10,442,3.3472694502040343,2.248854481285245
SOS,45.0,10,443,3.0344531392919842,2.248854481285245
SOS,45.0,10,444,2.1559658304188254,2.248854481285245
SOS,45.0,10,445,3.484917125626438,2.248854481285245
SOS,45.0,10,446,3.128727517989092,2.248854481285245
SOS,45.0,10,447,2.914635683937811,2.248854481285245
SOS,45.0,10,448,3.3151194492069997,2.248854481285245
SOS,45.0,10,449,2.6665268004488665,2.248854481285245
SOS,45.0,10,450,3.895751750992492,2.248854481285245
SOS,45.0,10,451,3.1963353129160628,2.248854481285245
SOS,45.0,10,452,0.9602999156666356,2.248854481285245
SOS,45.0,10,453,2.4139761318233663,2.248854481285245
SOS,45.0,10,454,3.884252894399169,2.248854481285245
SOS,45.0,10,455,0.4839228409494105,2.248854481285245
SOS,45.0,10,456,0.8407811237162344,2.248854481285245
SOS,45.0,10,457,2.9477959076511002,2.248854481285245
SOS,45.0,10,458,3.3150481949599344,2.248854481285245
SOS,45.0,10,459,1.2949557018829663,2.248854481285245
SOS,45.0,10,460,1.2424534103626899,2.248854481285245
SOS,45.0,10,461,0.7719177385711231,2.248854481285245
SOS,45.0,10,462,3.660963415023388,2.248854481285245
SOS,45.0,10,463,3.6543959367268553,2.248854481285245
SOS,45.0,10,464,1.073405178561005,2.248854481285245
SOS,45.0,10,465,2.549052679354776,2.248854481285245
SOS,45.0,10,466,3.3722856812867277,2.248854481285245
SOS,45.0,10,467,1.8959877942337475,2.248854481285245
SOS,45.0,10,468,3.59349440452074,2.248854481285245
SOS,45.0,10,469,3.200328443286249,2.248854481285245
SOS,45.0,10,470,3.8486311493609846,2.248854481285245
SOS,45.0,10,471,2.355113505052868,2.248854481285245
SOS,45.0,10,472,1.3042836806522702,2.248854481285245
SOS,45.0,10,473,2.334995799579228,2.248854481285245
SOS,45.0,10,474,1.0298059323655997,2.248854481285245
SOS,45.0,10,475,0.5948805541378164,2.248854481285245
SOS,45.0,10,476,1.711407031158377,2.248854481285245
SOS,45.0,10,477,2.772367956263437,2.248854481285245
SOS,45.0,10,478,0.49964330413623764,2.248854481285245
SOS,45.0,10,479,1.6744233775034876,2.248854481285245
SOS,45.0,10,480,-0.2859789312874357,2.248854481285245
SOS,45.0,10,481,4.150864162992688,2.248854481285245
SOS,45.0,10,482,2.9766221668131974,2.248854481285245
SOS,45.0,10,483,1.1974761233567275,2.248854481285245
SOS,45.0,10,484,2.5785838713518494,2.248854481285245
SOS,45.0,10,485,2.608522409987055,2.248854481285245
SOS,45.0,10,486,2.9363296624724597,2.248854481285245
SOS,45.0,10,487,4.583958471067314,2.248854481285245
SOS,45.0,10,488,2.7100109871298597,2.248854481285245
SOS,45.0,10,489,1.1687096412289322,2.248854481285245
SOS,45.0,10,490,4.727911624256536,2.248854481285245
SOS,45.0,10,491,1.3146705291609575,2.248854481285245
SOS,45.0,10,492,1.3106511073999574,2.248854481285245
SOS,45.0,10,493,2.47941642179474,2.248854481285245
SOS,45.0,10,494,3.6582432389645723,2.248854481285245
SOS,45.0,10,495,0.8695738706061131,2.248854481285245
SOS,45.0,10,496,1.58923621402231,2.248854481285245
SOS,45.0,10,497,1.9221316653361622,2.248854481285245
SOS,45.0,10,498,2.1678054342634407,2.248854481285245
SOS,45.0,10,499,3.137406013313636,2.248854481285245
SOS,45.0,10,500,0.7136213041891619,2.248854481285245
SOS,45.0,10,501,2.4130964681733147,2.248854481285245
SOS,45.0,10,502,2.8550549908839224,2.248854481285245
SOS,45.0,10,503,2.25217563747111,2.248854481285245
SOS,45.0,10,504,0.9834525881914344,2.248854481285245
SOS,45.0,10,505,2.8639485338047623,2.248854481285245
SOS,45.0,10,506,2.8884260657368284,2.248854481285245
SOS,45.0,10,507,2.27473165255757,2.248854481285245
SOS,45.0,10,508,2.012188411052848,2.248854481285245
SOS,45.0,10,509,0.5965131853490488,2.248854481285245
SOS,45.0,10,510,4.872439339436734,2.248854481285245
SOS,45.0,10,511,2.4954024145336735,2.248854481285245
SOS,45.0,10,512,1.3855176440699266,2.248854481285245
SOS,45.0,10,513,-0.5803656604226503,2.248854481285245
SOS,45.0,10,514,1.8579667389187353,2.248854481285245
SOS,45.0,10,515,1.8217888696572129,2.248854481285245
SOS,45.0,10,516,1.6759279467293768,2.248854481285245
SOS,45.0,10,517,0.32710663973182597,2.248854481285245
SOS,45.0,10,518,2.6644592232349313,2.248854481285245
SOS,45.0,10,519,3.003863545889721,2.248854481285245
SOS,45.0,10,520,1.9981407756856613,2.248854481285245
SOS,45.0,10,521,1.3933102503164643,2.248854481285245
SOS,45.0,10,522,2.109327773179965,2.248854481285245
SOS,45.0,10,523,1.592964850364364,2.248854481285245
SOS,45.0,10,524,2.137865823803219,2.248854481285245
SOS,45.0,10,525,2.106533975284519,2.248854481285245
SOS,45.0,10,526,2.7504122553640205,2.248854481285245
SOS,45.0,10,527,1.9468178437829184,2.248854481285245
SOS,45.0,10,528,3.6197124516158095,2.248854481285245
SOS,45.0,10,529,1.0689075082175743,2.248854481285245
SOS,45.0,10,530,2.1841916784176436,2.248854481285245
SOS,45.0,10,531,0.4962691678145408,2.248854481285245
SOS,45.0,10,532,3.266318870084538,2.248854481285245
SOS,45.0,10,533,1.6252849120939108,2.248854481285245
SOS,45.0,10,534,1.799113781051626,2.248854481285245
SOS,45.0,10,535,1.2351966536249894,2.248854481285245
SOS,45.0,10,536,0.9459589309581468,2.248854481285245
SOS,45.0,10,537,2.793449757283512,2.248854481285245
SOS,45.0,10,538,1.3257669662756402,2.248854481285245
SOS,45.0,10,539,3.8914806159169917,2.248854481285245
SOS,45.0,10,540,1.929885171025033,2.248854481285245
SOS,45.0,10,541,1.5848332904514564,2.248854481285245
SOS,45.0,10,542,1.8097992869934216,2.248854481285245
SOS,45.0,10,543,2.731999538875638,2.248854481285245
SOS,45.0,10,544,3.687414261147553,2.248854481285245
SOS,45.0,10,545,2.8345950909201107,2.248854481285245
SOS,45.0,10,546,3.675591976509766,2.248854481285245
SOS,45.0,10,547,3.1625832863695553,2.248854481285245
SOS,45.0,10,548,2.154203998793623,2.248854481285245
SOS,45.0,10,549,1.2566417487966277,2.248854481285245
SOS,45.0,10,550,3.4218532198378675,2.248854481285245
SOS,45.0,10,551,3.5277499267694705,2.248854481285245
SOS,45.0,10,552,1.8007569970823782,2.248854481285245
SOS,45.0,10,553,1.1150820613230814,2.248854481285245
SOS,45.0,10,554,2.5741672225284864,2.248854481285245
SOS,45.0,10,555,1.0499083178797437,2.248854481285245
SOS,45.0,10,556,2.6385730369835585,2.248854481285245
SOS,45.0,10,557,2.32484258614304,2.248854481285245
SOS,45.0,10,558,0.784854016229521,2.248854481285245
SOS,45.0,10,559,2.6100526914430446,2.248854481285245
SOS,45.0,10,560,-0.05481026404360545,2.248854481285245
SOS,45.0,10,561,1.3101506669723937,2.248854481285245
SOS,45.0,10,562,3.461418043984017,2.248854481285245
SOS,45.0,10,563,3.5738659617094832,2.248854481285245
SOS,45.0,10,564,1.603419558975835,2.248854481285245
SOS,45.0,10,565,3.3899666273821984,2.248854481285245
SOS,45.0,10,566,2.2982426498293673,2.248854481285245
SOS,45.0,10,567,4.595050576868223,2.248854481285245
SOS,45.0,10,568,2.129297289955753,2.248854481285245
SOS,45.0,10,569,2.3348964590970502,2.248854481285245
SOS,45.0,10,570,2.5531648121530224,2.248854481285245
SOS,45.0,10,571,3.5497330426600477,2.248854481285245
SOS,45.0,10,572,2.4985096467714367,2.248854481285245
SOS,45.0,10,573,2.0451713741633077,2.248854481285245
SOS,45.0,10,574,3.7963648937255794,2.248854481285245
SOS,45.0,10,575,1.1285888769795587,2.248854481285245
SOS,45.0,10,576,1.977263484388825,2.248854481285245
SOS,45.0,10,577,0.0915032335485001,2.248854481285245
SOS,45.0,10,578,3.782165837154029,2.248854481285245
SOS,45.0,10,579,4.51763113850239,2.248854481285245
SOS,45.0,10,580,1.9183513395187406,2.248854481285245
SOS,45.0,10,581,3.197036526802268,2.248854481285245
SOS,45.0,10,582,1.8112104709073424,2.248854481285245
SOS,45.0,10,583,0.6605165324121877,2.248854481285245
SOS,45.0,10,584,2.160304767597113,2.248854481285245
SOS,45.0,10,585,0.7683567824376827,2.248854481285245
SOS,45.0,10,586,3.6215570550557956,2.248854481285245
SOS,45.0,10,587,1.4902807614414222,2.248854481285245
SOS,45.0,10,588,3.1529423758788013,2.248854481285245
SOS,45.0,10,589,2.7933308977274356,2.248854481285245
SOS,45.0,10,590,0.9745846488839657,2.248854481285245
SOS,45.0,10,591,2.468110906145482,2.248854481285245
SOS,45.0,10,592,2.9948917339401784,2.248854481285245
SOS,45.0,10,593,1.7346532361794533,2.248854481285245
SOS,45.0,10,594,1.875686027373521,2.248854481285245
SOS,45.0,10,595,2.018928275761777,2.248854481285245
SOS,45.0,10,596,2.0362120481756047,2.248854481285245
SOS,45.0,10,597,2.5276212304088057,2.248854481285245
SOS,45.0,10,598,2.548995156857127,2.248854481285245
SOS,45.0,10,599,3.452220001123208,2.248854481285245
SOS,45.0,10,600,1.0878401793855863,2.248854481285245
SOS,45.0,10,601,0.25287558941374844,2.248854481285245
SOS,45.0,10,602,1.864213415831691,2.248854481285245
SOS,45.0,10,603,1.840709456084732,2.248854481285245
SOS,45.0,10,604,2.960578129454662,2.248854481285245
SOS,45.0,10,605,1.3876706739162175,2.248854481285245
SOS,45.0,10,606,2.685204123130476,2.248854481285245
SOS,45.0,10,607,1.4933485748846187,2.248854481285245
SOS,45.0,10,608,2.640875159967261,2.248854481285245
SOS,45.0,10,609,4.136824047619491,2.248854481285245
SOS,45.0,10,610,3.6511117916708526,2.248854481285245
SOS,45.0,10,611,2.9300528141350135,2.248854481285245
SOS,45.0,10,612,3.217291599186419,2.248854481285245
SOS,45.0,10,613,3.242305996001382,2.248854481285245
SOS,45.0,10,614,1.62844100110938,2.248854481285245
SOS,45.0,10,615,3.2375359787778,2.248854481285245
SOS,45.0,10,616,3.428723792295695,2.248854481285245
SOS,45.0,10,617,1.5927459254054903,2.248854481285245
SOS,45.0,10,618,1.410689667981913,2.248854481285245
SOS,45.0,10,619,3.2564842343856917,2.248854481285245
SOS,45.0,10,620,1.49307015114185,2.248854481285245
SOS,45.0,10,621,2.085467685528675,2.248854481285245
SOS,45.0,10,622,3.092085878405627,2.248854481285245
SOS,45.0,10,623,1.330595947294759,2.248854481285245
SOS,45.0,10,624,2.3814332025391436,2.248854481285245
SOS,45.0,10,625,3.318329383143155,2.248854481285245
SOS,45.0,10,626,2.2719906801717307,2.248854481285245
SOS,45.0,10,627,5.661969205992519,2.248854481285245
SOS,45.0,10,628,1.7906887450868614,2.248854481285245
SOS,45.0,10,629,2.0257547131000813,2.248854481285245
SOS,45.0,10,630,1.2394202536127397,2.248854481285245
SOS,45.0,10,631,2.178640949343992,2.248854481285245
SOS,45.0,10,632,1.9240836161210852,2.248854481285245
SOS,45.0,10,633,3.64230900377001,2.248854481285245
SOS,45.0,10,634,2.8587157465961797,2.248854481285245
SOS,45.0,10,635,4.498362071603176,2.248854481285245
SOS,45.0,10,636,1.2776302289926686,2.248854481285245
SOS,45.0,10,637,2.072795149686723,2.248854481285245
SOS,45.0,10,638,3.139952662787218,2.248854481285245
SOS,45.0,10,639,3.281061019625244,2.248854481285245
SOS,45.0,10,640,3.4781974768767183,2.248854481285245
SOS,45.0,10,641,0.6198732360013757,2.248854481285245
SOS,45.0,10,642,3.1973130518808333,2.248854481285245
SOS,45.0,10,643,0.03871449439410313,2.248854481285245
SOS,45.0,10,644,1.2338845412184116,2.248854481285245
SOS,45.0,10,645,1.6494179953939114,2.248854481285245
SOS,45.0,10,646,4.215630827003104,2.248854481285245
SOS,45.0,10,647,3.2668500816315555,2.248854481285245
SOS,45.0,10,648,2.700701232825703,2.248854481285245
SOS,45.0,10,649,1.4143919948672214,2.248854481285245
SOS,45.0,10,650,3.252355587524263,2.248854481285245
SOS,45.0,10,651,1.9715344020242358,2.248854481285245
SOS,45.0,10,652,2.463868200479805,2.248854481285245
SOS,45.0,10,653,1.4791040119736956,2.248854481285245
SOS,45.0,10,654,2.904977465350818,2.248854481285245
SOS,45.0,10,655,0.14855419930726788,2.248854481285245
SOS,45.0,10,656,2.925952523518627,2.248854481285245
SOS,45.0,10,657,1.1203671338954777,2.248854481285245
SOS,45.0,10,658,0.32163330588042016,2.248854481285245
SOS,45.0,10,659,1.7948287947764274,2.248854481285245
SOS,45.0,10,660,2.406414266872097,2.248854481285245
SOS,45.0,10,661,3.5878782976333596,2.248854481285245
SOS,45.0,10,662,2.532918284059754,2.248854481285245
SOS,45.0,10,663,1.7887412933597906,2.248854481285245
SOS,45.0,10,664,3.750879632319911,2.248854481285245
SOS,45.0,10,665,1.8308868407345318,2.248854481285245
SOS,45.0,10,666,3.800249165929383,2.248854481285245
SOS,45.0,10,667,1.8776342274727655,2.248854481285245
SOS,45.0,10,668,2.928057059023465,2.248854481285245
SOS,45.0,10,669,1.7064933450993007,2.248854481285245
SOS,45.0,10,670,2.111218022529821,2.248854481285245
SOS,45.0,10,671,2.1503117280834747,2.248854481285245
SOS,45.0,10,672,1.8340844808610104,2.248854481285245
SOS,45.0,10,673,2.2139139342375285,2.248854481285245
SOS,45.0,10,674,2.626783209908372,2.248854481285245
SOS,45.0,10,675,2.7465581916584765,2.248854481285245
SOS,45.0,10,676,1.9985615050094019,2.248854481285245
SOS,45.0,10,677,3.3328392494443326,2.248854481285245
SOS,45.0,10,678,2.116140387903083,2.248854481285245
SOS,45.0,10,679,1.2991916008889157,2.248854481285245
SOS,45.0,10,680,1.7738394003515068,2.248854481285245
SOS,45.0,10,681,2.4852168485106416,2.248854481285245
SOS,45.0,10,682,2.821890473475109,2.248854481285245
SOS,45.0,10,683,-0.1456885701672821,2.248854481285245
SOS,45.0,10,684,4.1709698745098605,2.248854481285245
SOS,45.0,10,685,1.0805455986080594,2.248854481285245
SOS,45.0,10,686,1.5493853388398253,2.248854481285245
SOS,45.0,10,687,1.7298449173447001,2.248854481285245
SOS,45.0,10,688,2.5324355768416114,2.248854481285245
SOS,45.0,10,689,3.2213614929332643,2.248854481285245
SOS,45.0,10,690,4.260795712229946,2.248854481285245
SOS,45.0,10,691,0.2267452273292646,2.248854481285245
SOS,45.0,10,692,4.466699202093952,2.248854481285245
SOS,45.0,10,693,2.6384172101514136,2.248854481285245
SOS,45.0,10,694,2.1811403426597176,2.248854481285245
SOS,45.0,10,695,2.7571316354819664,2.248854481285245
SOS,45.0,10,696,0.8211198413412232,2.248854481285245
SOS,45.0,10,697,0.9727467764065638,2.248854481285245
SOS,45.0,10,698,2.974618514273721,2.248854481285245
SOS,45.0,10,699,3.4659126155441746,2.248854481285245
SOS,45.0,10,700,-0.558876095398523,2.248854481285245
SOS,45.0,10,701,1.0361415092273643,2.248854481285245
SOS,45.0,10,702,3.2336314169097085,2.248854481285245
SOS,45.0,10,703,0.727205899772775,2.248854481285245
SOS,45.0,10,704,3.092939414455874,2.248854481285245
SOS,45.0,10,705,0.950818423841559,2.248854481285245
SOS,45.0,10,706,5.087071583007559,2.248854481285245
SOS,45.0,10,707,0.5718730171265793,2.248854481285245
SOS,45.0,10,708,1.9143688509218062,2.248854481285245
SOS,45.0,10,709,4.411684545372484,2.248854481285245
SOS,45.0,10,710,2.432804845942168,2.248854481285245
SOS,45.0,10,711,3.0480641482193223,2.248854481285245
SOS,45.0,10,712,3.037163945108892,2.248854481285245
SOS,45.0,10,713,2.7426198741570444,2.248854481285245
SOS,45.0,10,714,2.1217025892498427,2.248854481285245
SOS,45.0,10,715,1.7581616389079688,2.248854481285245
SOS,45.0,10,716,3.346639822140266,2.248854481285245
SOS,45.0,10,717,1.1934262423500865,2.248854481285245
SOS,45.0,10,718,3.1901479568913755,2.248854481285245
SOS,45.0,10,719,1.0595436474555586,2.248854481285245
SOS,45.0,10,720,2.08595772441817,2.248854481285245
SOS,45.0,10,721,2.352456674889214,2.248854481285245
SOS,45.0,10,722,3.251971330738269,2.248854481285245
SOS,45.0,10,723,2.136155223351355,2.248854481285245
SOS,45.0,10,724,3.6257821651884328,2.248854481285245
SOS,45.0,10,725,2.7735019433273678,2.248854481285245
SOS,45.0,10,726,1.9715770132443047,2.248854481285245
SOS,45.0,10,727,3.0665949536186767,2.248854481285245
SOS,45.0,10,728,3.807116360305284,2.248854481285245
SOS,45.0,10,729,0.13404881034579152,2.248854481285245
SOS,45.0,10,730,2.7195556012607245,2.248854481285245
SOS,45.0,10,731,2.259151709617076,2.248854481285245
SOS,45.0,10,732,2.4188411224979687,2.248854481285245
SOS,45.0,10,733,1.7162008901296861,2.248854481285245
SOS,45.0,10,734,2.429796741873634,2.248854481285245
SOS,45.0,10,735,4.1908042568521395,2.248854481285245
SOS,45.0,10,736,-1.0793279955562554,2.248854481285245
SOS,45.0,10,737,2.167343635022624,2.248854481285245
SOS,45.0,10,738,0.966469297155398,2.248854481285245
SOS,45.0,10,739,2.533937789700319,2.248854481285245
SOS,45.0,10,740,3.6239442587264947,2.248854481285245
SOS,45.0,10,741,0.32052394006835705,2.248854481285245
SOS,45.0,10,742,1.5040071882838366,2.248854481285245
SOS,45.0,10,743,-0.7445177483704597,2.248854481285245
SOS,45.0,10,744,0.6582250757401488,2.248854481285245
SOS,45.0,10,745,2.5936293888455904,2.248854481285245
SOS,45.0,10,746,3.613704397794528,2.248854481285245
SOS,45.0,10,747,2.8281315190320564,2.248854481285245
SOS,45.0,10,748,2.6666916240308796,2.248854481285245
SOS,45.0,10,749,1.7533921841200313,2.248854481285245
SOS,45.0,10,750,2.6249795517131744,2.248854481285245
SOS,45.0,10,751,4.484671066870899,2.248854481285245
SOS,45.0,10,752,0.11629488711044211,2.248854481285245
SOS,45.0,10,753,1.8540438952798821,2.248854481285245
SOS,45.0,10,754,3.0471105010279427,2.248854481285245
SOS,45.0,10,755,3.0204705766694144,2.248854481285245
SOS,45.0,10,756,2.665701908171446,2.248854481285245
SOS,45.0,10,757,1.1061310736489596,2.248854481285245
SOS,45.0,10,758,0.030151269744215003,2.248854481285245
SOS,45.0,10,759,1.6174450136952396,2.248854481285245
SOS,45.0,10,760,1.0135379988225945,2.248854481285245
SOS,45.0,10,761,3.6961634434421846,2.248854481285245
SOS,45.0,10,762,0.6568055472460776,2.248854481285245
SOS,45.0,10,763,2.3879131649421703,2.248854481285245
SOS,45.0,10,764,2.4214743434591943,2.248854481285245
SOS,45.0,10,765,2.0780154851032213,2.248854481285245
SOS,45.0,10,766,2.174326706778414,2.248854481285245
SOS,45.0,10,767,2.3750588371873156,2.248854481285245
SOS,45.0,10,768,0.3777304021298078,2.248854481285245
SOS,45.0,10,769,2.8866702726184794,2.248854481285245
SOS,45.0,10,770,2.114197776697989,2.248854481285245
SOS,45.0,10,771,-0.6178047403740127,2.248854481285245
SOS,45.0,10,772,3.1007452532949036,2.248854481285245
SOS,45.0,10,773,2.3637898366955548,2.248854481285245
SOS,45.0,10,774,1.7403310552353963,2.248854481285245
SOS,45.0,10,775,1.924700368054235,2.248854481285245
SOS,45.0,10,776,1.553030552625482,2.248854481285245
SOS,45.0,10,777,2.8424488159593615,2.248854481285245
SOS,45.0,10,778,1.2965107943567689,2.248854481285245
SOS,45.0,10,779,3.2272577249689416,2.248854481285245
SOS,45.0,10,780,0.9736011786705412,2.248854481285245
SOS,45.0,10,781,3.1800167081684467,2.248854481285245
SOS,45.0,10,782,2.677915077422419,2.248854481285245
SOS,45.0,10,783,3.5962476642914543,2.248854481285245
SOS,45.0,10,784,0.39864152837717814,2.248854481285245
SOS,45.0,10,785,3.279700969016506,2.248854481285245
SOS,45.0,10,786,1.4508290752196433,2.248854481285245
SOS,45.0,10,787,5.134946096028081,2.248854481285245
SOS,45.0,10,788,2.701738917564258,2.248854481285245
SOS,45.0,10,789,4.121678282886062,2.248854481285245
SOS,45.0,10,790,1.5930069170238188,2.248854481285245
SOS,45.0,10,791,3.04333704828402,2.248854481285245
SOS,45.0,10,792,0.25180334451114117,2.248854481285245
SOS,45.0,10,793,2.5315689246317903,2.248854481285245
SOS,45.0,10,794,2.691909070820964,2.248854481285245
SOS,45.0,10,795,1.3564752317026691,2.248854481285245
SOS,45.0,10,796,-0.2749757421068617,2.248854481285245
SOS,45.0,10,797,3.738186122474908,2.248854481285245
SOS,45.0,10,798,1.1889421645190854,2.248854481285245
SOS,45.0,10,799,1.5182229739994137,2.248854481285245
SOS,45.0,10,800,2.3316780948444076,2.248854481285245
SOS,45.0,10,801,3.2498992331066967,2.248854481285245
SOS,45.0,10,802,0.4575520245070429,2.248854481285245
SOS,45.0,10,803,3.6187880652826077,2.248854481285245
SOS,45.0,10,804,2.4812928325134114,2.248854481285245
SOS,45.0,10,805,2.316379057356137,2.248854481285245
SOS,45.0,10,806,1.6993012949399007,2.248854481285245
SOS,45.0,10,807,1.9805634398250838,2.248854481285245
SOS,45.0,10,808,2.8825564967674,2.248854481285245
SOS,45.0,10,809,1.4656189449410064,2.248854481285245
SOS,45.0,10,810,1.7110869743731096,2.248854481285245
SOS,45.0,10,811,2.7624731014953676,2.248854481285245
SOS,45.0,10,812,2.9295806527564827,2.248854481285245
SOS,45.0,10,813,1.9587904251249217,2.248854481285245
SOS,45.0,10,814,2.7846030538232824,2.248854481285245
SOS,45.0,10,815,2.420489498042416,2.248854481285245
SOS,45.0,10,816,1.8977413822823825,2.248854481285245
SOS,45.0,10,817,1.242630527958167,2.248854481285245
SOS,45.0,10,818,2.7383545507759504,2.248854481285245
SOS,45.0,10,819,3.8343769370920167,2.248854481285245
SOS,45.0,10,820,2.107008065682147,2.248854481285245
SOS,45.0,10,821,1.640892487615351,2.248854481285245
SOS,45.0,10,822,0.3857538297076998,2.248854481285245
SOS,45.0,10,823,1.52426661277461,2.248854481285245
SOS,45.0,10,824,3.291645585034961,2.248854481285245
SOS,45.0,10,825,2.846624910448848,2.248854481285245
SOS,45.0,10,826,1.36528074378475,2.248854481285245
SOS,45.0,10,827,2.631486037146308,2.248854481285245
SOS,45.0,10,828,0.9780168439219972,2.248854481285245
SOS,45.0,10,829,3.190032337353526,2.248854481285245
SOS,45.0,10,830,1.5630156248566291,2.248854481285245
SOS,45.0,10,831,1.456739522774607,2.248854481285245
SOS,45.0,10,832,1.7673504093274053,2.248854481285245
SOS,45.0,10,833,1.0027081132844964,2.248854481285245
SOS,45.0,10,834,2.787365580374067,2.248854481285245
SOS,45.0,10,835,2.5078342898766675,2.248854481285245
SOS,45.0,10,836,3.322136709476599,2.248854481285245
SOS,45.0,10,837,2.414906570247017,2.248854481285245
SOS,45.0,10,838,2.4794448969210463,2.248854481285245
SOS,45.0,10,839,3.4740921249755896,2.248854481285245
SOS,45.0,10,840,2.660364048066932,2.248854481285245
SOS,45.0,10,841,3.3055402136889347,2.248854481285245
SOS,45.0,10,842,2.2340545191167376,2.248854481285245
SOS,45.0,10,843,1.5104959905126747,2.248854481285245
SOS,45.0,10,844,3.049738524731653,2.248854481285245
SOS,45.0,10,845,1.3438869621830716,2.248854481285245
SOS,45.0,10,846,2.593188592669896,2.248854481285245
SOS,45.0,10,847,2.153340679262863,2.248854481285245
SOS,45.0,10,848,2.16331168653951,2.248854481285245
SOS,45.0,10,849,2.543244805261696,2.248854481285245
SOS,45.0,10,850,2.6999163143494176,2.248854481285245
SOS,45.0,10,851,2.8203742465084565,2.248854481285245
SOS,45.0,10,852,2.8492115006492624,2.248854481285245
SOS,45.0,10,853,4.078613059012936,2.248854481285245
SOS,45.0,10,854,2.9045162648628358,2.248854481285245
SOS,45.0,10,855,2.8639267868445946,2.248854481285245
SOS,45.0,10,856,2.0225632256335335,2.248854481285245
SOS,45.0,10,857,3.3535847645103,2.248854481285245
SOS,45.0,10,858,1.2375453474515936,2.248854481285245
SOS,45.0,10,859,2.363059272814227,2.248854481285245
SOS,45.0,10,860,2.2402441334788374,2.248854481285245
SOS,45.0,10,861,1.530141288689651,2.248854481285245
SOS,45.0,10,862,1.8473146104848857,2.248854481285245
SOS,45.0,10,863,2.369299857883443,2.248854481285245
SOS,45.0,10,864,2.596329559526451,2.248854481285245
SOS,45.0,10,865,2.16651878067273,2.248854481285245
SOS,45.0,10,866,2.8644744307731145,2.248854481285245
SOS,45.0,10,867,5.00746656129601,2.248854481285245
SOS,45.0,10,868,0.7933870049827083,2.248854481285245
SOS,45.0,10,869,2.6384831062175604,2.248854481285245
SOS,45.0,10,870,2.624928804660594,2.248854481285245
SOS,45.0,10,871,3.389868306608835,2.248854481285245
SOS,45.0,10,872,3.020926099330026,2.248854481285245
SOS,45.0,10,873,2.0014442594665893,2.248854481285245
SOS,45.0,10,874,3.0632340196033945,2.248854481285245
SOS,45.0,10,875,1.9559429229099856,2.248854481285245
SOS,45.0,10,876,0.44224663413420684,2.248854481285245
SOS,45.0,10,877,0.7200196053806378,2.248854481285245
SOS,45.0,10,878,4.317136607309339,2.248854481285245
SOS,45.0,10,879,1.9632710997599263,2.248854481285245
SOS,45.0,10,880,0.6851075860179208,2.248854481285245
SOS,45.0,10,881,0.7832240101081371,2.248854481285245
SOS,45.0,10,882,4.330083084174641,2.248854481285245
SOS,45.0,10,883,3.0102130995914065,2.248854481285245
SOS,45.0,10,884,0.7317384476731323,2.248854481285245
SOS,45.0,10,885,1.776246049567646,2.248854481285245
SOS,45.0,10,886,1.9266168745901187,2.248854481285245
SOS,45.0,10,887,1.478701574397889,2.248854481285245
SOS,45.0,10,888,-0.324621366138512,2.248854481285245
SOS,45.0,10,889,2.6440146842471424,2.248854481285245
SOS,45.0,10,890,1.981612619247872,2.248854481285245
SOS,45.0,10,891,1.5032520315048412,2.248854481285245
SOS,45.0,10,892,1.5429103578704078,2.248854481285245
SOS,45.0,10,893,3.2858724183809187,2.248854481285245
SOS,45.0,10,894,3.645960274844705,2.248854481285245
SOS,45.0,10,895,4.031004455099968,2.248854481285245
SOS,45.0,10,896,1.27218751069286,2.248854481285245
SOS,45.0,10,897,3.4375600362393914,2.248854481285245
SOS,45.0,10,898,2.2311364193253076,2.248854481285245
SOS,45.0,10,899,3.8021098679578627,2.248854481285245
SOS,45.0,10,900,1.6386011872196742,2.248854481285245
SOS,45.0,10,901,1.0612985703330189,2.248854481285245
SOS,45.0,10,902,2.64464619528131,2.248854481285245
SOS,45.0,10,903,0.8702676239923879,2.248854481285245
SOS,45.0,10,904,4.20911615835918,2.248854481285245
SOS,45.0,10,905,3.000509330528958,2.248854481285245
SOS,45.0,10,906,1.2677810887385135,2.248854481285245
SOS,45.0,10,907,2.2927387728810698,2.248854481285245
SOS,45.0,10,908,2.737726625159641,2.248854481285245
SOS,45.0,10,909,4.361666004488906,2.248854481285245
SOS,45.0,10,910,1.8660296496699047,2.248854481285245
SOS,45.0,10,911,4.135127789608003,2.248854481285245
SOS,45.0,10,912,2.8555104725805243,2.248854481285245
SOS,45.0,10,913,0.7517053270879306,2.248854481285245
SOS,45.0,10,914,-0.7573514124373135,2.248854481285245
SOS,45.0,10,915,2.668265048781385,2.248854481285245
SOS,45.0,10,916,1.0155639040449707,2.248854481285245
SOS,45.0,10,917,0.1715955974863761,2.248854481285245
SOS,45.0,10,918,2.874872283600691,2.248854481285245
SOS,45.0,10,919,1.9287904899633144,2.248854481285245
SOS,45.0,10,920,4.106645423384244,2.248854481285245
SOS,45.0,10,921,1.0271957674438565,2.248854481285245
SOS,45.0,10,922,1.124691552568022,2.248854481285245
SOS,45.0,10,923,-0.054674067159975914,2.248854481285245
SOS,45.0,10,924,2.009237025127767,2.248854481285245
SOS,45.0,10,925,1.0806593875115589,2.248854481285245
SOS,45.0,10,926,1.889209631743288,2.248854481285245
SOS,45.0,10,927,1.3669267665059055,2.248854481285245
SOS,45.0,10,928,1.2275820299653062,2.248854481285245
SOS,45.0,10,929,1.843507096712312,2.248854481285245
SOS,45.0,10,930,2.787115211736335,2.248854481285245
SOS,45.0,10,931,3.694865379195214,2.248854481285245
SOS,45.0,10,932,1.1211416882219827,2.248854481285245
SOS,45.0,10,933,2.9538132969736783,2.248854481285245
SOS,45.0,10,934,1.2253456322606993,2.248854481285245
SOS,45.0,10,935,1.5075962313358493,2.248854481285245
SOS,45.0,10,936,2.3592304441140524,2.248854481285245
SOS,45.0,10,937,2.0306624262249544,2.248854481285245
SOS,45.0,10,938,1.1764240186351522,2.248854481285245
SOS,45.0,10,939,3.8373285366899945,2.248854481285245
SOS,45.0,10,940,3.590405429296032,2.248854481285245
SOS,45.0,10,941,4.3104121982423305,2.248854481285245
SOS,45.0,10,942,1.55657576910924,2.248854481285245
SOS,45.0,10,943,3.874725941037486,2.248854481285245
SOS,45.0,10,944,2.6136742281954364,2.248854481285245
SOS,45.0,10,945,1.4401417917921466,2.248854481285245
SOS,45.0,10,946,0.954936074227829,2.248854481285245
SOS,45.0,10,947,1.8163692074835782,2.248854481285245
SOS,45.0,10,948,2.4958417008617038,2.248854481285245
SOS,45.0,10,949,0.5020040720234659,2.248854481285245
SOS,45.0,10,950,4.426606548941019,2.248854481285245
SOS,45.0,10,951,2.412165223599664,2.248854481285245
SOS,45.0,10,952,1.0339183056964876,2.248854481285245
SOS,45.0,10,953,1.3545391960294904,2.248854481285245
SOS,45.0,10,954,2.656200719427874,2.248854481285245
SOS,45.0,10,955,2.813369858283779,2.248854481285245
SOS,45.0,10,956,3.133817386185542,2.248854481285245
SOS,45.0,10,957,3.26363084784116,2.248854481285245
SOS,45.0,10,958,2.1708802356493786,2.248854481285245
SOS,45.0,10,959,3.02688352612488,2.248854481285245
SOS,45.0,10,960,1.7401914016489646,2.248854481285245
SOS,45.0,10,961,1.11383471438594,2.248854481285245
SOS,45.0,10,962,2.546751811628547,2.248854481285245
SOS,45.0,10,963,2.928457249118038,2.248854481285245
SOS,45.0,10,964,2.0640619681862407,2.248854481285245
SOS,45.0,10,965,2.7097000536186164,2.248854481285245
SOS,45.0,10,966,1.8209439804957475,2.248854481285245
SOS,45.0,10,967,3.396288650855056,2.248854481285245
SOS,45.0,10,968,3.4984562636595076,2.248854481285245
SOS,45.0,10,969,3.7630334729649233,2.248854481285245
SOS,45.0,10,970,0.40254438466565357,2.248854481285245
SOS,45.0,10,971,3.8409522624660277,2.248854481285245
SOS,45.0,10,972,2.244096427888422,2.248854481285245
SOS,45.0,10,973,-0.7962182292083035,2.248854481285245
SOS,45.0,10,974,1.2084700175149399,2.248854481285245
SOS,45.0,10,975,0.6557327330061475,2.248854481285245
SOS,45.0,10,976,1.0787515026666936,2.248854481285245
SOS,45.0,10,977,2.865682803870011,2.248854481285245
SOS,45.0,10,978,1.0802772457327636,2.248854481285245
SOS,45.0,10,979,1.932842696717252,2.248854481285245
SOS,45.0,10,980,4.087782058133888,2.248854481285245
SOS,45.0,10,981,2.312794488159461,2.248854481285245
SOS,45.0,10,982,2.596521947243619,2.248854481285245
SOS,45.0,10,983,3.2089726728139887,2.248854481285245
SOS,45.0,10,984,3.326282255114384,2.248854481285245
SOS,45.0,10,985,-0.2508494042351501,2.248854481285245
SOS,45.0,10,986,3.405080053063849,2.248854481285245
SOS,45.0,10,987,4.22424412580794,2.248854481285245
SOS,45.0,10,988,1.0207207528240454,2.248854481285245
SOS,45.0,10,989,0.4103956210014412,2.248854481285245
SOS,45.0,10,990,1.1611541778019445,2.248854481285245
SOS,45.0,10,991,1.1589847364039436,2.248854481285245
SOS,45.0,10,992,3.66364402272618,2.248854481285245
SOS,45.0,10,993,3.1654611523897143,2.248854481285245
SOS,45.0,10,994,1.8155743382213045,2.248854481285245
SOS,45.0,10,995,2.765284015145692,2.248854481285245
SOS,45.0,10,996,0.7943521051700837,2.248854481285245
SOS,45.0,10,997,2.3602998849044496,2.248854481285245
SOS,45.0,10,998,1.0541071475542423,2.248854481285245
SOS,45.0,10,999,0.3408129648734237,2.248854481285245
SOS,55.0,10,1,1.3607746586706637,0.9367068863383412
SOS,55.0,10,2,1.6743071519631605,0.9367068863383412
SOS,55.0,10,3,0.4233012320212832,0.9367068863383412
SOS,55.0,10,4,-0.07617465485540875,0.9367068863383412
SOS,55.0,10,5,0.5448950812949596,0.9367068863383412
SOS,55.0,10,6,-0.07767149197982037,0.9367068863383412
SOS,55.0,10,7,1.8612171294844742,0.9367068863383412
SOS,55.0,10,8,1.952077698992156,0.9367068863383412
SOS,55.0,10,9,1.952367080258738,0.9367068863383412
SOS,55.0,10,10,0.2685108860592063,0.9367068863383412
SOS,55.0,10,11,1.6367809922412844,0.9367068863383412
SOS,55.0,10,12,0.8188548026340219,0.9367068863383412
SOS,55.0,10,13,-1.0490693555405581,0.9367068863383412
SOS,55.0,10,14,0.7500657130438146,0.9367068863383412
SOS,55.0,10,15,1.2834536953088307,0.9367068863383412
SOS,55.0,10,16,0.20905000486471337,0.9367068863383412
SOS,55.0,10,17,0.3750410481196408,0.9367068863383412
SOS,55.0,10,18,0.39116631725584106,0.9367068863383412
SOS,55.0,10,19,1.3968986490431368,0.9367068863383412
SOS,55.0,10,20,-0.03404525633995292,0.9367068863383412
SOS,55.0,10,21,1.3293113329161184,0.9367068863383412
SOS,55.0,10,22,0.3007889699020905,0.9367068863383412
SOS,55.0,10,23,1.377380202957309,0.9367068863383412
SOS,55.0,10,24,2.0440268234860772,0.9367068863383412
SOS,55.0,10,25,0.7501935333808346,0.9367068863383412
SOS,55.0,10,26,0.8531450296183052,0.9367068863383412
SOS,55.0,10,27,0.5574683190167469,0.9367068863383412
SOS,55.0,10,28,0.3114810487460064,0.9367068863383412
SOS,55.0,10,29,0.17203094627201482,0.9367068863383412
SOS,55.0,10,30,0.9989700025587427,0.9367068863383412
SOS,55.0,10,31,-0.2621944866724587,0.9367068863383412
SOS,55.0,10,32,1.463560150762346,0.9367068863383412
SOS,55.0,10,33,1.0627220181193457,0.9367068863383412
SOS,55.0,10,34,-0.60074360178268,0.9367068863383412
SOS,55.0,10,35,1.3738298164062481,0.9367068863383412
SOS,55.0,10,36,0.5629861333650289,0.9367068863383412
SOS,55.0,10,37,1.8094771776746987,0.9367068863383412
SOS,55.0,10,38,0.818740101963409,0.9367068863383412
SOS,55.0,10,39,0.9333263098171347,0.9367068863383412
SOS,55.0,10,40,0.9123168157874031,0.9367068863383412
SOS,55.0,10,41,1.0462732601125118,0.9367068863383412
SOS,55.0,10,42,-0.5543710682274667,0.9367068863383412
SOS,55.0,10,43,1.1161743760411142,0.9367068863383412
SOS,55.0,10,44,2.2093302534603887,0.9367068863383412
SOS,55.0,10,45,0.7164983536725675,0.9367068863383412
SOS,55.0,10,46,0.7435753451166667,0.9367068863383412
SOS,55.0,10,47,1.4536985125000674,0.9367068863383412
SOS,55.0,10,48,0.43991786841900693,0.9367068863383412
SOS,55.0,10,49,1.1652562267329896,0.9367068863383412
SOS,55.0,10,50,1.140452821110151,0.9367068863383412
SOS,55.0,10,51,2.3927831828763417,0.9367068863383412
SOS,55.0,10,52,0.515782565688814,0.9367068863383412
SOS,55.0,10,53,0.926885766830073,0.9367068863383412
SOS,55.0,10,54,1.624150247002901,0.9367068863383412
SOS,55.0,10,55,0.5409442923633622,0.9367068863383412
SOS,55.0,10,56,0.9747300677512226,0.9367068863383412
SOS,55.0,10,57,1.246593178468529,0.9367068863383412
SOS,55.0,10,58,-0.21271105059621964,0.9367068863383412
SOS,55.0,10,59,-0.7545806832435465,0.9367068863383412
SOS,55.0,10,60,-0.6881033186050936,0.9367068863383412
SOS,55.0,10,61,-0.7723952385611348,0.9367068863383412
SOS,55.0,10,62,0.7143553010447117,0.9367068863383412
SOS,55.0,10,63,1.8591836781867572,0.9367068863383412
SOS,55.0,10,64,1.0437112855849637,0.9367068863383412
SOS,55.0,10,65,1.2248307434480699,0.9367068863383412
SOS,55.0,10,66,1.341445852765821,0.9367068863383412
SOS,55.0,10,67,0.5791230829981276,0.9367068863383412
SOS,55.0,10,68,0.9503474869994877,0.9367068863383412
SOS,55.0,10,69,0.054661953167168154,0.9367068863383412
SOS,55.0,10,70,0.7123508926629227,0.9367068863383412
SOS,55.0,10,71,0.8005999608079319,0.9367068863383412
SOS,55.0,10,72,0.7281417952913722,0.9367068863383412
SOS,55.0,10,73,1.3482914300318884,0.9367068863383412
SOS,55.0,10,74,1.4030056549544228,0.9367068863383412
SOS,55.0,10,75,1.3720831608677626,0.9367068863383412
SOS,55.0,10,76,1.1598998870664488,0.9367068863383412
SOS,55.0,10,77,1.661877288012432,0.9367068863383412
SOS,55.0,10,78,0.458241991143467,0.9367068863383412
SOS,55.0,10,79,1.8496589984903657,0.9367068863383412
SOS,55.0,10,80,0.85636391002579,0.9367068863383412
SOS,55.0,10,81,-0.5457022543815142,0.9367068863383412
SOS,55.0,10,82,0.11846133011072801,0.9367068863383412
SOS,55.0,10,83,1.3074170631575341,0.9367068863383412
SOS,55.0,10,84,1.4811459345197013,0.9367068863383412
SOS,55.0,10,85,-0.3620845200999614,0.9367068863383412
SOS,55.0,10,86,1.0408796599548387,0.9367068863383412
SOS,55.0,10,87,0.33308475546521543,0.9367068863383412
SOS,55.0,10,88,2.620576719131118,0.9367068863383412
SOS,55.0,10,89,0.8716468587252274,0.9367068863383412
SOS,55.0,10,90,1.5585989075757043,0.9367068863383412
SOS,55.0,10,91,1.1663164633691174,0.9367068863383412
SOS,55.0,10,92,-1.0542332161461605,0.9367068863383412
SOS,55.0,10,93,1.3001994746020187,0.9367068863383412
SOS,55.0,10,94,1.5728827183723844,0.9367068863383412
SOS,55.0,10,95,1.9038543202095721,0.9367068863383412
SOS,55.0,10,96,0.4150228151724483,0.9367068863383412
SOS,55.0,10,97,1.120957847318419,0.9367068863383412
SOS,55.0,10,98,0.06181416141639673,0.9367068863383412
SOS,55.0,10,99,2.295610799322615,0.9367068863383412
SOS,55.0,10,100,-0.9009798596222106,0.9367068863383412
SOS,55.0,10,101,1.9152454556679097,0.9367068863383412
SOS,55.0,10,102,-0.30420277619364156,0.9367068863383412
SOS,55.0,10,103,1.0274564259829353,0.9367068863383412
SOS,55.0,10,104,-0.5091097890385909,0.9367068863383412
SOS,55.0,10,105,0.9239394680770447,0.9367068863383412
SOS,55.0,10,106,1.1826577502799764,0.9367068863383412
SOS,55.0,10,107,0.9039544209936117,0.9367068863383412
SOS,55.0,10,108,1.8121427028593682,0.9367068863383412
SOS,55.0,10,109,1.4434847643150488,0.9367068863383412
SOS,55.0,10,110,0.641045864253637,0.9367068863383412
SOS,55.0,10,111,0.10548664100406469,0.9367068863383412
SOS,55.0,10,112,1.994727248230787,0.9367068863383412
SOS,55.0,10,113,1.6523079710705164,0.9367068863383412
SOS,55.0,10,114,0.6251769058522495,0.9367068863383412
SOS,55.0,10,115,0.488385730686331,0.9367068863383412
SOS,55.0,10,116,-1.0328170128688727,0.9367068863383412
SOS,55.0,10,117,0.8608265498757185,0.9367068863383412
SOS,55.0,10,118,1.9590911458264224,0.9367068863383412
SOS,55.0,10,119,1.457165754029351,0.9367068863383412
SOS,55.0,10,120,0.9033388175989878,0.9367068863383412
SOS,55.0,10,121,0.9433609828596374,0.9367068863383412
SOS,55.0,10,122,0.6849323625536397,0.9367068863383412
SOS,55.0,10,123,1.1378379725003946,0.9367068863383412
SOS,55.0,10,124,-0.4353719267190248,0.9367068863383412
SOS,55.0,10,125,0.1344626774471691,0.9367068863383412
SOS,55.0,10,126,-0.136398647037976,0.9367068863383412
SOS,55.0,10,127,1.01472095530965,0.9367068863383412
SOS,55.0,10,128,0.773831597172927,0.9367068863383412
SOS,55.0,10,129,0.2258571518781286,0.9367068863383412
SOS,55.0,10,130,1.0058401090313465,0.9367068863383412
SOS,55.0,10,131,1.2194245725664428,0.9367068863383412
SOS,55.0,10,132,1.3527460587672833,0.9367068863383412
SOS,55.0,10,133,0.35161070961736374,0.9367068863383412
SOS,55.0,10,134,1.2922705073137952,0.9367068863383412
SOS,55.0,10,135,2.260559555297424,0.9367068863383412
SOS,55.0,10,136,1.0470709273856114,0.9367068863383412
SOS,55.0,10,137,1.545988841361519,0.9367068863383412
SOS,55.0,10,138,1.4738180639124931,0.9367068863383412
SOS,55.0,10,139,0.8923015467333842,0.9367068863383412
SOS,55.0,10,140,1.2513722954615683,0.9367068863383412
SOS,55.0,10,141,0.73709125369189,0.9367068863383412
SOS,55.0,10,142,1.2614167971941206,0.9367068863383412
SOS,55.0,10,143,0.06490577273130878,0.9367068863383412
SOS,55.0,10,144,1.1351935737200711,0.9367068863383412
SOS,55.0,10,145,-0.34653116327230227,0.9367068863383412
SOS,55.0,10,146,0.35468817134901354,0.9367068863383412
SOS,55.0,10,147,0.8633728923230102,0.9367068863383412
SOS,55.0,10,148,1.925045568746708,0.9367068863383412
SOS,55.0,10,149,1.1139002330545382,0.9367068863383412
SOS,55.0,10,150,0.5360362417002578,0.9367068863383412
SOS,55.0,10,151,0.9845336429277723,0.9367068863383412
SOS,55.0,10,152,1.8206045890422058,0.9367068863383412
SOS,55.0,10,153,2.14484950024569,0.9367068863383412
SOS,55.0,10,154,1.4712533857247836,0.9367068863383412
SOS,55.0,10,155,1.1136628336901433,0.9367068863383412
SOS,55.0,10,156,-0.4983590094906648,0.9367068863383412
SOS,55.0,10,157,1.7537850918073146,0.9367068863383412
SOS,55.0,10,158,1.333405939508144,0.9367068863383412
SOS,55.0,10,159,1.3639729804944136,0.9367068863383412
SOS,55.0,10,160,0.5910653507960025,0.9367068863383412
SOS,55.0,10,161,0.7883071327589509,0.9367068863383412
SOS,55.0,10,162,0.11018344432600041,0.9367068863383412
SOS,55.0,10,163,0.4201243606777929,0.9367068863383412
SOS,55.0,10,164,0.9663278926048691,0.9367068863383412
SOS,55.0,10,165,0.44614233151844807,0.9367068863383412
SOS,55.0,10,166,0.28078910750321784,0.9367068863383412
SOS,55.0,10,167,0.506281141068391,0.9367068863383412
SOS,55.0,10,168,1.6717045775906052,0.9367068863383412
SOS,55.0,10,169,-0.04722970855107911,0.9367068863383412
SOS,55.0,10,170,0.9738227981754941,0.9367068863383412
SOS,55.0,10,171,0.5713769989340742,0.9367068863383412
SOS,55.0,10,172,-0.31064460744168043,0.9367068863383412
SOS,55.0,10,173,0.16514130893097423,0.9367068863383412
SOS,55.0,10,174,1.4220239779148707,0.9367068863383412
SOS,55.0,10,175,0.6586735658332195,0.9367068863383412
SOS,55.0,10,176,3.005090642233273,0.9367068863383412
SOS,55.0,10,177,2.6261536673698282,0.9367068863383412
SOS,55.0,10,178,0.1322314301119576,0.9367068863383412
SOS,55.0,10,179,0.540395215366434,0.9367068863383412
SOS,55.0,10,180,0.0329761510281783,0.9367068863383412
SOS,55.0,10,181,0.7995939135038642,0.9367068863383412
SOS,55.0,10,182,-0.2571191937727682,0.9367068863383412
SOS,55.0,10,183,2.173045137727226,0.9367068863383412
SOS,55.0,10,184,0.6533833612296107,0.9367068863383412
SOS,55.0,10,185,0.9774832371761251,0.9367068863383412
SOS,55.0,10,186,0.5043980249420517,0.9367068863383412
SOS,55.0,10,187,0.6090456047889815,0.9367068863383412
SOS,55.0,10,188,1.0911220860743398,0.9367068863383412
SOS,55.0,10,189,0.8435009453627055,0.9367068863383412
SOS,55.0,10,190,0.331969934012476,0.9367068863383412
SOS,55.0,10,191,2.854271887427646,0.9367068863383412
SOS,55.0,10,192,1.2424437748966521,0.9367068863383412
SOS,55.0,10,193,0.8900110143415293,0.9367068863383412
SOS,55.0,10,194,0.14174121852246369,0.9367068863383412
SOS,55.0,10,195,1.246413030364754,0.9367068863383412
SOS,55.0,10,196,0.2162120558378997,0.9367068863383412
SOS,55.0,10,197,1.0991569817362876,0.9367068863383412
SOS,55.0,10,198,0.5173127673442248,0.9367068863383412
SOS,55.0,10,199,0.5599583517614477,0.9367068863383412
SOS,55.0,10,200,1.2286460853937733,0.9367068863383412
SOS,55.0,10,201,1.4311664247915088,0.9367068863383412
SOS,55.0,10,202,0.06115017058610439,0.9367068863383412
SOS,55.0,10,203,2.316794040915947,0.9367068863383412
SOS,55.0,10,204,1.7814252143922158,0.9367068863383412
SOS,55.0,10,205,2.257707788713833,0.9367068863383412
SOS,55.0,10,206,1.639482668640873,0.9367068863383412
SOS,55.0,10,207,0.796407624197472,0.9367068863383412
SOS,55.0,10,208,1.796017413546767,0.9367068863383412
SOS,55.0,10,209,0.3827422494617694,0.9367068863383412
SOS,55.0,10,210,0.9912624994479164,0.9367068863383412
SOS,55.0,10,211,2.164843393466956,0.9367068863383412
SOS,55.0,10,212,0.6586778261528861,0.9367068863383412
SOS,55.0,10,213,1.6708988810167975,0.9367068863383412
SOS,55.0,10,214,-0.20792402753979855,0.9367068863383412
SOS,55.0,10,215,-0.07593271524590797,0.9367068863383412
SOS,55.0,10,216,0.10008857211607697,0.9367068863383412
SOS,55.0,10,217,1.7138301499901987,0.9367068863383412
SOS,55.0,10,218,0.34357201984526287,0.9367068863383412
SOS,55.0,10,219,-0.6839838282235123,0.9367068863383412
SOS,55.0,10,220,1.3944349260957793,0.9367068863383412
SOS,55.0,10,221,1.5597867085363366,0.9367068863383412
SOS,55.0,10,222,0.22548860406679172,0.9367068863383412
SOS,55.0,10,223,1.5477118624788182,0.9367068863383412
SOS,55.0,10,224,2.1487199862926585,0.9367068863383412
SOS,55.0,10,225,1.8253567808013411,0.9367068863383412
SOS,55.0,10,226,1.5814296865809054,0.9367068863383412
SOS,55.0,10,227,0.21003587788204697,0.9367068863383412
SOS,55.0,10,228,1.9964600653984035,0.9367068863383412
SOS,55.0,10,229,0.1516576944235435,0.9367068863383412
SOS,55.0,10,230,2.3109093241764045,0.9367068863383412
SOS,55.0,10,231,1.6186222843040068,0.9367068863383412
SOS,55.0,10,232,0.4959964030784998,0.9367068863383412
SOS,55.0,10,233,1.207770405228804,0.9367068863383412
SOS,55.0,10,234,1.0371034158457686,0.9367068863383412
SOS,55.0,10,235,1.3153541465577379,0.9367068863383412
SOS,55.0,10,236,1.1335297792785888,0.9367068863383412
SOS,55.0,10,237,-0.046105282121363944,0.9367068863383412
SOS,55.0,10,238,2.649652105673176,0.9367068863383412
SOS,55.0,10,239,2.2073946860657827,0.9367068863383412
SOS,55.0,10,240,1.3666828324140865,0.9367068863383412
SOS,55.0,10,241,0.3914057838715273,0.9367068863383412
SOS,55.0,10,242,1.0558652737360532,0.9367068863383412
SOS,55.0,10,243,0.8646953487477165,0.9367068863383412
SOS,55.0,10,244,1.2814506959019718,0.9367068863383412
SOS,55.0,10,245,2.0970876219558865,0.9367068863383412
SOS,55.0,10,246,2.283754272809016,0.9367068863383412
SOS,55.0,10,247,1.4781238563061185,0.9367068863383412
SOS,55.0,10,248,0.04570231675178882,0.9367068863383412
SOS,55.0,10,249,0.14495844238662892,0.9367068863383412
SOS,55.0,10,250,1.2066251806042796,0.9367068863383412
SOS,55.0,10,251,-0.5293816136735698,0.9367068863383412
SOS,55.0,10,252,1.481023177604188,0.9367068863383412
SOS,55.0,10,253,1.6359186914930786,0.9367068863383412
SOS,55.0,10,254,1.5457245736999252,0.9367068863383412
SOS,55.0,10,255,2.4137618153479967,0.9367068863383412
SOS,55.0,10,256,0.036198036872902906,0.9367068863383412
SOS,55.0,10,257,0.9760443252649169,0.9367068863383412
SOS,55.0,10,258,1.4890472864790048,0.9367068863383412
SOS,55.0,10,259,2.228889748947708,0.9367068863383412
SOS,55.0,10,260,0.47921506912685635,0.9367068863383412
SOS,55.0,10,261,0.9833856525776876,0.9367068863383412
SOS,55.0,10,262,1.1034047422589575,0.9367068863383412
SOS,55.0,10,263,-0.8481609823310402,0.9367068863383412
SOS,55.0,10,264,1.216678967562331,0.9367068863383412
SOS,55.0,10,265,0.9019536618083541,0.9367068863383412
SOS,55.0,10,266,-0.013426236612129161,0.9367068863383412
SOS,55.0,10,267,0.4259312136372668,0.9367068863383412
SOS,55.0,10,268,2.225836919908013,0.9367068863383412
SOS,55.0,10,269,0.7442432889910269,0.9367068863383412
SOS,55.0,10,270,0.9836047144721346,0.9367068863383412
SOS,55.0,10,271,0.8742321951132506,0.9367068863383412
SOS,55.0,10,272,0.9618791004263542,0.9367068863383412
SOS,55.0,10,273,0.028197555450670597,0.9367068863383412
SOS,55.0,10,274,1.435987502750241,0.9367068863383412
SOS,55.0,10,275,1.7860675158713042,0.9367068863383412
SOS,55.0,10,276,-0.547287526547276,0.9367068863383412
SOS,55.0,10,277,0.27885285130810955,0.9367068863383412
SOS,55.0,10,278,1.158657057785352,0.9367068863383412
SOS,55.0,10,279,1.3281848461209305,0.9367068863383412
SOS,55.0,10,280,0.4238340659370552,0.9367068863383412
SOS,55.0,10,281,1.0704780041434196,0.9367068863383412
SOS,55.0,10,282,1.0157270227329844,0.9367068863383412
SOS,55.0,10,283,-1.1260572227192798,0.9367068863383412
SOS,55.0,10,284,1.728838008169493,0.9367068863383412
SOS,55.0,10,285,1.2386390854272928,0.9367068863383412
SOS,55.0,10,286,0.36190867865995835,0.9367068863383412
SOS,55.0,10,287,1.532454057477012,0.9367068863383412
SOS,55.0,10,288,-0.161204363765043,0.9367068863383412
SOS,55.0,10,289,1.20398791560222,0.9367068863383412
SOS,55.0,10,290,0.6068248599683863,0.9367068863383412
SOS,55.0,10,291,1.5129789518346621,0.9367068863383412
SOS,55.0,10,292,0.5652124367114669,0.9367068863383412
SOS,55.0,10,293,0.5424571575680177,0.9367068863383412
SOS,55.0,10,294,0.2571553601418963,0.9367068863383412
SOS,55.0,10,295,1.073695844870411,0.9367068863383412
SOS,55.0,10,296,2.2767724962122418,0.9367068863383412
SOS,55.0,10,297,2.356649009725473,0.9367068863383412
SOS,55.0,10,298,0.1662363831716453,0.9367068863383412
SOS,55.0,10,299,0.6701471500074896,0.9367068863383412
SOS,55.0,10,300,1.8782531039228492,0.9367068863383412
SOS,55.0,10,301,0.6890260063610538,0.9367068863383412
SOS,55.0,10,302,0.9104964622832927,0.9367068863383412
SOS,55.0,10,303,0.6885474248073244,0.9367068863383412
SOS,55.0,10,304,0.3847018272968601,0.9367068863383412
SOS,55.0,10,305,0.4828550212822336,0.9367068863383412
SOS,55.0,10,306,0.8408320496140657,0.9367068863383412
SOS,55.0,10,307,1.3032098318017606,0.9367068863383412
SOS,55.0,10,308,0.8094947658618542,0.9367068863383412
SOS,55.0,10,309,1.7393726081475382,0.9367068863383412
SOS,55.0,10,310,-0.3709843226023457,0.9367068863383412
SOS,55.0,10,311,-0.684678080483944,0.9367068863383412
SOS,55.0,10,312,0.5612668501222771,0.9367068863383412
SOS,55.0,10,313,0.8463256219642994,0.9367068863383412
SOS,55.0,10,314,1.6671623237819908,0.9367068863383412
SOS,55.0,10,315,1.3202965505308877,0.9367068863383412
SOS,55.0,10,316,1.5154831537215103,0.9367068863383412
SOS,55.0,10,317,0.16715319827224562,0.9367068863383412
SOS,55.0,10,318,0.019319436597581063,0.9367068863383412
SOS,55.0,10,319,-0.2467859759191499,0.9367068863383412
SOS,55.0,10,320,1.2113177102409498,0.9367068863383412
SOS,55.0,10,321,0.8107993584940635,0.9367068863383412
SOS,55.0,10,322,0.52318745924864,0.9367068863383412
SOS,55.0,10,323,1.182112389965489,0.9367068863383412
SOS,55.0,10,324,0.3054428943987356,0.9367068863383412
SOS,55.0,10,325,1.8872921484471812,0.9367068863383412
SOS,55.0,10,326,0.7700724007737387,0.9367068863383412
SOS,55.0,10,327,1.1938239683790972,0.9367068863383412
SOS,55.0,10,328,1.4315137023879083,0.9367068863383412
SOS,55.0,10,329,0.6039301967610641,0.9367068863383412
SOS,55.0,10,330,-0.7155175524181879,0.9367068863383412
SOS,55.0,10,331,1.8171974011668444,0.9367068863383412
SOS,55.0,10,332,-0.45697048684815855,0.9367068863383412
SOS,55.0,10,333,1.8906668250524152,0.9367068863383412
SOS,55.0,10,334,1.7117823864938932,0.9367068863383412
SOS,55.0,10,335,1.048642341973273,0.9367068863383412
SOS,55.0,10,336,0.9503885545937663,0.9367068863383412
SOS,55.0,10,337,2.23589375134331,0.9367068863383412
SOS,55.0,10,338,0.9779014896628331,0.9367068863383412
SOS,55.0,10,339,0.10279290998459512,0.9367068863383412
SOS,55.0,10,340,1.059274764428558,0.9367068863383412
SOS,55.0,10,341,0.8838670295341514,0.9367068863383412
SOS,55.0,10,342,-0.41257645079405125,0.9367068863383412
SOS,55.0,10,343,1.9457478106282369,0.9367068863383412
SOS,55.0,10,344,0.2201762160275722,0.9367068863383412
SOS,55.0,10,345,0.8468022093095992,0.9367068863383412
SOS,55.0,10,346,-0.37605855156047246,0.9367068863383412
SOS,55.0,10,347,1.8967801138080365,0.9367068863383412
SOS,55.0,10,348,1.126473415413641,0.9367068863383412
SOS,55.0,10,349,0.8756549387283674,0.9367068863383412
SOS,55.0,10,350,0.9375683565984412,0.9367068863383412
SOS,55.0,10,351,1.2222710284734852,0.9367068863383412
SOS,55.0,10,352,-0.7859796147729027,0.9367068863383412
SOS,55.0,10,353,1.2691240260492442,0.9367068863383412
SOS,55.0,10,354,-0.4366726269778732,0.9367068863383412
SOS,55.0,10,355,-0.23643971050466284,0.9367068863383412
SOS,55.0,10,356,-0.12741351378605642,0.9367068863383412
SOS,55.0,10,357,1.478483040018445,0.9367068863383412
SOS,55.0,10,358,0.31886059757781793,0.9367068863383412
SOS,55.0,10,359,1.0972879092394736,0.9367068863383412
SOS,55.0,10,360,0.9873738535791088,0.9367068863383412
SOS,55.0,10,361,1.142368103766693,0.9367068863383412
SOS,55.0,10,362,1.5387883571032164,0.9367068863383412
SOS,55.0,10,363,2.179565095089009,0.9367068863383412
SOS,55.0,10,364,1.1631515421017764,0.9367068863383412
SOS,55.0,10,365,1.321775444446956,0.9367068863383412
SOS,55.0,10,366,-0.1740413936078673,0.9367068863383412
SOS,55.0,10,367,0.3532979090185644,0.9367068863383412
SOS,55.0,10,368,1.7867910968019287,0.9367068863383412
SOS,55.0,10,369,0.15043368341018426,0.9367068863383412
SOS,55.0,10,370,-0.12420995785952804,0.9367068863383412
SOS,55.0,10,371,0.5455893482262094,0.9367068863383412
SOS,55.0,10,372,1.7270600631143678,0.9367068863383412
SOS,55.0,10,373,0.476892190272463,0.9367068863383412
SOS,55.0,10,374,0.3381844257973634,0.9367068863383412
SOS,55.0,10,375,1.9145781580692667,0.9367068863383412
SOS,55.0,10,376,0.1069193966933275,0.9367068863383412
SOS,55.0,10,377,0.13905602432478914,0.9367068863383412
SOS,55.0,10,378,1.656997977960866,0.9367068863383412
SOS,55.0,10,379,-0.713819736200008,0.9367068863383412
SOS,55.0,10,380,0.9501083918811635,0.9367068863383412
SOS,55.0,10,381,1.8001658113897454,0.9367068863383412
SOS,55.0,10,382,0.8859133682368611,0.9367068863383412
SOS,55.0,10,383,-0.5595090702927159,0.9367068863383412
SOS,55.0,10,384,0.3755325375202738,0.9367068863383412
SOS,55.0,10,385,1.0709277854264838,0.9367068863383412
SOS,55.0,10,386,0.9197955734989802,0.9367068863383412
SOS,55.0,10,387,1.7020634543109585,0.9367068863383412
SOS,55.0,10,388,0.8483885452526525,0.9367068863383412
SOS,55.0,10,389,1.4548391794288023,0.9367068863383412
SOS,55.0,10,390,0.6859638413000415,0.9367068863383412
SOS,55.0,10,391,1.4126850562975006,0.9367068863383412
SOS,55.0,10,392,-0.039021938217981056,0.9367068863383412
SOS,55.0,10,393,1.5752116296829306,0.9367068863383412
SOS,55.0,10,394,2.4790738750555903,0.9367068863383412
SOS,55.0,10,395,0.5442801306245242,0.9367068863383412
SOS,55.0,10,396,1.0205536493949567,0.9367068863383412
SOS,55.0,10,397,-0.1362036174110962,0.9367068863383412
SOS,55.0,10,398,1.7310864029719948,0.9367068863383412
SOS,55.0,10,399,1.5441770064444422,0.9367068863383412
SOS,55.0,10,400,2.5191183397655497,0.9367068863383412
SOS,55.0,10,401,0.6361724023274267,0.9367068863383412
SOS,55.0,10,402,1.7679569377773543,0.9367068863383412
SOS,55.0,10,403,0.7880551514302199,0.9367068863383412
SOS,55.0,10,404,0.9572687888731428,0.9367068863383412
SOS,55.0,10,405,0.9636592894113081,0.9367068863383412
SOS,55.0,10,406,1.328017946733708,0.9367068863383412
SOS,55.0,10,407,0.2911915310296891,0.9367068863383412
SOS,55.0,10,408,1.5533242353646641,0.9367068863383412
SOS,55.0,10,409,1.2589611989930454,0.9367068863383412
SOS,55.0,10,410,-0.24221872174581893,0.9367068863383412
SOS,55.0,10,411,0.8155831263812194,0.9367068863383412
SOS,55.0,10,412,-0.06413564083923151,0.9367068863383412
SOS,55.0,10,413,1.9464530837561687,0.9367068863383412
SOS,55.0,10,414,2.2833644669886923,0.9367068863383412
SOS,55.0,10,415,1.0208950061335185,0.9367068863383412
SOS,55.0,10,416,1.5844142149601776,0.9367068863383412
SOS,55.0,10,417,0.20652753753269582,0.9367068863383412
SOS,55.0,10,418,0.19207212743490276,0.9367068863383412
SOS,55.0,10,419,0.9268041946361913,0.9367068863383412
SOS,55.0,10,420,1.5712456687326266,0.9367068863383412
SOS,55.0,10,421,0.10744808410718931,0.9367068863383412
SOS,55.0,10,422,0.6534783425913835,0.9367068863383412
SOS,55.0,10,423,1.1201029996905154,0.9367068863383412
SOS,55.0,10,424,1.8329497979613363,0.9367068863383412
SOS,55.0,10,425,-1.352933053695458,0.9367068863383412
SOS,55.0,10,426,1.3574304320265063,0.9367068863383412
SOS,55.0,10,427,2.2947693246944687,0.9367068863383412
SOS,55.0,10,428,1.5839937030543723,0.9367068863383412
SOS,55.0,10,429,-0.28218357571117414,0.9367068863383412
SOS,55.0,10,430,-0.31233279970087147,0.9367068863383412
SOS,55.0,10,431,1.4116719896504248,0.9367068863383412
SOS,55.0,10,432,0.01112755555096856,0.9367068863383412
SOS,55.0,10,433,0.8515220310030747,0.9367068863383412
SOS,55.0,10,434,1.420017799053905,0.9367068863383412
SOS,55.0,10,435,0.36361518545803406,0.9367068863383412
SOS,55.0,10,436,1.5177345876632597,0.9367068863383412
SOS,55.0,10,437,-0.0010204857797131428,0.9367068863383412
SOS,55.0,10,438,0.9132258855467554,0.9367068863383412
SOS,55.0,10,439,1.4783573495281368,0.9367068863383412
SOS,55.0,10,440,1.9619662981975141,0.9367068863383412
SOS,55.0,10,441,0.32154862106972626,0.9367068863383412
SOS,55.0,10,442,0.9982298256217972,0.9367068863383412
SOS,55.0,10,443,-0.03816468269891127,0.9367068863383412
SOS,55.0,10,444,2.1869160160067893,0.9367068863383412
SOS,55.0,10,445,-0.1946703844529013,0.9367068863383412
SOS,55.0,10,446,0.9141840987347415,0.9367068863383412
SOS,55.0,10,447,1.0610786109927748,0.9367068863383412
SOS,55.0,10,448,1.487082998375221,0.9367068863383412
SOS,55.0,10,449,-0.24442713596406135,0.9367068863383412
SOS,55.0,10,450,1.9870059395661608,0.9367068863383412
SOS,55.0,10,451,1.6712884001353547,0.9367068863383412
SOS,55.0,10,452,0.8139257986539761,0.9367068863383412
SOS,55.0,10,453,2.079683508189417,0.9367068863383412
SOS,55.0,10,454,0.12231526531950176,0.9367068863383412
SOS,55.0,10,455,0.9586856094612677,0.9367068863383412
SOS,55.0,10,456,0.9049961913596472,0.9367068863383412
SOS,55.0,10,457,0.9748084342456833,0.9367068863383412
SOS,55.0,10,458,0.7968607040614146,0.9367068863383412
SOS,55.0,10,459,0.9587006888456968,0.9367068863383412
SOS,55.0,10,460,1.43073880723951,0.9367068863383412
SOS,55.0,10,461,0.3227835547410063,0.9367068863383412
SOS,55.0,10,462,1.7445516757062405,0.9367068863383412
SOS,55.0,10,463,0.6738873534067868,0.9367068863383412
SOS,55.0,10,464,0.4769941178630359,0.9367068863383412
SOS,55.0,10,465,0.9274439885844896,0.9367068863383412
SOS,55.0,10,466,0.47788250053144765,0.9367068863383412
SOS,55.0,10,467,1.4878618915520758,0.9367068863383412
SOS,55.0,10,468,0.5050138776700557,0.9367068863383412
SOS,55.0,10,469,0.7295863168268946,0.9367068863383412
SOS,55.0,10,470,0.6892139872736347,0.9367068863383412
SOS,55.0,10,471,0.8038061268825726,0.9367068863383412
SOS,55.0,10,472,0.7967673188303591,0.9367068863383412
SOS,55.0,10,473,0.6407402164788301,0.9367068863383412
SOS,55.0,10,474,0.27151947437341023,0.9367068863383412
SOS,55.0,10,475,0.2963304674877294,0.9367068863383412
SOS,55.0,10,476,0.45317398245041807,0.9367068863383412
SOS,55.0,10,477,0.5099919538601543,0.9367068863383412
SOS,55.0,10,478,-0.15401780942499155,0.9367068863383412
SOS,55.0,10,479,2.5134662543471826,0.9367068863383412
SOS,55.0,10,480,-0.365443125355958,0.9367068863383412
SOS,55.0,10,481,0.8920787855242265,0.9367068863383412
SOS,55.0,10,482,1.353412213508331,0.9367068863383412
SOS,55.0,10,483,0.44975045639230005,0.9367068863383412
SOS,55.0,10,484,1.1944043182422492,0.9367068863383412
SOS,55.0,10,485,0.27411695820778037,0.9367068863383412
SOS,55.0,10,486,1.593845859235137,0.9367068863383412
SOS,55.0,10,487,1.5662042272058787,0.9367068863383412
SOS,55.0,10,488,0.253342997829628,0.9367068863383412
SOS,55.0,10,489,0.3867904937064835,0.9367068863383412
SOS,55.0,10,490,1.9350071806209297,0.9367068863383412
SOS,55.0,10,491,0.42063782713292297,0.9367068863383412
SOS,55.0,10,492,0.23132616749793555,0.9367068863383412
SOS,55.0,10,493,-0.15867643973027168,0.9367068863383412
SOS,55.0,10,494,1.4543336102812674,0.9367068863383412
SOS,55.0,10,495,0.7454820204595014,0.9367068863383412
SOS,55.0,10,496,0.24212955539935144,0.9367068863383412
SOS,55.0,10,497,0.9100943409934903,0.9367068863383412
SOS,55.0,10,498,-0.01535272923745068,0.9367068863383412
SOS,55.0,10,499,1.9254310288053031,0.9367068863383412
SOS,55.0,10,500,1.3110617579935893,0.9367068863383412
SOS,55.0,10,501,0.49666085855999464,0.9367068863383412
SOS,55.0,10,502,0.5057193166078123,0.9367068863383412
SOS,55.0,10,503,0.061714994875535556,0.9367068863383412
SOS,55.0,10,504,0.7328169412789086,0.9367068863383412
SOS,55.0,10,505,0.5978304972064732,0.9367068863383412
SOS,55.0,10,506,1.9471280682163536,0.9367068863383412
SOS,55.0,10,507,-0.08777724283992777,0.9367068863383412
SOS,55.0,10,508,1.3931658466896177,0.9367068863383412
SOS,55.0,10,509,1.3850307788071459,0.9367068863383412
SOS,55.0,10,510,1.0887283376489985,0.9367068863383412
SOS,55.0,10,511,2.0323240955940762,0.9367068863383412
SOS,55.0,10,512,-0.5407355492087039,0.9367068863383412
SOS,55.0,10,513,1.2821470955616552,0.9367068863383412
SOS,55.0,10,514,0.9717709048455406,0.9367068863383412
SOS,55.0,10,515,1.2927539312042098,0.9367068863383412
SOS,55.0,10,516,0.8384158839429894,0.9367068863383412
SOS,55.0,10,517,1.3019655272080162,0.9367068863383412
SOS,55.0,10,518,1.4874141974218673,0.9367068863383412
SOS,55.0,10,519,-0.22618917990965492,0.9367068863383412
SOS,55.0,10,520,1.4012241707629596,0.9367068863383412
SOS,55.0,10,521,0.4874782253884431,0.9367068863383412
SOS,55.0,10,522,1.8954430401440816,0.9367068863383412
SOS,55.0,10,523,2.6327597222215875,0.9367068863383412
SOS,55.0,10,524,1.9408874902724604,0.9367068863383412
SOS,55.0,10,525,1.889334217150429,0.9367068863383412
SOS,55.0,10,526,1.6811184427050223,0.9367068863383412
SOS,55.0,10,527,1.4531879348362096,0.9367068863383412
SOS,55.0,10,528,1.2255371440513119,0.9367068863383412
SOS,55.0,10,529,1.1216847682161368,0.9367068863383412
SOS,55.0,10,530,0.2756990310173447,0.9367068863383412
SOS,55.0,10,531,1.8970694190909678,0.9367068863383412
SOS,55.0,10,532,0.7801485170161824,0.9367068863383412
SOS,55.0,10,533,1.1175851163993982,0.9367068863383412
SOS,55.0,10,534,1.2870799194338534,0.9367068863383412
SOS,55.0,10,535,0.8496314710837951,0.9367068863383412
SOS,55.0,10,536,-0.04817370360944806,0.9367068863383412
SOS,55.0,10,537,0.19131574757948522,0.9367068863383412
SOS,55.0,10,538,-0.16027774371103432,0.9367068863383412
SOS,55.0,10,539,0.7095512102410798,0.9367068863383412
SOS,55.0,10,540,1.3268241400347307,0.9367068863383412
SOS,55.0,10,541,2.378835160062376,0.9367068863383412
SOS,55.0,10,542,1.1887121172743393,0.9367068863383412
SOS,55.0,10,543,1.3684302979311305,0.9367068863383412
SOS,55.0,10,544,0.18634267951767042,0.9367068863383412
SOS,55.0,10,545,0.15259558340361673,0.9367068863383412
SOS,55.0,10,546,-1.2715589365837268,0.9367068863383412
SOS,55.0,10,547,1.0489383659678855,0.9367068863383412
SOS,55.0,10,548,1.5340845707281119,0.9367068863383412
SOS,55.0,10,549,0.5077025811300487,0.9367068863383412
SOS,55.0,10,550,0.5973430075013213,0.9367068863383412
SOS,55.0,10,551,1.6040736889513743,0.9367068863383412
SOS,55.0,10,552,1.435686246967942,0.9367068863383412
SOS,55.0,10,553,1.0099843066463527,0.9367068863383412
SOS,55.0,10,554,1.520294914240171,0.9367068863383412
SOS,55.0,10,555,1.3752597944075753,0.9367068863383412
SOS,55.0,10,556,0.14916367082229337,0.9367068863383412
SOS,55.0,10,557,2.5012336461704328,0.9367068863383412
SOS,55.0,10,558,0.8012281979129375,0.9367068863383412
SOS,55.0,10,559,0.038925846963764055,0.9367068863383412
SOS,55.0,10,560,0.5549081034103146,0.9367068863383412
SOS,55.0,10,561,1.6023146250227793,0.9367068863383412
SOS,55.0,10,562,1.925265670225035,0.9367068863383412
SOS,55.0,10,563,2.3591626087166917,0.9367068863383412
SOS,55.0,10,564,2.1066589308268293,0.9367068863383412
SOS,55.0,10,565,0.7062546409366609,0.9367068863383412
SOS,55.0,10,566,1.6806244962649481,0.9367068863383412
SOS,55.0,10,567,2.2234010478044635,0.9367068863383412
SOS,55.0,10,568,1.5133881991426876,0.9367068863383412
SOS,55.0,10,569,2.3418630572411243,0.9367068863383412
SOS,55.0,10,570,-0.13009223623609323,0.9367068863383412
SOS,55.0,10,571,0.3263497821270538,0.9367068863383412
SOS,55.0,10,572,0.791082820900002,0.9367068863383412
SOS,55.0,10,573,1.2621398048520716,0.9367068863383412
SOS,55.0,10,574,1.7390695245275274,0.9367068863383412
SOS,55.0,10,575,-0.2982373232610611,0.9367068863383412
SOS,55.0,10,576,0.758392771111699,0.9367068863383412
SOS,55.0,10,577,1.7812017686703399,0.9367068863383412
SOS,55.0,10,578,0.23576156008013963,0.9367068863383412
SOS,55.0,10,579,0.9009513127206842,0.9367068863383412
SOS,55.0,10,580,2.1468373406488332,0.9367068863383412
SOS,55.0,10,581,0.9621031663839532,0.9367068863383412
SOS,55.0,10,582,1.2361096315312468,0.9367068863383412
SOS,55.0,10,583,1.2107986109019988,0.9367068863383412
SOS,55.0,10,584,1.435811294822987,0.9367068863383412
SOS,55.0,10,585,0.9365302764399672,0.9367068863383412
SOS,55.0,10,586,0.5337955881364209,0.9367068863383412
SOS,55.0,10,587,-0.42394416610811525,0.9367068863383412
SOS,55.0,10,588,0.8007648705840746,0.9367068863383412
SOS,55.0,10,589,1.426961692420242,0.9367068863383412
SOS,55.0,10,590,-0.052371882798233294,0.9367068863383412
SOS,55.0,10,591,0.2685818337272396,0.9367068863383412
SOS,55.0,10,592,0.9649372981019956,0.9367068863383412
SOS,55.0,10,593,1.3689702210394983,0.9367068863383412
SOS,55.0,10,594,1.2524255587946824,0.9367068863383412
SOS,55.0,10,595,1.0323139554242178,0.9367068863383412
SOS,55.0,10,596,0.043943699001817604,0.9367068863383412
SOS,55.0,10,597,2.1301314532236044,0.9367068863383412
SOS,55.0,10,598,1.602648781809673,0.9367068863383412
SOS,55.0,10,599,0.3340476132350281,0.9367068863383412
SOS,55.0,10,600,0.5667951865983292,0.9367068863383412
SOS,55.0,10,601,1.7351330109780154,0.9367068863383412
SOS,55.0,10,602,0.4710582809916337,0.9367068863383412
SOS,55.0,10,603,0.8332061837414804,0.9367068863383412
SOS,55.0,10,604,0.5424731975482806,0.9367068863383412
SOS,55.0,10,605,0.11545216351653442,0.9367068863383412
SOS,55.0,10,606,1.619039348618231,0.9367068863383412
SOS,55.0,10,607,1.5290883409145253,0.9367068863383412
SOS,55.0,10,608,2.019567752193649,0.9367068863383412
SOS,55.0,10,609,1.4690142769026626,0.9367068863383412
SOS,55.0,10,610,0.9556318567002726,0.9367068863383412
SOS,55.0,10,611,2.319724989926536,0.9367068863383412
SOS,55.0,10,612,1.292432989202001,0.9367068863383412
SOS,55.0,10,613,1.6758609158310356,0.9367068863383412
SOS,55.0,10,614,1.546614568486617,0.9367068863383412
SOS,55.0,10,615,1.5095090033016851,0.9367068863383412
SOS,55.0,10,616,1.8825835308033403,0.9367068863383412
SOS,55.0,10,617,2.2018949474665415,0.9367068863383412
SOS,55.0,10,618,-0.507171762324467,0.9367068863383412
SOS,55.0,10,619,0.884876637819232,0.9367068863383412
SOS,55.0,10,620,-0.5822223710718725,0.9367068863383412
SOS,55.0,10,621,1.1365010140798861,0.9367068863383412
SOS,55.0,10,622,0.8112703166876092,0.9367068863383412
SOS,55.0,10,623,1.6685083046647065,0.9367068863383412
SOS,55.0,10,624,0.1748870423677941,0.9367068863383412
SOS,55.0,10,625,0.6282323856716451,0.9367068863383412
SOS,55.0,10,626,0.4768231156115281,0.9367068863383412
SOS,55.0,10,627,0.9623421556739078,0.9367068863383412
SOS,55.0,10,628,1.3338525125867908,0.9367068863383412
SOS,55.0,10,629,0.7666245364021675,0.9367068863383412
SOS,55.0,10,630,0.3079087264904934,0.9367068863383412
SOS,55.0,10,631,0.8731885738405852,0.9367068863383412
SOS,55.0,10,632,0.16960013946407843,0.9367068863383412
SOS,55.0,10,633,0.6726919396999981,0.9367068863383412
SOS,55.0,10,634,0.953947085046333,0.9367068863383412
SOS,55.0,10,635,0.4735817675801878,0.9367068863383412
SOS,55.0,10,636,0.21862730020583676,0.9367068863383412
SOS,55.0,10,637,1.001249504649893,0.9367068863383412
SOS,55.0,10,638,0.9407777967646846,0.9367068863383412
SOS,55.0,10,639,0.6481974870102611,0.9367068863383412
SOS,55.0,10,640,1.7732525718890353,0.9367068863383412
SOS,55.0,10,641,0.4884440756766103,0.9367068863383412
SOS,55.0,10,642,1.5948051142800972,0.9367068863383412
SOS,55.0,10,643,0.6012173247391974,0.9367068863383412
SOS,55.0,10,644,0.2893052617327917,0.9367068863383412
SOS,55.0,10,645,0.7148788998017956,0.9367068863383412
SOS,55.0,10,646,0.8394562259671332,0.9367068863383412
SOS,55.0,10,647,-0.46971412274345425,0.9367068863383412
SOS,55.0,10,648,1.339073363229606,0.9367068863383412
SOS,55.0,10,649,1.8992751997870974,0.9367068863383412
SOS,55.0,10,650,1.632897089526129,0.9367068863383412
SOS,55.0,10,651,1.4448790725655931,0.9367068863383412
SOS,55.0,10,652,0.6605528015105935,0.9367068863383412
SOS,55.0,10,653,0.5548373545184464,0.9367068863383412
SOS,55.0,10,654,0.6062171079637267,0.9367068863383412
SOS,55.0,10,655,0.9291287632846787,0.9367068863383412
SOS,55.0,10,656,0.9031269527218633,0.9367068863383412
SOS,55.0,10,657,0.8717255048620809,0.9367068863383412
SOS,55.0,10,658,1.9056511204548103,0.9367068863383412
SOS,55.0,10,659,0.9810450711567902,0.9367068863383412
SOS,55.0,10,660,1.6968651280240246,0.9367068863383412
SOS,55.0,10,661,1.6443711350774335,0.9367068863383412
SOS,55.0,10,662,1.3804592610531867,0.9367068863383412
SOS,55.0,10,663,0.8507141001595158,0.9367068863383412
SOS,55.0,10,664,0.8411449422491917,0.9367068863383412
SOS,55.0,10,665,0.5590863379539346,0.9367068863383412
SOS,55.0,10,666,1.0334156021045606,0.9367068863383412
SOS,55.0,10,667,1.433932027252313,0.9367068863383412
SOS,55.0,10,668,-0.06647456024263992,0.9367068863383412
SOS,55.0,10,669,1.2592048553774515,0.9367068863383412
SOS,55.0,10,670,0.3727777404712189,0.9367068863383412
SOS,55.0,10,671,1.6108905968183875,0.9367068863383412
SOS,55.0,10,672,0.7524844108498258,0.9367068863383412
SOS,55.0,10,673,0.20019445172642203,0.9367068863383412
SOS,55.0,10,674,0.37838650972272164,0.9367068863383412
SOS,55.0,10,675,1.9442023611917765,0.9367068863383412
SOS,55.0,10,676,0.8636559551334031,0.9367068863383412
SOS,55.0,10,677,2.395415074555474,0.9367068863383412
SOS,55.0,10,678,1.683919167765749,0.9367068863383412
SOS,55.0,10,679,2.3553687260192158,0.9367068863383412
SOS,55.0,10,680,0.3327851733576954,0.9367068863383412
SOS,55.0,10,681,-0.3038466458751159,0.9367068863383412
SOS,55.0,10,682,0.8133238739972415,0.9367068863383412
SOS,55.0,10,683,1.2992319626739217,0.9367068863383412
SOS,55.0,10,684,0.5684039811981736,0.9367068863383412
SOS,55.0,10,685,1.352924971299554,0.9367068863383412
SOS,55.0,10,686,0.3660471088671675,0.9367068863383412
SOS,55.0,10,687,0.6326421580517603,0.9367068863383412
SOS,55.0,10,688,-0.08613987104264531,0.9367068863383412
SOS,55.0,10,689,-0.14329929943543268,0.9367068863383412
SOS,55.0,10,690,0.2093404303811126,0.9367068863383412
SOS,55.0,10,691,0.07593913497360516,0.9367068863383412
SOS,55.0,10,692,1.2277219543333624,0.9367068863383412
SOS,55.0,10,693,-0.052098932858334446,0.9367068863383412
SOS,55.0,10,694,1.5332239376782868,0.9367068863383412
SOS,55.0,10,695,-0.32811590830579684,0.9367068863383412
SOS,55.0,10,696,0.06979068005173766,0.9367068863383412
SOS,55.0,10,697,0.6666499492812665,0.9367068863383412
SOS,55.0,10,698,1.7801285169519585,0.9367068863383412
SOS,55.0,10,699,1.4953070333406564,0.9367068863383412
SOS,55.0,10,700,1.3535506247083324,0.9367068863383412
SOS,55.0,10,701,1.6945426837385893,0.9367068863383412
SOS,55.0,10,702,0.8671463492032354,0.9367068863383412
SOS,55.0,10,703,0.9923414710698323,0.9367068863383412
SOS,55.0,10,704,0.3811720931943735,0.9367068863383412
SOS,55.0,10,705,-0.23584623623644752,0.9367068863383412
SOS,55.0,10,706,1.6961628176245709,0.9367068863383412
SOS,55.0,10,707,0.5549318683093858,0.9367068863383412
SOS,55.0,10,708,0.786983480565087,0.9367068863383412
SOS,55.0,10,709,1.4246389298658966,0.9367068863383412
SOS,55.0,10,710,1.295936380721101,0.9367068863383412
SOS,55.0,10,711,1.3864989557378706,0.9367068863383412
SOS,55.0,10,712,1.1437572821302175,0.9367068863383412
SOS,55.0,10,713,0.8048200559877179,0.9367068863383412
SOS,55.0,10,714,0.9214992511204977,0.9367068863383412
SOS,55.0,10,715,0.3141959910637069,0.9367068863383412
SOS,55.0,10,716,-0.440523272845345,0.9367068863383412
SOS,55.0,10,717,2.0228224086777367,0.9367068863383412
SOS,55.0,10,718,-0.1479714893586388,0.9367068863383412
SOS,55.0,10,719,1.574147493606286,0.9367068863383412
SOS,55.0,10,720,0.015877676402754393,0.9367068863383412
SOS,55.0,10,721,-0.2605946477421493,0.9367068863383412
SOS,55.0,10,722,1.3427118157851166,0.9367068863383412
SOS,55.0,10,723,0.7936584341634738,0.9367068863383412
SOS,55.0,10,724,0.6429042463038063,0.9367068863383412
SOS,55.0,10,725,1.2348469204717303,0.9367068863383412
SOS,55.0,10,726,2.2140688586051107,0.9367068863383412
SOS,55.0,10,727,0.005019249045171259,0.9367068863383412
SOS,55.0,10,728,0.09136221017787849,0.9367068863383412
SOS,55.0,10,729,0.6720457709067427,0.9367068863383412
SOS,55.0,10,730,-0.3298780006496026,0.9367068863383412
SOS,55.0,10,731,0.5737933626389434,0.9367068863383412
SOS,55.0,10,732,2.2969767538735035,0.9367068863383412
SOS,55.0,10,733,0.045751885182428786,0.9367068863383412
SOS,55.0,10,734,0.5077104178702491,0.9367068863383412
SOS,55.0,10,735,1.9704836759306457,0.9367068863383412
SOS,55.0,10,736,0.9581295037177793,0.9367068863383412
SOS,55.0,10,737,0.9787379072242154,0.9367068863383412
SOS,55.0,10,738,1.3351773309470247,0.9367068863383412
SOS,55.0,10,739,0.8274644575502424,0.9367068863383412
SOS,55.0,10,740,1.3056736504472373,0.9367068863383412
SOS,55.0,10,741,1.161220144637122,0.9367068863383412
SOS,55.0,10,742,2.0012330302224566,0.9367068863383412
SOS,55.0,10,743,0.09819653999756084,0.9367068863383412
SOS,55.0,10,744,1.0881441825592237,0.9367068863383412
SOS,55.0,10,745,-0.11124290050803531,0.9367068863383412
SOS,55.0,10,746,0.6082366575003253,0.9367068863383412
SOS,55.0,10,747,1.0528174274917423,0.9367068863383412
SOS,55.0,10,748,0.6567102622839203,0.9367068863383412
SOS,55.0,10,749,1.8479033209627838,0.9367068863383412
SOS,55.0,10,750,1.0688583968311487,0.9367068863383412
SOS,55.0,10,751,1.4087011557548643,0.9367068863383412
SOS,55.0,10,752,0.3136076040640865,0.9367068863383412
SOS,55.0,10,753,1.0094032859452446,0.9367068863383412
SOS,55.0,10,754,0.39669643610619154,0.9367068863383412
SOS,55.0,10,755,2.3491162582628355,0.9367068863383412
SOS,55.0,10,756,0.9509568923804557,0.9367068863383412
SOS,55.0,10,757,-0.5067485782970049,0.9367068863383412
SOS,55.0,10,758,0.9692999561989784,0.9367068863383412
SOS,55.0,10,759,1.8731990252640955,0.9367068863383412
SOS,55.0,10,760,0.7038182815811522,0.9367068863383412
SOS,55.0,10,761,-0.2518993836412342,0.9367068863383412
SOS,55.0,10,762,1.0626338862550002,0.9367068863383412
SOS,55.0,10,763,0.5817638954794111,0.9367068863383412
SOS,55.0,10,764,1.7166578871553442,0.9367068863383412
SOS,55.0,10,765,0.8399078423633644,0.9367068863383412
SOS,55.0,10,766,0.7520007158556972,0.9367068863383412
SOS,55.0,10,767,1.5201943547961627,0.9367068863383412
SOS,55.0,10,768,1.1841321191416996,0.9367068863383412
SOS,55.0,10,769,0.467643924724647,0.9367068863383412
SOS,55.0,10,770,1.8183693196347515,0.9367068863383412
SOS,55.0,10,771,0.6194704776005593,0.9367068863383412
SOS,55.0,10,772,1.1422650579857967,0.9367068863383412
SOS,55.0,10,773,-0.9834552182416834,0.9367068863383412
SOS,55.0,10,774,0.4219266463204496,0.9367068863383412
SOS,55.0,10,775,-0.36205987048846366,0.9367068863383412
SOS,55.0,10,776,0.6406136055810676,0.9367068863383412
SOS,55.0,10,777,0.5018325839730102,0.9367068863383412
SOS,55.0,10,778,0.6363864583039092,0.9367068863383412
SOS,55.0,10,779,-0.7686224575211561,0.9367068863383412
SOS,55.0,10,780,0.7480868447659881,0.9367068863383412
SOS,55.0,10,781,0.16707645747617567,0.9367068863383412
SOS,55.0,10,782,0.02103599833016012,0.9367068863383412
SOS,55.0,10,783,1.153609271402475,0.9367068863383412
SOS,55.0,10,784,-0.08136947594127886,0.9367068863383412
SOS,55.0,10,785,1.378510418613367,0.9367068863383412
SOS,55.0,10,786,1.8126204128583143,0.9367068863383412
SOS,55.0,10,787,1.3547774087973776,0.9367068863383412
SOS,55.0,10,788,0.529842074381191,0.9367068863383412
SOS,55.0,10,789,-0.011182659904221737,0.9367068863383412
SOS,55.0,10,790,1.0890415649962892,0.9367068863383412
SOS,55.0,10,791,0.38899368914971066,0.9367068863383412
SOS,55.0,10,792,-0.17845100352810128,0.9367068863383412
SOS,55.0,10,793,0.8405764697463316,0.9367068863383412
SOS,55.0,10,794,1.6409640395687606,0.9367068863383412
SOS,55.0,10,795,0.8835258225815215,0.9367068863383412
SOS,55.0,10,796,0.4054924484411262,0.9367068863383412
SOS,55.0,10,797,1.4539892168968809,0.9367068863383412
SOS,55.0,10,798,1.403929187354441,0.9367068863383412
SOS,55.0,10,799,1.064294177288619,0.9367068863383412
SOS,55.0,10,800,1.324987092081396,0.9367068863383412
SOS,55.0,10,801,0.29199462367381335,0.9367068863383412
SOS,55.0,10,802,0.08383598013870741,0.9367068863383412
SOS,55.0,10,803,1.9316343296940741,0.9367068863383412
SOS,55.0,10,804,0.6378074782203346,0.9367068863383412
SOS,55.0,10,805,1.9004787906821594,0.9367068863383412
SOS,55.0,10,806,2.130970484790402,0.9367068863383412
SOS,55.0,10,807,1.161483751782094,0.9367068863383412
SOS,55.0,10,808,0.9839190366539173,0.9367068863383412
SOS,55.0,10,809,1.5149587906385464,0.9367068863383412
SOS,55.0,10,810,0.681396511586946,0.9367068863383412
SOS,55.0,10,811,1.5649126972745515,0.9367068863383412
SOS,55.0,10,812,1.7970032636515025,0.9367068863383412
SOS,55.0,10,813,1.0337137807370165,0.9367068863383412
SOS,55.0,10,814,1.2743425834234188,0.9367068863383412
SOS,55.0,10,815,2.074668774819875,0.9367068863383412
SOS,55.0,10,816,1.6997212723046178,0.9367068863383412
SOS,55.0,10,817,1.4924580731453225,0.9367068863383412
SOS,55.0,10,818,1.0501987680643685,0.9367068863383412
SOS,55.0,10,819,2.710457644414203,0.9367068863383412
SOS,55.0,10,820,0.32364732863392953,0.9367068863383412
SOS,55.0,10,821,1.465730689772403,0.9367068863383412
SOS,55.0,10,822,0.7351981693675361,0.9367068863383412
SOS,55.0,10,823,0.5901835290830033,0.9367068863383412
SOS,55.0,10,824,0.6619393137864885,0.9367068863383412
SOS,55.0,10,825,-0.4485600118020425,0.9367068863383412
SOS,55.0,10,826,1.1653076577236672,0.9367068863383412
SOS,55.0,10,827,0.266715060595746,0.9367068863383412
SOS,55.0,10,828,1.2962128022593613,0.9367068863383412
SOS,55.0,10,829,1.1905048953528234,0.9367068863383412
SOS,55.0,10,830,1.4856073759615729,0.9367068863383412
SOS,55.0,10,831,-0.14954485774018988,0.9367068863383412
SOS,55.0,10,832,0.3115516879367006,0.9367068863383412
SOS,55.0,10,833,0.7523859013097981,0.9367068863383412
SOS,55.0,10,834,0.21927631524245395,0.9367068863383412
SOS,55.0,10,835,0.2671290893913846,0.9367068863383412
SOS,55.0,10,836,1.541092618839591,0.9367068863383412
SOS,55.0,10,837,1.9481486921001498,0.9367068863383412
SOS,55.0,10,838,1.0881749883577925,0.9367068863383412
SOS,55.0,10,839,0.2613000222045645,0.9367068863383412
SOS,55.0,10,840,1.963568435175598,0.9367068863383412
SOS,55.0,10,841,0.5027140373730449,0.9367068863383412
SOS,55.0,10,842,0.727335948407396,0.9367068863383412
SOS,55.0,10,843,0.09491588691715602,0.9367068863383412
SOS,55.0,10,844,0.5666674574731325,0.9367068863383412
SOS,55.0,10,845,0.2778030689694482,0.9367068863383412
SOS,55.0,10,846,-0.24552480589815195,0.9367068863383412
SOS,55.0,10,847,1.0464387237382884,0.9367068863383412
SOS,55.0,10,848,1.4355382161955452,0.9367068863383412
SOS,55.0,10,849,1.012310650444935,0.9367068863383412
SOS,55.0,10,850,1.4350230473537733,0.9367068863383412
SOS,55.0,10,851,0.22968991606618516,0.9367068863383412
SOS,55.0,10,852,2.255107426682452,0.9367068863383412
SOS,55.0,10,853,0.8184542083455494,0.9367068863383412
SOS,55.0,10,854,1.2354958731149044,0.9367068863383412
SOS,55.0,10,855,0.8417878808606598,0.9367068863383412
SOS,55.0,10,856,0.48263596284305743,0.9367068863383412
SOS,55.0,10,857,1.0026825784541475,0.9367068863383412
SOS,55.0,10,858,-0.28746974100644157,0.9367068863383412
SOS,55.0,10,859,1.605470077864363,0.9367068863383412
SOS,55.0,10,860,1.8761071925150532,0.9367068863383412
SOS,55.0,10,861,1.932662505337771,0.9367068863383412
SOS,55.0,10,862,1.2629528841278195,0.9367068863383412
SOS,55.0,10,863,-1.1191263005872405,0.9367068863383412
SOS,55.0,10,864,1.2300536439315561,0.9367068863383412
SOS,55.0,10,865,-0.17200294228348256,0.9367068863383412
SOS,55.0,10,866,-0.45433335623273075,0.9367068863383412
SOS,55.0,10,867,2.3453222101696802,0.9367068863383412
SOS,55.0,10,868,1.175030441984497,0.9367068863383412
SOS,55.0,10,869,1.1407121755153404,0.9367068863383412
SOS,55.0,10,870,1.38636506399498,0.9367068863383412
SOS,55.0,10,871,1.318827039882444,0.9367068863383412
SOS,55.0,10,872,0.709528030405157,0.9367068863383412
SOS,55.0,10,873,2.005602434770004,0.9367068863383412
SOS,55.0,10,874,1.7189935297944978,0.9367068863383412
SOS,55.0,10,875,0.032942851378290394,0.9367068863383412
SOS,55.0,10,876,1.8215983975680676,0.9367068863383412
SOS,55.0,10,877,2.189916962741711,0.9367068863383412
SOS,55.0,10,878,1.5313592935872355,0.9367068863383412
SOS,55.0,10,879,0.8409402001799222,0.9367068863383412
SOS,55.0,10,880,0.35075042287043356,0.9367068863383412
SOS,55.0,10,881,0.6102930672094454,0.9367068863383412
SOS,55.0,10,882,1.3063405303061664,0.9367068863383412
SOS,55.0,10,883,-0.7006969889731621,0.9367068863383412
SOS,55.0,10,884,1.3282639234653117,0.9367068863383412
SOS,55.0,10,885,1.0923628275951112,0.9367068863383412
SOS,55.0,10,886,1.6628969329717216,0.9367068863383412
SOS,55.0,10,887,0.9849678404211215,0.9367068863383412
SOS,55.0,10,888,0.8470207060240178,0.9367068863383412
SOS,55.0,10,889,1.423451838612682,0.9367068863383412
SOS,55.0,10,890,0.0068889131341751675,0.9367068863383412
SOS,55.0,10,891,0.3787518754671546,0.9367068863383412
SOS,55.0,10,892,0.29395773434800954,0.9367068863383412
SOS,55.0,10,893,1.5585948506576313,0.9367068863383412
SOS,55.0,10,894,1.3112970332562703,0.9367068863383412
SOS,55.0,10,895,0.6691397399971999,0.9367068863383412
SOS,55.0,10,896,1.4852832808489214,0.9367068863383412
SOS,55.0,10,897,2.0252662111568553,0.9367068863383412
SOS,55.0,10,898,1.693650817130325,0.9367068863383412
SOS,55.0,10,899,1.4846990062342167,0.9367068863383412
SOS,55.0,10,900,1.164480510292781,0.9367068863383412
SOS,55.0,10,901,0.6657138770682943,0.9367068863383412
SOS,55.0,10,902,1.0215015777811338,0.9367068863383412
SOS,55.0,10,903,-0.15645561395361068,0.9367068863383412
SOS,55.0,10,904,0.39380682190558436,0.9367068863383412
SOS,55.0,10,905,1.6069632486436096,0.9367068863383412
SOS,55.0,10,906,-0.4095545282717592,0.9367068863383412
SOS,55.0,10,907,1.4952335587864318,0.9367068863383412
SOS,55.0,10,908,-0.06059292437538433,0.9367068863383412
SOS,55.0,10,909,-0.014259925235366788,0.9367068863383412
SOS,55.0,10,910,0.946390402017933,0.9367068863383412
SOS,55.0,10,911,1.7627221760087934,0.9367068863383412
SOS,55.0,10,912,1.41774880140318,0.9367068863383412
SOS,55.0,10,913,1.1116022841838704,0.9367068863383412
SOS,55.0,10,914,1.1828511662935308,0.9367068863383412
SOS,55.0,10,915,-0.6262283962421865,0.9367068863383412
SOS,55.0,10,916,0.49157186480363035,0.9367068863383412
SOS,55.0,10,917,1.8404003229023547,0.9367068863383412
SOS,55.0,10,918,1.9263082930395803,0.9367068863383412
SOS,55.0,10,919,0.9281293828168249,0.9367068863383412
SOS,55.0,10,920,-0.04970068125756444,0.9367068863383412
SOS,55.0,10,921,0.04338092521202963,0.9367068863383412
SOS,55.0,10,922,-0.3704613767256515,0.9367068863383412
SOS,55.0,10,923,1.0976063747142915,0.9367068863383412
SOS,55.0,10,924,2.5543125278760557,0.9367068863383412
SOS,55.0,10,925,0.3292025850698881,0.9367068863383412
SOS,55.0,10,926,1.6323164888048372,0.9367068863383412
SOS,55.0,10,927,1.2805100164937424,0.9367068863383412
SOS,55.0,10,928,0.761827664253166,0.9367068863383412
SOS,55.0,10,929,0.7009029245045857,0.9367068863383412
SOS,55.0,10,930,0.9749700430115309,0.9367068863383412
SOS,55.0,10,931,0.8026204239724899,0.9367068863383412
SOS,55.0,10,932,0.1251974445970267,0.9367068863383412
SOS,55.0,10,933,0.335019195634949,0.9367068863383412
SOS,55.0,10,934,0.436676841507983,0.9367068863383412
SOS,55.0,10,935,0.7011735135319719,0.9367068863383412
SOS,55.0,10,936,1.3090752457982016,0.9367068863383412
SOS,55.0,10,937,0.7102484106367526,0.9367068863383412
SOS,55.0,10,938,1.665388689336746,0.9367068863383412
SOS,55.0,10,939,-0.36821309130169966,0.9367068863383412
SOS,55.0,10,940,1.6297516186401966,0.9367068863383412
SOS,55.0,10,941,0.49679106436829934,0.9367068863383412
SOS,55.0,10,942,0.58839587373076,0.9367068863383412
SOS,55.0,10,943,1.3327403497130854,0.9367068863383412
SOS,55.0,10,944,0.5094637176261189,0.9367068863383412
SOS,55.0,10,945,1.5941337604929404,0.9367068863383412
SOS,55.0,10,946,0.6328510399700926,0.9367068863383412
SOS,55.0,10,947,-0.14582808186312013,0.9367068863383412
SOS,55.0,10,948,0.8431542431613903,0.9367068863383412
SOS,55.0,10,949,0.6332722726349936,0.9367068863383412
SOS,55.0,10,950,1.5905308314215896,0.9367068863383412
SOS,55.0,10,951,1.7647902824143418,0.9367068863383412
SOS,55.0,10,952,1.648842021521514,0.9367068863383412
SOS,55.0,10,953,0.8447558905482844,0.9367068863383412
SOS,55.0,10,954,1.8001037596207095,0.9367068863383412
SOS,55.0,10,955,1.3436558837683479,0.9367068863383412
SOS,55.0,10,956,1.0191441101366374,0.9367068863383412
SOS,55.0,10,957,-0.3283912638483636,0.9367068863383412
SOS,55.0,10,958,0.41258463347637286,0.9367068863383412
SOS,55.0,10,959,0.2638252314316485,0.9367068863383412
SOS,55.0,10,960,1.4170597670623695,0.9367068863383412
SOS,55.0,10,961,0.5037711569911101,0.9367068863383412
SOS,55.0,10,962,-0.372821944965869,0.9367068863383412
SOS,55.0,10,963,1.585448965855249,0.9367068863383412
SOS,55.0,10,964,0.9347826928540084,0.9367068863383412
SOS,55.0,10,965,0.711691819968927,0.9367068863383412
SOS,55.0,10,966,-0.10612513594348627,0.9367068863383412
SOS,55.0,10,967,0.08424753098181292,0.9367068863383412
SOS,55.0,10,968,1.873841405332399,0.9367068863383412
SOS,55.0,10,969,0.8639715868398077,0.9367068863383412
SOS,55.0,10,970,1.5936208740757423,0.9367068863383412
SOS,55.0,10,971,0.645119234075636,0.9367068863383412
SOS,55.0,10,972,0.35363535152156755,0.9367068863383412
SOS,55.0,10,973,0.7135302510194381,0.9367068863383412
SOS,55.0,10,974,0.6291855950091545,0.9367068863383412
SOS,55.0,10,975,0.5341609500831527,0.9367068863383412
SOS,55.0,10,976,1.001462655362026,0.9367068863383412
SOS,55.0,10,977,1.6261249571286969,0.9367068863383412
SOS,55.0,10,978,0.5293313811823939,0.9367068863383412
SOS,55.0,10,979,1.7531260403486537,0.9367068863383412
SOS,55.0,10,980,0.7853410915717846,0.9367068863383412
SOS,55.0,10,981,1.353628338822663,0.9367068863383412
SOS,55.0,10,982,0.12685030656047402,0.9367068863383412
SOS,55.0,10,983,0.2857818579711049,0.9367068863383412
SOS,55.0,10,984,1.7502684277717955,0.9367068863383412
SOS,55.0,10,985,0.9696610961452898,0.9367068863383412
SOS,55.0,10,986,-0.07155931912447,0.9367068863383412
SOS,55.0,10,987,0.8899531872588522,0.9367068863383412
SOS,55.0,10,988,0.8218010674819483,0.9367068863383412
SOS,55.0,10,989,0.7153773788227696,0.9367068863383412
SOS,55.0,10,990,1.4069804559544252,0.9367068863383412
SOS,55.0,10,991,0.17063005493524352,0.9367068863383412
SOS,55.0,10,992,0.02922857018674685,0.9367068863383412
SOS,55.0,10,993,1.8871424803573595,0.9367068863383412
SOS,55.0,10,994,0.391577999394902,0.9367068863383412
SOS,55.0,10,995,-0.14717955681696226,0.9367068863383412
SOS,55.0,10,996,0.5866375220739473,0.9367068863383412
SOS,55.0,10,997,1.8886287737029064,0.9367068863383412
SOS,55.0,10,998,0.1894715696147516,0.9367068863383412
SOS,55.0,10,999,-0.01834969570382816,0.9367068863383412
EOS,25.0,5,1,-3.506697047063884,-6.614940108522854
EOS,25.0,5,2,-5.247186894467798,-6.614940108522854
EOS,25.0,5,3,-8.218245955314359,-6.614940108522854
EOS,25.0,5,4,-6.896994088859269,-6.614940108522854
EOS,25.0,5,5,-7.232825585587802,-6.614940108522854
EOS,25.0,5,6,-8.46503123230207,-6.614940108522854
EOS,25.0,5,7,-6.660985627542957,-6.614940108522854
EOS,25.0,5,8,-2.624104539146637,-6.614940108522854
EOS,25.0,5,9,-3.3783050322412653,-6.614940108522854
EOS,25.0,5,10,-1.5392461539512723,-6.614940108522854
EOS,25.0,5,11,-6.010700397917575,-6.614940108522854
EOS,25.0,5,12,-10.323347194735234,-6.614940108522854
EOS,25.0,5,13,-6.461762485055292,-6.614940108522854
EOS,25.0,5,14,-4.22710636194509,-6.614940108522854
EOS,25.0,5,15,-7.549809096798877,-6.614940108522854
EOS,25.0,5,16,-8.41396507274878,-6.614940108522854
EOS,25.0,5,17,-6.1476792660291215,-6.614940108522854
EOS,25.0,5,18,-9.681127151987539,-6.614940108522854
EOS,25.0,5,19,-10.078148659207054,-6.614940108522854
EOS,25.0,5,20,-2.648513563596552,-6.614940108522854
EOS,25.0,5,21,-4.84121346909694,-6.614940108522854
EOS,25.0,5,22,-5.144401654021809,-6.614940108522854
EOS,25.0,5,23,-2.9116550422287064,-6.614940108522854
EOS,25.0,5,24,-4.285713840354815,-6.614940108522854
EOS,25.0,5,25,-6.996875732232038,-6.614940108522854
EOS,25.0,5,26,-11.531900014838753,-6.614940108522854
EOS,25.0,5,27,-8.369819326444112,-6.614940108522854
EOS,25.0,5,28,-3.5336728903659855,-6.614940108522854
EOS,25.0,5,29,-8.611677794045537,-6.614940108522854
EOS,25.0,5,30,-8.591438951323784,-6.614940108522854
EOS,25.0,5,31,-7.91850701059018,-6.614940108522854
EOS,25.0,5,32,-7.681103277581853,-6.614940108522854
EOS,25.0,5,33,-5.3955073593051,-6.614940108522854
EOS,25.0,5,34,-8.521140280293237,-6.614940108522854
EOS,25.0,5,35,-2.8008220131446793,-6.614940108522854
EOS,25.0,5,36,-7.770716942006517,-6.614940108522854
EOS,25.0,5,37,-6.273047896191178,-6.614940108522854
EOS,25.0,5,38,-2.2833518201826504,-6.614940108522854
EOS,25.0,5,39,-7.168769798408892,-6.614940108522854
EOS,25.0,5,40,-10.377097623692881,-6.614940108522854
EOS,25.0,5,41,-9.1426335028451,-6.614940108522854
EOS,25.0,5,42,-5.587115259865085,-6.614940108522854
EOS,25.0,5,43,-5.770388501276972,-6.614940108522854
EOS,25.0,5,44,-6.3872813809143505,-6.614940108522854
EOS,25.0,5,45,-5.970161919686561,-6.614940108522854
EOS,25.0,5,46,-7.570726426998046,-6.614940108522854
EOS,25.0,5,47,-6.077053016685591,-6.614940108522854
EOS,25.0,5,48,-11.786767313600352,-6.614940108522854
EOS,25.0,5,49,-8.523660847567847,-6.614940108522854
EOS,25.0,5,50,-4.784453531859577,-6.614940108522854
EOS,25.0,5,51,-4.309723959195345,-6.614940108522854
EOS,25.0,5,52,-9.006208003294965,-6.614940108522854
EOS,25.0,5,53,-7.508712486615084,-6.614940108522854
EOS,25.0,5,54,-2.351974291050248,-6.614940108522854
EOS,25.0,5,55,-9.243815751643705,-6.614940108522854
EOS,25.0,5,56,-3.3742815932274803,-6.614940108522854
EOS,25.0,5,57,-7.897322392059735,-6.614940108522854
EOS,25.0,5,58,-7.848100005145085,-6.614940108522854
EOS,25.0,5,59,-3.5661252138468984,-6.614940108522854
EOS,25.0,5,60,-7.332114122470065,-6.614940108522854
EOS,25.0,5,61,-6.568955862299171,-6.614940108522854
EOS,25.0,5,62,-9.493205094590923,-6.614940108522854
EOS,25.0,5,63,-5.506840525910247,-6.614940108522854
EOS,25.0,5,64,-12.34669360492918,-6.614940108522854
EOS,25.0,5,65,-6.655177378680152,-6.614940108522854
EOS,25.0,5,66,-6.3861813234452836,-6.614940108522854
EOS,25.0,5,67,-5.9998107015473305,-6.614940108522854
EOS,25.0,5,68,-9.476927842564592,-6.614940108522854
EOS,25.0,5,69,-8.149541002285233,-6.614940108522854
EOS,25.0,5,70,-6.395965081343348,-6.614940108522854
EOS,25.0,5,71,-4.658563290905587,-6.614940108522854
EOS,25.0,5,72,-7.50481755523831,-6.614940108522854
EOS,25.0,5,73,-9.730807241998559,-6.614940108522854
EOS,25.0,5,74,-10.540018462667806,-6.614940108522854
EOS,25.0,5,75,-3.377561362633828,-6.614940108522854
EOS,25.0,5,76,-6.366366203270502,-6.614940108522854
EOS,25.0,5,77,-5.027648083424838,-6.614940108522854
EOS,25.0,5,78,-5.520834223844034,-6.614940108522854
EOS,25.0,5,79,-8.439106542337289,-6.614940108522854
EOS,25.0,5,80,-8.087080671864484,-6.614940108522854
EOS,25.0,5,81,-5.871945402156979,-6.614940108522854
EOS,25.0,5,82,-9.19414194810356,-6.614940108522854
EOS,25.0,5,83,-6.1169737152771235,-6.614940108522854
EOS,25.0,5,84,-9.676597891241645,-6.614940108522854
EOS,25.0,5,85,-7.899670128125262,-6.614940108522854
EOS,25.0,5,86,-0.33246907893761013,-6.614940108522854
EOS,25.0,5,87,-3.1718379009729984,-6.614940108522854
EOS,25.0,5,88,-9.614123244549239,-6.614940108522854
EOS,25.0,5,89,-4.292664203731865,-6.614940108522854
EOS,25.0,5,90,-7.174917073935907,-6.614940108522854
EOS,25.0,5,91,-7.704500924790505,-6.614940108522854
EOS,25.0,5,92,-3.64627088795884,-6.614940108522854
EOS,25.0,5,93,-4.6453087133216355,-6.614940108522854
EOS,25.0,5,94,-6.75879375956029,-6.614940108522854
EOS,25.0,5,95,-5.708601431385748,-6.614940108522854
EOS,25.0,5,96,-4.446533470119856,-6.614940108522854
EOS,25.0,5,97,-4.358954109594519,-6.614940108522854
EOS,25.0,5,98,-4.178102024143815,-6.614940108522854
EOS,25.0,5,99,-2.9867241289777144,-6.614940108522854
EOS,25.0,5,100,-5.795324034257343,-6.614940108522854
EOS,25.0,5,101,-6.748138597090938,-6.614940108522854
EOS,25.0,5,102,-6.5030077652131295,-6.614940108522854
EOS,25.0,5,103,-4.007978318743941,-6.614940108522854
EOS,25.0,5,104,-4.973111703183154,-6.614940108522854
EOS,25.0,5,105,-6.4452696329811525,-6.614940108522854
EOS,25.0,5,106,-3.413659161687514,-6.614940108522854
EOS,25.0,5,107,-2.6492516037329157,-6.614940108522854
EOS,25.0,5,108,-8.408060416566538,-6.614940108522854
EOS,25.0,5,109,-5.998481080854775,-6.614940108522854
EOS,25.0,5,110,-11.034417290902418,-6.614940108522854
EOS,25.0,5,111,-10.265588563321682,-6.614940108522854
EOS,25.0,5,112,-7.222789202951056,-6.614940108522854
EOS,25.0,5,113,-9.469087367725306,-6.614940108522854
EOS,25.0,5,114,-10.958203022578093,-6.614940108522854
EOS,25.0,5,115,-5.218254635626675,-6.614940108522854
EOS,25.0,5,116,-11.831048879383049,-6.614940108522854
EOS,25.0,5,117,-7.642085132448285,-6.614940108522854
EOS,25.0,5,118,-7.898111989087306,-6.614940108522854
EOS,25.0,5,119,-5.765822960250899,-6.614940108522854
EOS,25.0,5,120,-5.439590729913233,-6.614940108522854
EOS,25.0,5,121,-10.204770610326745,-6.614940108522854
EOS,25.0,5,122,-4.3519650303431865,-6.614940108522854
EOS,25.0,5,123,-9.99378159797844,-6.614940108522854
EOS,25.0,5,124,-5.009953573839066,-6.614940108522854
EOS,25.0,5,125,-2.776289987915042,-6.614940108522854
EOS,25.0,5,126,-10.79813981694195,-6.614940108522854
EOS,25.0,5,127,-3.6669328475980545,-6.614940108522854
EOS,25.0,5,128,-11.184363380338255,-6.614940108522854
EOS,25.0,5,129,-3.9779312418462904,-6.614940108522854
EOS,25.0,5,130,-2.9473079304997687,-6.614940108522854
EOS,25.0,5,131,-4.1712150912148305,-6.614940108522854
EOS,25.0,5,132,-5.37812084750624,-6.614940108522854
EOS,25.0,5,133,-8.01443893964773,-6.614940108522854
EOS,25.0,5,134,-3.471599858688972,-6.614940108522854
EOS,25.0,5,135,-4.999537116005923,-6.614940108522854
EOS,25.0,5,136,-9.960803745401083,-6.614940108522854
EOS,25.0,5,137,-5.620957108991202,-6.614940108522854
EOS,25.0,5,138,-5.758143577269381,-6.614940108522854
EOS,25.0,5,139,-5.2148422500125635,-6.614940108522854
EOS,25.0,5,140,-8.966786160992992,-6.614940108522854
EOS,25.0,5,141,-4.4891597946907975,-6.614940108522854
EOS,25.0,5,142,-5.889115258395669,-6.614940108522854
EOS,25.0,5,143,-12.864798250981233,-6.614940108522854
EOS,25.0,5,144,-3.5651460808033377,-6.614940108522854
EOS,25.0,5,145,-10.172421562284777,-6.614940108522854
EOS,25.0,5,146,-6.603695154094687,-6.614940108522854
EOS,25.0,5,147,-5.943805137508423,-6.614940108522854
EOS,25.0,5,148,-4.49361515867931,-6.614940108522854
EOS,25.0,5,149,-2.6880194011527756,-6.614940108522854
EOS,25.0,5,150,-10.791359761316675,-6.614940108522854
EOS,25.0,5,151,-7.555643163299014,-6.614940108522854
EOS,25.0,5,152,-7.674153208450814,-6.614940108522854
EOS,25.0,5,153,-9.676615756760912,-6.614940108522854
EOS,25.0,5,154,-8.005465548164144,-6.614940108522854
EOS,25.0,5,155,-7.732010193658599,-6.614940108522854
EOS,25.0,5,156,-6.219959788022252,-6.614940108522854
EOS,25.0,5,157,-8.616139672956162,-6.614940108522854
EOS,25.0,5,158,-6.997057611463587,-6.614940108522854
EOS,25.0,5,159,-6.552598629934502,-6.614940108522854
EOS,25.0,5,160,-4.254567419165275,-6.614940108522854
EOS,25.0,5,161,-7.87930889080088,-6.614940108522854
EOS,25.0,5,162,-7.35332643487984,-6.614940108522854
EOS,25.0,5,163,-6.25721254171447,-6.614940108522854
EOS,25.0,5,164,-1.8599913659542961,-6.614940108522854
EOS,25.0,5,165,-8.113577202994076,-6.614940108522854
EOS,25.0,5,166,-9.464179511643842,-6.614940108522854
EOS,25.0,5,167,-8.820328726495335,-6.614940108522854
EOS,25.0,5,168,-7.070869652207661,-6.614940108522854
EOS,25.0,5,169,-7.820768993198143,-6.614940108522854
EOS,25.0,5,170,-4.49318042346284,-6.614940108522854
EOS,25.0,5,171,-6.913887410015184,-6.614940108522854
EOS,25.0,5,172,-4.6119144292997865,-6.614940108522854
EOS,25.0,5,173,-6.154726054494442,-6.614940108522854
EOS,25.0,5,174,-7.984737388853302,-6.614940108522854
EOS,25.0,5,175,-6.540042758031962,-6.614940108522854
EOS,25.0,5,176,-7.191116393415795,-6.614940108522854
EOS,25.0,5,177,-8.331498694501706,-6.614940108522854
EOS,25.0,5,178,-7.75234122443732,-6.614940108522854
EOS,25.0,5,179,-8.354407238231175,-6.614940108522854
EOS,25.0,5,180,-5.553509824858212,-6.614940108522854
EOS,25.0,5,181,-7.936721007405771,-6.614940108522854
EOS,25.0,5,182,-8.135578111214054,-6.614940108522854
EOS,25.0,5,183,-7.594717027860912,-6.614940108522854
EOS,25.0,5,184,-6.1536414910462405,-6.614940108522854
EOS,25.0,5,185,-5.884980861693867,-6.614940108522854
EOS,25.0,5,186,-7.5205401200406,-6.614940108522854
EOS,25.0,5,187,-9.510002927102175,-6.614940108522854
EOS,25.0,5,188,-8.06313081616363,-6.614940108522854
EOS,25.0,5,189,-3.5122242874602403,-6.614940108522854
EOS,25.0,5,190,-7.587549094552036,-6.614940108522854
EOS,25.0,5,191,-5.787074175013055,-6.614940108522854
EOS,25.0,5,192,-8.33553877451696,-6.614940108522854
EOS,25.0,5,193,-5.83640282292601,-6.614940108522854
EOS,25.0,5,194,-11.251367551004272,-6.614940108522854
EOS,25.0,5,195,-11.69748678506858,-6.614940108522854
EOS,25.0,5,196,-3.9340521203388823,-6.614940108522854
EOS,25.0,5,197,-5.704928962303692,-6.614940108522854
EOS,25.0,5,198,-5.9055690282361475,-6.614940108522854
EOS,25.0,5,199,-5.8000306260006775,-6.614940108522854
EOS,25.0,5,200,-8.080171337640515,-6.614940108522854
EOS,25.0,5,201,-8.305113355272102,-6.614940108522854
EOS,25.0,5,202,-3.148053254499223,-6.614940108522854
EOS,25.0,5,203,-8.09390037095366,-6.614940108522854
EOS,25.0,5,204,-6.380077158394855,-6.614940108522854
EOS,25.0,5,205,-6.014949305647094,-6.614940108522854
EOS,25.0,5,206,-7.868085433928205,-6.614940108522854
EOS,25.0,5,207,-4.683534435551878,-6.614940108522854
EOS,25.0,5,208,-10.794323354806494,-6.614940108522854
EOS,25.0,5,209,-3.610096188644166,-6.614940108522854
EOS,25.0,5,210,-4.531140192085063,-6.614940108522854
EOS,25.0,5,211,-7.671667966884369,-6.614940108522854
EOS,25.0,5,212,-7.140113541187504,-6.614940108522854
EOS,25.0,5,213,0.12471676764625167,-6.614940108522854
EOS,25.0,5,214,-8.646560766866152,-6.614940108522854
EOS,25.0,5,215,-5.937094016059271,-6.614940108522854
EOS,25.0,5,216,-9.180984538855572,-6.614940108522854
EOS,25.0,5,217,-5.997306686324092,-6.614940108522854
EOS,25.0,5,218,-5.816060385447674,-6.614940108522854
EOS,25.0,5,219,-2.9919642108190576,-6.614940108522854
EOS,25.0,5,220,-9.702957321672223,-6.614940108522854
EOS,25.0,5,221,-7.23273392052368,-6.614940108522854
EOS,25.0,5,222,-4.53021740353554,-6.614940108522854
EOS,25.0,5,223,-10.073823287154763,-6.614940108522854
EOS,25.0,5,224,-5.109531038736346,-6.614940108522854
EOS,25.0,5,225,-6.791517145150424,-6.614940108522854
EOS,25.0,5,226,-6.4488663335719885,-6.614940108522854
EOS,25.0,5,227,-6.073778614315908,-6.614940108522854
EOS,25.0,5,228,-5.8713787002976545,-6.614940108522854
EOS,25.0,5,229,-8.92080750280769,-6.614940108522854
EOS,25.0,5,230,-10.266492123688284,-6.614940108522854
EOS,25.0,5,231,-5.811801900303824,-6.614940108522854
EOS,25.0,5,232,-7.188051016595699,-6.614940108522854
EOS,25.0,5,233,-6.205222527882699,-6.614940108522854
EOS,25.0,5,234,-4.1017957799812725,-6.614940108522854
EOS,25.0,5,235,-8.18153894656679,-6.614940108522854
EOS,25.0,5,236,-5.2027836761322135,-6.614940108522854
EOS,25.0,5,237,-4.978181228037011,-6.614940108522854
EOS,25.0,5,238,-10.742969818899567,-6.614940108522854
EOS,25.0,5,239,-3.208939254170736,-6.614940108522854
EOS,25.0,5,240,-5.140773833981125,-6.614940108522854
EOS,25.0,5,241,-5.524862687264006,-6.614940108522854
EOS,25.0,5,242,-7.966621315173363,-6.614940108522854
EOS,25.0,5,243,-3.141050337670166,-6.614940108522854
EOS,25.0,5,244,-9.604410518446628,-6.614940108522854
EOS,25.0,5,245,-10.083025536500578,-6.614940108522854
EOS,25.0,5,246,-3.0142303407142994,-6.614940108522854
EOS,25.0,5,247,-4.293692643414762,-6.614940108522854
EOS,25.0,5,248,-7.616948982794923,-6.614940108522854
EOS,25.0,5,249,-3.606029400799832,-6.614940108522854
EOS,25.0,5,250,-5.697315296070419,-6.614940108522854
EOS,25.0,5,251,-4.678455751504227,-6.614940108522854
EOS,25.0,5,252,-5.029668545180468,-6.614940108522854
EOS,25.0,5,253,-7.195488498044451,-6.614940108522854
EOS,25.0,5,254,-6.70811628321802,-6.614940108522854
EOS,25.0,5,255,-9.222510674105587,-6.614940108522854
EOS,25.0,5,256,-7.214034631564043,-6.614940108522854
EOS,25.0,5,257,-5.502166849413899,-6.614940108522854
EOS,25.0,5,258,-5.770057437378513,-6.614940108522854
EOS,25.0,5,259,-8.076629601571506,-6.614940108522854
EOS,25.0,5,260,-5.738077178926263,-6.614940108522854
EOS,25.0,5,261,-9.023091748114968,-6.614940108522854
EOS,25.0,5,262,-7.6457666444264705,-6.614940108522854
EOS,25.0,5,263,-1.9703540319247896,-6.614940108522854
EOS,25.0,5,264,-6.516096929189885,-6.614940108522854
EOS,25.0,5,265,-5.829092728687797,-6.614940108522854
EOS,25.0,5,266,-2.9522579262496005,-6.614940108522854
EOS,25.0,5,267,-6.41276826807766,-6.614940108522854
EOS,25.0,5,268,-9.389450297318165,-6.614940108522854
EOS,25.0,5,269,-6.3783357217795595,-6.614940108522854
EOS,25.0,5,270,-2.772290373684084,-6.614940108522854
EOS,25.0,5,271,-5.671777795554877,-6.614940108522854
EOS,25.0,5,272,-1.6235108135478327,-6.614940108522854
EOS,25.0,5,273,-3.2776154086261355,-6.614940108522854
EOS,25.0,5,274,-5.738477753078179,-6.614940108522854
EOS,25.0,5,275,-7.691444164008533,-6.614940108522854
EOS,25.0,5,276,-9.347614630425353,-6.614940108522854
EOS,25.0,5,277,-3.256457082829632,-6.614940108522854
EOS,25.0,5,278,-9.918409094487323,-6.614940108522854
EOS,25.0,5,279,-11.158247022519983,-6.614940108522854
EOS,25.0,5,280,-4.767224192000698,-6.614940108522854
EOS,25.0,5,281,-10.441076648754276,-6.614940108522854
EOS,25.0,5,282,-10.306253263030097,-6.614940108522854
EOS,25.0,5,283,-6.516218467608769,-6.614940108522854
EOS,25.0,5,284,-2.1985052071702884,-6.614940108522854
EOS,25.0,5,285,-5.310254326173,-6.614940108522854
EOS,25.0,5,286,-7.418487164572808,-6.614940108522854
EOS,25.0,5,287,-5.347554671455347,-6.614940108522854
EOS,25.0,5,288,-4.403185642237884,-6.614940108522854
EOS,25.0,5,289,-8.612166747015063,-6.614940108522854
EOS,25.0,5,290,-8.506704888854355,-6.614940108522854
EOS,25.0,5,291,-8.97338515117549,-6.614940108522854
EOS,25.0,5,292,-3.33972508442806,-6.614940108522854
EOS,25.0,5,293,-7.572904109184428,-6.614940108522854
EOS,25.0,5,294,-10.215209633023324,-6.614940108522854
EOS,25.0,5,295,-7.630274215211552,-6.614940108522854
EOS,25.0,5,296,-9.838565029078769,-6.614940108522854
EOS,25.0,5,297,-3.561892463375162,-6.614940108522854
EOS,25.0,5,298,-7.157630548774993,-6.614940108522854
EOS,25.0,5,299,-5.902907183061103,-6.614940108522854
EOS,25.0,5,300,-6.9633315662457065,-6.614940108522854
EOS,25.0,5,301,-9.63503721760183,-6.614940108522854
EOS,25.0,5,302,-6.572875015607826,-6.614940108522854
EOS,25.0,5,303,-9.53623619729968,-6.614940108522854
EOS,25.0,5,304,-5.900448048337133,-6.614940108522854
EOS,25.0,5,305,-5.484069791513397,-6.614940108522854
EOS,25.0,5,306,-2.2105310659360526,-6.614940108522854
EOS,25.0,5,307,-7.5496594053159765,-6.614940108522854
EOS,25.0,5,308,-6.561529701294292,-6.614940108522854
EOS,25.0,5,309,-3.2154255363734165,-6.614940108522854
EOS,25.0,5,310,-9.07823920431234,-6.614940108522854
EOS,25.0,5,311,-9.01768990619783,-6.614940108522854
EOS,25.0,5,312,-8.056870716893592,-6.614940108522854
EOS,25.0,5,313,-5.486832015891514,-6.614940108522854
EOS,25.0,5,314,-9.466235974944112,-6.614940108522854
EOS,25.0,5,315,-9.26644138315958,-6.614940108522854
EOS,25.0,5,316,-7.330188720081172,-6.614940108522854
EOS,25.0,5,317,-3.6343584633542525,-6.614940108522854
EOS,25.0,5,318,-4.031666783567679,-6.614940108522854
EOS,25.0,5,319,-4.1445199197328275,-6.614940108522854
EOS,25.0,5,320,-3.4465556595145577,-6.614940108522854
EOS,25.0,5,321,-10.26173990895223,-6.614940108522854
EOS,25.0,5,322,-5.192082362770645,-6.614940108522854
EOS,25.0,5,323,-6.789829866384951,-6.614940108522854
EOS,25.0,5,324,-5.740309294825233,-6.614940108522854
EOS,25.0,5,325,-5.432486793297937,-6.614940108522854
EOS,25.0,5,326,-10.917336032285519,-6.614940108522854
EOS,25.0,5,327,-10.387657325159452,-6.614940108522854
EOS,25.0,5,328,-7.132134980037937,-6.614940108522854
EOS,25.0,5,329,-5.9024543360796535,-6.614940108522854
EOS,25.0,5,330,-5.1120606532058845,-6.614940108522854
EOS,25.0,5,331,-11.539233709113805,-6.614940108522854
EOS,25.0,5,332,-9.18057346282901,-6.614940108522854
EOS,25.0,5,333,-5.831403600996358,-6.614940108522854
EOS,25.0,5,334,-5.658394708017671,-6.614940108522854
EOS,25.0,5,335,-6.136454780741273,-6.614940108522854
EOS,25.0,5,336,-6.047215621023506,-6.614940108522854
EOS,25.0,5,337,-7.825898831357791,-6.614940108522854
EOS,25.0,5,338,-4.469504166983777,-6.614940108522854
EOS,25.0,5,339,-12.782878399572347,-6.614940108522854
EOS,25.0,5,340,-8.315937616008938,-6.614940108522854
EOS,25.0,5,341,-8.33636465647458,-6.614940108522854
EOS,25.0,5,342,-7.146585102107177,-6.614940108522854
EOS,25.0,5,343,-6.096239824635036,-6.614940108522854
EOS,25.0,5,344,-5.725470468813225,-6.614940108522854
EOS,25.0,5,345,-7.232653616757648,-6.614940108522854
EOS,25.0,5,346,-6.689186689598454,-6.614940108522854
EOS,25.0,5,347,-8.69313048252474,-6.614940108522854
EOS,25.0,5,348,-9.322628885706843,-6.614940108522854
EOS,25.0,5,349,-11.698040930110988,-6.614940108522854
EOS,25.0,5,350,-7.7570672958426865,-6.614940108522854
EOS,25.0,5,351,-3.581335262415183,-6.614940108522854
EOS,25.0,5,352,-4.598182427769231,-6.614940108522854
EOS,25.0,5,353,-6.495855769604736,-6.614940108522854
EOS,25.0,5,354,-5.520866052892199,-6.614940108522854
EOS,25.0,5,355,-7.79286653410203,-6.614940108522854
EOS,25.0,5,356,-6.602595292491854,-6.614940108522854
EOS,25.0,5,357,-4.616648088089079,-6.614940108522854
EOS,25.0,5,358,-4.965474725751168,-6.614940108522854
EOS,25.0,5,359,-6.8971758286381055,-6.614940108522854
EOS,25.0,5,360,-6.214098021386882,-6.614940108522854
EOS,25.0,5,361,-5.478415970681022,-6.614940108522854
EOS,25.0,5,362,-2.387732329544714,-6.614940108522854
EOS,25.0,5,363,-6.300584500937336,-6.614940108522854
EOS,25.0,5,364,-8.022761725895883,-6.614940108522854
EOS,25.0,5,365,-6.63377718988272,-6.614940108522854
EOS,25.0,5,366,-12.97049001572303,-6.614940108522854
EOS,25.0,5,367,-7.448771496305984,-6.614940108522854
EOS,25.0,5,368,-5.007999519663645,-6.614940108522854
EOS,25.0,5,369,-9.18512589017617,-6.614940108522854
EOS,25.0,5,370,-8.241693222294344,-6.614940108522854
EOS,25.0,5,371,-8.741026596599031,-6.614940108522854
EOS,25.0,5,372,-4.16761549258002,-6.614940108522854
EOS,25.0,5,373,-5.629835506304878,-6.614940108522854
EOS,25.0,5,374,-6.190801825823511,-6.614940108522854
EOS,25.0,5,375,-8.708432967159323,-6.614940108522854
EOS,25.0,5,376,-7.6240890455887,-6.614940108522854
EOS,25.0,5,377,-3.8692815421792304,-6.614940108522854
EOS,25.0,5,378,-5.985856077892713,-6.614940108522854
EOS,25.0,5,379,-4.461560501215951,-6.614940108522854
EOS,25.0,5,380,-7.161195983419034,-6.614940108522854
EOS,25.0,5,381,-4.5082249311842615,-6.614940108522854
EOS,25.0,5,382,-8.712545205479955,-6.614940108522854
EOS,25.0,5,383,-4.620800221814487,-6.614940108522854
EOS,25.0,5,384,-7.780311840828535,-6.614940108522854
EOS,25.0,5,385,-7.773017887678799,-6.614940108522854
EOS,25.0,5,386,-7.465055451301135,-6.614940108522854
EOS,25.0,5,387,-6.374260136551539,-6.614940108522854
EOS,25.0,5,388,-6.209862248679005,-6.614940108522854
EOS,25.0,5,389,-4.969535886282543,-6.614940108522854
EOS,25.0,5,390,-7.720960473868409,-6.614940108522854
EOS,25.0,5,391,-6.743263285845433,-6.614940108522854
EOS,25.0,5,392,-7.898286916035116,-6.614940108522854
EOS,25.0,5,393,-9.47285004350052,-6.614940108522854
EOS,25.0,5,394,-7.578043867183451,-6.614940108522854
EOS,25.0,5,395,-9.735061995656729,-6.614940108522854
EOS,25.0,5,396,-8.02873545871866,-6.614940108522854
EOS,25.0,5,397,-7.228508490592612,-6.614940108522854
EOS,25.0,5,398,-5.724504447812475,-6.614940108522854
EOS,25.0,5,399,-7.4484447086825,-6.614940108522854
EOS,25.0,5,400,-7.190477017123478,-6.614940108522854
EOS,25.0,5,401,-10.32319774471067,-6.614940108522854
EOS,25.0,5,402,-10.588690521609191,-6.614940108522854
EOS,25.0,5,403,-7.731380704374672,-6.614940108522854
EOS,25.0,5,404,-5.775668052170056,-6.614940108522854
EOS,25.0,5,405,-8.813199035689454,-6.614940108522854
EOS,25.0,5,406,-5.727295785627345,-6.614940108522854
EOS,25.0,5,407,-5.633924529958899,-6.614940108522854
EOS,25.0,5,408,-7.823694773391312,-6.614940108522854
EOS,25.0,5,409,-5.951822827245169,-6.614940108522854
EOS,25.0,5,410,-5.460791459572965,-6.614940108522854
EOS,25.0,5,411,-4.624434663517855,-6.614940108522854
EOS,25.0,5,412,-3.709147725583943,-6.614940108522854
EOS,25.0,5,413,-6.543832560612518,-6.614940108522854
EOS,25.0,5,414,-6.600762183808009,-6.614940108522854
EOS,25.0,5,415,-6.981324744340897,-6.614940108522854
EOS,25.0,5,416,-5.442320403839082,-6.614940108522854
EOS,25.0,5,417,-4.827691941227396,-6.614940108522854
EOS,25.0,5,418,-9.859823450031074,-6.614940108522854
EOS,25.0,5,419,-8.423546518797396,-6.614940108522854
EOS,25.0,5,420,-6.364751143628945,-6.614940108522854
EOS,25.0,5,421,-7.692513981352224,-6.614940108522854
EOS,25.0,5,422,-5.119150543509322,-6.614940108522854
EOS,25.0,5,423,-4.373808870567514,-6.614940108522854
EOS,25.0,5,424,-5.98291037934365,-6.614940108522854
EOS,25.0,5,425,-6.675886035140917,-6.614940108522854
EOS,25.0,5,426,-6.65104845074463,-6.614940108522854
EOS,25.0,5,427,-4.142941491010669,-6.614940108522854
EOS,25.0,5,428,-6.415160327594729,-6.614940108522854
EOS,25.0,5,429,-4.542805739418521,-6.614940108522854
EOS,25.0,5,430,-7.9775634960948265,-6.614940108522854
EOS,25.0,5,431,-4.091991842160285,-6.614940108522854
EOS,25.0,5,432,-6.597836509629941,-6.614940108522854
EOS,25.0,5,433,-5.307164521669686,-6.614940108522854
EOS,25.0,5,434,-5.258300156924388,-6.614940108522854
EOS,25.0,5,435,-7.224096365124916,-6.614940108522854
EOS,25.0,5,436,-7.067540102455835,-6.614940108522854
EOS,25.0,5,437,-6.243110613102001,-6.614940108522854
EOS,25.0,5,438,-5.891091583857397,-6.614940108522854
EOS,25.0,5,439,-4.077556313707989,-6.614940108522854
EOS,25.0,5,440,-5.479556384811071,-6.614940108522854
EOS,25.0,5,441,-11.052446564801805,-6.614940108522854
EOS,25.0,5,442,-9.256842432907204,-6.614940108522854
EOS,25.0,5,443,-5.490983478659765,-6.614940108522854
EOS,25.0,5,444,-7.449378380417691,-6.614940108522854
EOS,25.0,5,445,-7.723322332159535,-6.614940108522854
EOS,25.0,5,446,-6.640510222507379,-6.614940108522854
EOS,25.0,5,447,-8.32944806819808,-6.614940108522854
EOS,25.0,5,448,-4.682249016221237,-6.614940108522854
EOS,25.0,5,449,-7.264541956018359,-6.614940108522854
EOS,25.0,5,450,-6.648930797923246,-6.614940108522854
EOS,25.0,5,451,-8.086416643197936,-6.614940108522854
EOS,25.0,5,452,-3.9962430808861944,-6.614940108522854
EOS,25.0,5,453,-6.46724234658757,-6.614940108522854
EOS,25.0,5,454,-2.8478723361577436,-6.614940108522854
EOS,25.0,5,455,-5.699008198964147,-6.614940108522854
EOS,25.0,5,456,-3.209435434313897,-6.614940108522854
EOS,25.0,5,457,-7.302604110607028,-6.614940108522854
EOS,25.0,5,458,-7.5135615974095025,-6.614940108522854
EOS,25.0,5,459,-2.276243373003392,-6.614940108522854
EOS,25.0,5,460,-2.224209469120837,-6.614940108522854
EOS,25.0,5,461,-9.29773602082697,-6.614940108522854
EOS,25.0,5,462,-7.595125226154025,-6.614940108522854
EOS,25.0,5,463,-7.785287542256674,-6.614940108522854
EOS,25.0,5,464,-2.5865843846922787,-6.614940108522854
EOS,25.0,5,465,-5.89971298796659,-6.614940108522854
EOS,25.0,5,466,-8.507706689404841,-6.614940108522854
EOS,25.0,5,467,-5.647577865421088,-6.614940108522854
EOS,25.0,5,468,-4.4326585514803725,-6.614940108522854
EOS,25.0,5,469,-7.476444512879666,-6.614940108522854
EOS,25.0,5,470,-8.566599720294725,-6.614940108522854
EOS,25.0,5,471,-9.270420927177781,-6.614940108522854
EOS,25.0,5,472,-6.122944042886031,-6.614940108522854
EOS,25.0,5,473,-6.763069847142396,-6.614940108522854
EOS,25.0,5,474,-9.186429611436322,-6.614940108522854
EOS,25.0,5,475,-5.40128829460755,-6.614940108522854
EOS,25.0,5,476,-5.772977261728414,-6.614940108522854
EOS,25.0,5,477,-12.480804484630678,-6.614940108522854
EOS,25.0,5,478,-7.243832735004073,-6.614940108522854
EOS,25.0,5,479,-7.435526223167734,-6.614940108522854
EOS,25.0,5,480,-7.329571698726874,-6.614940108522854
EOS,25.0,5,481,-9.883424315865074,-6.614940108522854
EOS,25.0,5,482,-10.214397465487673,-6.614940108522854
EOS,25.0,5,483,-4.537957330804165,-6.614940108522854
EOS,25.0,5,484,-5.643679756783174,-6.614940108522854
EOS,25.0,5,485,-5.8224625145865545,-6.614940108522854
EOS,25.0,5,486,-3.507548520799121,-6.614940108522854
EOS,25.0,5,487,-9.793041117300113,-6.614940108522854
EOS,25.0,5,488,-4.106934700596671,-6.614940108522854
EOS,25.0,5,489,-4.992498188580371,-6.614940108522854
EOS,25.0,5,490,-8.116993250967749,-6.614940108522854
EOS,25.0,5,491,-5.604708108973817,-6.614940108522854
EOS,25.0,5,492,-7.234879869184723,-6.614940108522854
EOS,25.0,5,493,-7.479695073335045,-6.614940108522854
EOS,25.0,5,494,-9.712280442785488,-6.614940108522854
EOS,25.0,5,495,-2.0400750928346416,-6.614940108522854
EOS,25.0,5,496,-5.926593705993522,-6.614940108522854
EOS,25.0,5,497,-5.989640266754698,-6.614940108522854
EOS,25.0,5,498,-6.380954027540652,-6.614940108522854
EOS,25.0,5,499,-2.957163222213916,-6.614940108522854
EOS,25.0,5,500,-4.7435929471916225,-6.614940108522854
EOS,25.0,5,501,-4.119316496026038,-6.614940108522854
EOS,25.0,5,502,-5.880853257982611,-6.614940108522854
EOS,25.0,5,503,-4.869081926650932,-6.614940108522854
EOS,25.0,5,504,-8.744054232377328,-6.614940108522854
EOS,25.0,5,505,-4.18742615545922,-6.614940108522854
EOS,25.0,5,506,-9.146450213484062,-6.614940108522854
EOS,25.0,5,507,-7.861650202917515,-6.614940108522854
EOS,25.0,5,508,-9.342654887802963,-6.614940108522854
EOS,25.0,5,509,-10.331727647719214,-6.614940108522854
EOS,25.0,5,510,-4.359306828635857,-6.614940108522854
EOS,25.0,5,511,-7.042546873737361,-6.614940108522854
EOS,25.0,5,512,-7.665142863542686,-6.614940108522854
EOS,25.0,5,513,-2.2744919794525895,-6.614940108522854
EOS,25.0,5,514,-12.254296171429958,-6.614940108522854
EOS,25.0,5,515,-4.665647788396006,-6.614940108522854
EOS,25.0,5,516,-7.5698599492277046,-6.614940108522854
EOS,25.0,5,517,-8.174779924792634,-6.614940108522854
EOS,25.0,5,518,-6.925425864956781,-6.614940108522854
EOS,25.0,5,519,-9.846838079306888,-6.614940108522854
EOS,25.0,5,520,-10.647939309711179,-6.614940108522854
EOS,25.0,5,521,-11.536891578396215,-6.614940108522854
EOS,25.0,5,522,-6.7307743837831495,-6.614940108522854
EOS,25.0,5,523,-5.180497398679906,-6.614940108522854
EOS,25.0,5,524,-8.380755678964864,-6.614940108522854
EOS,25.0,5,525,-9.261512552109824,-6.614940108522854
EOS,25.0,5,526,-0.5885661727161512,-6.614940108522854
EOS,25.0,5,527,-4.672062388598665,-6.614940108522854
EOS,25.0,5,528,-6.48282635719542,-6.614940108522854
EOS,25.0,5,529,-6.428830188040239,-6.614940108522854
EOS,25.0,5,530,-6.879826360331856,-6.614940108522854
EOS,25.0,5,531,-4.207236816986494,-6.614940108522854
EOS,25.0,5,532,-5.601716446752853,-6.614940108522854
EOS,25.0,5,533,-7.280729075904382,-6.614940108522854
EOS,25.0,5,534,-5.274223856859006,-6.614940108522854
EOS,25.0,5,535,-1.4878246085585303,-6.614940108522854
EOS,25.0,5,536,-7.9139046535975535,-6.614940108522854
EOS,25.0,5,537,-6.97980859381572,-6.614940108522854
EOS,25.0,5,538,-6.688234117709021,-6.614940108522854
EOS,25.0,5,539,-8.049382420918082,-6.614940108522854
EOS,25.0,5,540,-6.582210107606108,-6.614940108522854
EOS,25.0,5,541,-6.584292977306926,-6.614940108522854
EOS,25.0,5,542,-8.51819020645257,-6.614940108522854
EOS,25.0,5,543,-6.131689857363723,-6.614940108522854
EOS,25.0,5,544,-6.467085599195814,-6.614940108522854
EOS,25.0,5,545,-9.636446368627183,-6.614940108522854
EOS,25.0,5,546,-3.1971186813003465,-6.614940108522854
EOS,25.0,5,547,-3.206412778627598,-6.614940108522854
EOS,25.0,5,548,-5.038580011718004,-6.614940108522854
EOS,25.0,5,549,-5.847964310962942,-6.614940108522854
EOS,25.0,5,550,-8.717708654363264,-6.614940108522854
EOS,25.0,5,551,-3.3086541696787473,-6.614940108522854
EOS,25.0,5,552,-6.059507058058001,-6.614940108522854
EOS,25.0,5,553,-4.5223494564363165,-6.614940108522854
EOS,25.0,5,554,-2.5112307746275975,-6.614940108522854
EOS,25.0,5,555,-6.290948463015672,-6.614940108522854
EOS,25.0,5,556,-10.638716706584688,-6.614940108522854
EOS,25.0,5,557,-4.102062497373176,-6.614940108522854
EOS,25.0,5,558,-4.916620082903122,-6.614940108522854
EOS,25.0,5,559,-6.189467650146932,-6.614940108522854
EOS,25.0,5,560,-6.5435105106357305,-6.614940108522854
EOS,25.0,5,561,-8.233056159103178,-6.614940108522854
EOS,25.0,5,562,-10.294114383235245,-6.614940108522854
EOS,25.0,5,563,-5.61299506065787,-6.614940108522854
EOS,25.0,5,564,-9.07025058641645,-6.614940108522854
EOS,25.0,5,565,-7.032781602206075,-6.614940108522854
EOS,25.0,5,566,-4.207041682845078,-6.614940108522854
EOS,25.0,5,567,-5.925186089684898,-6.614940108522854
EOS,25.0,5,568,-6.892444909637138,-6.614940108522854
EOS,25.0,5,569,-9.213894161053018,-6.614940108522854
EOS,25.0,5,570,-4.872004410473411,-6.614940108522854
EOS,25.0,5,571,-7.855529569362075,-6.614940108522854
EOS,25.0,5,572,-4.438022510428907,-6.614940108522854
EOS,25.0,5,573,-9.995639276205154,-6.614940108522854
EOS,25.0,5,574,-6.664485270314028,-6.614940108522854
EOS,25.0,5,575,-11.973659611994904,-6.614940108522854
EOS,25.0,5,576,-6.703178993735323,-6.614940108522854
EOS,25.0,5,577,-7.40892113488365,-6.614940108522854
EOS,25.0,5,578,-7.146572840798846,-6.614940108522854
EOS,25.0,5,579,-3.8410051798732194,-6.614940108522854
EOS,25.0,5,580,-0.6372905174737329,-6.614940108522854
EOS,25.0,5,581,-10.785771475135327,-6.614940108522854
EOS,25.0,5,582,-5.68581047062691,-6.614940108522854
EOS,25.0,5,583,-5.721851838091839,-6.614940108522854
EOS,25.0,5,584,-5.519965337077622,-6.614940108522854
EOS,25.0,5,585,-8.130753492369788,-6.614940108522854
EOS,25.0,5,586,-7.360281986026452,-6.614940108522854
EOS,25.0,5,587,-7.39153134982873,-6.614940108522854
EOS,25.0,5,588,-8.436231310133367,-6.614940108522854
EOS,25.0,5,589,-3.412697814297062,-6.614940108522854
EOS,25.0,5,590,-7.4148844883763925,-6.614940108522854
EOS,25.0,5,591,-8.436818479832242,-6.614940108522854
EOS,25.0,5,592,-6.726324917875379,-6.614940108522854
EOS,25.0,5,593,-10.524026449821083,-6.614940108522854
EOS,25.0,5,594,-3.572988706399476,-6.614940108522854
EOS,25.0,5,595,-8.040052884961328,-6.614940108522854
EOS,25.0,5,596,-6.645871530568358,-6.614940108522854
EOS,25.0,5,597,-7.666408016893741,-6.614940108522854
EOS,25.0,5,598,-1.541302383858962,-6.614940108522854
EOS,25.0,5,599,-6.7643208610911305,-6.614940108522854
EOS,25.0,5,600,-8.042348726418721,-6.614940108522854
EOS,25.0,5,601,-9.968101918744505,-6.614940108522854
EOS,25.0,5,602,-4.879501289782386,-6.614940108522854
EOS,25.0,5,603,-2.826209074274983,-6.614940108522854
EOS,25.0,5,604,-7.0581904855948165,-6.614940108522854
EOS,25.0,5,605,-1.6512886502463813,-6.614940108522854
EOS,25.0,5,606,-3.0172583437997815,-6.614940108522854
EOS,25.0,5,607,-5.892259697276511,-6.614940108522854
EOS,25.0,5,608,-8.646322886148704,-6.614940108522854
EOS,25.0,5,609,-3.8612032634058746,-6.614940108522854
EOS,25.0,5,610,-2.100748518719291,-6.614940108522854
EOS,25.0,5,611,-5.932058877204812,-6.614940108522854
EOS,25.0,5,612,-8.943822383976611,-6.614940108522854
EOS,25.0,5,613,-1.6371074078523749,-6.614940108522854
EOS,25.0,5,614,-2.6682887093963537,-6.614940108522854
EOS,25.0,5,615,-7.555754448821094,-6.614940108522854
EOS,25.0,5,616,-8.546859039780195,-6.614940108522854
EOS,25.0,5,617,-8.116882202312953,-6.614940108522854
EOS,25.0,5,618,-6.735475194102305,-6.614940108522854
EOS,25.0,5,619,-2.1041811639964303,-6.614940108522854
EOS,25.0,5,620,-7.097325024566365,-6.614940108522854
EOS,25.0,5,621,-8.832071602814985,-6.614940108522854
EOS,25.0,5,622,-10.13269972524413,-6.614940108522854
EOS,25.0,5,623,-7.795629157524278,-6.614940108522854
EOS,25.0,5,624,-4.222383723459144,-6.614940108522854
EOS,25.0,5,625,-3.4837482130093176,-6.614940108522854
EOS,25.0,5,626,-9.018769315906884,-6.614940108522854
EOS,25.0,5,627,-5.246187007231994,-6.614940108522854
EOS,25.0,5,628,-6.9961894818586305,-6.614940108522854
EOS,25.0,5,629,-9.544057999930418,-6.614940108522854
EOS,25.0,5,630,-8.72046138620401,-6.614940108522854
EOS,25.0,5,631,-8.486742602970292,-6.614940108522854
EOS,25.0,5,632,-9.570111441901668,-6.614940108522854
EOS,25.0,5,633,-2.150011453033002,-6.614940108522854
EOS,25.0,5,634,-5.404522111759089,-6.614940108522854
EOS,25.0,5,635,-10.215013447050923,-6.614940108522854
EOS,25.0,5,636,-10.132022396185276,-6.614940108522854
EOS,25.0,5,637,-6.7541259499388255,-6.614940108522854
EOS,25.0,5,638,-3.5249904109416637,-6.614940108522854
EOS,25.0,5,639,-5.3615783156966925,-6.614940108522854
EOS,25.0,5,640,-5.774873610407427,-6.614940108522854
EOS,25.0,5,641,-7.115608016049549,-6.614940108522854
EOS,25.0,5,642,-7.699730036373494,-6.614940108522854
EOS,25.0,5,643,-10.605392262371037,-6.614940108522854
EOS,25.0,5,644,-5.48972326059104,-6.614940108522854
EOS,25.0,5,645,-7.927740129882924,-6.614940108522854
EOS,25.0,5,646,-4.790402236450719,-6.614940108522854
EOS,25.0,5,647,-7.060816911637913,-6.614940108522854
EOS,25.0,5,648,-6.229315226377678,-6.614940108522854
EOS,25.0,5,649,-4.525097671781597,-6.614940108522854
EOS,25.0,5,650,-8.502977224051852,-6.614940108522854
EOS,25.0,5,651,-3.038032128632012,-6.614940108522854
EOS,25.0,5,652,-12.739062525176985,-6.614940108522854
EOS,25.0,5,653,-6.2024235641701,-6.614940108522854
EOS,25.0,5,654,-10.456045647318575,-6.614940108522854
EOS,25.0,5,655,-3.2144173678405776,-6.614940108522854
EOS,25.0,5,656,-7.903113489988254,-6.614940108522854
EOS,25.0,5,657,-5.61645796106977,-6.614940108522854
EOS,25.0,5,658,-2.2962632748606064,-6.614940108522854
EOS,25.0,5,659,-3.1179100627289134,-6.614940108522854
EOS,25.0,5,660,-7.200028651762281,-6.614940108522854
EOS,25.0,5,661,-7.687165065810879,-6.614940108522854
EOS,25.0,5,662,-3.2252911981488595,-6.614940108522854
EOS,25.0,5,663,-4.3562356813063365,-6.614940108522854
EOS,25.0,5,664,-6.047005182732964,-6.614940108522854
EOS,25.0,5,665,-8.471644573857851,-6.614940108522854
EOS,25.0,5,666,-7.998793149047007,-6.614940108522854
EOS,25.0,5,667,-11.072744872374658,-6.614940108522854
EOS,25.0,5,668,-6.188481822814269,-6.614940108522854
EOS,25.0,5,669,-4.86990291925543,-6.614940108522854
EOS,25.0,5,670,-9.435172439117782,-6.614940108522854
EOS,25.0,5,671,-5.973305601178052,-6.614940108522854
EOS,25.0,5,672,-11.441283830396715,-6.614940108522854
EOS,25.0,5,673,-10.672393422711162,-6.614940108522854
EOS,25.0,5,674,-7.513385862305035,-6.614940108522854
EOS,25.0,5,675,-3.8137967847112053,-6.614940108522854
EOS,25.0,5,676,-10.727586589924986,-6.614940108522854
EOS,25.0,5,677,-5.448964660452534,-6.614940108522854
EOS,25.0,5,678,-5.396319066385873,-6.614940108522854
EOS,25.0,5,679,-3.405105904917061,-6.614940108522854
EOS,25.0,5,680,-6.731771328044763,-6.614940108522854
EOS,25.0,5,681,-2.894714631313979,-6.614940108522854
EOS,25.0,5,682,-3.6825465711139205,-6.614940108522854
EOS,25.0,5,683,-0.8162993809434922,-6.614940108522854
EOS,25.0,5,684,-9.301666215031911,-6.614940108522854
EOS,25.0,5,685,-6.601763969213543,-6.614940108522854
EOS,25.0,5,686,-6.963657939634533,-6.614940108522854
EOS,25.0,5,687,-6.17024910983285,-6.614940108522854
EOS,25.0,5,688,-7.695283453044331,-6.614940108522854
EOS,25.0,5,689,-5.369583938217734,-6.614940108522854
EOS,25.0,5,690,-7.421100164552858,-6.614940108522854
EOS,25.0,5,691,-7.638639408618576,-6.614940108522854
EOS,25.0,5,692,-2.964745509337086,-6.614940108522854
EOS,25.0,5,693,-1.2541784770973237,-6.614940108522854
EOS,25.0,5,694,-8.259730725616556,-6.614940108522854
EOS,25.0,5,695,-6.423313467997626,-6.614940108522854
EOS,25.0,5,696,-9.651429392395057,-6.614940108522854
EOS,25.0,5,697,-2.225977740828522,-6.614940108522854
EOS,25.0,5,698,-5.613971326807825,-6.614940108522854
EOS,25.0,5,699,-7.8643530242560455,-6.614940108522854
EOS,25.0,5,700,-3.402235977830825,-6.614940108522854
EOS,25.0,5,701,-7.829358921388465,-6.614940108522854
EOS,25.0,5,702,-6.399959302644568,-6.614940108522854
EOS,25.0,5,703,-9.520182569682094,-6.614940108522854
EOS,25.0,5,704,-7.82996123644247,-6.614940108522854
EOS,25.0,5,705,-6.9765371204074835,-6.614940108522854
EOS,25.0,5,706,-10.30627400966388,-6.614940108522854
EOS,25.0,5,707,-5.2544849731065835,-6.614940108522854
EOS,25.0,5,708,-4.790110615178571,-6.614940108522854
EOS,25.0,5,709,-5.121793834924178,-6.614940108522854
EOS,25.0,5,710,-4.817569065524383,-6.614940108522854
EOS,25.0,5,711,-9.810414261838844,-6.614940108522854
EOS,25.0,5,712,-6.011332345926764,-6.614940108522854
EOS,25.0,5,713,-7.56274045411606,-6.614940108522854
EOS,25.0,5,714,-11.061394470102211,-6.614940108522854
EOS,25.0,5,715,-9.769497100020546,-6.614940108522854
EOS,25.0,5,716,-6.145054044145746,-6.614940108522854
EOS,25.0,5,717,-6.447133855445339,-6.614940108522854
EOS,25.0,5,718,-5.81679216850017,-6.614940108522854
EOS,25.0,5,719,-6.071478250415585,-6.614940108522854
EOS,25.0,5,720,-9.913945450152458,-6.614940108522854
EOS,25.0,5,721,-3.452521342725321,-6.614940108522854
EOS,25.0,5,722,-5.972563736910237,-6.614940108522854
EOS,25.0,5,723,-3.6900564922386216,-6.614940108522854
EOS,25.0,5,724,-7.921626150062933,-6.614940108522854
EOS,25.0,5,725,-4.77508709330526,-6.614940108522854
EOS,25.0,5,726,-9.38484560449881,-6.614940108522854
EOS,25.0,5,727,-8.907027814677441,-6.614940108522854
EOS,25.0,5,728,-5.458051790505229,-6.614940108522854
EOS,25.0,5,729,-5.3967833781857015,-6.614940108522854
EOS,25.0,5,730,-7.39356154178469,-6.614940108522854
EOS,25.0,5,731,-5.955029217259845,-6.614940108522854
EOS,25.0,5,732,-5.428766922632505,-6.614940108522854
EOS,25.0,5,733,-8.280346524575993,-6.614940108522854
EOS,25.0,5,734,-4.561082366431208,-6.614940108522854
EOS,25.0,5,735,-8.555677241107974,-6.614940108522854
EOS,25.0,5,736,-6.289506445316592,-6.614940108522854
EOS,25.0,5,737,-4.997755235503289,-6.614940108522854
EOS,25.0,5,738,-5.906798537050237,-6.614940108522854
EOS,25.0,5,739,-8.085040179197678,-6.614940108522854
EOS,25.0,5,740,-5.529044817809517,-6.614940108522854
EOS,25.0,5,741,-6.098916943529929,-6.614940108522854
EOS,25.0,5,742,-3.7872604521252553,-6.614940108522854
EOS,25.0,5,743,-10.47145201071277,-6.614940108522854
EOS,25.0,5,744,-6.015665429614301,-6.614940108522854
EOS,25.0,5,745,-10.205654448358592,-6.614940108522854
EOS,25.0,5,746,-4.364606102282645,-6.614940108522854
EOS,25.0,5,747,-6.711977080051657,-6.614940108522854
EOS,25.0,5,748,-8.421746739768727,-6.614940108522854
EOS,25.0,5,749,-6.076889704717291,-6.614940108522854
EOS,25.0,5,750,-7.4351206990958,-6.614940108522854
EOS,25.0,5,751,-8.39395440309021,-6.614940108522854
EOS,25.0,5,752,-6.891256519991573,-6.614940108522854
EOS,25.0,5,753,-5.761423872922263,-6.614940108522854
EOS,25.0,5,754,-5.084051658976065,-6.614940108522854
EOS,25.0,5,755,-3.847244942877868,-6.614940108522854
EOS,25.0,5,756,-3.133562739390856,-6.614940108522854
EOS,25.0,5,757,-9.614105002600729,-6.614940108522854
EOS,25.0,5,758,-3.9621824648601036,-6.614940108522854
EOS,25.0,5,759,-5.849024848751391,-6.614940108522854
EOS,25.0,5,760,-5.849633982468674,-6.614940108522854
EOS,25.0,5,761,-6.740782769581825,-6.614940108522854
EOS,25.0,5,762,-7.7597361437191985,-6.614940108522854
EOS,25.0,5,763,-7.153472572201139,-6.614940108522854
EOS,25.0,5,764,-7.0874906802377975,-6.614940108522854
EOS,25.0,5,765,-8.136036498481863,-6.614940108522854
EOS,25.0,5,766,-7.949563854832007,-6.614940108522854
EOS,25.0,5,767,-8.846931324031726,-6.614940108522854
EOS,25.0,5,768,-5.177496186599752,-6.614940108522854
EOS,25.0,5,769,-8.803943429945846,-6.614940108522854
EOS,25.0,5,770,-11.582939624912196,-6.614940108522854
EOS,25.0,5,771,-6.778470228475992,-6.614940108522854
EOS,25.0,5,772,-6.305716905760843,-6.614940108522854
EOS,25.0,5,773,-7.570443470684533,-6.614940108522854
EOS,25.0,5,774,-4.48955100655574,-6.614940108522854
EOS,25.0,5,775,-7.264719953348878,-6.614940108522854
EOS,25.0,5,776,-1.1602855662296172,-6.614940108522854
EOS,25.0,5,777,-8.52005349375662,-6.614940108522854
EOS,25.0,5,778,-7.839778109719871,-6.614940108522854
EOS,25.0,5,779,-7.9334992281997,-6.614940108522854
EOS,25.0,5,780,-5.7261006565495185,-6.614940108522854
EOS,25.0,5,781,-4.143309002868345,-6.614940108522854
EOS,25.0,5,782,-12.716007116099629,-6.614940108522854
EOS,25.0,5,783,-9.585342736564744,-6.614940108522854
EOS,25.0,5,784,-9.817571360509703,-6.614940108522854
EOS,25.0,5,785,-7.941347937575373,-6.614940108522854
EOS,25.0,5,786,-6.449016783112098,-6.614940108522854
EOS,25.0,5,787,-6.563226806951704,-6.614940108522854
EOS,25.0,5,788,-5.698540073090399,-6.614940108522854
EOS,25.0,5,789,-4.920369424476823,-6.614940108522854
EOS,25.0,5,790,-3.711036213948706,-6.614940108522854
EOS,25.0,5,791,-7.988888588901874,-6.614940108522854
EOS,25.0,5,792,-9.367721172010754,-6.614940108522854
EOS,25.0,5,793,-10.532062160816608,-6.614940108522854
EOS,25.0,5,794,-7.6518629732372405,-6.614940108522854
EOS,25.0,5,795,-8.00265289425438,-6.614940108522854
EOS,25.0,5,796,-4.1861602891262635,-6.614940108522854
EOS,25.0,5,797,-5.435627428409002,-6.614940108522854
EOS,25.0,5,798,-12.382705169597212,-6.614940108522854
EOS,25.0,5,799,-0.8195726801000076,-6.614940108522854
EOS,25.0,5,800,-7.331899476478805,-6.614940108522854
EOS,25.0,5,801,-3.364365443186638,-6.614940108522854
EOS,25.0,5,802,-6.655710161131606,-6.614940108522854
EOS,25.0,5,803,-6.403734567109849,-6.614940108522854
EOS,25.0,5,804,-7.284738612544295,-6.614940108522854
EOS,25.0,5,805,-5.7596162475335335,-6.614940108522854
EOS,25.0,5,806,-5.58104467514542,-6.614940108522854
EOS,25.0,5,807,-8.214510755647481,-6.614940108522854
EOS,25.0,5,808,-3.6360174461530734,-6.614940108522854
EOS,25.0,5,809,-6.741453850082756,-6.614940108522854
EOS,25.0,5,810,-7.343727253704536,-6.614940108522854
EOS,25.0,5,811,-9.43203906111071,-6.614940108522854
EOS,25.0,5,812,-10.7462165090525,-6.614940108522854
EOS,25.0,5,813,-10.029151739094306,-6.614940108522854
EOS,25.0,5,814,-7.85886780027679,-6.614940108522854
EOS,25.0,5,815,-5.387196821895855,-6.614940108522854
EOS,25.0,5,816,-8.141033163951146,-6.614940108522854
EOS,25.0,5,817,-5.876554981618688,-6.614940108522854
EOS,25.0,5,818,-7.980891398643493,-6.614940108522854
EOS,25.0,5,819,-9.341329858408805,-6.614940108522854
EOS,25.0,5,820,-8.503865024573127,-6.614940108522854
EOS,25.0,5,821,-5.556690034399912,-6.614940108522854
EOS,25.0,5,822,-9.945197719966835,-6.614940108522854
EOS,25.0,5,823,-10.27958487015357,-6.614940108522854
EOS,25.0,5,824,-8.09111269365799,-6.614940108522854
EOS,25.0,5,825,-4.756718482497257,-6.614940108522854
EOS,25.0,5,826,-12.0189546877234,-6.614940108522854
EOS,25.0,5,827,-4.13584630886164,-6.614940108522854
EOS,25.0,5,828,-4.670454530494418,-6.614940108522854
EOS,25.0,5,829,-9.943100978200789,-6.614940108522854
EOS,25.0,5,830,-7.1606759080701945,-6.614940108522854
EOS,25.0,5,831,-7.224454412750252,-6.614940108522854
EOS,25.0,5,832,-10.488142689280272,-6.614940108522854
EOS,25.0,5,833,-5.410448405761988,-6.614940108522854
EOS,25.0,5,834,-3.871096301669952,-6.614940108522854
EOS,25.0,5,835,-4.596630775756133,-6.614940108522854
EOS,25.0,5,836,-7.418604490098895,-6.614940108522854
EOS,25.0,5,837,-8.1602413827617,-6.614940108522854
EOS,25.0,5,838,-6.563144467080035,-6.614940108522854
EOS,25.0,5,839,-8.037565050760433,-6.614940108522854
EOS,25.0,5,840,-3.4263621013189574,-6.614940108522854
EOS,25.0,5,841,-10.434632593954024,-6.614940108522854
EOS,25.0,5,842,-6.032183394070939,-6.614940108522854
EOS,25.0,5,843,-6.309148709443702,-6.614940108522854
EOS,25.0,5,844,-5.7867425940416,-6.614940108522854
EOS,25.0,5,845,-5.332794244262052,-6.614940108522854
EOS,25.0,5,846,-1.7889600454622563,-6.614940108522854
EOS,25.0,5,847,-3.018110704977532,-6.614940108522854
EOS,25.0,5,848,-7.440743426086615,-6.614940108522854
EOS,25.0,5,849,-5.655284353021303,-6.614940108522854
EOS,25.0,5,850,-8.07908597843337,-6.614940108522854
EOS,25.0,5,851,-6.1789292896196955,-6.614940108522854
EOS,25.0,5,852,-12.506539407063077,-6.614940108522854
EOS,25.0,5,853,-8.261454940802352,-6.614940108522854
EOS,25.0,5,854,-4.938906258247364,-6.614940108522854
EOS,25.0,5,855,-7.5728228176249885,-6.614940108522854
EOS,25.0,5,856,-5.552999763957555,-6.614940108522854
EOS,25.0,5,857,-6.3653000884765945,-6.614940108522854
EOS,25.0,5,858,-8.016277985692492,-6.614940108522854
EOS,25.0,5,859,-7.286471788565663,-6.614940108522854
EOS,25.0,5,860,-5.202970697753024,-6.614940108522854
EOS,25.0,5,861,-9.605524301207588,-6.614940108522854
EOS,25.0,5,862,-4.275813199043352,-6.614940108522854
EOS,25.0,5,863,-7.309095028968524,-6.614940108522854
EOS,25.0,5,864,-8.571895091500059,-6.614940108522854
EOS,25.0,5,865,-4.566942328409496,-6.614940108522854
EOS,25.0,5,866,-9.012224980637352,-6.614940108522854
EOS,25.0,5,867,-10.09002289355486,-6.614940108522854
EOS,25.0,5,868,-8.300352468020922,-6.614940108522854
EOS,25.0,5,869,-6.635789910546013,-6.614940108522854
EOS,25.0,5,870,-6.702293974232157,-6.614940108522854
EOS,25.0,5,871,-8.387576120460908,-6.614940108522854
EOS,25.0,5,872,-5.000061187776394,-6.614940108522854
EOS,25.0,5,873,-3.6673952786416564,-6.614940108522854
EOS,25.0,5,874,-10.013861690345756,-6.614940108522854
EOS,25.0,5,875,-10.163880625414233,-6.614940108522854
EOS,25.0,5,876,-9.031964620428798,-6.614940108522854
EOS,25.0,5,877,-6.312657201280773,-6.614940108522854
EOS,25.0,5,878,-6.4003254145513875,-6.614940108522854
EOS,25.0,5,879,-4.852320564551637,-6.614940108522854
EOS,25.0,5,880,-6.824663603290787,-6.614940108522854
EOS,25.0,5,881,-10.315101776864186,-6.614940108522854
EOS,25.0,5,882,-5.1586433657151956,-6.614940108522854
EOS,25.0,5,883,-3.599634608202229,-6.614940108522854
EOS,25.0,5,884,-5.374488651988864,-6.614940108522854
EOS,25.0,5,885,-7.820909968988623,-6.614940108522854
EOS,25.0,5,886,-7.217220342986366,-6.614940108522854
EOS,25.0,5,887,-7.420374200964186,-6.614940108522854
EOS,25.0,5,888,-8.319769477888803,-6.614940108522854
EOS,25.0,5,889,-9.305156408765981,-6.614940108522854
EOS,25.0,5,890,-4.657403764517413,-6.614940108522854
EOS,25.0,5,891,-8.200045972890846,-6.614940108522854
EOS,25.0,5,892,-5.018079492358941,-6.614940108522854
EOS,25.0,5,893,-9.982419847176143,-6.614940108522854
EOS,25.0,5,894,-8.771870214621142,-6.614940108522854
EOS,25.0,5,895,-4.577369062850504,-6.614940108522854
EOS,25.0,5,896,-6.475849576096582,-6.614940108522854
EOS,25.0,5,897,-5.23614384988239,-6.614940108522854
EOS,25.0,5,898,-6.437878950080839,-6.614940108522854
EOS,25.0,5,899,-6.43263185204032,-6.614940108522854
EOS,25.0,5,900,-9.271080920827039,-6.614940108522854
EOS,25.0,5,901,-5.867021382092493,-6.614940108522854
EOS,25.0,5,902,-4.916215642287502,-6.614940108522854
EOS,25.0,5,903,-6.075210376257065,-6.614940108522854
EOS,25.0,5,904,-3.593551329590088,-6.614940108522854
EOS,25.0,5,905,-7.533212372849082,-6.614940108522854
EOS,25.0,5,906,-7.606645326577104,-6.614940108522854
EOS,25.0,5,907,-8.297182769707748,-6.614940108522854
EOS,25.0,5,908,-6.269533958814536,-6.614940108522854
EOS,25.0,5,909,-9.796778408518033,-6.614940108522854
EOS,25.0,5,910,-5.441412723303575,-6.614940108522854
EOS,25.0,5,911,-9.128375282533591,-6.614940108522854
EOS,25.0,5,912,-3.7451975774845403,-6.614940108522854
EOS,25.0,5,913,-6.02548213276021,-6.614940108522854
EOS,25.0,5,914,-5.344952453463895,-6.614940108522854
EOS,25.0,5,915,-2.83365233979099,-6.614940108522854
EOS,25.0,5,916,-7.07779082387991,-6.614940108522854
EOS,25.0,5,917,-5.575691602401019,-6.614940108522854
EOS,25.0,5,918,-9.314693946200777,-6.614940108522854
EOS,25.0,5,919,-9.381492185926142,-6.614940108522854
EOS,25.0,5,920,-7.176113531903941,-6.614940108522854
EOS,25.0,5,921,-8.307574135293805,-6.614940108522854
EOS,25.0,5,922,-7.25824981844487,-6.614940108522854
EOS,25.0,5,923,-3.942905907025125,-6.614940108522854
EOS,25.0,5,924,-5.5152145288600565,-6.614940108522854
EOS,25.0,5,925,-7.672630162836851,-6.614940108522854
EOS,25.0,5,926,-10.149428565767472,-6.614940108522854
EOS,25.0,5,927,-9.796845389615076,-6.614940108522854
EOS,25.0,5,928,-6.795482292976697,-6.614940108522854
EOS,25.0,5,929,-6.442073608185238,-6.614940108522854
EOS,25.0,5,930,-4.581849479748579,-6.614940108522854
EOS,25.0,5,931,-6.693109569474812,-6.614940108522854
EOS,25.0,5,932,-9.16759235715749,-6.614940108522854
EOS,25.0,5,933,-7.9294491702400025,-6.614940108522854
EOS,25.0,5,934,-10.953325970687326,-6.614940108522854
EOS,25.0,5,935,-8.553297878764967,-6.614940108522854
EOS,25.0,5,936,-7.659908316018127,-6.614940108522854
EOS,25.0,5,937,-8.862359105821966,-6.614940108522854
EOS,25.0,5,938,-9.316022086994632,-6.614940108522854
EOS,25.0,5,939,-7.769460820225756,-6.614940108522854
EOS,25.0,5,940,-9.389919514920543,-6.614940108522854
EOS,25.0,5,941,-8.988396149778689,-6.614940108522854
EOS,25.0,5,942,-6.803273601682159,-6.614940108522854
EOS,25.0,5,943,-7.077256198391874,-6.614940108522854
EOS,25.0,5,944,-3.1242633180254336,-6.614940108522854
EOS,25.0,5,945,-10.130974055861822,-6.614940108522854
EOS,25.0,5,946,-5.693156752604159,-6.614940108522854
EOS,25.0,5,947,-4.781809558539237,-6.614940108522854
EOS,25.0,5,948,-7.362256765331999,-6.614940108522854
EOS,25.0,5,949,-10.348703806697678,-6.614940108522854
EOS,25.0,5,950,-5.097206110610937,-6.614940108522854
EOS,25.0,5,951,-5.815905743475897,-6.614940108522854
EOS,25.0,5,952,-9.284336633473332,-6.614940108522854
EOS,25.0,5,953,-6.683901946613435,-6.614940108522854
EOS,25.0,5,954,-8.706811285269557,-6.614940108522854
EOS,25.0,5,955,-5.493683331752733,-6.614940108522854
EOS,25.0,5,956,-6.4657798862713225,-6.614940108522854
EOS,25.0,5,957,-5.830491755803152,-6.614940108522854
EOS,25.0,5,958,-3.7957721446186454,-6.614940108522854
EOS,25.0,5,959,-5.386070459523395,-6.614940108522854
EOS,25.0,5,960,-4.9563387866003055,-6.614940108522854
EOS,25.0,5,961,-8.443881106440129,-6.614940108522854
EOS,25.0,5,962,-6.725552539222786,-6.614940108522854
EOS,25.0,5,963,-4.613551513499473,-6.614940108522854
EOS,25.0,5,964,-5.719977868021276,-6.614940108522854
EOS,25.0,5,965,-2.6774627112861156,-6.614940108522854
EOS,25.0,5,966,-5.1606715764025495,-6.614940108522854
EOS,25.0,5,967,-9.011073392300027,-6.614940108522854
EOS,25.0,5,968,-8.177315224176402,-6.614940108522854
EOS,25.0,5,969,-10.64181027908096,-6.614940108522854
EOS,25.0,5,970,-10.036964654937861,-6.614940108522854
EOS,25.0,5,971,-9.468381411390993,-6.614940108522854
EOS,25.0,5,972,-7.2326923652032455,-6.614940108522854
EOS,25.0,5,973,-2.9907856571824105,-6.614940108522854
EOS,25.0,5,974,-9.571531634397253,-6.614940108522854
EOS,25.0,5,975,-9.450119118219432,-6.614940108522854
EOS,25.0,5,976,-7.347135762853039,-6.614940108522854
EOS,25.0,5,977,-11.995878585863814,-6.614940108522854
EOS,25.0,5,978,-4.989969690716425,-6.614940108522854
EOS,25.0,5,979,-7.231261795421721,-6.614940108522854
EOS,25.0,5,980,-7.805090207556347,-6.614940108522854
EOS,25.0,5,981,-4.609805468920258,-6.614940108522854
EOS,25.0,5,982,-7.146368542074394,-6.614940108522854
EOS,25.0,5,983,-9.553820633295933,-6.614940108522854
EOS,25.0,5,984,-6.041999222925563,-6.614940108522854
EOS,25.0,5,985,-6.839957127048148,-6.614940108522854
EOS,25.0,5,986,-5.088095517740188,-6.614940108522854
EOS,25.0,5,987,-2.911779977114805,-6.614940108522854
EOS,25.0,5,988,-6.865985845817326,-6.614940108522854
EOS,25.0,5,989,-6.814408659395248,-6.614940108522854
EOS,25.0,5,990,-6.368246724542429,-6.614940108522854
EOS,25.0,5,991,-4.270644628623467,-6.614940108522854
EOS,25.0,5,992,-6.264906888154069,-6.614940108522854
EOS,25.0,5,993,-7.854253292171087,-6.614940108522854
EOS,25.0,5,994,-7.0223702771530245,-6.614940108522854
EOS,25.0,5,995,-7.3560664336960295,-6.614940108522854
EOS,25.0,5,996,-7.005400926092626,-6.614940108522854
EOS,25.0,5,997,-4.034477093769233,-6.614940108522854
EOS,25.0,5,998,-5.894122871487333,-6.614940108522854
EOS,25.0,5,999,-9.125406501895815,-6.614940108522854
EOS,35.0,5,1,-0.275817387492009,3.2666660981721596
EOS,35.0,5,2,0.2025466529484149,3.2666660981721596
EOS,35.0,5,3,5.08899861167959,3.2666660981721596
EOS,35.0,5,4,3.6304826034409396,3.2666660981721596
EOS,35.0,5,5,3.5996255923248257,3.2666660981721596
EOS,35.0,5,6,3.9859848819683132,3.2666660981721596
EOS,35.0,5,7,0.5060660612933373,3.2666660981721596
EOS,35.0,5,8,3.1362794132365845,3.2666660981721596
EOS,35.0,5,9,3.1544770339311996,3.2666660981721596
EOS,35.0,5,10,0.5553613634211859,3.2666660981721596
EOS,35.0,5,11,1.8985344500291914,3.2666660981721596
EOS,35.0,5,12,4.026716940384942,3.2666660981721596
EOS,35.0,5,13,4.687430910308979,3.2666660981721596
EOS,35.0,5,14,1.0184394016542653,3.2666660981721596
EOS,35.0,5,15,2.800890897944017,3.2666660981721596
EOS,35.0,5,16,4.321171759843009,3.2666660981721596
EOS,35.0,5,17,4.033762258797429,3.2666660981721596
EOS,35.0,5,18,4.560369755356125,3.2666660981721596
EOS,35.0,5,19,8.141151746077659,3.2666660981721596
EOS,35.0,5,20,3.0141922834983887,3.2666660981721596
EOS,35.0,5,21,0.9241596737903085,3.2666660981721596
EOS,35.0,5,22,4.06525842363001,3.2666660981721596
EOS,35.0,5,23,3.750915952076673,3.2666660981721596
EOS,35.0,5,24,4.263286367419354,3.2666660981721596
EOS,35.0,5,25,5.923014375467762,3.2666660981721596
EOS,35.0,5,26,2.802465056509325,3.2666660981721596
EOS,35.0,5,27,0.9281504284910006,3.2666660981721596
EOS,35.0,5,28,-1.5115386134940985,3.2666660981721596
EOS,35.0,5,29,0.5974436131367298,3.2666660981721596
EOS,35.0,5,30,5.488201760379535,3.2666660981721596
EOS,35.0,5,31,2.096644200007572,3.2666660981721596
EOS,35.0,5,32,2.2920008342840137,3.2666660981721596
EOS,35.0,5,33,3.5474368426121012,3.2666660981721596
EOS,35.0,5,34,3.329890330808337,3.2666660981721596
EOS,35.0,5,35,-1.6932409355660138,3.2666660981721596
EOS,35.0,5,36,2.8051122126932038,3.2666660981721596
EOS,35.0,5,37,2.2043659512714004,3.2666660981721596
EOS,35.0,5,38,1.1699676917191528,3.2666660981721596
EOS,35.0,5,39,2.8245480280661535,3.2666660981721596
EOS,35.0,5,40,4.651660028770754,3.2666660981721596
EOS,35.0,5,41,3.3855216291620245,3.2666660981721596
EOS,35.0,5,42,4.728433026362081,3.2666660981721596
EOS,35.0,5,43,4.902575368865517,3.2666660981721596
EOS,35.0,5,44,3.504294707163423,3.2666660981721596
EOS,35.0,5,45,0.06643078855857731,3.2666660981721596
EOS,35.0,5,46,4.939408596177904,3.2666660981721596
EOS,35.0,5,47,4.344598192165323,3.2666660981721596
EOS,35.0,5,48,3.7306640476530175,3.2666660981721596
EOS,35.0,5,49,2.052985941765554,3.2666660981721596
EOS,35.0,5,50,-0.9995525750032885,3.2666660981721596
EOS,35.0,5,51,4.926568225452856,3.2666660981721596
EOS,35.0,5,52,5.078028908420364,3.2666660981721596
EOS,35.0,5,53,6.572658143962574,3.2666660981721596
EOS,35.0,5,54,1.9029126870356778,3.2666660981721596
EOS,35.0,5,55,3.353652848238551,3.2666660981721596
EOS,35.0,5,56,0.5105480729433306,3.2666660981721596
EOS,35.0,5,57,4.642378885844995,3.2666660981721596
EOS,35.0,5,58,0.17304281567628527,3.2666660981721596
EOS,35.0,5,59,1.7754333381421046,3.2666660981721596
EOS,35.0,5,60,3.788817243638231,3.2666660981721596
EOS,35.0,5,61,1.7436882166717274,3.2666660981721596
EOS,35.0,5,62,4.561900214559156,3.2666660981721596
EOS,35.0,5,63,1.3934950445432601,3.2666660981721596
EOS,35.0,5,64,2.2264768269770174,3.2666660981721596
EOS,35.0,5,65,4.217355081408142,3.2666660981721596
EOS,35.0,5,66,0.4470237295458974,3.2666660981721596
EOS,35.0,5,67,2.1643416339560826,3.2666660981721596
EOS,35.0,5,68,5.851238640126956,3.2666660981721596
EOS,35.0,5,69,6.454440901684251,3.2666660981721596
EOS,35.0,5,70,5.044455314130236,3.2666660981721596
EOS,35.0,5,71,3.1694477025168144,3.2666660981721596
EOS,35.0,5,72,4.674017005222025,3.2666660981721596
EOS,35.0,5,73,4.803906325068503,3.2666660981721596
EOS,35.0,5,74,2.625068400561668,3.2666660981721596
EOS,35.0,5,75,5.981512498877281,3.2666660981721596
EOS,35.0,5,76,4.123798921487212,3.2666660981721596
EOS,35.0,5,77,2.340506660197947,3.2666660981721596
EOS,35.0,5,78,0.9646186317504339,3.2666660981721596
EOS,35.0,5,79,2.5110596684480533,3.2666660981721596
EOS,35.0,5,80,7.130617660820322,3.2666660981721596
EOS,35.0,5,81,4.090177357994502,3.2666660981721596
EOS,35.0,5,82,0.8455479845345419,3.2666660981721596
EOS,35.0,5,83,3.088998904513547,3.2666660981721596
EOS,35.0,5,84,8.740493943414734,3.2666660981721596
EOS,35.0,5,85,0.5419965888531953,3.2666660981721596
EOS,35.0,5,86,-1.6981721011312403,3.2666660981721596
EOS,35.0,5,87,2.770236892584845,3.2666660981721596
EOS,35.0,5,88,0.6747000922606329,3.2666660981721596
EOS,35.0,5,89,2.2283127715083975,3.2666660981721596
EOS,35.0,5,90,5.640312594929124,3.2666660981721596
EOS,35.0,5,91,5.4363317211371704,3.2666660981721596
EOS,35.0,5,92,6.054876143045805,3.2666660981721596
EOS,35.0,5,93,3.8783192645533013,3.2666660981721596
EOS,35.0,5,94,5.152036487500235,3.2666660981721596
EOS,35.0,5,95,2.1320091733991795,3.2666660981721596
EOS,35.0,5,96,3.5960484496726695,3.2666660981721596
EOS,35.0,5,97,5.292546324006875,3.2666660981721596
EOS,35.0,5,98,2.1981291519330983,3.2666660981721596
EOS,35.0,5,99,5.092889261349589,3.2666660981721596
EOS,35.0,5,100,5.133497461419665,3.2666660981721596
EOS,35.0,5,101,3.6947997986577064,3.2666660981721596
EOS,35.0,5,102,4.90506414707785,3.2666660981721596
EOS,35.0,5,103,1.4467120007597762,3.2666660981721596
EOS,35.0,5,104,-2.4951026535059704,3.2666660981721596
EOS,35.0,5,105,3.853891587214232,3.2666660981721596
EOS,35.0,5,106,-1.407854529838693,3.2666660981721596
EOS,35.0,5,107,0.6270415616884474,3.2666660981721596
EOS,35.0,5,108,4.53132918546074,3.2666660981721596
EOS,35.0,5,109,-0.6567821451194195,3.2666660981721596
EOS,35.0,5,110,6.028049920339189,3.2666660981721596
EOS,35.0,5,111,2.6825837731177224,3.2666660981721596
EOS,35.0,5,112,0.7736758632674539,3.2666660981721596
EOS,35.0,5,113,5.347231851468509,3.2666660981721596
EOS,35.0,5,114,3.179460463314228,3.2666660981721596
EOS,35.0,5,115,1.8561230683197445,3.2666660981721596
EOS,35.0,5,116,6.447806007664969,3.2666660981721596
EOS,35.0,5,117,3.5923635999975883,3.2666660981721596
EOS,35.0,5,118,0.5655030752298511,3.2666660981721596
EOS,35.0,5,119,0.6419355466900494,3.2666660981721596
EOS,35.0,5,120,4.844535313187617,3.2666660981721596
EOS,35.0,5,121,4.863533651175585,3.2666660981721596
EOS,35.0,5,122,1.7331268935113655,3.2666660981721596
EOS,35.0,5,123,1.654934673606344,3.2666660981721596
EOS,35.0,5,124,1.1246993153969747,3.2666660981721596
EOS,35.0,5,125,-0.7328052053045482,3.2666660981721596
EOS,35.0,5,126,6.092859591136602,3.2666660981721596
EOS,35.0,5,127,0.8649423872083211,3.2666660981721596
EOS,35.0,5,128,2.2636693228661775,3.2666660981721596
EOS,35.0,5,129,4.079659391663717,3.2666660981721596
EOS,35.0,5,130,3.2877200306711503,3.2666660981721596
EOS,35.0,5,131,5.245714667999511,3.2666660981721596
EOS,35.0,5,132,0.6572211587392425,3.2666660981721596
EOS,35.0,5,133,0.760105196842233,3.2666660981721596
EOS,35.0,5,134,0.7347940280065477,3.2666660981721596
EOS,35.0,5,135,1.6957871294312818,3.2666660981721596
EOS,35.0,5,136,6.126459361714019,3.2666660981721596
EOS,35.0,5,137,2.7170155012038686,3.2666660981721596
EOS,35.0,5,138,2.0379263631811315,3.2666660981721596
EOS,35.0,5,139,3.159106309716097,3.2666660981721596
EOS,35.0,5,140,7.191158927488866,3.2666660981721596
EOS,35.0,5,141,-0.6517750997397845,3.2666660981721596
EOS,35.0,5,142,5.784032033506784,3.2666660981721596
EOS,35.0,5,143,3.8885546246594282,3.2666660981721596
EOS,35.0,5,144,1.326405454027127,3.2666660981721596
EOS,35.0,5,145,6.795625012863778,3.2666660981721596
EOS,35.0,5,146,1.27897461830577,3.2666660981721596
EOS,35.0,5,147,1.563945626663954,3.2666660981721596
EOS,35.0,5,148,1.715585086557861,3.2666660981721596
EOS,35.0,5,149,1.7172372702016254,3.2666660981721596
EOS,35.0,5,150,7.688150037467573,3.2666660981721596
EOS,35.0,5,151,7.196446956795853,3.2666660981721596
EOS,35.0,5,152,3.977715140937255,3.2666660981721596
EOS,35.0,5,153,3.8185565260476926,3.2666660981721596
EOS,35.0,5,154,2.2083508201413293,3.2666660981721596
EOS,35.0,5,155,6.694968902128188,3.2666660981721596
EOS,35.0,5,156,5.493459799896627,3.2666660981721596
EOS,35.0,5,157,5.551634375979058,3.2666660981721596
EOS,35.0,5,158,3.4684497861444834,3.2666660981721596
EOS,35.0,5,159,1.5908895483400216,3.2666660981721596
EOS,35.0,5,160,2.7028762106218736,3.2666660981721596
EOS,35.0,5,161,4.946726556999268,3.2666660981721596
EOS,35.0,5,162,1.015021736918032,3.2666660981721596
EOS,35.0,5,163,3.421100917806823,3.2666660981721596
EOS,35.0,5,164,0.5565439951480408,3.2666660981721596
EOS,35.0,5,165,5.297409760204807,3.2666660981721596
EOS,35.0,5,166,6.323294234889195,3.2666660981721596
EOS,35.0,5,167,3.8443077029708865,3.2666660981721596
EOS,35.0,5,168,1.6856480391140667,3.2666660981721596
EOS,35.0,5,169,4.1654454464105735,3.2666660981721596
EOS,35.0,5,170,3.195874801827109,3.2666660981721596
EOS,35.0,5,171,5.067287700609512,3.2666660981721596
EOS,35.0,5,172,-0.5853715993551436,3.2666660981721596
EOS,35.0,5,173,4.64161364030581,3.2666660981721596
EOS,35.0,5,174,5.5275843481219535,3.2666660981721596
EOS,35.0,5,175,2.3576968650895953,3.2666660981721596
EOS,35.0,5,176,6.147833648780191,3.2666660981721596
EOS,35.0,5,177,7.1761757850002255,3.2666660981721596
EOS,35.0,5,178,6.165951955239302,3.2666660981721596
EOS,35.0,5,179,5.065984125369197,3.2666660981721596
EOS,35.0,5,180,3.40272760579665,3.2666660981721596
EOS,35.0,5,181,6.017607425623283,3.2666660981721596
EOS,35.0,5,182,3.436226478216711,3.2666660981721596
EOS,35.0,5,183,2.435930417338668,3.2666660981721596
EOS,35.0,5,184,4.19545806399169,3.2666660981721596
EOS,35.0,5,185,1.591630703481535,3.2666660981721596
EOS,35.0,5,186,3.0347084640240216,3.2666660981721596
EOS,35.0,5,187,3.613228350063099,3.2666660981721596
EOS,35.0,5,188,5.712245748045106,3.2666660981721596
EOS,35.0,5,189,-0.34161705372230183,3.2666660981721596
EOS,35.0,5,190,4.485935926713588,3.2666660981721596
EOS,35.0,5,191,2.7990748701014914,3.2666660981721596
EOS,35.0,5,192,4.2202472624651906,3.2666660981721596
EOS,35.0,5,193,2.7003193103909235,3.2666660981721596
EOS,35.0,5,194,4.813830396711315,3.2666660981721596
EOS,35.0,5,195,3.0899685698974855,3.2666660981721596
EOS,35.0,5,196,2.559550632331523,3.2666660981721596
EOS,35.0,5,197,5.8323839493778635,3.2666660981721596
EOS,35.0,5,198,2.7435491693170393,3.2666660981721596
EOS,35.0,5,199,0.6849301619225523,3.2666660981721596
EOS,35.0,5,200,2.0079084747899136,3.2666660981721596
EOS,35.0,5,201,3.9538287337947735,3.2666660981721596
EOS,35.0,5,202,2.531327539892933,3.2666660981721596
EOS,35.0,5,203,1.5200772749900846,3.2666660981721596
EOS,35.0,5,204,7.645105397975593,3.2666660981721596
EOS,35.0,5,205,7.973998604451118,3.2666660981721596
EOS,35.0,5,206,6.2572588442909325,3.2666660981721596
EOS,35.0,5,207,3.739930072337258,3.2666660981721596
EOS,35.0,5,208,4.3601842122635315,3.2666660981721596
EOS,35.0,5,209,2.5590150002993455,3.2666660981721596
EOS,35.0,5,210,3.0243602363251094,3.2666660981721596
EOS,35.0,5,211,-0.4334538772448654,3.2666660981721596
EOS,35.0,5,212,4.608105679715539,3.2666660981721596
EOS,35.0,5,213,-1.6321614000537423,3.2666660981721596
EOS,35.0,5,214,2.65038381556582,3.2666660981721596
EOS,35.0,5,215,2.586629309079671,3.2666660981721596
EOS,35.0,5,216,2.481090638943824,3.2666660981721596
EOS,35.0,5,217,0.6388932326433084,3.2666660981721596
EOS,35.0,5,218,4.813664902348708,3.2666660981721596
EOS,35.0,5,219,0.09396397826394232,3.2666660981721596
EOS,35.0,5,220,3.437564306825245,3.2666660981721596
EOS,35.0,5,221,1.4166903735056025,3.2666660981721596
EOS,35.0,5,222,2.974379103459777,3.2666660981721596
EOS,35.0,5,223,4.783808513784129,3.2666660981721596
EOS,35.0,5,224,3.9422550849348883,3.2666660981721596
EOS,35.0,5,225,1.643753853706459,3.2666660981721596
EOS,35.0,5,226,0.18129571301827369,3.2666660981721596
EOS,35.0,5,227,4.02647136599165,3.2666660981721596
EOS,35.0,5,228,3.3904567155721974,3.2666660981721596
EOS,35.0,5,229,4.996473187459602,3.2666660981721596
EOS,35.0,5,230,4.170472078864675,3.2666660981721596
EOS,35.0,5,231,2.553822898985383,3.2666660981721596
EOS,35.0,5,232,2.9165475917015464,3.2666660981721596
EOS,35.0,5,233,-0.21719267111154944,3.2666660981721596
EOS,35.0,5,234,0.07439072722368587,3.2666660981721596
EOS,35.0,5,235,7.267448414651186,3.2666660981721596
EOS,35.0,5,236,1.2558775427997522,3.2666660981721596
EOS,35.0,5,237,2.3261334599570542,3.2666660981721596
EOS,35.0,5,238,6.266221792233578,3.2666660981721596
EOS,35.0,5,239,1.8912147073761756,3.2666660981721596
EOS,35.0,5,240,3.4039323292208374,3.2666660981721596
EOS,35.0,5,241,3.3043284051925594,3.2666660981721596
EOS,35.0,5,242,6.830268006199322,3.2666660981721596
EOS,35.0,5,243,2.789505715163381,3.2666660981721596
EOS,35.0,5,244,1.9428668890778407,3.2666660981721596
EOS,35.0,5,245,6.958321002916101,3.2666660981721596
EOS,35.0,5,246,2.6008518381798327,3.2666660981721596
EOS,35.0,5,247,0.08998045175028313,3.2666660981721596
EOS,35.0,5,248,5.056421724548645,3.2666660981721596
EOS,35.0,5,249,0.3619825602601776,3.2666660981721596
EOS,35.0,5,250,1.9371215209136872,3.2666660981721596
EOS,35.0,5,251,-0.6249629884438761,3.2666660981721596
EOS,35.0,5,252,6.025264300251815,3.2666660981721596
EOS,35.0,5,253,4.4845988100600405,3.2666660981721596
EOS,35.0,5,254,1.5856481576145633,3.2666660981721596
EOS,35.0,5,255,3.460114058573793,3.2666660981721596
EOS,35.0,5,256,1.3395058253674195,3.2666660981721596
EOS,35.0,5,257,3.1376005446468596,3.2666660981721596
EOS,35.0,5,258,1.0511791121861849,3.2666660981721596
EOS,35.0,5,259,4.881657436510658,3.2666660981721596
EOS,35.0,5,260,4.6376153880349555,3.2666660981721596
EOS,35.0,5,261,1.204684084251781,3.2666660981721596
EOS,35.0,5,262,5.211348131809796,3.2666660981721596
EOS,35.0,5,263,4.348792961479198,3.2666660981721596
EOS,35.0,5,264,0.9994294051795367,3.2666660981721596
EOS,35.0,5,265,1.3492753427693047,3.2666660981721596
EOS,35.0,5,266,-0.358415574710373,3.2666660981721596
EOS,35.0,5,267,6.303720538077513,3.2666660981721596
EOS,35.0,5,268,6.94914015424855,3.2666660981721596
EOS,35.0,5,269,0.6123487543440831,3.2666660981721596
EOS,35.0,5,270,3.350649523402886,3.2666660981721596
EOS,35.0,5,271,4.112003009762006,3.2666660981721596
EOS,35.0,5,272,0.9250612947977189,3.2666660981721596
EOS,35.0,5,273,1.36651518801925,3.2666660981721596
EOS,35.0,5,274,2.794674177766344,3.2666660981721596
EOS,35.0,5,275,6.729831032762221,3.2666660981721596
EOS,35.0,5,276,1.840431199932739,3.2666660981721596
EOS,35.0,5,277,0.05879346895905302,3.2666660981721596
EOS,35.0,5,278,2.7167690033040697,3.2666660981721596
EOS,35.0,5,279,6.986561268276105,3.2666660981721596
EOS,35.0,5,280,4.991676998170342,3.2666660981721596
EOS,35.0,5,281,7.793079912929559,3.2666660981721596
EOS,35.0,5,282,5.015957875031296,3.2666660981721596
EOS,35.0,5,283,3.669548656608855,3.2666660981721596
EOS,35.0,5,284,2.669076439390036,3.2666660981721596
EOS,35.0,5,285,4.295249554672181,3.2666660981721596
EOS,35.0,5,286,1.7909499449941406,3.2666660981721596
EOS,35.0,5,287,0.39833957964990163,3.2666660981721596
EOS,35.0,5,288,5.564348077524085,3.2666660981721596
EOS,35.0,5,289,6.948014266904338,3.2666660981721596
EOS,35.0,5,290,2.468715701320252,3.2666660981721596
EOS,35.0,5,291,0.8818319198047359,3.2666660981721596
EOS,35.0,5,292,-1.4580159529867398,3.2666660981721596
EOS,35.0,5,293,1.7717737286853272,3.2666660981721596
EOS,35.0,5,294,6.692245495369319,3.2666660981721596
EOS,35.0,5,295,4.4455144299795215,3.2666660981721596
EOS,35.0,5,296,3.453148881227822,3.2666660981721596
EOS,35.0,5,297,0.554518544621645,3.2666660981721596
EOS,35.0,5,298,1.3486845804924643,3.2666660981721596
EOS,35.0,5,299,3.810142710732248,3.2666660981721596
EOS,35.0,5,300,0.858221398363795,3.2666660981721596
EOS,35.0,5,301,1.3171400135194742,3.2666660981721596
EOS,35.0,5,302,1.9896136933743813,3.2666660981721596
EOS,35.0,5,303,4.4461758079296985,3.2666660981721596
EOS,35.0,5,304,0.7111863026139648,3.2666660981721596
EOS,35.0,5,305,0.5943597755617255,3.2666660981721596
EOS,35.0,5,306,2.7409675616381097,3.2666660981721596
EOS,35.0,5,307,3.482930307375937,3.2666660981721596
EOS,35.0,5,308,1.5470277038843552,3.2666660981721596
EOS,35.0,5,309,3.407692110564056,3.2666660981721596
EOS,35.0,5,310,8.268053627802878,3.2666660981721596
EOS,35.0,5,311,3.4878183538535197,3.2666660981721596
EOS,35.0,5,312,7.1018288854096125,3.2666660981721596
EOS,35.0,5,313,4.522648303120823,3.2666660981721596
EOS,35.0,5,314,4.152997012891339,3.2666660981721596
EOS,35.0,5,315,4.428214842815585,3.2666660981721596
EOS,35.0,5,316,0.5905089827441593,3.2666660981721596
EOS,35.0,5,317,3.4474015204758635,3.2666660981721596
EOS,35.0,5,318,4.845671673757302,3.2666660981721596
EOS,35.0,5,319,1.545063031953431,3.2666660981721596
EOS,35.0,5,320,0.1063361837516267,3.2666660981721596
EOS,35.0,5,321,5.754123392666198,3.2666660981721596
EOS,35.0,5,322,1.8965674005059956,3.2666660981721596
EOS,35.0,5,323,2.1523167371939316,3.2666660981721596
EOS,35.0,5,324,5.84878923878251,3.2666660981721596
EOS,35.0,5,325,2.2876452395502724,3.2666660981721596
EOS,35.0,5,326,3.3673552605158754,3.2666660981721596
EOS,35.0,5,327,7.298934172069364,3.2666660981721596
EOS,35.0,5,328,1.0626529969909875,3.2666660981721596
EOS,35.0,5,329,0.6555579869709185,3.2666660981721596
EOS,35.0,5,330,0.7920118425138054,3.2666660981721596
EOS,35.0,5,331,7.020538705065623,3.2666660981721596
EOS,35.0,5,332,1.4638945612856549,3.2666660981721596
EOS,35.0,5,333,1.4031085432309434,3.2666660981721596
EOS,35.0,5,334,3.513422780715919,3.2666660981721596
EOS,35.0,5,335,4.799714080819695,3.2666660981721596
EOS,35.0,5,336,1.25629342634137,3.2666660981721596
EOS,35.0,5,337,2.68727414032801,3.2666660981721596
EOS,35.0,5,338,1.0935441974006082,3.2666660981721596
EOS,35.0,5,339,3.2603678305490322,3.2666660981721596
EOS,35.0,5,340,2.25149093205522,3.2666660981721596
EOS,35.0,5,341,1.4129042822403621,3.2666660981721596
EOS,35.0,5,342,2.001378978745533,3.2666660981721596
EOS,35.0,5,343,2.234910400331877,3.2666660981721596
EOS,35.0,5,344,6.23312123876224,3.2666660981721596
EOS,35.0,5,345,3.8184203860163346,3.2666660981721596
EOS,35.0,5,346,2.4486128027281975,3.2666660981721596
EOS,35.0,5,347,5.095960509617825,3.2666660981721596
EOS,35.0,5,348,3.572067739262809,3.2666660981721596
EOS,35.0,5,349,4.5935769270117595,3.2666660981721596
EOS,35.0,5,350,3.9505869256126145,3.2666660981721596
EOS,35.0,5,351,4.153117789217973,3.2666660981721596
EOS,35.0,5,352,1.2824187960006164,3.2666660981721596
EOS,35.0,5,353,0.5770027980971928,3.2666660981721596
EOS,35.0,5,354,5.976389254805602,3.2666660981721596
EOS,35.0,5,355,2.6524690663502444,3.2666660981721596
EOS,35.0,5,356,2.7109261820132122,3.2666660981721596
EOS,35.0,5,357,1.6477089327316907,3.2666660981721596
EOS,35.0,5,358,2.128959394474953,3.2666660981721596
EOS,35.0,5,359,0.6521146821218876,3.2666660981721596
EOS,35.0,5,360,2.976276106218606,3.2666660981721596
EOS,35.0,5,361,5.36874533342755,3.2666660981721596
EOS,35.0,5,362,2.9630290966987314,3.2666660981721596
EOS,35.0,5,363,4.279672247709798,3.2666660981721596
EOS,35.0,5,364,2.524645919484474,3.2666660981721596
EOS,35.0,5,365,5.6296006669864385,3.2666660981721596
EOS,35.0,5,366,4.752866234250572,3.2666660981721596
EOS,35.0,5,367,4.245594829497152,3.2666660981721596
EOS,35.0,5,368,-0.23049342319333255,3.2666660981721596
EOS,35.0,5,369,6.404483134719068,3.2666660981721596
EOS,35.0,5,370,0.7143263310686364,3.2666660981721596
EOS,35.0,5,371,-0.5327215278511243,3.2666660981721596
EOS,35.0,5,372,2.58866955528935,3.2666660981721596
EOS,35.0,5,373,5.188398372044964,3.2666660981721596
EOS,35.0,5,374,0.8018987633337378,3.2666660981721596
EOS,35.0,5,375,6.835283346769321,3.2666660981721596
EOS,35.0,5,376,4.298163048138022,3.2666660981721596
EOS,35.0,5,377,-0.30249857669935404,3.2666660981721596
EOS,35.0,5,378,1.865209974298052,3.2666660981721596
EOS,35.0,5,379,0.922026173812481,3.2666660981721596
EOS,35.0,5,380,5.074750853622108,3.2666660981721596
EOS,35.0,5,381,2.649732633709722,3.2666660981721596
EOS,35.0,5,382,6.714450204604079,3.2666660981721596
EOS,35.0,5,383,3.196209300605771,3.2666660981721596
EOS,35.0,5,384,3.21232229341459,3.2666660981721596
EOS,35.0,5,385,1.1425948910889234,3.2666660981721596
EOS,35.0,5,386,3.0275932140401083,3.2666660981721596
EOS,35.0,5,387,1.6580805995639893,3.2666660981721596
EOS,35.0,5,388,3.74912947380048,3.2666660981721596
EOS,35.0,5,389,1.6125436561457955,3.2666660981721596
EOS,35.0,5,390,7.853606050977107,3.2666660981721596
EOS,35.0,5,391,4.288312008125892,3.2666660981721596
EOS,35.0,5,392,1.2572981589562389,3.2666660981721596
EOS,35.0,5,393,6.895149515914807,3.2666660981721596
EOS,35.0,5,394,4.830208124974742,3.2666660981721596
EOS,35.0,5,395,2.38188664499036,3.2666660981721596
EOS,35.0,5,396,1.5439109642265763,3.2666660981721596
EOS,35.0,5,397,2.6013048664529475,3.2666660981721596
EOS,35.0,5,398,1.790134480390518,3.2666660981721596
EOS,35.0,5,399,2.329632023469686,3.2666660981721596
EOS,35.0,5,400,1.8716115093489851,3.2666660981721596
EOS,35.0,5,401,6.13671535527337,3.2666660981721596
EOS,35.0,5,402,1.8213499438315095,3.2666660981721596
EOS,35.0,5,403,3.905279650766007,3.2666660981721596
EOS,35.0,5,404,0.5232656876763762,3.2666660981721596
EOS,35.0,5,405,6.374705702107041,3.2666660981721596
EOS,35.0,5,406,1.576265763696174,3.2666660981721596
EOS,35.0,5,407,2.5762810950198256,3.2666660981721596
EOS,35.0,5,408,1.364028757890642,3.2666660981721596
EOS,35.0,5,409,1.011090914295671,3.2666660981721596
EOS,35.0,5,410,0.722696980901726,3.2666660981721596
EOS,35.0,5,411,3.4567878869995874,3.2666660981721596
EOS,35.0,5,412,3.0439832744969353,3.2666660981721596
EOS,35.0,5,413,5.738900725738196,3.2666660981721596
EOS,35.0,5,414,1.8975658918819587,3.2666660981721596
EOS,35.0,5,415,-0.2513959720100796,3.2666660981721596
EOS,35.0,5,416,5.414150292255872,3.2666660981721596
EOS,35.0,5,417,3.761517296990414,3.2666660981721596
EOS,35.0,5,418,6.1042065046956235,3.2666660981721596
EOS,35.0,5,419,3.0737925486693767,3.2666660981721596
EOS,35.0,5,420,3.6079033104149456,3.2666660981721596
EOS,35.0,5,421,2.8533893042060248,3.2666660981721596
EOS,35.0,5,422,2.336528075815397,3.2666660981721596
EOS,35.0,5,423,3.760905773025038,3.2666660981721596
EOS,35.0,5,424,4.544920943353141,3.2666660981721596
EOS,35.0,5,425,5.286123269814911,3.2666660981721596
EOS,35.0,5,426,6.396196381617542,3.2666660981721596
EOS,35.0,5,427,-0.07588242792013108,3.2666660981721596
EOS,35.0,5,428,-0.11764454352941461,3.2666660981721596
EOS,35.0,5,429,4.153481394647748,3.2666660981721596
EOS,35.0,5,430,2.181403878051224,3.2666660981721596
EOS,35.0,5,431,5.230063515391312,3.2666660981721596
EOS,35.0,5,432,2.179292057726431,3.2666660981721596
EOS,35.0,5,433,1.0671107569081597,3.2666660981721596
EOS,35.0,5,434,2.819612431376303,3.2666660981721596
EOS,35.0,5,435,2.633975323623537,3.2666660981721596
EOS,35.0,5,436,5.425184163704754,3.2666660981721596
EOS,35.0,5,437,5.109299122064445,3.2666660981721596
EOS,35.0,5,438,5.944748378933555,3.2666660981721596
EOS,35.0,5,439,4.205810699945897,3.2666660981721596
EOS,35.0,5,440,1.0704776336120994,3.2666660981721596
EOS,35.0,5,441,7.784350104488373,3.2666660981721596
EOS,35.0,5,442,1.4620796627124442,3.2666660981721596
EOS,35.0,5,443,0.010806799648259702,3.2666660981721596
EOS,35.0,5,444,6.24745688048133,3.2666660981721596
EOS,35.0,5,445,2.132995973388314,3.2666660981721596
EOS,35.0,5,446,3.12225424195631,3.2666660981721596
EOS,35.0,5,447,6.622911727502175,3.2666660981721596
EOS,35.0,5,448,2.981797595949268,3.2666660981721596
EOS,35.0,5,449,2.026890898979506,3.2666660981721596
EOS,35.0,5,450,3.493521041276046,3.2666660981721596
EOS,35.0,5,451,2.558777010956036,3.2666660981721596
EOS,35.0,5,452,1.4849506395235248,3.2666660981721596
EOS,35.0,5,453,4.995467505852711,3.2666660981721596
EOS,35.0,5,454,0.6938444103082445,3.2666660981721596
EOS,35.0,5,455,1.177201684508479,3.2666660981721596
EOS,35.0,5,456,0.2199807493436471,3.2666660981721596
EOS,35.0,5,457,2.789174807947666,3.2666660981721596
EOS,35.0,5,458,1.841914936940768,3.2666660981721596
EOS,35.0,5,459,0.7070265697375547,3.2666660981721596
EOS,35.0,5,460,-1.3840766164886238,3.2666660981721596
EOS,35.0,5,461,1.7731754654546896,3.2666660981721596
EOS,35.0,5,462,5.2356592523192855,3.2666660981721596
EOS,35.0,5,463,1.4893227703139469,3.2666660981721596
EOS,35.0,5,464,-0.9365590341214127,3.2666660981721596
EOS,35.0,5,465,6.376516517998144,3.2666660981721596
EOS,35.0,5,466,4.678158717300853,3.2666660981721596
EOS,35.0,5,467,5.207328268192979,3.2666660981721596
EOS,35.0,5,468,4.095188845777406,3.2666660981721596
EOS,35.0,5,469,5.306345456069992,3.2666660981721596
EOS,35.0,5,470,2.8971455815398865,3.2666660981721596
EOS,35.0,5,471,5.511310377535697,3.2666660981721596
EOS,35.0,5,472,6.958731871879722,3.2666660981721596
EOS,35.0,5,473,0.9731376929571944,3.2666660981721596
EOS,35.0,5,474,6.7078153343850975,3.2666660981721596
EOS,35.0,5,475,-0.773099052072762,3.2666660981721596
EOS,35.0,5,476,4.457908800800197,3.2666660981721596
EOS,35.0,5,477,3.4253014580813126,3.2666660981721596
EOS,35.0,5,478,5.226555529381145,3.2666660981721596
EOS,35.0,5,479,6.646912500796537,3.2666660981721596
EOS,35.0,5,480,6.329707765835313,3.2666660981721596
EOS,35.0,5,481,4.86947673282806,3.2666660981721596
EOS,35.0,5,482,4.3490014438345295,3.2666660981721596
EOS,35.0,5,483,0.05678581291506968,3.2666660981721596
EOS,35.0,5,484,5.124630807992277,3.2666660981721596
EOS,35.0,5,485,5.316267234604521,3.2666660981721596
EOS,35.0,5,486,1.2031683696099074,3.2666660981721596
EOS,35.0,5,487,1.9769082881072368,3.2666660981721596
EOS,35.0,5,488,2.4585264278506127,3.2666660981721596
EOS,35.0,5,489,1.348847562535717,3.2666660981721596
EOS,35.0,5,490,4.295409524911996,3.2666660981721596
EOS,35.0,5,491,1.5366153059481418,3.2666660981721596
EOS,35.0,5,492,5.052940252851182,3.2666660981721596
EOS,35.0,5,493,5.3411785563728,3.2666660981721596
EOS,35.0,5,494,4.882151295572715,3.2666660981721596
EOS,35.0,5,495,-1.1202436365664636,3.2666660981721596
EOS,35.0,5,496,3.6335904045238006,3.2666660981721596
EOS,35.0,5,497,4.095287431350762,3.2666660981721596
EOS,35.0,5,498,5.664652666184898,3.2666660981721596
EOS,35.0,5,499,1.836262113750028,3.2666660981721596
EOS,35.0,5,500,3.525875814781649,3.2666660981721596
EOS,35.0,5,501,3.2374076056229093,3.2666660981721596
EOS,35.0,5,502,0.8662435363130658,3.2666660981721596
EOS,35.0,5,503,2.220752525961684,3.2666660981721596
EOS,35.0,5,504,4.541096647991479,3.2666660981721596
EOS,35.0,5,505,3.5939177108253433,3.2666660981721596
EOS,35.0,5,506,7.944188700772098,3.2666660981721596
EOS,35.0,5,507,5.138465219673799,3.2666660981721596
EOS,35.0,5,508,1.1604193696163034,3.2666660981721596
EOS,35.0,5,509,1.2085636310185432,3.2666660981721596
EOS,35.0,5,510,3.5524713206261715,3.2666660981721596
EOS,35.0,5,511,4.600931781844074,3.2666660981721596
EOS,35.0,5,512,2.1536806047018593,3.2666660981721596
EOS,35.0,5,513,1.961314895937564,3.2666660981721596
EOS,35.0,5,514,7.0556962719706,3.2666660981721596
EOS,35.0,5,515,-0.06310206298828941,3.2666660981721596
EOS,35.0,5,516,3.2981670346832583,3.2666660981721596
EOS,35.0,5,517,0.7065006766648232,3.2666660981721596
EOS,35.0,5,518,4.119664506453587,3.2666660981721596
EOS,35.0,5,519,5.2880613305535755,3.2666660981721596
EOS,35.0,5,520,5.378166069752636,3.2666660981721596
EOS,35.0,5,521,7.1126159711155745,3.2666660981721596
EOS,35.0,5,522,4.295245031763544,3.2666660981721596
EOS,35.0,5,523,3.1051134303529686,3.2666660981721596
EOS,35.0,5,524,4.558560744463874,3.2666660981721596
EOS,35.0,5,525,8.094429004644207,3.2666660981721596
EOS,35.0,5,526,3.2038769466525068,3.2666660981721596
EOS,35.0,5,527,4.657264613433176,3.2666660981721596
EOS,35.0,5,528,6.1984302466155725,3.2666660981721596
EOS,35.0,5,529,2.472966274078108,3.2666660981721596
EOS,35.0,5,530,3.58714962955324,3.2666660981721596
EOS,35.0,5,531,3.99730962056139,3.2666660981721596
EOS,35.0,5,532,0.46426715148527276,3.2666660981721596
EOS,35.0,5,533,5.183001588808249,3.2666660981721596
EOS,35.0,5,534,2.9569042591255488,3.2666660981721596
EOS,35.0,5,535,3.503131604763083,3.2666660981721596
EOS,35.0,5,536,6.363229525045693,3.2666660981721596
EOS,35.0,5,537,4.22128745255534,3.2666660981721596
EOS,35.0,5,538,4.989375015620622,3.2666660981721596
EOS,35.0,5,539,2.8772847678067612,3.2666660981721596
EOS,35.0,5,540,3.0044533243057066,3.2666660981721596
EOS,35.0,5,541,4.8265467289879584,3.2666660981721596
EOS,35.0,5,542,1.37575519688268,3.2666660981721596
EOS,35.0,5,543,4.266172505102794,3.2666660981721596
EOS,35.0,5,544,5.128496310419902,3.2666660981721596
EOS,35.0,5,545,2.455572677720334,3.2666660981721596
EOS,35.0,5,546,2.6602869417438235,3.2666660981721596
EOS,35.0,5,547,3.607225007760232,3.2666660981721596
EOS,35.0,5,548,2.52253217336017,3.2666660981721596
EOS,35.0,5,549,4.540038597205015,3.2666660981721596
EOS,35.0,5,550,6.167582479505574,3.2666660981721596
EOS,35.0,5,551,3.1721284403856966,3.2666660981721596
EOS,35.0,5,552,2.4327295267895304,3.2666660981721596
EOS,35.0,5,553,2.9520543502007,3.2666660981721596
EOS,35.0,5,554,0.5991679392255471,3.2666660981721596
EOS,35.0,5,555,5.303581839095097,3.2666660981721596
EOS,35.0,5,556,4.200288049378783,3.2666660981721596
EOS,35.0,5,557,-0.20959465055574378,3.2666660981721596
EOS,35.0,5,558,2.402102713332374,3.2666660981721596
EOS,35.0,5,559,1.0628719626281007,3.2666660981721596
EOS,35.0,5,560,2.177691538078776,3.2666660981721596
EOS,35.0,5,561,4.510295628079897,3.2666660981721596
EOS,35.0,5,562,5.354383598326447,3.2666660981721596
EOS,35.0,5,563,6.118100365473083,3.2666660981721596
EOS,35.0,5,564,0.7850805791436662,3.2666660981721596
EOS,35.0,5,565,6.15099152950046,3.2666660981721596
EOS,35.0,5,566,2.0614983028560205,3.2666660981721596
EOS,35.0,5,567,1.099563710225243,3.2666660981721596
EOS,35.0,5,568,5.029497238322177,3.2666660981721596
EOS,35.0,5,569,4.189002502253503,3.2666660981721596
EOS,35.0,5,570,3.054809877068974,3.2666660981721596
EOS,35.0,5,571,1.5791823020131133,3.2666660981721596
EOS,35.0,5,572,4.941691427839261,3.2666660981721596
EOS,35.0,5,573,3.2000681834931926,3.2666660981721596
EOS,35.0,5,574,2.095868537573347,3.2666660981721596
EOS,35.0,5,575,3.8074482570544363,3.2666660981721596
EOS,35.0,5,576,2.968460094049651,3.2666660981721596
EOS,35.0,5,577,3.0670107666737607,3.2666660981721596
EOS,35.0,5,578,4.257396202619631,3.2666660981721596
EOS,35.0,5,579,4.338959717735193,3.2666660981721596
EOS,35.0,5,580,1.839095159212967,3.2666660981721596
EOS,35.0,5,581,5.161244976260429,3.2666660981721596
EOS,35.0,5,582,5.510567338547982,3.2666660981721596
EOS,35.0,5,583,4.458936603729185,3.2666660981721596
EOS,35.0,5,584,3.950714243270056,3.2666660981721596
EOS,35.0,5,585,1.2699162924216352,3.2666660981721596
EOS,35.0,5,586,3.2470190059220743,3.2666660981721596
EOS,35.0,5,587,0.4545392997174791,3.2666660981721596
EOS,35.0,5,588,5.052949536541757,3.2666660981721596
EOS,35.0,5,589,1.417873751523421,3.2666660981721596
EOS,35.0,5,590,4.319116124277077,3.2666660981721596
EOS,35.0,5,591,5.71598802718833,3.2666660981721596
EOS,35.0,5,592,0.9960923577038163,3.2666660981721596
EOS,35.0,5,593,4.457295781052725,3.2666660981721596
EOS,35.0,5,594,1.8297455741672366,3.2666660981721596
EOS,35.0,5,595,3.5417659033978905,3.2666660981721596
EOS,35.0,5,596,3.3454126829022073,3.2666660981721596
EOS,35.0,5,597,4.133244773673387,3.2666660981721596
EOS,35.0,5,598,0.4644391656502729,3.2666660981721596
EOS,35.0,5,599,3.6374191734786034,3.2666660981721596
EOS,35.0,5,600,6.1005951448998825,3.2666660981721596
EOS,35.0,5,601,6.307351687523439,3.2666660981721596
EOS,35.0,5,602,3.030327765763187,3.2666660981721596
EOS,35.0,5,603,0.5850260457121385,3.2666660981721596
EOS,35.0,5,604,3.3444602365611114,3.2666660981721596
EOS,35.0,5,605,2.970539158909728,3.2666660981721596
EOS,35.0,5,606,3.855574192705702,3.2666660981721596
EOS,35.0,5,607,3.213629483183365,3.2666660981721596
EOS,35.0,5,608,4.508367481892598,3.2666660981721596
EOS,35.0,5,609,-0.6542166050340044,3.2666660981721596
EOS,35.0,5,610,-2.0406473412819826,3.2666660981721596
EOS,35.0,5,611,1.7102211050910183,3.2666660981721596
EOS,35.0,5,612,4.791974922146426,3.2666660981721596
EOS,35.0,5,613,1.6896543737258738,3.2666660981721596
EOS,35.0,5,614,3.2125512817600095,3.2666660981721596
EOS,35.0,5,615,7.028679374257679,3.2666660981721596
EOS,35.0,5,616,5.255125806142489,3.2666660981721596
EOS,35.0,5,617,2.7158264944646815,3.2666660981721596
EOS,35.0,5,618,1.418639703912264,3.2666660981721596
EOS,35.0,5,619,1.2138095994975067,3.2666660981721596
EOS,35.0,5,620,3.3685451670987896,3.2666660981721596
EOS,35.0,5,621,2.768774495580704,3.2666660981721596
EOS,35.0,5,622,5.225060007537908,3.2666660981721596
EOS,35.0,5,623,7.684307090839672,3.2666660981721596
EOS,35.0,5,624,1.5780330010553374,3.2666660981721596
EOS,35.0,5,625,0.6808501628324399,3.2666660981721596
EOS,35.0,5,626,7.374220310871243,3.2666660981721596
EOS,35.0,5,627,2.601753193809316,3.2666660981721596
EOS,35.0,5,628,3.1091529130154334,3.2666660981721596
EOS,35.0,5,629,3.175294308272859,3.2666660981721596
EOS,35.0,5,630,4.933394725811059,3.2666660981721596
EOS,35.0,5,631,3.303159757892,3.2666660981721596
EOS,35.0,5,632,2.403703486336336,3.2666660981721596
EOS,35.0,5,633,-0.5556163177767128,3.2666660981721596
EOS,35.0,5,634,7.273882551519396,3.2666660981721596
EOS,35.0,5,635,5.447578067696686,3.2666660981721596
EOS,35.0,5,636,2.0240101410526097,3.2666660981721596
EOS,35.0,5,637,4.498329933147646,3.2666660981721596
EOS,35.0,5,638,4.05086078353666,3.2666660981721596
EOS,35.0,5,639,2.4834880251436555,3.2666660981721596
EOS,35.0,5,640,1.7079550273494373,3.2666660981721596
EOS,35.0,5,641,6.454903242836223,3.2666660981721596
EOS,35.0,5,642,2.5924730729760217,3.2666660981721596
EOS,35.0,5,643,5.5926783188951905,3.2666660981721596
EOS,35.0,5,644,2.6180473704348706,3.2666660981721596
EOS,35.0,5,645,4.230854264855562,3.2666660981721596
EOS,35.0,5,646,4.535385046348324,3.2666660981721596
EOS,35.0,5,647,2.7612459116763843,3.2666660981721596
EOS,35.0,5,648,1.6784601889376898,3.2666660981721596
EOS,35.0,5,649,1.8350211681652642,3.2666660981721596
EOS,35.0,5,650,1.3979859542848432,3.2666660981721596
EOS,35.0,5,651,-0.797083476719202,3.2666660981721596
EOS,35.0,5,652,7.420793521892775,3.2666660981721596
EOS,35.0,5,653,5.713552241394039,3.2666660981721596
EOS,35.0,5,654,5.641463632521867,3.2666660981721596
EOS,35.0,5,655,3.702762986235126,3.2666660981721596
EOS,35.0,5,656,3.438264086277872,3.2666660981721596
EOS,35.0,5,657,4.7270320133236154,3.2666660981721596
EOS,35.0,5,658,2.6466976988114643,3.2666660981721596
EOS,35.0,5,659,0.8277158642146842,3.2666660981721596
EOS,35.0,5,660,0.9158989772658157,3.2666660981721596
EOS,35.0,5,661,0.047647806672038995,3.2666660981721596
EOS,35.0,5,662,3.5298339940523724,3.2666660981721596
EOS,35.0,5,663,2.2224396476516812,3.2666660981721596
EOS,35.0,5,664,1.613665564674266,3.2666660981721596
EOS,35.0,5,665,3.5086361350644326,3.2666660981721596
EOS,35.0,5,666,0.17533621666315802,3.2666660981721596
EOS,35.0,5,667,4.2657617137720525,3.2666660981721596
EOS,35.0,5,668,0.5631900414961875,3.2666660981721596
EOS,35.0,5,669,2.8660744094638004,3.2666660981721596
EOS,35.0,5,670,2.366195026696829,3.2666660981721596
EOS,35.0,5,671,1.3410618195904649,3.2666660981721596
EOS,35.0,5,672,5.545547211939212,3.2666660981721596
EOS,35.0,5,673,1.9994753117863378,3.2666660981721596
EOS,35.0,5,674,5.02515545157666,3.2666660981721596
EOS,35.0,5,675,5.230639818177956,3.2666660981721596
EOS,35.0,5,676,2.344852808291376,3.2666660981721596
EOS,35.0,5,677,1.9405733819491076,3.2666660981721596
EOS,35.0,5,678,4.150805549852507,3.2666660981721596
EOS,35.0,5,679,1.4574244811718693,3.2666660981721596
EOS,35.0,5,680,2.5692718591206267,3.2666660981721596
EOS,35.0,5,681,4.221809579781856,3.2666660981721596
EOS,35.0,5,682,1.7857431740860397,3.2666660981721596
EOS,35.0,5,683,1.5725771971704559,3.2666660981721596
EOS,35.0,5,684,4.24545753407903,3.2666660981721596
EOS,35.0,5,685,3.3978504820562865,3.2666660981721596
EOS,35.0,5,686,2.0506104008782233,3.2666660981721596
EOS,35.0,5,687,0.3248749578946626,3.2666660981721596
EOS,35.0,5,688,5.997330114708587,3.2666660981721596
EOS,35.0,5,689,7.867717983113858,3.2666660981721596
EOS,35.0,5,690,4.634725838998553,3.2666660981721596
EOS,35.0,5,691,4.621457488416775,3.2666660981721596
EOS,35.0,5,692,3.38170769717907,3.2666660981721596
EOS,35.0,5,693,4.709125493122281,3.2666660981721596
EOS,35.0,5,694,3.5888172957686484,3.2666660981721596
EOS,35.0,5,695,-0.43661585120820134,3.2666660981721596
EOS,35.0,5,696,3.9023911433492886,3.2666660981721596
EOS,35.0,5,697,-1.1576434978505732,3.2666660981721596
EOS,35.0,5,698,3.209300680629604,3.2666660981721596
EOS,35.0,5,699,4.239799499707967,3.2666660981721596
EOS,35.0,5,700,-0.9989230854738343,3.2666660981721596
EOS,35.0,5,701,5.401898417796165,3.2666660981721596
EOS,35.0,5,702,1.827545832117479,3.2666660981721596
EOS,35.0,5,703,1.7251436329347318,3.2666660981721596
EOS,35.0,5,704,3.2967638020746763,3.2666660981721596
EOS,35.0,5,705,2.970395542184405,3.2666660981721596
EOS,35.0,5,706,1.6222163181279452,3.2666660981721596
EOS,35.0,5,707,2.415597181604351,3.2666660981721596
EOS,35.0,5,708,3.4607951851659604,3.2666660981721596
EOS,35.0,5,709,0.3765689120282434,3.2666660981721596
EOS,35.0,5,710,0.3503628952892751,3.2666660981721596
EOS,35.0,5,711,2.4433637646439883,3.2666660981721596
EOS,35.0,5,712,2.9999430101815605,3.2666660981721596
EOS,35.0,5,713,5.538458112988572,3.2666660981721596
EOS,35.0,5,714,6.975182655340459,3.2666660981721596
EOS,35.0,5,715,1.7963602617529522,3.2666660981721596
EOS,35.0,5,716,4.802848238246832,3.2666660981721596
EOS,35.0,5,717,5.1815870926007195,3.2666660981721596
EOS,35.0,5,718,3.8914294808284877,3.2666660981721596
EOS,35.0,5,719,5.8176823472229495,3.2666660981721596
EOS,35.0,5,720,1.519291294169788,3.2666660981721596
EOS,35.0,5,721,1.6463938998633294,3.2666660981721596
EOS,35.0,5,722,7.043072188999851,3.2666660981721596
EOS,35.0,5,723,3.738064626415822,3.2666660981721596
EOS,35.0,5,724,3.049006786893261,3.2666660981721596
EOS,35.0,5,725,4.129290873553873,3.2666660981721596
EOS,35.0,5,726,2.596994347298028,3.2666660981721596
EOS,35.0,5,727,2.6052328342093736,3.2666660981721596
EOS,35.0,5,728,5.036409419579354,3.2666660981721596
EOS,35.0,5,729,2.5460264942575224,3.2666660981721596
EOS,35.0,5,730,3.543891063636091,3.2666660981721596
EOS,35.0,5,731,0.7839647461042203,3.2666660981721596
EOS,35.0,5,732,5.946692768523661,3.2666660981721596
EOS,35.0,5,733,3.401228667224628,3.2666660981721596
EOS,35.0,5,734,3.226311721853099,3.2666660981721596
EOS,35.0,5,735,2.8014626002356398,3.2666660981721596
EOS,35.0,5,736,4.608582378670335,3.2666660981721596
EOS,35.0,5,737,0.7743974019754541,3.2666660981721596
EOS,35.0,5,738,3.782658926826397,3.2666660981721596
EOS,35.0,5,739,4.103100285620639,3.2666660981721596
EOS,35.0,5,740,0.6704150300743162,3.2666660981721596
EOS,35.0,5,741,3.8599324821787495,3.2666660981721596
EOS,35.0,5,742,0.8430294989617566,3.2666660981721596
EOS,35.0,5,743,2.850389202349354,3.2666660981721596
EOS,35.0,5,744,5.149989695164798,3.2666660981721596
EOS,35.0,5,745,7.083141109698099,3.2666660981721596
EOS,35.0,5,746,2.5575563160072616,3.2666660981721596
EOS,35.0,5,747,6.101064127549523,3.2666660981721596
EOS,35.0,5,748,3.565428732948209,3.2666660981721596
EOS,35.0,5,749,1.2215942085937057,3.2666660981721596
EOS,35.0,5,750,3.0973999805491745,3.2666660981721596
EOS,35.0,5,751,1.6714029398876766,3.2666660981721596
EOS,35.0,5,752,4.167893929764041,3.2666660981721596
EOS,35.0,5,753,1.177078564069448,3.2666660981721596
EOS,35.0,5,754,4.542038319806194,3.2666660981721596
EOS,35.0,5,755,0.4098457867316234,3.2666660981721596
EOS,35.0,5,756,0.20666788802979516,3.2666660981721596
EOS,35.0,5,757,5.241049304707193,3.2666660981721596
EOS,35.0,5,758,1.4158836386238178,3.2666660981721596
EOS,35.0,5,759,4.101123328558665,3.2666660981721596
EOS,35.0,5,760,5.189618853832766,3.2666660981721596
EOS,35.0,5,761,2.150402671860946,3.2666660981721596
EOS,35.0,5,762,5.023628262926677,3.2666660981721596
EOS,35.0,5,763,3.566270381980646,3.2666660981721596
EOS,35.0,5,764,4.508619791926905,3.2666660981721596
EOS,35.0,5,765,1.6162921341235532,3.2666660981721596
EOS,35.0,5,766,3.425185415913985,3.2666660981721596
EOS,35.0,5,767,0.24552081118629432,3.2666660981721596
EOS,35.0,5,768,2.2285523458803222,3.2666660981721596
EOS,35.0,5,769,6.286305008532414,3.2666660981721596
EOS,35.0,5,770,5.944086405999837,3.2666660981721596
EOS,35.0,5,771,4.069603582399919,3.2666660981721596
EOS,35.0,5,772,2.8945637695394364,3.2666660981721596
EOS,35.0,5,773,4.247386805849754,3.2666660981721596
EOS,35.0,5,774,6.326939348172091,3.2666660981721596
EOS,35.0,5,775,4.1979849571016565,3.2666660981721596
EOS,35.0,5,776,-2.300934981864741,3.2666660981721596
EOS,35.0,5,777,5.1334234436373265,3.2666660981721596
EOS,35.0,5,778,3.653109640634846,3.2666660981721596
EOS,35.0,5,779,4.710640273509404,3.2666660981721596
EOS,35.0,5,780,8.274623469950555,3.2666660981721596
EOS,35.0,5,781,0.07598341198250358,3.2666660981721596
EOS,35.0,5,782,5.642418634009351,3.2666660981721596
EOS,35.0,5,783,1.7664729470123717,3.2666660981721596
EOS,35.0,5,784,4.853189558067601,3.2666660981721596
EOS,35.0,5,785,1.5743961175183363,3.2666660981721596
EOS,35.0,5,786,4.428564864479377,3.2666660981721596
EOS,35.0,5,787,6.139806646599554,3.2666660981721596
EOS,35.0,5,788,4.799808502248826,3.2666660981721596
EOS,35.0,5,789,3.938149614686843,3.2666660981721596
EOS,35.0,5,790,4.63997305577979,3.2666660981721596
EOS,35.0,5,791,6.793738523469181,3.2666660981721596
EOS,35.0,5,792,6.163723562738439,3.2666660981721596
EOS,35.0,5,793,2.961749938649796,3.2666660981721596
EOS,35.0,5,794,3.664449169470387,3.2666660981721596
EOS,35.0,5,795,3.5216510503359504,3.2666660981721596
EOS,35.0,5,796,2.757942488387993,3.2666660981721596
EOS,35.0,5,797,6.141756951661375,3.2666660981721596
EOS,35.0,5,798,2.357419868376254,3.2666660981721596
EOS,35.0,5,799,-0.3273163490893969,3.2666660981721596
EOS,35.0,5,800,6.350258202345589,3.2666660981721596
EOS,35.0,5,801,-1.9599415709482872,3.2666660981721596
EOS,35.0,5,802,6.111032904273632,3.2666660981721596
EOS,35.0,5,803,2.6338547546341733,3.2666660981721596
EOS,35.0,5,804,7.739380068631975,3.2666660981721596
EOS,35.0,5,805,3.2108931026663954,3.2666660981721596
EOS,35.0,5,806,5.921501189503306,3.2666660981721596
EOS,35.0,5,807,5.619135245687264,3.2666660981721596
EOS,35.0,5,808,5.599471065710334,3.2666660981721596
EOS,35.0,5,809,5.232609413387123,3.2666660981721596
EOS,35.0,5,810,2.5011159774754894,3.2666660981721596
EOS,35.0,5,811,4.8253899968038,3.2666660981721596
EOS,35.0,5,812,6.674450902492016,3.2666660981721596
EOS,35.0,5,813,5.662028059328983,3.2666660981721596
EOS,35.0,5,814,0.5725540819205306,3.2666660981721596
EOS,35.0,5,815,4.477904401688032,3.2666660981721596
EOS,35.0,5,816,1.6851398991887234,3.2666660981721596
EOS,35.0,5,817,2.1886690414780277,3.2666660981721596
EOS,35.0,5,818,2.9145318092154797,3.2666660981721596
EOS,35.0,5,819,4.8585267927619205,3.2666660981721596
EOS,35.0,5,820,3.2099761018661095,3.2666660981721596
EOS,35.0,5,821,4.350473208900192,3.2666660981721596
EOS,35.0,5,822,7.259596403018942,3.2666660981721596
EOS,35.0,5,823,7.361953914661293,3.2666660981721596
EOS,35.0,5,824,3.745051500827012,3.2666660981721596
EOS,35.0,5,825,0.20436307005309523,3.2666660981721596
EOS,35.0,5,826,4.122207840769571,3.2666660981721596
EOS,35.0,5,827,-0.18980266332613727,3.2666660981721596
EOS,35.0,5,828,3.650620965279806,3.2666660981721596
EOS,35.0,5,829,1.8549031782294998,3.2666660981721596
EOS,35.0,5,830,6.491142524588992,3.2666660981721596
EOS,35.0,5,831,3.230116356247034,3.2666660981721596
EOS,35.0,5,832,8.095495463760752,3.2666660981721596
EOS,35.0,5,833,4.013956784680517,3.2666660981721596
EOS,35.0,5,834,2.4803426681808483,3.2666660981721596
EOS,35.0,5,835,3.696840981437666,3.2666660981721596
EOS,35.0,5,836,2.8955708411549548,3.2666660981721596
EOS,35.0,5,837,3.480891360706572,3.2666660981721596
EOS,35.0,5,838,3.831941626299886,3.2666660981721596
EOS,35.0,5,839,4.204656857726962,3.2666660981721596
EOS,35.0,5,840,4.16147955837232,3.2666660981721596
EOS,35.0,5,841,1.425930129549597,3.2666660981721596
EOS,35.0,5,842,4.033771069813076,3.2666660981721596
EOS,35.0,5,843,3.476346664722473,3.2666660981721596
EOS,35.0,5,844,4.476350415555176,3.2666660981721596
EOS,35.0,5,845,0.3363147248510845,3.2666660981721596
EOS,35.0,5,846,2.4501054585871893,3.2666660981721596
EOS,35.0,5,847,2.433246159561162,3.2666660981721596
EOS,35.0,5,848,4.265705325129363,3.2666660981721596
EOS,35.0,5,849,4.953089030636623,3.2666660981721596
EOS,35.0,5,850,6.473574841577015,3.2666660981721596
EOS,35.0,5,851,4.775074499306581,3.2666660981721596
EOS,35.0,5,852,7.256200686019692,3.2666660981721596
EOS,35.0,5,853,1.9639214160922989,3.2666660981721596
EOS,35.0,5,854,3.570438218068131,3.2666660981721596
EOS,35.0,5,855,4.865109101288215,3.2666660981721596
EOS,35.0,5,856,1.9860438745820108,3.2666660981721596
EOS,35.0,5,857,2.697331978119279,3.2666660981721596
EOS,35.0,5,858,4.423654173737798,3.2666660981721596
EOS,35.0,5,859,4.302297984982552,3.2666660981721596
EOS,35.0,5,860,1.7919911819842294,3.2666660981721596
EOS,35.0,5,861,7.881896592307368,3.2666660981721596
EOS,35.0,5,862,6.2671889311990565,3.2666660981721596
EOS,35.0,5,863,2.2429766794905492,3.2666660981721596
EOS,35.0,5,864,3.4838841984905207,3.2666660981721596
EOS,35.0,5,865,5.196586302246454,3.2666660981721596
EOS,35.0,5,866,4.024250941092808,3.2666660981721596
EOS,35.0,5,867,4.113067243483453,3.2666660981721596
EOS,35.0,5,868,1.6304010030343776,3.2666660981721596
EOS,35.0,5,869,3.011679343605551,3.2666660981721596
EOS,35.0,5,870,1.4725839390333348,3.2666660981721596
EOS,35.0,5,871,4.372817300742955,3.2666660981721596
EOS,35.0,5,872,0.46448355926843254,3.2666660981721596
EOS,35.0,5,873,4.01342604525443,3.2666660981721596
EOS,35.0,5,874,3.4788751088316676,3.2666660981721596
EOS,35.0,5,875,4.239566563973481,3.2666660981721596
EOS,35.0,5,876,4.938406875503944,3.2666660981721596
EOS,35.0,5,877,5.188076627974185,3.2666660981721596
EOS,35.0,5,878,3.887073749604739,3.2666660981721596
EOS,35.0,5,879,1.218343336978983,3.2666660981721596
EOS,35.0,5,880,4.855766786718489,3.2666660981721596
EOS,35.0,5,881,3.098772617472466,3.2666660981721596
EOS,35.0,5,882,4.283404709878581,3.2666660981721596
EOS,35.0,5,883,1.784494263670661,3.2666660981721596
EOS,35.0,5,884,3.2917110891103243,3.2666660981721596
EOS,35.0,5,885,3.8745742508180947,3.2666660981721596
EOS,35.0,5,886,3.7372229292055765,3.2666660981721596
EOS,35.0,5,887,7.264019951953367,3.2666660981721596
EOS,35.0,5,888,6.309215876713294,3.2666660981721596
EOS,35.0,5,889,5.167683843373174,3.2666660981721596
EOS,35.0,5,890,3.619855142045544,3.2666660981721596
EOS,35.0,5,891,1.1644080422445797,3.2666660981721596
EOS,35.0,5,892,2.6336024435655787,3.2666660981721596
EOS,35.0,5,893,4.676822085884599,3.2666660981721596
EOS,35.0,5,894,3.50096972825685,3.2666660981721596
EOS,35.0,5,895,-0.4466415590088345,3.2666660981721596
EOS,35.0,5,896,4.524580052760638,3.2666660981721596
EOS,35.0,5,897,4.803756600318412,3.2666660981721596
EOS,35.0,5,898,5.2870605546729,3.2666660981721596
EOS,35.0,5,899,4.3180569194229985,3.2666660981721596
EOS,35.0,5,900,1.0512927577765951,3.2666660981721596
EOS,35.0,5,901,5.844357243961003,3.2666660981721596
EOS,35.0,5,902,6.45371714423392,3.2666660981721596
EOS,35.0,5,903,3.538711738281021,3.2666660981721596
EOS,35.0,5,904,3.380539787778084,3.2666660981721596
EOS,35.0,5,905,3.4617441426225035,3.2666660981721596
EOS,35.0,5,906,3.7385772333001315,3.2666660981721596
EOS,35.0,5,907,3.5695879466019,3.2666660981721596
EOS,35.0,5,908,6.26120945802367,3.2666660981721596
EOS,35.0,5,909,6.602375874922297,3.2666660981721596
EOS,35.0,5,910,4.237227119326834,3.2666660981721596
EOS,35.0,5,911,5.653603573988855,3.2666660981721596
EOS,35.0,5,912,2.8615645511536743,3.2666660981721596
EOS,35.0,5,913,1.8404413483638489,3.2666660981721596
EOS,35.0,5,914,0.9041090823569764,3.2666660981721596
EOS,35.0,5,915,4.632440923506982,3.2666660981721596
EOS,35.0,5,916,2.4748336430895588,3.2666660981721596
EOS,35.0,5,917,4.653509465860423,3.2666660981721596
EOS,35.0,5,918,6.098412944558634,3.2666660981721596
EOS,35.0,5,919,3.936079387247659,3.2666660981721596
EOS,35.0,5,920,1.1751484163225356,3.2666660981721596
EOS,35.0,5,921,4.928940992623083,3.2666660981721596
EOS,35.0,5,922,1.673963020798859,3.2666660981721596
EOS,35.0,5,923,3.5719079072034203,3.2666660981721596
EOS,35.0,5,924,4.750219134491537,3.2666660981721596
EOS,35.0,5,925,3.6087647193296064,3.2666660981721596
EOS,35.0,5,926,2.31684395872532,3.2666660981721596
EOS,35.0,5,927,5.259868112643678,3.2666660981721596
EOS,35.0,5,928,6.359959644532448,3.2666660981721596
EOS,35.0,5,929,3.6618248541586897,3.2666660981721596
EOS,35.0,5,930,0.45213708866274116,3.2666660981721596
EOS,35.0,5,931,2.842650354941059,3.2666660981721596
EOS,35.0,5,932,6.1352790798063594,3.2666660981721596
EOS,35.0,5,933,3.2627871363193774,3.2666660981721596
EOS,35.0,5,934,7.104922928890261,3.2666660981721596
EOS,35.0,5,935,2.9923424383342514,3.2666660981721596
EOS,35.0,5,936,1.9002261660143684,3.2666660981721596
EOS,35.0,5,937,4.375428051607112,3.2666660981721596
EOS,35.0,5,938,3.741043728620955,3.2666660981721596
EOS,35.0,5,939,5.5194549802391295,3.2666660981721596
EOS,35.0,5,940,6.565048625392526,3.2666660981721596
EOS,35.0,5,941,7.817190692093019,3.2666660981721596
EOS,35.0,5,942,1.7360571778602312,3.2666660981721596
EOS,35.0,5,943,2.7355961425669904,3.2666660981721596
EOS,35.0,5,944,4.877002686862498,3.2666660981721596
EOS,35.0,5,945,5.295064300333382,3.2666660981721596
EOS,35.0,5,946,2.897952374347909,3.2666660981721596
EOS,35.0,5,947,3.747193493980561,3.2666660981721596
EOS,35.0,5,948,6.7826535967656785,3.2666660981721596
EOS,35.0,5,949,2.135299930063627,3.2666660981721596
EOS,35.0,5,950,1.3012346406161601,3.2666660981721596
EOS,35.0,5,951,-0.86130573884345,3.2666660981721596
EOS,35.0,5,952,1.9920258422673283,3.2666660981721596
EOS,35.0,5,953,2.491128938510862,3.2666660981721596
EOS,35.0,5,954,7.398843093960932,3.2666660981721596
EOS,35.0,5,955,1.9014239877142585,3.2666660981721596
EOS,35.0,5,956,6.669932319757534,3.2666660981721596
EOS,35.0,5,957,3.5533772781975936,3.2666660981721596
EOS,35.0,5,958,0.9611179122320059,3.2666660981721596
EOS,35.0,5,959,1.1825592238048623,3.2666660981721596
EOS,35.0,5,960,1.8374490760397757,3.2666660981721596
EOS,35.0,5,961,3.05324230001675,3.2666660981721596
EOS,35.0,5,962,1.0752973484955954,3.2666660981721596
EOS,35.0,5,963,1.697492557838379,3.2666660981721596
EOS,35.0,5,964,2.6267872440573123,3.2666660981721596
EOS,35.0,5,965,0.5048698981269282,3.2666660981721596
EOS,35.0,5,966,1.9302375313187454,3.2666660981721596
EOS,35.0,5,967,2.9471650019263214,3.2666660981721596
EOS,35.0,5,968,2.1737528024845116,3.2666660981721596
EOS,35.0,5,969,2.2199893709658265,3.2666660981721596
EOS,35.0,5,970,2.5209109842377426,3.2666660981721596
EOS,35.0,5,971,4.2734072100059795,3.2666660981721596
EOS,35.0,5,972,3.915381042968223,3.2666660981721596
EOS,35.0,5,973,0.8320245009521979,3.2666660981721596
EOS,35.0,5,974,2.284058177204369,3.2666660981721596
EOS,35.0,5,975,4.125538964515581,3.2666660981721596
EOS,35.0,5,976,3.0848099986207407,3.2666660981721596
EOS,35.0,5,977,7.883251779288132,3.2666660981721596
EOS,35.0,5,978,3.779245022502499,3.2666660981721596
EOS,35.0,5,979,1.801136871903136,3.2666660981721596
EOS,35.0,5,980,1.0272599459400296,3.2666660981721596
EOS,35.0,5,981,2.608477770807399,3.2666660981721596
EOS,35.0,5,982,4.58894425920634,3.2666660981721596
EOS,35.0,5,983,4.332254664319761,3.2666660981721596
EOS,35.0,5,984,-1.3913541625861212,3.2666660981721596
EOS,35.0,5,985,2.7334377403445793,3.2666660981721596
EOS,35.0,5,986,2.5491037730076913,3.2666660981721596
EOS,35.0,5,987,0.7544470414606184,3.2666660981721596
EOS,35.0,5,988,2.16406871034021,3.2666660981721596
EOS,35.0,5,989,0.3166885575584265,3.2666660981721596
EOS,35.0,5,990,1.6381393077675845,3.2666660981721596
EOS,35.0,5,991,2.789146927297094,3.2666660981721596
EOS,35.0,5,992,3.4439580241081953,3.2666660981721596
EOS,35.0,5,993,4.138008132968696,3.2666660981721596
EOS,35.0,5,994,4.823091091620425,3.2666660981721596
EOS,35.0,5,995,4.2465163459719335,3.2666660981721596
EOS,35.0,5,996,4.151561498604288,3.2666660981721596
EOS,35.0,5,997,3.8477110080700108,3.2666660981721596
EOS,35.0,5,998,3.6568527006720055,3.2666660981721596
EOS,35.0,5,999,1.545699460459753,3.2666660981721596
EOS,45.0,5,1,0.45492903302744053,1.0711829011583118
EOS,45.0,5,2,0.6227810320001704,1.0711829011583118
EOS,45.0,5,3,-0.5606823142745849,1.0711829011583118
EOS,45.0,5,4,1.7989176315120043,1.0711829011583118
EOS,45.0,5,5,1.1686490100728157,1.0711829011583118
EOS,45.0,5,6,3.9264410472591615,1.0711829011583118
EOS,45.0,5,7,1.089648751192215,1.0711829011583118
EOS,45.0,5,8,2.9873564654721108,1.0711829011583118
EOS,45.0,5,9,2.2038212264036696,1.0711829011583118
EOS,45.0,5,10,3.3774065330511367,1.0711829011583118
EOS,45.0,5,11,-1.0381771768383419,1.0711829011583118
EOS,45.0,5,12,1.025111201756375,1.0711829011583118
EOS,45.0,5,13,0.1400370218707505,1.0711829011583118
EOS,45.0,5,14,0.40072973142272006,1.0711829011583118
EOS,45.0,5,15,1.909631808349702,1.0711829011583118
EOS,45.0,5,16,2.1360660785732337,1.0711829011583118
EOS,45.0,5,17,1.7198940961538849,1.0711829011583118
EOS,45.0,5,18,0.9837493266017581,1.0711829011583118
EOS,45.0,5,19,1.3305490734538141,1.0711829011583118
EOS,45.0,5,20,0.8049354580457815,1.0711829011583118
EOS,45.0,5,21,2.4066242936878703,1.0711829011583118
EOS,45.0,5,22,-1.4439763329093775,1.0711829011583118
EOS,45.0,5,23,1.9004159987806508,1.0711829011583118
EOS,45.0,5,24,2.3277220817682647,1.0711829011583118
EOS,45.0,5,25,1.3971973026790039,1.0711829011583118
EOS,45.0,5,26,2.570133621782623,1.0711829011583118
EOS,45.0,5,27,1.586232532872514,1.0711829011583118
EOS,45.0,5,28,2.518299984617135,1.0711829011583118
EOS,45.0,5,29,0.11584642938532763,1.0711829011583118
EOS,45.0,5,30,-0.12862511570071877,1.0711829011583118
EOS,45.0,5,31,1.972142721290242,1.0711829011583118
EOS,45.0,5,32,2.2552010676508276,1.0711829011583118
EOS,45.0,5,33,1.402644656416605,1.0711829011583118
EOS,45.0,5,34,1.0552404471888588,1.0711829011583118
EOS,45.0,5,35,1.5771964105738279,1.0711829011583118
EOS,45.0,5,36,3.676009500781406,1.0711829011583118
EOS,45.0,5,37,1.0896913289992778,1.0711829011583118
EOS,45.0,5,38,0.11351765394066926,1.0711829011583118
EOS,45.0,5,39,2.9049161945859234,1.0711829011583118
EOS,45.0,5,40,0.2876218851890089,1.0711829011583118
EOS,45.0,5,41,2.6998860088214367,1.0711829011583118
EOS,45.0,5,42,0.05278675804030586,1.0711829011583118
EOS,45.0,5,43,0.16100398594258936,1.0711829011583118
EOS,45.0,5,44,-0.2765991709589062,1.0711829011583118
EOS,45.0,5,45,1.23042816214705,1.0711829011583118
EOS,45.0,5,46,1.5199786281641963,1.0711829011583118
EOS,45.0,5,47,-0.5473172246215645,1.0711829011583118
EOS,45.0,5,48,1.1492970535665492,1.0711829011583118
EOS,45.0,5,49,0.17937430957530598,1.0711829011583118
EOS,45.0,5,50,1.1693420995489108,1.0711829011583118
EOS,45.0,5,51,-0.40935295597088484,1.0711829011583118
EOS,45.0,5,52,1.056710154187158,1.0711829011583118
EOS,45.0,5,53,0.9821162472876059,1.0711829011583118
EOS,45.0,5,54,1.2804309111547678,1.0711829011583118
EOS,45.0,5,55,0.6702785067043204,1.0711829011583118
EOS,45.0,5,56,2.077984159574474,1.0711829011583118
EOS,45.0,5,57,1.2680517571759053,1.0711829011583118
EOS,45.0,5,58,0.6745537303189999,1.0711829011583118
EOS,45.0,5,59,2.541699988624032,1.0711829011583118
EOS,45.0,5,60,1.9198103734780716,1.0711829011583118
EOS,45.0,5,61,1.0086536296232689,1.0711829011583118
EOS,45.0,5,62,-0.7279637074034975,1.0711829011583118
EOS,45.0,5,63,1.7690757814388198,1.0711829011583118
EOS,45.0,5,64,1.189418920798322,1.0711829011583118
EOS,45.0,5,65,1.3699821597048145,1.0711829011583118
EOS,45.0,5,66,2.87175458645061,1.0711829011583118
EOS,45.0,5,67,1.7889098222764024,1.0711829011583118
EOS,45.0,5,68,0.7233663099597765,1.0711829011583118
EOS,45.0,5,69,-0.2626812323929655,1.0711829011583118
EOS,45.0,5,70,0.3608030722953819,1.0711829011583118
EOS,45.0,5,71,2.1279617260697203,1.0711829011583118
EOS,45.0,5,72,0.4504350133958188,1.0711829011583118
EOS,45.0,5,73,1.0173897145118445,1.0711829011583118
EOS,45.0,5,74,3.1014376128217203,1.0711829011583118
EOS,45.0,5,75,0.8598826954546075,1.0711829011583118
EOS,45.0,5,76,0.09455833535752811,1.0711829011583118
EOS,45.0,5,77,2.999919596356275,1.0711829011583118
EOS,45.0,5,78,1.426680985661652,1.0711829011583118
EOS,45.0,5,79,0.554914495878573,1.0711829011583118
EOS,45.0,5,80,2.0221562295077757,1.0711829011583118
EOS,45.0,5,81,0.3808670230706932,1.0711829011583118
EOS,45.0,5,82,0.5933776446971861,1.0711829011583118
EOS,45.0,5,83,0.038852464298887224,1.0711829011583118
EOS,45.0,5,84,1.8606025234880823,1.0711829011583118
EOS,45.0,5,85,-0.25286187180268116,1.0711829011583118
EOS,45.0,5,86,2.593313229752653,1.0711829011583118
EOS,45.0,5,87,1.307356605920358,1.0711829011583118
EOS,45.0,5,88,0.34114012344469646,1.0711829011583118
EOS,45.0,5,89,1.8340077536877772,1.0711829011583118
EOS,45.0,5,90,2.1537651401655604,1.0711829011583118
EOS,45.0,5,91,1.284857763858303,1.0711829011583118
EOS,45.0,5,92,0.23246531549308935,1.0711829011583118
EOS,45.0,5,93,0.12317469045475171,1.0711829011583118
EOS,45.0,5,94,2.1290569287864938,1.0711829011583118
EOS,45.0,5,95,0.3105570635612489,1.0711829011583118
EOS,45.0,5,96,0.5031009260563595,1.0711829011583118
EOS,45.0,5,97,0.32256809137880094,1.0711829011583118
EOS,45.0,5,98,-0.09311682530557808,1.0711829011583118
EOS,45.0,5,99,2.2763295777843453,1.0711829011583118
EOS,45.0,5,100,0.6751264364893261,1.0711829011583118
EOS,45.0,5,101,-0.5868758298013756,1.0711829011583118
EOS,45.0,5,102,-0.6433595100483167,1.0711829011583118
EOS,45.0,5,103,-0.12001720823615969,1.0711829011583118
EOS,45.0,5,104,2.536322019935863,1.0711829011583118
EOS,45.0,5,105,1.4896711278129615,1.0711829011583118
EOS,45.0,5,106,0.5120180196980586,1.0711829011583118
EOS,45.0,5,107,0.9698754792960911,1.0711829011583118
EOS,45.0,5,108,1.9746540023332826,1.0711829011583118
EOS,45.0,5,109,0.4945191377695317,1.0711829011583118
EOS,45.0,5,110,0.379930607962252,1.0711829011583118
EOS,45.0,5,111,1.4717997129398395,1.0711829011583118
EOS,45.0,5,112,-0.7784298330234491,1.0711829011583118
EOS,45.0,5,113,2.248957512993859,1.0711829011583118
EOS,45.0,5,114,2.6345084266769545,1.0711829011583118
EOS,45.0,5,115,1.9761628966611648,1.0711829011583118
EOS,45.0,5,116,0.13934426335945727,1.0711829011583118
EOS,45.0,5,117,-0.16919995592270487,1.0711829011583118
EOS,45.0,5,118,0.057702344868292954,1.0711829011583118
EOS,45.0,5,119,1.3086002132086776,1.0711829011583118
EOS,45.0,5,120,1.9598914406542391,1.0711829011583118
EOS,45.0,5,121,-0.1460624749348054,1.0711829011583118
EOS,45.0,5,122,0.4494587089430202,1.0711829011583118
EOS,45.0,5,123,-0.5336594524056029,1.0711829011583118
EOS,45.0,5,124,2.033505957279182,1.0711829011583118
EOS,45.0,5,125,1.3035705825810946,1.0711829011583118
EOS,45.0,5,126,0.24586645094198722,1.0711829011583118
EOS,45.0,5,127,2.346927869182812,1.0711829011583118
EOS,45.0,5,128,2.6820031221811567,1.0711829011583118
EOS,45.0,5,129,0.533927196540422,1.0711829011583118
EOS,45.0,5,130,-0.8644703641796496,1.0711829011583118
EOS,45.0,5,131,1.785678040150366,1.0711829011583118
EOS,45.0,5,132,2.362531969320093,1.0711829011583118
EOS,45.0,5,133,0.6418504782221759,1.0711829011583118
EOS,45.0,5,134,2.841725309256374,1.0711829011583118
EOS,45.0,5,135,1.8371750308559358,1.0711829011583118
EOS,45.0,5,136,0.23453301362050283,1.0711829011583118
EOS,45.0,5,137,-0.15072392940870394,1.0711829011583118
EOS,45.0,5,138,0.32433466665604627,1.0711829011583118
EOS,45.0,5,139,1.09833959151536,1.0711829011583118
EOS,45.0,5,140,-0.2659718336293668,1.0711829011583118
EOS,45.0,5,141,2.593703664152846,1.0711829011583118
EOS,45.0,5,142,-0.026211765478582727,1.0711829011583118
EOS,45.0,5,143,1.2791417091549322,1.0711829011583118
EOS,45.0,5,144,1.769108314013841,1.0711829011583118
EOS,45.0,5,145,0.887727463031271,1.0711829011583118
EOS,45.0,5,146,1.8025347523930946,1.0711829011583118
EOS,45.0,5,147,0.49930476227882403,1.0711829011583118
EOS,45.0,5,148,2.171841808844141,1.0711829011583118
EOS,45.0,5,149,1.1636609913544824,1.0711829011583118
EOS,45.0,5,150,1.6300213215476482,1.0711829011583118
EOS,45.0,5,151,0.8434512760485706,1.0711829011583118
EOS,45.0,5,152,0.8948377803278431,1.0711829011583118
EOS,45.0,5,153,1.319265832039998,1.0711829011583118
EOS,45.0,5,154,1.250097207254968,1.0711829011583118
EOS,45.0,5,155,-0.9398196107800274,1.0711829011583118
EOS,45.0,5,156,-0.19723386479584493,1.0711829011583118
EOS,45.0,5,157,0.36545208612936086,1.0711829011583118
EOS,45.0,5,158,2.4051957289468007,1.0711829011583118
EOS,45.0,5,159,0.03748327252466055,1.0711829011583118
EOS,45.0,5,160,0.09493743991237569,1.0711829011583118
EOS,45.0,5,161,0.11049232994538727,1.0711829011583118
EOS,45.0,5,162,1.5554767747603588,1.0711829011583118
EOS,45.0,5,163,0.5829844612489654,1.0711829011583118
EOS,45.0,5,164,1.680824416410715,1.0711829011583118
EOS,45.0,5,165,0.34498258709658236,1.0711829011583118
EOS,45.0,5,166,-1.2360695935920063,1.0711829011583118
EOS,45.0,5,167,0.2770365640178718,1.0711829011583118
EOS,45.0,5,168,3.8313938192542882,1.0711829011583118
EOS,45.0,5,169,1.5593294920031275,1.0711829011583118
EOS,45.0,5,170,0.6264342513549748,1.0711829011583118
EOS,45.0,5,171,2.289940098426085,1.0711829011583118
EOS,45.0,5,172,2.7840136842925096,1.0711829011583118
EOS,45.0,5,173,0.5942319610963382,1.0711829011583118
EOS,45.0,5,174,-0.2696793671643878,1.0711829011583118
EOS,45.0,5,175,3.240311175992093,1.0711829011583118
EOS,45.0,5,176,0.9796493927268894,1.0711829011583118
EOS,45.0,5,177,2.344665708812169,1.0711829011583118
EOS,45.0,5,178,0.882780891105329,1.0711829011583118
EOS,45.0,5,179,1.7574123421508538,1.0711829011583118
EOS,45.0,5,180,0.6382126041714398,1.0711829011583118
EOS,45.0,5,181,1.1390304320234064,1.0711829011583118
EOS,45.0,5,182,0.7408179814504634,1.0711829011583118
EOS,45.0,5,183,2.0102292224269496,1.0711829011583118
EOS,45.0,5,184,1.1675147600664113,1.0711829011583118
EOS,45.0,5,185,2.93129417492265,1.0711829011583118
EOS,45.0,5,186,-0.6888897737643904,1.0711829011583118
EOS,45.0,5,187,1.1362069120190954,1.0711829011583118
EOS,45.0,5,188,2.185879250089334,1.0711829011583118
EOS,45.0,5,189,1.1893891443684639,1.0711829011583118
EOS,45.0,5,190,1.7505862335400817,1.0711829011583118
EOS,45.0,5,191,3.1338572896432755,1.0711829011583118
EOS,45.0,5,192,-0.4089433891104619,1.0711829011583118
EOS,45.0,5,193,-0.3094539066393791,1.0711829011583118
EOS,45.0,5,194,2.0342485163371062,1.0711829011583118
EOS,45.0,5,195,0.4403893374279009,1.0711829011583118
EOS,45.0,5,196,1.5736616463209623,1.0711829011583118
EOS,45.0,5,197,-0.36527952009334896,1.0711829011583118
EOS,45.0,5,198,1.6157515950142094,1.0711829011583118
EOS,45.0,5,199,0.13717733558038514,1.0711829011583118
EOS,45.0,5,200,0.1678420954863311,1.0711829011583118
EOS,45.0,5,201,-0.7735288153305078,1.0711829011583118
EOS,45.0,5,202,2.3006522484770437,1.0711829011583118
EOS,45.0,5,203,0.5043358392643831,1.0711829011583118
EOS,45.0,5,204,1.5666219653523932,1.0711829011583118
EOS,45.0,5,205,0.8120173802074815,1.0711829011583118
EOS,45.0,5,206,-1.0141343693668419,1.0711829011583118
EOS,45.0,5,207,0.8268278215846023,1.0711829011583118
EOS,45.0,5,208,0.5837148404352783,1.0711829011583118
EOS,45.0,5,209,-0.010224604985828112,1.0711829011583118
EOS,45.0,5,210,1.0244770726268624,1.0711829011583118
EOS,45.0,5,211,0.8688240574217989,1.0711829011583118
EOS,45.0,5,212,3.4995638819835406,1.0711829011583118
EOS,45.0,5,213,1.8925712840376578,1.0711829011583118
EOS,45.0,5,214,0.520109341416767,1.0711829011583118
EOS,45.0,5,215,-0.0032911500447734277,1.0711829011583118
EOS,45.0,5,216,3.3913980582684804,1.0711829011583118
EOS,45.0,5,217,2.958365585367805,1.0711829011583118
EOS,45.0,5,218,1.7937671968276647,1.0711829011583118
EOS,45.0,5,219,2.605323885566794,1.0711829011583118
EOS,45.0,5,220,2.192825120095306,1.0711829011583118
EOS,45.0,5,221,0.37580512289620427,1.0711829011583118
EOS,45.0,5,222,1.3273856418891905,1.0711829011583118
EOS,45.0,5,223,0.6331272229166176,1.0711829011583118
EOS,45.0,5,224,1.787687297539616,1.0711829011583118
EOS,45.0,5,225,0.6226835391355525,1.0711829011583118
EOS,45.0,5,226,0.41458134141244063,1.0711829011583118
EOS,45.0,5,227,0.8619087974762731,1.0711829011583118
EOS,45.0,5,228,0.257730518506714,1.0711829011583118
EOS,45.0,5,229,0.4928229230113974,1.0711829011583118
EOS,45.0,5,230,1.781912990845464,1.0711829011583118
EOS,45.0,5,231,1.7885623098386754,1.0711829011583118
EOS,45.0,5,232,1.110373168639938,1.0711829011583118
EOS,45.0,5,233,1.7555848347004646,1.0711829011583118
EOS,45.0,5,234,0.3462136028447311,1.0711829011583118
EOS,45.0,5,235,2.5803149496143396,1.0711829011583118
EOS,45.0,5,236,1.3671065530816278,1.0711829011583118
EOS,45.0,5,237,1.6788188818586787,1.0711829011583118
EOS,45.0,5,238,0.3046454319901013,1.0711829011583118
EOS,45.0,5,239,0.5998947436717412,1.0711829011583118
EOS,45.0,5,240,-0.13555562353763895,1.0711829011583118
EOS,45.0,5,241,1.7869149894539489,1.0711829011583118
EOS,45.0,5,242,1.1482260902479084,1.0711829011583118
EOS,45.0,5,243,0.21381197562228005,1.0711829011583118
EOS,45.0,5,244,1.9927084176885916,1.0711829011583118
EOS,45.0,5,245,-0.8433194797352082,1.0711829011583118
EOS,45.0,5,246,1.5267260284593867,1.0711829011583118
EOS,45.0,5,247,1.9468653436747676,1.0711829011583118
EOS,45.0,5,248,1.5659847747038573,1.0711829011583118
EOS,45.0,5,249,3.233149432136852,1.0711829011583118
EOS,45.0,5,250,1.070640304844594,1.0711829011583118
EOS,45.0,5,251,-0.1320234945046619,1.0711829011583118
EOS,45.0,5,252,0.615215787610897,1.0711829011583118
EOS,45.0,5,253,1.6807016887359456,1.0711829011583118
EOS,45.0,5,254,2.080622172197497,1.0711829011583118
EOS,45.0,5,255,2.4974675359069662,1.0711829011583118
EOS,45.0,5,256,1.9695374670942423,1.0711829011583118
EOS,45.0,5,257,-0.6640003426052083,1.0711829011583118
EOS,45.0,5,258,1.7194330281029444,1.0711829011583118
EOS,45.0,5,259,-0.5327192192744628,1.0711829011583118
EOS,45.0,5,260,1.2847375796280986,1.0711829011583118
EOS,45.0,5,261,-0.4316917857946754,1.0711829011583118
EOS,45.0,5,262,1.0851569445702802,1.0711829011583118
EOS,45.0,5,263,2.095458126252592,1.0711829011583118
EOS,45.0,5,264,1.9631974707975748,1.0711829011583118
EOS,45.0,5,265,2.8062738010922574,1.0711829011583118
EOS,45.0,5,266,0.7719931582059384,1.0711829011583118
EOS,45.0,5,267,0.7611869853942954,1.0711829011583118
EOS,45.0,5,268,-1.2018525886382325,1.0711829011583118
EOS,45.0,5,269,1.7424314700519343,1.0711829011583118
EOS,45.0,5,270,0.5488353156866426,1.0711829011583118
EOS,45.0,5,271,1.187665803906718,1.0711829011583118
EOS,45.0,5,272,0.8609785065221358,1.0711829011583118
EOS,45.0,5,273,0.479926340859399,1.0711829011583118
EOS,45.0,5,274,-0.3146165214865648,1.0711829011583118
EOS,45.0,5,275,-0.19822276153914942,1.0711829011583118
EOS,45.0,5,276,1.7624281773439279,1.0711829011583118
EOS,45.0,5,277,2.7140938055640564,1.0711829011583118
EOS,45.0,5,278,2.796647185944319,1.0711829011583118
EOS,45.0,5,279,2.1654734732546874,1.0711829011583118
EOS,45.0,5,280,1.4617458061841382,1.0711829011583118
EOS,45.0,5,281,0.8620257001418103,1.0711829011583118
EOS,45.0,5,282,2.1693360514341817,1.0711829011583118
EOS,45.0,5,283,1.284064545592316,1.0711829011583118
EOS,45.0,5,284,1.2502078415368993,1.0711829011583118
EOS,45.0,5,285,0.8556896676129631,1.0711829011583118
EOS,45.0,5,286,1.2819910701662205,1.0711829011583118
EOS,45.0,5,287,0.22457432360326912,1.0711829011583118
EOS,45.0,5,288,-0.2441109882864798,1.0711829011583118
EOS,45.0,5,289,-0.424280802500105,1.0711829011583118
EOS,45.0,5,290,1.8174721143590489,1.0711829011583118
EOS,45.0,5,291,2.1227532610447604,1.0711829011583118
EOS,45.0,5,292,1.9848915106688256,1.0711829011583118
EOS,45.0,5,293,1.708652838205448,1.0711829011583118
EOS,45.0,5,294,0.3678151153987903,1.0711829011583118
EOS,45.0,5,295,0.7785734605664905,1.0711829011583118
EOS,45.0,5,296,1.2217858251778755,1.0711829011583118
EOS,45.0,5,297,0.5548129359827774,1.0711829011583118
EOS,45.0,5,298,0.6499624966507076,1.0711829011583118
EOS,45.0,5,299,-0.23759237154571133,1.0711829011583118
EOS,45.0,5,300,1.538621329674033,1.0711829011583118
EOS,45.0,5,301,2.732477915546436,1.0711829011583118
EOS,45.0,5,302,0.7817253354027596,1.0711829011583118
EOS,45.0,5,303,0.48886735735846676,1.0711829011583118
EOS,45.0,5,304,1.3189617011610617,1.0711829011583118
EOS,45.0,5,305,1.0414099837777062,1.0711829011583118
EOS,45.0,5,306,1.5054796702864512,1.0711829011583118
EOS,45.0,5,307,2.744315691851739,1.0711829011583118
EOS,45.0,5,308,1.0369651761104548,1.0711829011583118
EOS,45.0,5,309,1.7278889161884932,1.0711829011583118
EOS,45.0,5,310,1.1510762401614887,1.0711829011583118
EOS,45.0,5,311,0.39206730210874285,1.0711829011583118
EOS,45.0,5,312,0.7451809505404485,1.0711829011583118
EOS,45.0,5,313,-0.35085835989859593,1.0711829011583118
EOS,45.0,5,314,0.6928268181747699,1.0711829011583118
EOS,45.0,5,315,1.3717201060243545,1.0711829011583118
EOS,45.0,5,316,1.3716616133062467,1.0711829011583118
EOS,45.0,5,317,0.2827984514574917,1.0711829011583118
EOS,45.0,5,318,0.827527533067117,1.0711829011583118
EOS,45.0,5,319,0.9051130282407951,1.0711829011583118
EOS,45.0,5,320,1.431306554672215,1.0711829011583118
EOS,45.0,5,321,0.12629104125624657,1.0711829011583118
EOS,45.0,5,322,1.5935098796559228,1.0711829011583118
EOS,45.0,5,323,2.838163424120842,1.0711829011583118
EOS,45.0,5,324,0.7106253970658138,1.0711829011583118
EOS,45.0,5,325,1.6225563731120827,1.0711829011583118
EOS,45.0,5,326,0.5328179942297608,1.0711829011583118
EOS,45.0,5,327,0.8224270875429518,1.0711829011583118
EOS,45.0,5,328,1.8724858156309225,1.0711829011583118
EOS,45.0,5,329,1.793848391814006,1.0711829011583118
EOS,45.0,5,330,1.013289954816555,1.0711829011583118
EOS,45.0,5,331,1.7717636938225336,1.0711829011583118
EOS,45.0,5,332,1.5428647833739508,1.0711829011583118
EOS,45.0,5,333,0.5413806406425974,1.0711829011583118
EOS,45.0,5,334,2.843582533706685,1.0711829011583118
EOS,45.0,5,335,2.317138896027227,1.0711829011583118
EOS,45.0,5,336,0.09357551632566974,1.0711829011583118
EOS,45.0,5,337,1.0819216367584388,1.0711829011583118
EOS,45.0,5,338,0.8190819315272391,1.0711829011583118
EOS,45.0,5,339,0.005594024014428989,1.0711829011583118
EOS,45.0,5,340,0.8503194919804575,1.0711829011583118
EOS,45.0,5,341,0.6508972556426973,1.0711829011583118
EOS,45.0,5,342,0.7427006202423541,1.0711829011583118
EOS,45.0,5,343,2.1973865311328984,1.0711829011583118
EOS,45.0,5,344,-1.4630521173904274,1.0711829011583118
EOS,45.0,5,345,0.23258485658594052,1.0711829011583118
EOS,45.0,5,346,2.4490232534243646,1.0711829011583118
EOS,45.0,5,347,1.437709871354035,1.0711829011583118
EOS,45.0,5,348,2.1253368331074904,1.0711829011583118
EOS,45.0,5,349,-0.4511188560673469,1.0711829011583118
EOS,45.0,5,350,1.1084892149501546,1.0711829011583118
EOS,45.0,5,351,-0.2563528827384929,1.0711829011583118
EOS,45.0,5,352,2.6662419969664506,1.0711829011583118
EOS,45.0,5,353,0.3089860999279217,1.0711829011583118
EOS,45.0,5,354,1.1371346749806563,1.0711829011583118
EOS,45.0,5,355,1.4485585831668208,1.0711829011583118
EOS,45.0,5,356,1.2970939388118867,1.0711829011583118
EOS,45.0,5,357,-0.5170872325367732,1.0711829011583118
EOS,45.0,5,358,0.9451524080590077,1.0711829011583118
EOS,45.0,5,359,3.3171089040977284,1.0711829011583118
EOS,45.0,5,360,0.7076724178802523,1.0711829011583118
EOS,45.0,5,361,0.44149534535618784,1.0711829011583118
EOS,45.0,5,362,0.18258851543571852,1.0711829011583118
EOS,45.0,5,363,1.4730502154768383,1.0711829011583118
EOS,45.0,5,364,0.5584831146344671,1.0711829011583118
EOS,45.0,5,365,0.3403854716061736,1.0711829011583118
EOS,45.0,5,366,1.6629178579120776,1.0711829011583118
EOS,45.0,5,367,0.28920162460120347,1.0711829011583118
EOS,45.0,5,368,-0.4790661958565974,1.0711829011583118
EOS,45.0,5,369,-0.6944687084941137,1.0711829011583118
EOS,45.0,5,370,0.7515407124800046,1.0711829011583118
EOS,45.0,5,371,0.601579442273503,1.0711829011583118
EOS,45.0,5,372,1.161640907617867,1.0711829011583118
EOS,45.0,5,373,0.14373301126302707,1.0711829011583118
EOS,45.0,5,374,2.0791309871888575,1.0711829011583118
EOS,45.0,5,375,-0.062387590221336886,1.0711829011583118
EOS,45.0,5,376,-0.24883618713308753,1.0711829011583118
EOS,45.0,5,377,0.9246972218833834,1.0711829011583118
EOS,45.0,5,378,2.0264342296308238,1.0711829011583118
EOS,45.0,5,379,2.464123487428341,1.0711829011583118
EOS,45.0,5,380,1.6253783482319948,1.0711829011583118
EOS,45.0,5,381,0.1791737438676304,1.0711829011583118
EOS,45.0,5,382,-0.8611167525036603,1.0711829011583118
EOS,45.0,5,383,1.7024421015911129,1.0711829011583118
EOS,45.0,5,384,0.6990548192414408,1.0711829011583118
EOS,45.0,5,385,-0.5153255520629005,1.0711829011583118
EOS,45.0,5,386,-0.11314090147171152,1.0711829011583118
EOS,45.0,5,387,1.7889835164255563,1.0711829011583118
EOS,45.0,5,388,0.25571089690665527,1.0711829011583118
EOS,45.0,5,389,2.7230392952064486,1.0711829011583118
EOS,45.0,5,390,3.812284483190007,1.0711829011583118
EOS,45.0,5,391,-0.25993249106854543,1.0711829011583118
EOS,45.0,5,392,1.9813766232770627,1.0711829011583118
EOS,45.0,5,393,1.3219645966676978,1.0711829011583118
EOS,45.0,5,394,-0.21856309946484576,1.0711829011583118
EOS,45.0,5,395,1.5945019476090554,1.0711829011583118
EOS,45.0,5,396,1.6288926844964005,1.0711829011583118
EOS,45.0,5,397,1.3571745447077497,1.0711829011583118
EOS,45.0,5,398,-0.10094235408343488,1.0711829011583118
EOS,45.0,5,399,1.4964410295635746,1.0711829011583118
EOS,45.0,5,400,2.2907306960808587,1.0711829011583118
EOS,45.0,5,401,-0.20032470944707015,1.0711829011583118
EOS,45.0,5,402,1.8455701934936766,1.0711829011583118
EOS,45.0,5,403,-1.1766259244767583,1.0711829011583118
EOS,45.0,5,404,-0.09025987023056259,1.0711829011583118
EOS,45.0,5,405,1.3657284094691722,1.0711829011583118
EOS,45.0,5,406,2.4016120449371305,1.0711829011583118
EOS,45.0,5,407,1.9672768523531157,1.0711829011583118
EOS,45.0,5,408,-0.6773268263558399,1.0711829011583118
EOS,45.0,5,409,2.216996038547821,1.0711829011583118
EOS,45.0,5,410,0.12431588635577828,1.0711829011583118
EOS,45.0,5,411,0.4379274838434988,1.0711829011583118
EOS,45.0,5,412,-0.6823972858223593,1.0711829011583118
EOS,45.0,5,413,1.6336582348703765,1.0711829011583118
EOS,45.0,5,414,3.0408596423268905,1.0711829011583118
EOS,45.0,5,415,0.6221536949316233,1.0711829011583118
EOS,45.0,5,416,0.8981510791577811,1.0711829011583118
EOS,45.0,5,417,0.5908574804471192,1.0711829011583118
EOS,45.0,5,418,1.2701454729793142,1.0711829011583118
EOS,45.0,5,419,1.1328238272813835,1.0711829011583118
EOS,45.0,5,420,0.5875320244292364,1.0711829011583118
EOS,45.0,5,421,2.626308103103355,1.0711829011583118
EOS,45.0,5,422,1.0525453488355472,1.0711829011583118
EOS,45.0,5,423,0.4206028061360638,1.0711829011583118
EOS,45.0,5,424,0.3621772913651302,1.0711829011583118
EOS,45.0,5,425,2.1015623430389105,1.0711829011583118
EOS,45.0,5,426,-1.2242572714861266,1.0711829011583118
EOS,45.0,5,427,0.18645392898179514,1.0711829011583118
EOS,45.0,5,428,0.7787869330135084,1.0711829011583118
EOS,45.0,5,429,1.1343830149386487,1.0711829011583118
EOS,45.0,5,430,1.786090024736548,1.0711829011583118
EOS,45.0,5,431,2.35412249705723,1.0711829011583118
EOS,45.0,5,432,-0.3384535637170458,1.0711829011583118
EOS,45.0,5,433,1.2817640293305292,1.0711829011583118
EOS,45.0,5,434,0.759052237467019,1.0711829011583118
EOS,45.0,5,435,1.6877105723778145,1.0711829011583118
EOS,45.0,5,436,0.39329580948283205,1.0711829011583118
EOS,45.0,5,437,-0.11351642899103709,1.0711829011583118
EOS,45.0,5,438,-0.9600218324129166,1.0711829011583118
EOS,45.0,5,439,1.5385329943486017,1.0711829011583118
EOS,45.0,5,440,0.6024642903184136,1.0711829011583118
EOS,45.0,5,441,-0.08713066175367601,1.0711829011583118
EOS,45.0,5,442,0.15243961086502233,1.0711829011583118
EOS,45.0,5,443,2.8533561191532213,1.0711829011583118
EOS,45.0,5,444,-0.932752554677422,1.0711829011583118
EOS,45.0,5,445,0.20170543222152526,1.0711829011583118
EOS,45.0,5,446,1.0469266512267112,1.0711829011583118
EOS,45.0,5,447,-1.536372712545473,1.0711829011583118
EOS,45.0,5,448,1.7437737554696446,1.0711829011583118
EOS,45.0,5,449,2.0795584272552956,1.0711829011583118
EOS,45.0,5,450,1.3542065960276344,1.0711829011583118
EOS,45.0,5,451,1.4116587358052413,1.0711829011583118
EOS,45.0,5,452,3.0206045471928418,1.0711829011583118
EOS,45.0,5,453,0.41573609694995994,1.0711829011583118
EOS,45.0,5,454,-0.6314802498539348,1.0711829011583118
EOS,45.0,5,455,0.41359108695547686,1.0711829011583118
EOS,45.0,5,456,1.0067470232717797,1.0711829011583118
EOS,45.0,5,457,2.1459360907833904,1.0711829011583118
EOS,45.0,5,458,2.446480490196908,1.0711829011583118
EOS,45.0,5,459,1.2515308724553695,1.0711829011583118
EOS,45.0,5,460,0.5656232479575659,1.0711829011583118
EOS,45.0,5,461,0.9552852957214424,1.0711829011583118
EOS,45.0,5,462,0.7780280556192123,1.0711829011583118
EOS,45.0,5,463,0.514438843901009,1.0711829011583118
EOS,45.0,5,464,3.304190618713891,1.0711829011583118
EOS,45.0,5,465,-0.7486320039317267,1.0711829011583118
EOS,45.0,5,466,2.3959106124179983,1.0711829011583118
EOS,45.0,5,467,1.3930998946195459,1.0711829011583118
EOS,45.0,5,468,1.147936540198982,1.0711829011583118
EOS,45.0,5,469,0.11244851527223032,1.0711829011583118
EOS,45.0,5,470,0.2745606800496114,1.0711829011583118
EOS,45.0,5,471,1.3132423235239803,1.0711829011583118
EOS,45.0,5,472,1.076840807789341,1.0711829011583118
EOS,45.0,5,473,-0.11564544065027382,1.0711829011583118
EOS,45.0,5,474,0.8123007878623572,1.0711829011583118
EOS,45.0,5,475,0.1282671362895551,1.0711829011583118
EOS,45.0,5,476,0.9723945140244412,1.0711829011583118
EOS,45.0,5,477,1.614848014157869,1.0711829011583118
EOS,45.0,5,478,0.07056845183727845,1.0711829011583118
EOS,45.0,5,479,2.6364831053788746,1.0711829011583118
EOS,45.0,5,480,1.956682056245945,1.0711829011583118
EOS,45.0,5,481,0.13307298368872367,1.0711829011583118
EOS,45.0,5,482,3.0240297601426818,1.0711829011583118
EOS,45.0,5,483,2.1361923034607164,1.0711829011583118
EOS,45.0,5,484,-1.279946170522678,1.0711829011583118
EOS,45.0,5,485,1.5192020488625593,1.0711829011583118
EOS,45.0,5,486,1.2783270409505825,1.0711829011583118
EOS,45.0,5,487,-1.54550084958159,1.0711829011583118
EOS,45.0,5,488,1.7215338064167178,1.0711829011583118
EOS,45.0,5,489,1.5531835052875897,1.0711829011583118
EOS,45.0,5,490,-0.9617507366737801,1.0711829011583118
EOS,45.0,5,491,0.6360315915491999,1.0711829011583118
EOS,45.0,5,492,0.5022070349066126,1.0711829011583118
EOS,45.0,5,493,1.6794801554119911,1.0711829011583118
EOS,45.0,5,494,2.4303750415454566,1.0711829011583118
EOS,45.0,5,495,2.026657491870653,1.0711829011583118
EOS,45.0,5,496,0.1834810284178836,1.0711829011583118
EOS,45.0,5,497,0.7982589343358724,1.0711829011583118
EOS,45.0,5,498,-0.7618617685128752,1.0711829011583118
EOS,45.0,5,499,1.7034477637366798,1.0711829011583118
EOS,45.0,5,500,0.3675636778518636,1.0711829011583118
EOS,45.0,5,501,1.935638095491373,1.0711829011583118
EOS,45.0,5,502,2.184485638229268,1.0711829011583118
EOS,45.0,5,503,1.4028015422727784,1.0711829011583118
EOS,45.0,5,504,-0.11007387306313099,1.0711829011583118
EOS,45.0,5,505,2.205547269009168,1.0711829011583118
EOS,45.0,5,506,0.13155709104607016,1.0711829011583118
EOS,45.0,5,507,0.13219179124939506,1.0711829011583118
EOS,45.0,5,508,2.2069249896453913,1.0711829011583118
EOS,45.0,5,509,0.3683455867309222,1.0711829011583118
EOS,45.0,5,510,1.8572472452790536,1.0711829011583118
EOS,45.0,5,511,1.1952756351556886,1.0711829011583118
EOS,45.0,5,512,1.047231906478808,1.0711829011583118
EOS,45.0,5,513,1.8575408600224907,1.0711829011583118
EOS,45.0,5,514,1.575126258248643,1.0711829011583118
EOS,45.0,5,515,0.116647607050412,1.0711829011583118
EOS,45.0,5,516,1.969526871410559,1.0711829011583118
EOS,45.0,5,517,0.2913125770744749,1.0711829011583118
EOS,45.0,5,518,-1.002859345733142,1.0711829011583118
EOS,45.0,5,519,2.0618725410569625,1.0711829011583118
EOS,45.0,5,520,0.3748542968751636,1.0711829011583118
EOS,45.0,5,521,1.3135199563115227,1.0711829011583118
EOS,45.0,5,522,-0.018446333012812843,1.0711829011583118
EOS,45.0,5,523,-0.06682019921717819,1.0711829011583118
EOS,45.0,5,524,1.7369370925766887,1.0711829011583118
EOS,45.0,5,525,0.5443855241273043,1.0711829011583118
EOS,45.0,5,526,1.6112335886719023,1.0711829011583118
EOS,45.0,5,527,1.5684589484196767,1.0711829011583118
EOS,45.0,5,528,0.06735394945849871,1.0711829011583118
EOS,45.0,5,529,0.673245266092243,1.0711829011583118
EOS,45.0,5,530,0.5068231661487763,1.0711829011583118
EOS,45.0,5,531,0.3382242192415128,1.0711829011583118
EOS,45.0,5,532,3.009499762970118,1.0711829011583118
EOS,45.0,5,533,1.0410104577341497,1.0711829011583118
EOS,45.0,5,534,1.2212395567634204,1.0711829011583118
EOS,45.0,5,535,2.550354958167278,1.0711829011583118
EOS,45.0,5,536,0.20628542040320763,1.0711829011583118
EOS,45.0,5,537,0.027898290048665064,1.0711829011583118
EOS,45.0,5,538,0.02503719764760648,1.0711829011583118
EOS,45.0,5,539,0.30751451603444613,1.0711829011583118
EOS,45.0,5,540,1.7934686220887182,1.0711829011583118
EOS,45.0,5,541,-0.5343875202929693,1.0711829011583118
EOS,45.0,5,542,0.6118582300991808,1.0711829011583118
EOS,45.0,5,543,-0.3402442084420523,1.0711829011583118
EOS,45.0,5,544,0.38911248552820954,1.0711829011583118
EOS,45.0,5,545,1.2878236384000794,1.0711829011583118
EOS,45.0,5,546,0.5760198801976497,1.0711829011583118
EOS,45.0,5,547,1.0015797645179678,1.0711829011583118
EOS,45.0,5,548,0.8555946841043545,1.0711829011583118
EOS,45.0,5,549,1.4593370650024609,1.0711829011583118
EOS,45.0,5,550,0.4348378753832769,1.0711829011583118
EOS,45.0,5,551,2.7013282790496196,1.0711829011583118
EOS,45.0,5,552,-0.4940796623839576,1.0711829011583118
EOS,45.0,5,553,3.343737390157275,1.0711829011583118
EOS,45.0,5,554,2.2136321158623398,1.0711829011583118
EOS,45.0,5,555,-0.5193882916274091,1.0711829011583118
EOS,45.0,5,556,1.4325003737927076,1.0711829011583118
EOS,45.0,5,557,1.7845483312829746,1.0711829011583118
EOS,45.0,5,558,-0.5724029911891386,1.0711829011583118
EOS,45.0,5,559,1.5538517054134524,1.0711829011583118
EOS,45.0,5,560,1.160580746902268,1.0711829011583118
EOS,45.0,5,561,1.1100266287732308,1.0711829011583118
EOS,45.0,5,562,1.9602742914011522,1.0711829011583118
EOS,45.0,5,563,1.6058640158654773,1.0711829011583118
EOS,45.0,5,564,-0.019113525459179215,1.0711829011583118
EOS,45.0,5,565,1.2531956454752455,1.0711829011583118
EOS,45.0,5,566,0.44612835339917,1.0711829011583118
EOS,45.0,5,567,2.1150548500000745,1.0711829011583118
EOS,45.0,5,568,1.9557657196539107,1.0711829011583118
EOS,45.0,5,569,0.001807332789061089,1.0711829011583118
EOS,45.0,5,570,-1.009848121216089,1.0711829011583118
EOS,45.0,5,571,1.6664245244499405,1.0711829011583118
EOS,45.0,5,572,-0.7065382780284932,1.0711829011583118
EOS,45.0,5,573,3.159347092916253,1.0711829011583118
EOS,45.0,5,574,0.06607940109805321,1.0711829011583118
EOS,45.0,5,575,1.3595917585260926,1.0711829011583118
EOS,45.0,5,576,1.7173572356724218,1.0711829011583118
EOS,45.0,5,577,1.515499948063582,1.0711829011583118
EOS,45.0,5,578,2.1715038771357666,1.0711829011583118
EOS,45.0,5,579,2.098381998593445,1.0711829011583118
EOS,45.0,5,580,0.466773323664615,1.0711829011583118
EOS,45.0,5,581,2.1953798360281636,1.0711829011583118
EOS,45.0,5,582,0.4250150461978959,1.0711829011583118
EOS,45.0,5,583,2.644696999357749,1.0711829011583118
EOS,45.0,5,584,1.3288439802269227,1.0711829011583118
EOS,45.0,5,585,0.12784558629206977,1.0711829011583118
EOS,45.0,5,586,0.10467148565896167,1.0711829011583118
EOS,45.0,5,587,2.871099078756715,1.0711829011583118
EOS,45.0,5,588,2.784368659945031,1.0711829011583118
EOS,45.0,5,589,2.2181812982343883,1.0711829011583118
EOS,45.0,5,590,0.16902403882830574,1.0711829011583118
EOS,45.0,5,591,2.8577818645674515,1.0711829011583118
EOS,45.0,5,592,3.140721741218115,1.0711829011583118
EOS,45.0,5,593,2.0049695974691164,1.0711829011583118
EOS,45.0,5,594,1.6373717347262078,1.0711829011583118
EOS,45.0,5,595,-1.4247172690055723,1.0711829011583118
EOS,45.0,5,596,3.6552033683884964,1.0711829011583118
EOS,45.0,5,597,-0.7575754273078785,1.0711829011583118
EOS,45.0,5,598,0.20251087952969926,1.0711829011583118
EOS,45.0,5,599,2.6592563402021563,1.0711829011583118
EOS,45.0,5,600,1.043152693230558,1.0711829011583118
EOS,45.0,5,601,1.2105768193778212,1.0711829011583118
EOS,45.0,5,602,2.112293804537525,1.0711829011583118
EOS,45.0,5,603,1.275526514273166,1.0711829011583118
EOS,45.0,5,604,2.072385463743235,1.0711829011583118
EOS,45.0,5,605,2.4455731778093317,1.0711829011583118
EOS,45.0,5,606,0.11526558674482512,1.0711829011583118
EOS,45.0,5,607,0.722038089201833,1.0711829011583118
EOS,45.0,5,608,1.9605936956056427,1.0711829011583118
EOS,45.0,5,609,0.21756155353971696,1.0711829011583118
EOS,45.0,5,610,0.13757192635557625,1.0711829011583118
EOS,45.0,5,611,-0.2595146915356066,1.0711829011583118
EOS,45.0,5,612,0.11938467342004921,1.0711829011583118
EOS,45.0,5,613,1.7274739998774806,1.0711829011583118
EOS,45.0,5,614,-0.5141898670033309,1.0711829011583118
EOS,45.0,5,615,0.4309577066557262,1.0711829011583118
EOS,45.0,5,616,0.5843173004276263,1.0711829011583118
EOS,45.0,5,617,1.1330979025262504,1.0711829011583118
EOS,45.0,5,618,2.441725864483088,1.0711829011583118
EOS,45.0,5,619,1.4620490672084785,1.0711829011583118
EOS,45.0,5,620,1.2622350736825747,1.0711829011583118
EOS,45.0,5,621,0.5902320342735305,1.0711829011583118
EOS,45.0,5,622,2.2509589745114607,1.0711829011583118
EOS,45.0,5,623,0.46225719483562244,1.0711829011583118
EOS,45.0,5,624,-0.042014223773509274,1.0711829011583118
EOS,45.0,5,625,3.3162601725866,1.0711829011583118
EOS,45.0,5,626,0.6572386224688298,1.0711829011583118
EOS,45.0,5,627,2.1973542476470316,1.0711829011583118
EOS,45.0,5,628,1.7409739306254544,1.0711829011583118
EOS,45.0,5,629,1.6261183651762714,1.0711829011583118
EOS,45.0,5,630,0.3462710563179572,1.0711829011583118
EOS,45.0,5,631,0.46159206462640556,1.0711829011583118
EOS,45.0,5,632,1.8180307695253708,1.0711829011583118
EOS,45.0,5,633,1.5314451962453897,1.0711829011583118
EOS,45.0,5,634,1.2704707192228413,1.0711829011583118
EOS,45.0,5,635,0.650552660758374,1.0711829011583118
EOS,45.0,5,636,1.7095615204577284,1.0711829011583118
EOS,45.0,5,637,-0.04441913474675685,1.0711829011583118
EOS,45.0,5,638,-1.2814922903974386,1.0711829011583118
EOS,45.0,5,639,-1.5843938290421176,1.0711829011583118
EOS,45.0,5,640,2.0245117209830448,1.0711829011583118
EOS,45.0,5,641,0.6792303661434422,1.0711829011583118
EOS,45.0,5,642,2.960220890672449,1.0711829011583118
EOS,45.0,5,643,0.3209077738821877,1.0711829011583118
EOS,45.0,5,644,0.0378870352643057,1.0711829011583118
EOS,45.0,5,645,-0.021401813410388826,1.0711829011583118
EOS,45.0,5,646,1.3156551298644477,1.0711829011583118
EOS,45.0,5,647,0.9939128466372908,1.0711829011583118
EOS,45.0,5,648,-0.3277071976665269,1.0711829011583118
EOS,45.0,5,649,2.566827931997972,1.0711829011583118
EOS,45.0,5,650,0.5758088590612509,1.0711829011583118
EOS,45.0,5,651,0.38219516055133285,1.0711829011583118
EOS,45.0,5,652,0.406636495375146,1.0711829011583118
EOS,45.0,5,653,0.1621240972302731,1.0711829011583118
EOS,45.0,5,654,2.5515195332339,1.0711829011583118
EOS,45.0,5,655,1.4874758708338152,1.0711829011583118
EOS,45.0,5,656,1.4721063700209291,1.0711829011583118
EOS,45.0,5,657,2.5084485447610696,1.0711829011583118
EOS,45.0,5,658,1.765046240518209,1.0711829011583118
EOS,45.0,5,659,3.337897841939011,1.0711829011583118
EOS,45.0,5,660,2.555248079328695,1.0711829011583118
EOS,45.0,5,661,0.3121305714791833,1.0711829011583118
EOS,45.0,5,662,1.1922983519937147,1.0711829011583118
EOS,45.0,5,663,1.0157888860599384,1.0711829011583118
EOS,45.0,5,664,1.177593088708069,1.0711829011583118
EOS,45.0,5,665,0.050681077476006475,1.0711829011583118
EOS,45.0,5,666,2.236666665940835,1.0711829011583118
EOS,45.0,5,667,1.0398648766923166,1.0711829011583118
EOS,45.0,5,668,1.5211119398344115,1.0711829011583118
EOS,45.0,5,669,2.8766137003342234,1.0711829011583118
EOS,45.0,5,670,1.5566561518146091,1.0711829011583118
EOS,45.0,5,671,2.5302726605435386,1.0711829011583118
EOS,45.0,5,672,-0.7891276371472582,1.0711829011583118
EOS,45.0,5,673,-1.593380563945999,1.0711829011583118
EOS,45.0,5,674,0.5216493769757333,1.0711829011583118
EOS,45.0,5,675,1.2087129820169946,1.0711829011583118
EOS,45.0,5,676,-0.05277081324638111,1.0711829011583118
EOS,45.0,5,677,0.1433974601697945,1.0711829011583118
EOS,45.0,5,678,0.10490421537965,1.0711829011583118
EOS,45.0,5,679,0.22200485630188993,1.0711829011583118
EOS,45.0,5,680,0.30744717703407165,1.0711829011583118
EOS,45.0,5,681,1.9592201398409275,1.0711829011583118
EOS,45.0,5,682,3.7897603069290806,1.0711829011583118
EOS,45.0,5,683,1.3051830553490058,1.0711829011583118
EOS,45.0,5,684,1.680986907586039,1.0711829011583118
EOS,45.0,5,685,1.788164683942469,1.0711829011583118
EOS,45.0,5,686,2.116676796916264,1.0711829011583118
EOS,45.0,5,687,0.14733878474886186,1.0711829011583118
EOS,45.0,5,688,-0.18102007212899007,1.0711829011583118
EOS,45.0,5,689,0.4439250641711796,1.0711829011583118
EOS,45.0,5,690,1.8876338676072209,1.0711829011583118
EOS,45.0,5,691,1.0386496774934235,1.0711829011583118
EOS,45.0,5,692,1.1257191649822968,1.0711829011583118
EOS,45.0,5,693,1.8917228313451537,1.0711829011583118
EOS,45.0,5,694,0.2600036278775364,1.0711829011583118
EOS,45.0,5,695,-0.19386025650641714,1.0711829011583118
EOS,45.0,5,696,-0.18200251381876686,1.0711829011583118
EOS,45.0,5,697,2.44725968954426,1.0711829011583118
EOS,45.0,5,698,-1.1606578219447568,1.0711829011583118
EOS,45.0,5,699,2.104654122521485,1.0711829011583118
EOS,45.0,5,700,1.1382031341301322,1.0711829011583118
EOS,45.0,5,701,0.41150918660815483,1.0711829011583118
EOS,45.0,5,702,2.4700626133754797,1.0711829011583118
EOS,45.0,5,703,0.691047563858163,1.0711829011583118
EOS,45.0,5,704,0.6833786321708653,1.0711829011583118
EOS,45.0,5,705,1.687520351430512,1.0711829011583118
EOS,45.0,5,706,1.0423313733432997,1.0711829011583118
EOS,45.0,5,707,1.3196110612783742,1.0711829011583118
EOS,45.0,5,708,0.6978701737163644,1.0711829011583118
EOS,45.0,5,709,2.5260292025206192,1.0711829011583118
EOS,45.0,5,710,1.6526228021790677,1.0711829011583118
EOS,45.0,5,711,-0.3936788378791545,1.0711829011583118
EOS,45.0,5,712,1.8578516659728774,1.0711829011583118
EOS,45.0,5,713,-1.253296246675725,1.0711829011583118
EOS,45.0,5,714,-0.8977485364565929,1.0711829011583118
EOS,45.0,5,715,1.9142753840903057,1.0711829011583118
EOS,45.0,5,716,0.2114826938656087,1.0711829011583118
EOS,45.0,5,717,-0.7704356687054479,1.0711829011583118
EOS,45.0,5,718,1.1633969517884322,1.0711829011583118
EOS,45.0,5,719,1.6508614030008948,1.0711829011583118
EOS,45.0,5,720,0.674964438671612,1.0711829011583118
EOS,45.0,5,721,-0.05661480951734066,1.0711829011583118
EOS,45.0,5,722,2.9418940761171943,1.0711829011583118
EOS,45.0,5,723,1.4988256443888055,1.0711829011583118
EOS,45.0,5,724,1.85059973957986,1.0711829011583118
EOS,45.0,5,725,1.088509279559406,1.0711829011583118
EOS,45.0,5,726,1.4307550511531355,1.0711829011583118
EOS,45.0,5,727,1.686087554050843,1.0711829011583118
EOS,45.0,5,728,1.0413159779582863,1.0711829011583118
EOS,45.0,5,729,0.7800040362415128,1.0711829011583118
EOS,45.0,5,730,0.3580607982907571,1.0711829011583118
EOS,45.0,5,731,1.5886788441196262,1.0711829011583118
EOS,45.0,5,732,-0.12281041185912933,1.0711829011583118
EOS,45.0,5,733,1.6723773078332678,1.0711829011583118
EOS,45.0,5,734,1.3528008981538817,1.0711829011583118
EOS,45.0,5,735,2.5259400803055323,1.0711829011583118
EOS,45.0,5,736,0.3368753667996862,1.0711829011583118
EOS,45.0,5,737,0.6802262165980828,1.0711829011583118
EOS,45.0,5,738,1.6709741197348587,1.0711829011583118
EOS,45.0,5,739,2.444003501373122,1.0711829011583118
EOS,45.0,5,740,1.1633833173740413,1.0711829011583118
EOS,45.0,5,741,0.6623693052972754,1.0711829011583118
EOS,45.0,5,742,1.3183761232572566,1.0711829011583118
EOS,45.0,5,743,2.581835904136666,1.0711829011583118
EOS,45.0,5,744,1.624278963942638,1.0711829011583118
EOS,45.0,5,745,-1.2233058518599988,1.0711829011583118
EOS,45.0,5,746,1.243329140673023,1.0711829011583118
EOS,45.0,5,747,1.1086344918040245,1.0711829011583118
EOS,45.0,5,748,1.0515276726131382,1.0711829011583118
EOS,45.0,5,749,1.556953972490265,1.0711829011583118
EOS,45.0,5,750,1.0264349969499804,1.0711829011583118
EOS,45.0,5,751,0.33482971345090595,1.0711829011583118
EOS,45.0,5,752,2.2319643810168106,1.0711829011583118
EOS,45.0,5,753,0.5544504517347182,1.0711829011583118
EOS,45.0,5,754,-0.5010703022080052,1.0711829011583118
EOS,45.0,5,755,1.90851192191663,1.0711829011583118
EOS,45.0,5,756,0.16933373509001604,1.0711829011583118
EOS,45.0,5,757,1.380415121904023,1.0711829011583118
EOS,45.0,5,758,3.302015157426095,1.0711829011583118
EOS,45.0,5,759,2.8066506363152692,1.0711829011583118
EOS,45.0,5,760,1.7378678430233392,1.0711829011583118
EOS,45.0,5,761,2.365836686785777,1.0711829011583118
EOS,45.0,5,762,0.6113444134834749,1.0711829011583118
EOS,45.0,5,763,-0.4483006572055728,1.0711829011583118
EOS,45.0,5,764,-0.9461750870314054,1.0711829011583118
EOS,45.0,5,765,2.123181898821804,1.0711829011583118
EOS,45.0,5,766,1.6998022021533976,1.0711829011583118
EOS,45.0,5,767,1.2693242037378125,1.0711829011583118
EOS,45.0,5,768,2.0643288404923688,1.0711829011583118
EOS,45.0,5,769,1.0902740078480742,1.0711829011583118
EOS,45.0,5,770,0.8301419126108849,1.0711829011583118
EOS,45.0,5,771,1.830649546630624,1.0711829011583118
EOS,45.0,5,772,1.6550445672946286,1.0711829011583118
EOS,45.0,5,773,-1.0473376568695842,1.0711829011583118
EOS,45.0,5,774,2.345382350173576,1.0711829011583118
EOS,45.0,5,775,1.0527012892745033,1.0711829011583118
EOS,45.0,5,776,2.6438237261265165,1.0711829011583118
EOS,45.0,5,777,2.1504413615592086,1.0711829011583118
EOS,45.0,5,778,1.3540846982881658,1.0711829011583118
EOS,45.0,5,779,3.027895513179524,1.0711829011583118
EOS,45.0,5,780,1.6540054136084206,1.0711829011583118
EOS,45.0,5,781,0.9855199394710488,1.0711829011583118
EOS,45.0,5,782,-0.7887403385022376,1.0711829011583118
EOS,45.0,5,783,3.651974947140327,1.0711829011583118
EOS,45.0,5,784,1.765985456457566,1.0711829011583118
EOS,45.0,5,785,2.5406023314600956,1.0711829011583118
EOS,45.0,5,786,1.000414615877672,1.0711829011583118
EOS,45.0,5,787,0.24237186281270207,1.0711829011583118
EOS,45.0,5,788,1.2368411711010086,1.0711829011583118
EOS,45.0,5,789,2.198729860256979,1.0711829011583118
EOS,45.0,5,790,1.4453513641592668,1.0711829011583118
EOS,45.0,5,791,0.33401460290097074,1.0711829011583118
EOS,45.0,5,792,2.0395270879710963,1.0711829011583118
EOS,45.0,5,793,1.9180826788755043,1.0711829011583118
EOS,45.0,5,794,-0.025638281997800494,1.0711829011583118
EOS,45.0,5,795,-1.8128736350777794,1.0711829011583118
EOS,45.0,5,796,1.3125904309589145,1.0711829011583118
EOS,45.0,5,797,1.2266905363906195,1.0711829011583118
EOS,45.0,5,798,-0.18178549043949843,1.0711829011583118
EOS,45.0,5,799,1.9958797174487684,1.0711829011583118
EOS,45.0,5,800,1.5054916173637136,1.0711829011583118
EOS,45.0,5,801,0.6416107857860143,1.0711829011583118
EOS,45.0,5,802,0.9792805031773204,1.0711829011583118
EOS,45.0,5,803,0.8627388672546417,1.0711829011583118
EOS,45.0,5,804,0.4136213528198409,1.0711829011583118
EOS,45.0,5,805,-2.341329888398078,1.0711829011583118
EOS,45.0,5,806,1.2618937903872536,1.0711829011583118
EOS,45.0,5,807,0.569144526960772,1.0711829011583118
EOS,45.0,5,808,0.4719422889180893,1.0711829011583118
EOS,45.0,5,809,0.9969299067327122,1.0711829011583118
EOS,45.0,5,810,0.9654838389065556,1.0711829011583118
EOS,45.0,5,811,1.6492149005361014,1.0711829011583118
EOS,45.0,5,812,-0.6826901408211192,1.0711829011583118
EOS,45.0,5,813,1.7571026151950027,1.0711829011583118
EOS,45.0,5,814,0.523676604358966,1.0711829011583118
EOS,45.0,5,815,1.9911848881414338,1.0711829011583118
EOS,45.0,5,816,0.9483567458445714,1.0711829011583118
EOS,45.0,5,817,0.09596721800104491,1.0711829011583118
EOS,45.0,5,818,3.295903384661478,1.0711829011583118
EOS,45.0,5,819,0.4464743539257081,1.0711829011583118
EOS,45.0,5,820,2.109592310121754,1.0711829011583118
EOS,45.0,5,821,-0.3146472540679275,1.0711829011583118
EOS,45.0,5,822,1.0566022333942762,1.0711829011583118
EOS,45.0,5,823,2.2629977630289897,1.0711829011583118
EOS,45.0,5,824,0.6681181353942911,1.0711829011583118
EOS,45.0,5,825,-0.302117776752439,1.0711829011583118
EOS,45.0,5,826,1.900755061353414,1.0711829011583118
EOS,45.0,5,827,0.31719167129300285,1.0711829011583118
EOS,45.0,5,828,0.5679951279133961,1.0711829011583118
EOS,45.0,5,829,1.6851736142129292,1.0711829011583118
EOS,45.0,5,830,-0.27620671872855773,1.0711829011583118
EOS,45.0,5,831,1.8469579561972367,1.0711829011583118
EOS,45.0,5,832,0.5428879326806664,1.0711829011583118
EOS,45.0,5,833,1.2540637385684943,1.0711829011583118
EOS,45.0,5,834,-0.45691937109522995,1.0711829011583118
EOS,45.0,5,835,-0.9671400432271757,1.0711829011583118
EOS,45.0,5,836,4.3046138460871655,1.0711829011583118
EOS,45.0,5,837,0.6087328750818171,1.0711829011583118
EOS,45.0,5,838,1.753580042243215,1.0711829011583118
EOS,45.0,5,839,0.38554614770472195,1.0711829011583118
EOS,45.0,5,840,0.901871350764488,1.0711829011583118
EOS,45.0,5,841,1.466518465167304,1.0711829011583118
EOS,45.0,5,842,1.1763366459643514,1.0711829011583118
EOS,45.0,5,843,1.7260558476866419,1.0711829011583118
EOS,45.0,5,844,1.914611207965705,1.0711829011583118
EOS,45.0,5,845,1.6533393890798018,1.0711829011583118
EOS,45.0,5,846,-0.47234996075905666,1.0711829011583118
EOS,45.0,5,847,0.4300329560307583,1.0711829011583118
EOS,45.0,5,848,-1.0320222484665216,1.0711829011583118
EOS,45.0,5,849,-0.46349581893460634,1.0711829011583118
EOS,45.0,5,850,0.4170627126462092,1.0711829011583118
EOS,45.0,5,851,-0.3218858191605025,1.0711829011583118
EOS,45.0,5,852,1.1211760892322946,1.0711829011583118
EOS,45.0,5,853,2.153716027205339,1.0711829011583118
EOS,45.0,5,854,0.5303425469893823,1.0711829011583118
EOS,45.0,5,855,1.430235090129146,1.0711829011583118
EOS,45.0,5,856,2.98328123348353,1.0711829011583118
EOS,45.0,5,857,-0.040880053966665386,1.0711829011583118
EOS,45.0,5,858,-0.27794322961779727,1.0711829011583118
EOS,45.0,5,859,2.310341744683268,1.0711829011583118
EOS,45.0,5,860,0.5687725861431814,1.0711829011583118
EOS,45.0,5,861,0.4626024413250862,1.0711829011583118
EOS,45.0,5,862,2.3631090154046195,1.0711829011583118
EOS,45.0,5,863,0.35554303690845046,1.0711829011583118
EOS,45.0,5,864,0.5515840834883359,1.0711829011583118
EOS,45.0,5,865,2.436212354383599,1.0711829011583118
EOS,45.0,5,866,2.09077242999045,1.0711829011583118
EOS,45.0,5,867,0.40695597007745743,1.0711829011583118
EOS,45.0,5,868,2.7030782691377504,1.0711829011583118
EOS,45.0,5,869,0.22282661017515304,1.0711829011583118
EOS,45.0,5,870,0.8758941957828001,1.0711829011583118
EOS,45.0,5,871,3.150498485914058,1.0711829011583118
EOS,45.0,5,872,1.8707542256356449,1.0711829011583118
EOS,45.0,5,873,2.820160414178045,1.0711829011583118
EOS,45.0,5,874,1.9086287144131284,1.0711829011583118
EOS,45.0,5,875,0.3562145092457438,1.0711829011583118
EOS,45.0,5,876,2.00316627390061,1.0711829011583118
EOS,45.0,5,877,-0.5310113292681025,1.0711829011583118
EOS,45.0,5,878,2.504932935102121,1.0711829011583118
EOS,45.0,5,879,-0.20752346112655262,1.0711829011583118
EOS,45.0,5,880,-0.16299791591808344,1.0711829011583118
EOS,45.0,5,881,0.3870188812128674,1.0711829011583118
EOS,45.0,5,882,-0.9114173299356882,1.0711829011583118
EOS,45.0,5,883,0.10066152613457358,1.0711829011583118
EOS,45.0,5,884,0.3887733407281013,1.0711829011583118
EOS,45.0,5,885,0.0786695362437082,1.0711829011583118
EOS,45.0,5,886,1.5223597672945046,1.0711829011583118
EOS,45.0,5,887,1.5813816692363236,1.0711829011583118
EOS,45.0,5,888,0.13074983586580435,1.0711829011583118
EOS,45.0,5,889,-0.0023404631826631217,1.0711829011583118
EOS,45.0,5,890,2.517186923418413,1.0711829011583118
EOS,45.0,5,891,3.320332050191511,1.0711829011583118
EOS,45.0,5,892,1.4056153946220813,1.0711829011583118
EOS,45.0,5,893,0.5038650663282445,1.0711829011583118
EOS,45.0,5,894,1.9148861671151618,1.0711829011583118
EOS,45.0,5,895,2.60177617591434,1.0711829011583118
EOS,45.0,5,896,-1.219007493314514,1.0711829011583118
EOS,45.0,5,897,0.528052885955828,1.0711829011583118
EOS,45.0,5,898,-0.4538695637568608,1.0711829011583118
EOS,45.0,5,899,-1.3662368361170611,1.0711829011583118
EOS,45.0,5,900,-0.6805328542109892,1.0711829011583118
EOS,45.0,5,901,1.221435285395931,1.0711829011583118
EOS,45.0,5,902,0.6618928675518214,1.0711829011583118
EOS,45.0,5,903,1.2798370165981088,1.0711829011583118
EOS,45.0,5,904,-0.4081942493284354,1.0711829011583118
EOS,45.0,5,905,0.34009762425629164,1.0711829011583118
EOS,45.0,5,906,2.136433900555645,1.0711829011583118
EOS,45.0,5,907,0.39883974252979737,1.0711829011583118
EOS,45.0,5,908,3.156835751317198,1.0711829011583118
EOS,45.0,5,909,-0.3132358002248399,1.0711829011583118
EOS,45.0,5,910,0.2131192231785377,1.0711829011583118
EOS,45.0,5,911,1.6971987114802207,1.0711829011583118
EOS,45.0,5,912,1.7863723789207413,1.0711829011583118
EOS,45.0,5,913,0.5741800688561494,1.0711829011583118
EOS,45.0,5,914,1.6996110599317624,1.0711829011583118
EOS,45.0,5,915,0.0793564472802224,1.0711829011583118
EOS,45.0,5,916,2.496680072222067,1.0711829011583118
EOS,45.0,5,917,0.5657317627023186,1.0711829011583118
EOS,45.0,5,918,-0.49547176205131516,1.0711829011583118
EOS,45.0,5,919,1.4544808654921613,1.0711829011583118
EOS,45.0,5,920,1.9318367113615267,1.0711829011583118
EOS,45.0,5,921,0.9916554124985346,1.0711829011583118
EOS,45.0,5,922,2.110726891477239,1.0711829011583118
EOS,45.0,5,923,0.7049050149792504,1.0711829011583118
EOS,45.0,5,924,0.572090358568492,1.0711829011583118
EOS,45.0,5,925,2.682243071218016,1.0711829011583118
EOS,45.0,5,926,1.7893060820886442,1.0711829011583118
EOS,45.0,5,927,1.7339040222121458,1.0711829011583118
EOS,45.0,5,928,0.45245993911278504,1.0711829011583118
EOS,45.0,5,929,0.9168770751543676,1.0711829011583118
EOS,45.0,5,930,2.8334455564679235,1.0711829011583118
EOS,45.0,5,931,3.888358910715345,1.0711829011583118
EOS,45.0,5,932,0.9631882061930588,1.0711829011583118
EOS,45.0,5,933,2.9868367644985963,1.0711829011583118
EOS,45.0,5,934,1.5587194885204871,1.0711829011583118
EOS,45.0,5,935,0.21285588441151226,1.0711829011583118
EOS,45.0,5,936,-0.027942128337831384,1.0711829011583118
EOS,45.0,5,937,-0.8692200197701458,1.0711829011583118
EOS,45.0,5,938,0.39155607407636817,1.0711829011583118
EOS,45.0,5,939,1.7384312728636484,1.0711829011583118
EOS,45.0,5,940,0.14803322191293145,1.0711829011583118
EOS,45.0,5,941,0.4398992852879502,1.0711829011583118
EOS,45.0,5,942,0.19675387536236233,1.0711829011583118
EOS,45.0,5,943,1.2039494694587565,1.0711829011583118
EOS,45.0,5,944,-0.41840781968917184,1.0711829011583118
EOS,45.0,5,945,0.37724387879778565,1.0711829011583118
EOS,45.0,5,946,1.242511080148991,1.0711829011583118
EOS,45.0,5,947,0.6150842925199238,1.0711829011583118
EOS,45.0,5,948,-1.2306531994762455,1.0711829011583118
EOS,45.0,5,949,2.3101230721844423,1.0711829011583118
EOS,45.0,5,950,0.08313474903691187,1.0711829011583118
EOS,45.0,5,951,0.7999885799431565,1.0711829011583118
EOS,45.0,5,952,1.5304388676671832,1.0711829011583118
EOS,45.0,5,953,1.1568981077937974,1.0711829011583118
EOS,45.0,5,954,1.2214009570069004,1.0711829011583118
EOS,45.0,5,955,0.5264962482962279,1.0711829011583118
EOS,45.0,5,956,1.5038879642591896,1.0711829011583118
EOS,45.0,5,957,0.8454584502083384,1.0711829011583118
EOS,45.0,5,958,0.3731519115237871,1.0711829011583118
EOS,45.0,5,959,0.8248142332464696,1.0711829011583118
EOS,45.0,5,960,-1.407807523701947,1.0711829011583118
EOS,45.0,5,961,0.13883854368286164,1.0711829011583118
EOS,45.0,5,962,-0.8260976264438671,1.0711829011583118
EOS,45.0,5,963,1.1480642502876464,1.0711829011583118
EOS,45.0,5,964,2.4876727704685826,1.0711829011583118
EOS,45.0,5,965,0.9377517686818704,1.0711829011583118
EOS,45.0,5,966,0.7181524060311602,1.0711829011583118
EOS,45.0,5,967,0.8441529712641493,1.0711829011583118
EOS,45.0,5,968,0.22661298901825289,1.0711829011583118
EOS,45.0,5,969,1.2742359848819031,1.0711829011583118
EOS,45.0,5,970,1.3529777703848476,1.0711829011583118
EOS,45.0,5,971,0.4909506950114917,1.0711829011583118
EOS,45.0,5,972,2.0304150314293374,1.0711829011583118
EOS,45.0,5,973,3.4920214209254143,1.0711829011583118
EOS,45.0,5,974,-0.24334223352796958,1.0711829011583118
EOS,45.0,5,975,0.9592084656054958,1.0711829011583118
EOS,45.0,5,976,1.9835080753543233,1.0711829011583118
EOS,45.0,5,977,-0.543888423239963,1.0711829011583118
EOS,45.0,5,978,3.178829061522331,1.0711829011583118
EOS,45.0,5,979,1.2809844647949038,1.0711829011583118
EOS,45.0,5,980,1.6100744411634609,1.0711829011583118
EOS,45.0,5,981,2.568413001516058,1.0711829011583118
EOS,45.0,5,982,1.998157902930532,1.0711829011583118
EOS,45.0,5,983,0.3800752482956704,1.0711829011583118
EOS,45.0,5,984,1.8127632792275779,1.0711829011583118
EOS,45.0,5,985,2.4520318099469707,1.0711829011583118
EOS,45.0,5,986,0.6330634178512602,1.0711829011583118
EOS,45.0,5,987,2.0296989215509167,1.0711829011583118
EOS,45.0,5,988,0.9431868188126313,1.0711829011583118
EOS,45.0,5,989,0.2603325406968182,1.0711829011583118
EOS,45.0,5,990,1.9831287039449288,1.0711829011583118
EOS,45.0,5,991,2.3411061307445102,1.0711829011583118
EOS,45.0,5,992,2.7159985912826214,1.0711829011583118
EOS,45.0,5,993,-1.2492419457701591,1.0711829011583118
EOS,45.0,5,994,1.2284596763487032,1.0711829011583118
EOS,45.0,5,995,3.2769258593775485,1.0711829011583118
EOS,45.0,5,996,1.819757717860254,1.0711829011583118
EOS,45.0,5,997,2.0541377208469767,1.0711829011583118
EOS,45.0,5,998,-0.45100699696864144,1.0711829011583118
EOS,45.0,5,999,1.7028601268531895,1.0711829011583118
EOS,55.0,5,1,-0.12252688999258987,-0.3143808843668461
EOS,55.0,5,2,0.027326204531327836,-0.3143808843668461
EOS,55.0,5,3,-0.3018065863367301,-0.3143808843668461
EOS,55.0,5,4,-0.5000580530659965,-0.3143808843668461
EOS,55.0,5,5,-0.3800616573213915,-0.3143808843668461
EOS,55.0,5,6,0.042333044209456494,-0.3143808843668461
EOS,55.0,5,7,-0.8121670923144066,-0.3143808843668461
EOS,55.0,5,8,-0.5988329113806374,-0.3143808843668461
EOS,55.0,5,9,-0.06269304327510028,-0.3143808843668461
EOS,55.0,5,10,-0.7429788473266887,-0.3143808843668461
EOS,55.0,5,11,0.17757365718648144,-0.3143808843668461
EOS,55.0,5,12,-0.4843094327911537,-0.3143808843668461
EOS,55.0,5,13,-0.2671651516605291,-0.3143808843668461
EOS,55.0,5,14,0.0851081386941478,-0.3143808843668461
EOS,55.0,5,15,-0.0716975319474833,-0.3143808843668461
EOS,55.0,5,16,-1.7466294227080965,-0.3143808843668461
EOS,55.0,5,17,-0.6169269322510933,-0.3143808843668461
EOS,55.0,5,18,-0.005802390002697777,-0.3143808843668461
EOS,55.0,5,19,-0.4854459835948195,-0.3143808843668461
EOS,55.0,5,20,0.661764177898789,-0.3143808843668461
EOS,55.0,5,21,-0.33197274408321253,-0.3143808843668461
EOS,55.0,5,22,0.8678816799023914,-0.3143808843668461
EOS,55.0,5,23,-0.2523805501656984,-0.3143808843668461
EOS,55.0,5,24,-0.7818558611274298,-0.3143808843668461
EOS,55.0,5,25,-0.5076939252308834,-0.3143808843668461
EOS,55.0,5,26,-0.8723560262872136,-0.3143808843668461
EOS,55.0,5,27,-0.20407499989013678,-0.3143808843668461
EOS,55.0,5,28,-0.6356201302812872,-0.3143808843668461
EOS,55.0,5,29,-0.4177597380267444,-0.3143808843668461
EOS,55.0,5,30,0.30112420190735656,-0.3143808843668461
EOS,55.0,5,31,-0.6404898842905444,-0.3143808843668461
EOS,55.0,5,32,-0.941074392207585,-0.3143808843668461
EOS,55.0,5,33,0.6280563483195563,-0.3143808843668461
EOS,55.0,5,34,-0.2669203165073428,-0.3143808843668461
EOS,55.0,5,35,-1.0293436155411246,-0.3143808843668461
EOS,55.0,5,36,-1.234214877483828,-0.3143808843668461
EOS,55.0,5,37,-0.4784400350614595,-0.3143808843668461
EOS,55.0,5,38,-0.4997862383643804,-0.3143808843668461
EOS,55.0,5,39,-0.4575839878643102,-0.3143808843668461
EOS,55.0,5,40,0.06820079059762074,-0.3143808843668461
EOS,55.0,5,41,-0.843894045161222,-0.3143808843668461
EOS,55.0,5,42,0.07144407408885023,-0.3143808843668461
EOS,55.0,5,43,-0.025406224106715447,-0.3143808843668461
EOS,55.0,5,44,-0.286812390442424,-0.3143808843668461
EOS,55.0,5,45,-0.12241123082771987,-0.3143808843668461
EOS,55.0,5,46,-0.4545982049895345,-0.3143808843668461
EOS,55.0,5,47,0.049305422927173215,-0.3143808843668461
EOS,55.0,5,48,-0.586395583291361,-0.3143808843668461
EOS,55.0,5,49,-0.6472922354324644,-0.3143808843668461
EOS,55.0,5,50,-0.46566707796419826,-0.3143808843668461
EOS,55.0,5,51,0.11139435446651058,-0.3143808843668461
EOS,55.0,5,52,-0.56351689400802,-0.3143808843668461
EOS,55.0,5,53,-0.1558728564118934,-0.3143808843668461
EOS,55.0,5,54,-0.5910294384674997,-0.3143808843668461
EOS,55.0,5,55,-0.5901696696515242,-0.3143808843668461
EOS,55.0,5,56,-1.178392023815609,-0.3143808843668461
EOS,55.0,5,57,-0.373256962046991,-0.3143808843668461
EOS,55.0,5,58,-0.5852128464143975,-0.3143808843668461
EOS,55.0,5,59,0.010353453724206818,-0.3143808843668461
EOS,55.0,5,60,-0.17142468771464725,-0.3143808843668461
EOS,55.0,5,61,-0.05869158854431977,-0.3143808843668461
EOS,55.0,5,62,-0.3301642242111875,-0.3143808843668461
EOS,55.0,5,63,-0.03204933727892367,-0.3143808843668461
EOS,55.0,5,64,0.3865658760918258,-0.3143808843668461
EOS,55.0,5,65,-0.9572336987839005,-0.3143808843668461
EOS,55.0,5,66,-0.5588762134758098,-0.3143808843668461
EOS,55.0,5,67,-0.038328966767180894,-0.3143808843668461
EOS,55.0,5,68,0.4679152929750605,-0.3143808843668461
EOS,55.0,5,69,-0.5486449580278545,-0.3143808843668461
EOS,55.0,5,70,0.030400259727733747,-0.3143808843668461
EOS,55.0,5,71,-1.1495175780232367,-0.3143808843668461
EOS,55.0,5,72,0.6062967766095926,-0.3143808843668461
EOS,55.0,5,73,-1.1623090097290651,-0.3143808843668461
EOS,55.0,5,74,-0.2205239634766598,-0.3143808843668461
EOS,55.0,5,75,-0.24835228963243206,-0.3143808843668461
EOS,55.0,5,76,0.16888557252225067,-0.3143808843668461
EOS,55.0,5,77,-0.5374390325089111,-0.3143808843668461
EOS,55.0,5,78,0.6766370904247392,-0.3143808843668461
EOS,55.0,5,79,-0.7367911265494813,-0.3143808843668461
EOS,55.0,5,80,-0.07884419123217445,-0.3143808843668461
EOS,55.0,5,81,-0.6742448925444148,-0.3143808843668461
EOS,55.0,5,82,0.28341937184505817,-0.3143808843668461
EOS,55.0,5,83,0.30149159811954584,-0.3143808843668461
EOS,55.0,5,84,0.17835706528906514,-0.3143808843668461
EOS,55.0,5,85,-1.1993422377266465,-0.3143808843668461
EOS,55.0,5,86,-0.8452265186181895,-0.3143808843668461
EOS,55.0,5,87,0.6022234097649323,-0.3143808843668461
EOS,55.0,5,88,-0.7210462918314231,-0.3143808843668461
EOS,55.0,5,89,0.8718940436830169,-0.3143808843668461
EOS,55.0,5,90,0.03382873480372384,-0.3143808843668461
EOS,55.0,5,91,-0.9592069990119847,-0.3143808843668461
EOS,55.0,5,92,-0.013493025834485417,-0.3143808843668461
EOS,55.0,5,93,0.38948570885718703,-0.3143808843668461
EOS,55.0,5,94,0.1388839424620627,-0.3143808843668461
EOS,55.0,5,95,-0.3340491282289806,-0.3143808843668461
EOS,55.0,5,96,-0.08277439864968805,-0.3143808843668461
EOS,55.0,5,97,0.8351778053763861,-0.3143808843668461
EOS,55.0,5,98,-0.22653624736887135,-0.3143808843668461
EOS,55.0,5,99,-0.13259857415770493,-0.3143808843668461
EOS,55.0,5,100,-0.1428343223043238,-0.3143808843668461
EOS,55.0,5,101,0.3532849127102182,-0.3143808843668461
EOS,55.0,5,102,-0.04451485433156899,-0.3143808843668461
EOS,55.0,5,103,-0.15301994106918504,-0.3143808843668461
EOS,55.0,5,104,-0.8679572654045493,-0.3143808843668461
EOS,55.0,5,105,0.06649794338831017,-0.3143808843668461
EOS,55.0,5,106,0.5467034929106556,-0.3143808843668461
EOS,55.0,5,107,-1.3627955127749387,-0.3143808843668461
EOS,55.0,5,108,-0.8719627544187405,-0.3143808843668461
EOS,55.0,5,109,-0.5635617210715997,-0.3143808843668461
EOS,55.0,5,110,-0.05226287620966774,-0.3143808843668461
EOS,55.0,5,111,0.10276910857630428,-0.3143808843668461
EOS,55.0,5,112,0.017679150132845045,-0.3143808843668461
EOS,55.0,5,113,-0.039034924333169574,-0.3143808843668461
EOS,55.0,5,114,0.1252354040714354,-0.3143808843668461
EOS,55.0,5,115,0.1917114638566293,-0.3143808843668461
EOS,55.0,5,116,-0.7449950794723508,-0.3143808843668461
EOS,55.0,5,117,-0.0016240646111440604,-0.3143808843668461
EOS,55.0,5,118,0.235674596076763,-0.3143808843668461
EOS,55.0,5,119,-0.3718034384840523,-0.3143808843668461
EOS,55.0,5,120,-0.43167741555140837,-0.3143808843668461
EOS,55.0,5,121,0.7446424310091764,-0.3143808843668461
EOS,55.0,5,122,0.017260501553508778,-0.3143808843668461
EOS,55.0,5,123,-0.15917580593275105,-0.3143808843668461
EOS,55.0,5,124,-0.09047808823627035,-0.3143808843668461
EOS,55.0,5,125,-1.1355505905228749,-0.3143808843668461
EOS,55.0,5,126,-0.5072593372925915,-0.3143808843668461
EOS,55.0,5,127,-1.1203759538668372,-0.3143808843668461
EOS,55.0,5,128,-0.34938889450948984,-0.3143808843668461
EOS,55.0,5,129,-0.41015219507385303,-0.3143808843668461
EOS,55.0,5,130,0.651600795432125,-0.3143808843668461
EOS,55.0,5,131,-1.1092078678128314,-0.3143808843668461
EOS,55.0,5,132,-0.001854956596825108,-0.3143808843668461
EOS,55.0,5,133,-0.7788819456696068,-0.3143808843668461
EOS,55.0,5,134,0.0681498599591348,-0.3143808843668461
EOS,55.0,5,135,0.11720856021066095,-0.3143808843668461
EOS,55.0,5,136,-0.3277704738822178,-0.3143808843668461
EOS,55.0,5,137,-0.14808439512064275,-0.3143808843668461
EOS,55.0,5,138,-0.1230179529374602,-0.3143808843668461
EOS,55.0,5,139,0.10964176046012453,-0.3143808843668461
EOS,55.0,5,140,0.2455449225251254,-0.3143808843668461
EOS,55.0,5,141,-0.7563897659284848,-0.3143808843668461
EOS,55.0,5,142,-0.023274675568547343,-0.3143808843668461
EOS,55.0,5,143,0.5603423630499167,-0.3143808843668461
EOS,55.0,5,144,0.11092416709724406,-0.3143808843668461
EOS,55.0,5,145,-0.168358100832823,-0.3143808843668461
EOS,55.0,5,146,0.12338882709538579,-0.3143808843668461
EOS,55.0,5,147,-0.6476892858890344,-0.3143808843668461
EOS,55.0,5,148,-0.05099300774447513,-0.3143808843668461
EOS,55.0,5,149,-0.18573107603802413,-0.3143808843668461
EOS,55.0,5,150,-0.7602624403369695,-0.3143808843668461
EOS,55.0,5,151,0.33461459001714,-0.3143808843668461
EOS,55.0,5,152,-0.1446196688436565,-0.3143808843668461
EOS,55.0,5,153,-0.6930650779171998,-0.3143808843668461
EOS,55.0,5,154,-0.4804574701645583,-0.3143808843668461
EOS,55.0,5,155,-0.12978733516546992,-0.3143808843668461
EOS,55.0,5,156,-0.33783909946720114,-0.3143808843668461
EOS,55.0,5,157,0.342864877256275,-0.3143808843668461
EOS,55.0,5,158,-1.3779136092736346,-0.3143808843668461
EOS,55.0,5,159,-0.1496373104098656,-0.3143808843668461
EOS,55.0,5,160,0.6541676427208823,-0.3143808843668461
EOS,55.0,5,161,-0.5787492812442854,-0.3143808843668461
EOS,55.0,5,162,-0.07716416060437759,-0.3143808843668461
EOS,55.0,5,163,-0.6868998358540044,-0.3143808843668461
EOS,55.0,5,164,-0.11675687173310711,-0.3143808843668461
EOS,55.0,5,165,-0.5550352841310984,-0.3143808843668461
EOS,55.0,5,166,-0.22312511265674617,-0.3143808843668461
EOS,55.0,5,167,0.4967872761547243,-0.3143808843668461
EOS,55.0,5,168,-0.8118474844996726,-0.3143808843668461
EOS,55.0,5,169,-0.9598283148783946,-0.3143808843668461
EOS,55.0,5,170,-0.037210836344247156,-0.3143808843668461
EOS,55.0,5,171,-0.6043931899626718,-0.3143808843668461
EOS,55.0,5,172,-0.5510295329143946,-0.3143808843668461
EOS,55.0,5,173,-0.021396104370555502,-0.3143808843668461
EOS,55.0,5,174,-0.4939011183893125,-0.3143808843668461
EOS,55.0,5,175,-0.1174409086543331,-0.3143808843668461
EOS,55.0,5,176,0.026187699988363455,-0.3143808843668461
EOS,55.0,5,177,-0.24747251893466404,-0.3143808843668461
EOS,55.0,5,178,-0.7746141451240258,-0.3143808843668461
EOS,55.0,5,179,-0.5814074610182665,-0.3143808843668461
EOS,55.0,5,180,0.09521682344315696,-0.3143808843668461
EOS,55.0,5,181,0.4391145407697892,-0.3143808843668461
EOS,55.0,5,182,0.5244125246762126,-0.3143808843668461
EOS,55.0,5,183,0.12214154095616969,-0.3143808843668461
EOS,55.0,5,184,-0.6967218874722944,-0.3143808843668461
EOS,55.0,5,185,-0.7856945930042434,-0.3143808843668461
EOS,55.0,5,186,-0.6741138320724971,-0.3143808843668461
EOS,55.0,5,187,-0.1308238071163319,-0.3143808843668461
EOS,55.0,5,188,-0.17989496463041132,-0.3143808843668461
EOS,55.0,5,189,0.3797108995501397,-0.3143808843668461
EOS,55.0,5,190,-0.9236032428252163,-0.3143808843668461
EOS,55.0,5,191,-0.8728739434000072,-0.3143808843668461
EOS,55.0,5,192,0.2935328956527381,-0.3143808843668461
EOS,55.0,5,193,-0.1268318354304354,-0.3143808843668461
EOS,55.0,5,194,-0.1614817429082822,-0.3143808843668461
EOS,55.0,5,195,-0.3003904198194256,-0.3143808843668461
EOS,55.0,5,196,-0.31890781290178793,-0.3143808843668461
EOS,55.0,5,197,-0.14028043377931665,-0.3143808843668461
EOS,55.0,5,198,0.3193315846937552,-0.3143808843668461
EOS,55.0,5,199,0.5170772902643126,-0.3143808843668461
EOS,55.0,5,200,-0.5183787831027522,-0.3143808843668461
EOS,55.0,5,201,0.20369323996474775,-0.3143808843668461
EOS,55.0,5,202,0.16600543227331577,-0.3143808843668461
EOS,55.0,5,203,-0.8464942678910963,-0.3143808843668461
EOS,55.0,5,204,-0.5897616338601821,-0.3143808843668461
EOS,55.0,5,205,0.29801042319333537,-0.3143808843668461
EOS,55.0,5,206,0.1698344879963667,-0.3143808843668461
EOS,55.0,5,207,-0.7193757505466695,-0.3143808843668461
EOS,55.0,5,208,-0.4656561175983964,-0.3143808843668461
EOS,55.0,5,209,-0.473636426044699,-0.3143808843668461
EOS,55.0,5,210,0.47201500201906965,-0.3143808843668461
EOS,55.0,5,211,-0.23738332977399468,-0.3143808843668461
EOS,55.0,5,212,-1.491657496715965,-0.3143808843668461
EOS,55.0,5,213,0.14375119742381054,-0.3143808843668461
EOS,55.0,5,214,-0.5469080800082557,-0.3143808843668461
EOS,55.0,5,215,-0.760704879490615,-0.3143808843668461
EOS,55.0,5,216,-0.0371097223217709,-0.3143808843668461
EOS,55.0,5,217,-0.4515765110865406,-0.3143808843668461
EOS,55.0,5,218,-0.34942674954221375,-0.3143808843668461
EOS,55.0,5,219,-1.2076343755721788,-0.3143808843668461
EOS,55.0,5,220,-0.7935504718057085,-0.3143808843668461
EOS,55.0,5,221,-0.1788203595640201,-0.3143808843668461
EOS,55.0,5,222,-0.9436182148193131,-0.3143808843668461
EOS,55.0,5,223,0.06830811579146445,-0.3143808843668461
EOS,55.0,5,224,0.46454555522764585,-0.3143808843668461
EOS,55.0,5,225,-0.5358192768055705,-0.3143808843668461
EOS,55.0,5,226,-0.6006429761620709,-0.3143808843668461
EOS,55.0,5,227,0.4246032725743223,-0.3143808843668461
EOS,55.0,5,228,-0.9387206943459612,-0.3143808843668461
EOS,55.0,5,229,0.5680922007564484,-0.3143808843668461
EOS,55.0,5,230,-0.5562116906984169,-0.3143808843668461
EOS,55.0,5,231,-1.2002288559748013,-0.3143808843668461
EOS,55.0,5,232,-0.9002669530502578,-0.3143808843668461
EOS,55.0,5,233,-0.585211740112529,-0.3143808843668461
EOS,55.0,5,234,0.4558135689899182,-0.3143808843668461
EOS,55.0,5,235,-0.1286028109979236,-0.3143808843668461
EOS,55.0,5,236,-0.4707055409005667,-0.3143808843668461
EOS,55.0,5,237,-0.674776844258492,-0.3143808843668461
EOS,55.0,5,238,0.08910901242902591,-0.3143808843668461
EOS,55.0,5,239,-0.7989024153052102,-0.3143808843668461
EOS,55.0,5,240,0.4279837884271702,-0.3143808843668461
EOS,55.0,5,241,0.14572532044433872,-0.3143808843668461
EOS,55.0,5,242,-0.302201507537601,-0.3143808843668461
EOS,55.0,5,243,-1.2154835149669618,-0.3143808843668461
EOS,55.0,5,244,0.2960463210413611,-0.3143808843668461
EOS,55.0,5,245,-0.1068210290599172,-0.3143808843668461
EOS,55.0,5,246,0.04344565424779767,-0.3143808843668461
EOS,55.0,5,247,0.365721859399716,-0.3143808843668461
EOS,55.0,5,248,-0.7308721588665075,-0.3143808843668461
EOS,55.0,5,249,-0.9064772260692581,-0.3143808843668461
EOS,55.0,5,250,-1.0054306207727741,-0.3143808843668461
EOS,55.0,5,251,-0.5708621162859863,-0.3143808843668461
EOS,55.0,5,252,-0.8198908666271283,-0.3143808843668461
EOS,55.0,5,253,-0.39775958243569853,-0.3143808843668461
EOS,55.0,5,254,0.010707533026155458,-0.3143808843668461
EOS,55.0,5,255,-0.04486136138745245,-0.3143808843668461
EOS,55.0,5,256,-0.577753779007453,-0.3143808843668461
EOS,55.0,5,257,-0.8076754444361302,-0.3143808843668461
EOS,55.0,5,258,0.3268328121379058,-0.3143808843668461
EOS,55.0,5,259,-0.4022793994494398,-0.3143808843668461
EOS,55.0,5,260,0.702349646863069,-0.3143808843668461
EOS,55.0,5,261,0.5741606757630997,-0.3143808843668461
EOS,55.0,5,262,-0.19802046467277257,-0.3143808843668461
EOS,55.0,5,263,-0.31481969187616243,-0.3143808843668461
EOS,55.0,5,264,-0.4754969086751961,-0.3143808843668461
EOS,55.0,5,265,-0.768209506420868,-0.3143808843668461
EOS,55.0,5,266,-1.3489345474731922,-0.3143808843668461
EOS,55.0,5,267,0.7797708854846874,-0.3143808843668461
EOS,55.0,5,268,-0.771240571993338,-0.3143808843668461
EOS,55.0,5,269,-0.3931492337160247,-0.3143808843668461
EOS,55.0,5,270,0.022217044545914222,-0.3143808843668461
EOS,55.0,5,271,-0.37314217830694996,-0.3143808843668461
EOS,55.0,5,272,-0.3795503344609201,-0.3143808843668461
EOS,55.0,5,273,0.11952342929096382,-0.3143808843668461
EOS,55.0,5,274,0.33232243170622233,-0.3143808843668461
EOS,55.0,5,275,-0.2635114099395366,-0.3143808843668461
EOS,55.0,5,276,0.05213204277742278,-0.3143808843668461
EOS,55.0,5,277,-0.5013019443171077,-0.3143808843668461
EOS,55.0,5,278,-0.6180363492515961,-0.3143808843668461
EOS,55.0,5,279,-0.3248468913170197,-0.3143808843668461
EOS,55.0,5,280,-0.8656328595236588,-0.3143808843668461
EOS,55.0,5,281,-0.9111858794766652,-0.3143808843668461
EOS,55.0,5,282,-1.0167464521631828,-0.3143808843668461
EOS,55.0,5,283,0.5930589398195449,-0.3143808843668461
EOS,55.0,5,284,-0.11765791012612159,-0.3143808843668461
EOS,55.0,5,285,-0.14197018560440555,-0.3143808843668461
EOS,55.0,5,286,-0.3508627178319039,-0.3143808843668461
EOS,55.0,5,287,0.6923083152356704,-0.3143808843668461
EOS,55.0,5,288,-0.07120948803099858,-0.3143808843668461
EOS,55.0,5,289,0.17035734505407785,-0.3143808843668461
EOS,55.0,5,290,-0.18230436307003695,-0.3143808843668461
EOS,55.0,5,291,-1.0297630811162932,-0.3143808843668461
EOS,55.0,5,292,-0.954860946990825,-0.3143808843668461
EOS,55.0,5,293,-0.3645800919629265,-0.3143808843668461
EOS,55.0,5,294,0.04629099006645854,-0.3143808843668461
EOS,55.0,5,295,-0.6599811546372407,-0.3143808843668461
EOS,55.0,5,296,-1.6187789438277433,-0.3143808843668461
EOS,55.0,5,297,0.07829519616874236,-0.3143808843668461
EOS,55.0,5,298,-0.7865629769020157,-0.3143808843668461
EOS,55.0,5,299,-0.7187149472932118,-0.3143808843668461
EOS,55.0,5,300,-1.1583998496139356,-0.3143808843668461
EOS,55.0,5,301,0.06710399655310573,-0.3143808843668461
EOS,55.0,5,302,-1.2843284669194235,-0.3143808843668461
EOS,55.0,5,303,0.025991599424133094,-0.3143808843668461
EOS,55.0,5,304,-0.3893308061118499,-0.3143808843668461
EOS,55.0,5,305,-1.168789180055728,-0.3143808843668461
EOS,55.0,5,306,0.6704944688797384,-0.3143808843668461
EOS,55.0,5,307,-1.1700771372422374,-0.3143808843668461
EOS,55.0,5,308,0.4446536433285577,-0.3143808843668461
EOS,55.0,5,309,0.058207865268110726,-0.3143808843668461
EOS,55.0,5,310,-0.7452285892750332,-0.3143808843668461
EOS,55.0,5,311,0.1604600881328242,-0.3143808843668461
EOS,55.0,5,312,0.09311551848586253,-0.3143808843668461
EOS,55.0,5,313,-0.4659444457488233,-0.3143808843668461
EOS,55.0,5,314,0.025629891770997837,-0.3143808843668461
EOS,55.0,5,315,0.026319767909162017,-0.3143808843668461
EOS,55.0,5,316,-0.36308466680857476,-0.3143808843668461
EOS,55.0,5,317,-0.02265119803476945,-0.3143808843668461
EOS,55.0,5,318,-0.2824231869968772,-0.3143808843668461
EOS,55.0,5,319,-0.774167449494978,-0.3143808843668461
EOS,55.0,5,320,-0.9358860768783226,-0.3143808843668461
EOS,55.0,5,321,-0.0770556117473924,-0.3143808843668461
EOS,55.0,5,322,0.2778518142113937,-0.3143808843668461
EOS,55.0,5,323,-0.6160708171378779,-0.3143808843668461
EOS,55.0,5,324,-0.32895652416161547,-0.3143808843668461
EOS,55.0,5,325,0.49609206270297435,-0.3143808843668461
EOS,55.0,5,326,-0.5712228420985679,-0.3143808843668461
EOS,55.0,5,327,-0.9618720428434584,-0.3143808843668461
EOS,55.0,5,328,-0.07144480696346078,-0.3143808843668461
EOS,55.0,5,329,0.07578556988954643,-0.3143808843668461
EOS,55.0,5,330,-0.7271171330477699,-0.3143808843668461
EOS,55.0,5,331,-0.7633980510094407,-0.3143808843668461
EOS,55.0,5,332,-1.0948227507619883,-0.3143808843668461
EOS,55.0,5,333,-0.2167646026955352,-0.3143808843668461
EOS,55.0,5,334,0.2427370125217787,-0.3143808843668461
EOS,55.0,5,335,-0.3551754761740551,-0.3143808843668461
EOS,55.0,5,336,-0.007976664636915487,-0.3143808843668461
EOS,55.0,5,337,0.3496953155149798,-0.3143808843668461
EOS,55.0,5,338,-0.26511717627519027,-0.3143808843668461
EOS,55.0,5,339,-0.5467930069064062,-0.3143808843668461
EOS,55.0,5,340,-0.6830530458499653,-0.3143808843668461
EOS,55.0,5,341,-0.46576859950231553,-0.3143808843668461
EOS,55.0,5,342,-0.9614126058576282,-0.3143808843668461
EOS,55.0,5,343,-0.4093272766945457,-0.3143808843668461
EOS,55.0,5,344,-0.22943232354967358,-0.3143808843668461
EOS,55.0,5,345,0.6811892423610988,-0.3143808843668461
EOS,55.0,5,346,-0.19616992823832557,-0.3143808843668461
EOS,55.0,5,347,-1.0121694821851452,-0.3143808843668461
EOS,55.0,5,348,-0.016646879423167338,-0.3143808843668461
EOS,55.0,5,349,-0.8105746574620474,-0.3143808843668461
EOS,55.0,5,350,-0.7625824869607307,-0.3143808843668461
EOS,55.0,5,351,-1.122118958910161,-0.3143808843668461
EOS,55.0,5,352,-0.7635581767589106,-0.3143808843668461
EOS,55.0,5,353,-0.0861891415672984,-0.3143808843668461
EOS,55.0,5,354,-0.17272942350850506,-0.3143808843668461
EOS,55.0,5,355,-1.1126063245934592,-0.3143808843668461
EOS,55.0,5,356,-0.8284234089072426,-0.3143808843668461
EOS,55.0,5,357,-0.23114275991150246,-0.3143808843668461
EOS,55.0,5,358,-0.05927766187331618,-0.3143808843668461
EOS,55.0,5,359,-1.4106933318130406,-0.3143808843668461
EOS,55.0,5,360,-0.23375445424818286,-0.3143808843668461
EOS,55.0,5,361,-0.8368682335521631,-0.3143808843668461
EOS,55.0,5,362,-0.4357393549439692,-0.3143808843668461
EOS,55.0,5,363,-0.049857931265170796,-0.3143808843668461
EOS,55.0,5,364,0.04065909962019343,-0.3143808843668461
EOS,55.0,5,365,0.26929335149888156,-0.3143808843668461
EOS,55.0,5,366,-0.9235234095396181,-0.3143808843668461
EOS,55.0,5,367,-0.6644640171979104,-0.3143808843668461
EOS,55.0,5,368,-0.39826010578905957,-0.3143808843668461
EOS,55.0,5,369,-0.09628599562327556,-0.3143808843668461
EOS,55.0,5,370,-0.3793224451769128,-0.3143808843668461
EOS,55.0,5,371,-0.2931608197917126,-0.3143808843668461
EOS,55.0,5,372,-0.21727286861708506,-0.3143808843668461
EOS,55.0,5,373,0.4200514925523382,-0.3143808843668461
EOS,55.0,5,374,-0.39887306410553114,-0.3143808843668461
EOS,55.0,5,375,-0.27709547591974704,-0.3143808843668461
EOS,55.0,5,376,0.1439034336450149,-0.3143808843668461
EOS,55.0,5,377,-0.036814952295958436,-0.3143808843668461
EOS,55.0,5,378,-0.15508590851405657,-0.3143808843668461
EOS,55.0,5,379,0.16923640123361827,-0.3143808843668461
EOS,55.0,5,380,-0.4407769689303733,-0.3143808843668461
EOS,55.0,5,381,-0.4543325698261569,-0.3143808843668461
EOS,55.0,5,382,-0.37522142995154706,-0.3143808843668461
EOS,55.0,5,383,-2.463145623982427,-0.3143808843668461
EOS,55.0,5,384,-1.1189237560580017,-0.3143808843668461
EOS,55.0,5,385,-0.10383776977284898,-0.3143808843668461
EOS,55.0,5,386,-0.5747351318848821,-0.3143808843668461
EOS,55.0,5,387,-0.6132599163519223,-0.3143808843668461
EOS,55.0,5,388,-0.6715038838214732,-0.3143808843668461
EOS,55.0,5,389,-0.6238095108918021,-0.3143808843668461
EOS,55.0,5,390,-1.0372940422440402,-0.3143808843668461
EOS,55.0,5,391,-0.36788782910359097,-0.3143808843668461
EOS,55.0,5,392,-0.30706039927753714,-0.3143808843668461
EOS,55.0,5,393,-0.5994971346396973,-0.3143808843668461
EOS,55.0,5,394,0.3773862589978205,-0.3143808843668461
EOS,55.0,5,395,0.16768126433006048,-0.3143808843668461
EOS,55.0,5,396,-0.5514320616901074,-0.3143808843668461
EOS,55.0,5,397,-0.15255050600013353,-0.3143808843668461
EOS,55.0,5,398,-0.6881106260793004,-0.3143808843668461
EOS,55.0,5,399,0.3612806547227654,-0.3143808843668461
EOS,55.0,5,400,-0.5863659239456607,-0.3143808843668461
EOS,55.0,5,401,0.05552521214282802,-0.3143808843668461
EOS,55.0,5,402,-0.35181067032657865,-0.3143808843668461
EOS,55.0,5,403,-0.1531551815761707,-0.3143808843668461
EOS,55.0,5,404,0.08469576007216939,-0.3143808843668461
EOS,55.0,5,405,-0.03379414821474924,-0.3143808843668461
EOS,55.0,5,406,-0.021048072014404395,-0.3143808843668461
EOS,55.0,5,407,0.30712494947841784,-0.3143808843668461
EOS,55.0,5,408,-0.9169489903070374,-0.3143808843668461
EOS,55.0,5,409,-0.7195343923135726,-0.3143808843668461
EOS,55.0,5,410,0.22641514440497224,-0.3143808843668461
EOS,55.0,5,411,0.22728472351394746,-0.3143808843668461
EOS,55.0,5,412,-0.26707818834070085,-0.3143808843668461
EOS,55.0,5,413,-1.3926404395211571,-0.3143808843668461
EOS,55.0,5,414,-1.2371887840245361,-0.3143808843668461
EOS,55.0,5,415,-0.23639793647218488,-0.3143808843668461
EOS,55.0,5,416,0.1712489600076753,-0.3143808843668461
EOS,55.0,5,417,-0.7444273229329726,-0.3143808843668461
EOS,55.0,5,418,-0.675476897088424,-0.3143808843668461
EOS,55.0,5,419,-0.6138275661674424,-0.3143808843668461
EOS,55.0,5,420,-0.8335557291198511,-0.3143808843668461
EOS,55.0,5,421,-0.1426254672783429,-0.3143808843668461
EOS,55.0,5,422,-0.2536869078148598,-0.3143808843668461
EOS,55.0,5,423,-0.10823119980117735,-0.3143808843668461
EOS,55.0,5,424,0.35816824417096527,-0.3143808843668461
EOS,55.0,5,425,0.15949658048014714,-0.3143808843668461
EOS,55.0,5,426,-0.19688108986686959,-0.3143808843668461
EOS,55.0,5,427,0.2009403571720143,-0.3143808843668461
EOS,55.0,5,428,-0.5073812870620391,-0.3143808843668461
EOS,55.0,5,429,-0.31727038216258185,-0.3143808843668461
EOS,55.0,5,430,-0.14969116214169853,-0.3143808843668461
EOS,55.0,5,431,-0.7855252040837336,-0.3143808843668461
EOS,55.0,5,432,0.5612398481248362,-0.3143808843668461
EOS,55.0,5,433,-0.33836891591106943,-0.3143808843668461
EOS,55.0,5,434,0.17330867927602545,-0.3143808843668461
EOS,55.0,5,435,-0.23518241223564385,-0.3143808843668461
EOS,55.0,5,436,0.13240563226013768,-0.3143808843668461
EOS,55.0,5,437,-0.1769902082399346,-0.3143808843668461
EOS,55.0,5,438,-0.7812666835087381,-0.3143808843668461
EOS,55.0,5,439,-0.21330461308864346,-0.3143808843668461
EOS,55.0,5,440,-0.7717491941859747,-0.3143808843668461
EOS,55.0,5,441,0.18093161847514283,-0.3143808843668461
EOS,55.0,5,442,-0.2097808561150436,-0.3143808843668461
EOS,55.0,5,443,-1.3690951620277052,-0.3143808843668461
EOS,55.0,5,444,0.03313298738785231,-0.3143808843668461
EOS,55.0,5,445,-0.6078603683069448,-0.3143808843668461
EOS,55.0,5,446,0.019895333139090976,-0.3143808843668461
EOS,55.0,5,447,0.22060717336547042,-0.3143808843668461
EOS,55.0,5,448,-1.240255688276236,-0.3143808843668461
EOS,55.0,5,449,-1.0372977534884156,-0.3143808843668461
EOS,55.0,5,450,0.18162349362191965,-0.3143808843668461
EOS,55.0,5,451,-0.8506646005045764,-0.3143808843668461
EOS,55.0,5,452,-1.3289421788208577,-0.3143808843668461
EOS,55.0,5,453,-0.7790921084730549,-0.3143808843668461
EOS,55.0,5,454,-0.019940158598250712,-0.3143808843668461
EOS,55.0,5,455,0.3614278864286684,-0.3143808843668461
EOS,55.0,5,456,-0.611450777308385,-0.3143808843668461
EOS,55.0,5,457,-1.2849148126633452,-0.3143808843668461
EOS,55.0,5,458,-0.5522417107933575,-0.3143808843668461
EOS,55.0,5,459,0.447325786761975,-0.3143808843668461
EOS,55.0,5,460,0.10662430589031818,-0.3143808843668461
EOS,55.0,5,461,-0.9070764840217818,-0.3143808843668461
EOS,55.0,5,462,0.14842929768316804,-0.3143808843668461
EOS,55.0,5,463,0.11777287767916378,-0.3143808843668461
EOS,55.0,5,464,0.0027422322181095415,-0.3143808843668461
EOS,55.0,5,465,1.1544888175020784,-0.3143808843668461
EOS,55.0,5,466,-1.078712772941588,-0.3143808843668461
EOS,55.0,5,467,-1.2292086635746622,-0.3143808843668461
EOS,55.0,5,468,-0.14577772695885127,-0.3143808843668461
EOS,55.0,5,469,-0.44284096076810475,-0.3143808843668461
EOS,55.0,5,470,0.011312124953511082,-0.3143808843668461
EOS,55.0,5,471,-0.11013588935388197,-0.3143808843668461
EOS,55.0,5,472,-0.6000010937351483,-0.3143808843668461
EOS,55.0,5,473,0.0046240198921188025,-0.3143808843668461
EOS,55.0,5,474,0.3104486399194626,-0.3143808843668461
EOS,55.0,5,475,-0.1606651857248922,-0.3143808843668461
EOS,55.0,5,476,-0.1600019379782236,-0.3143808843668461
EOS,55.0,5,477,-0.7810464341616656,-0.3143808843668461
EOS,55.0,5,478,-0.4161284676469834,-0.3143808843668461
EOS,55.0,5,479,-0.5521233908021883,-0.3143808843668461
EOS,55.0,5,480,-0.10372645969151595,-0.3143808843668461
EOS,55.0,5,481,0.3769519566462196,-0.3143808843668461
EOS,55.0,5,482,0.6175250266229306,-0.3143808843668461
EOS,55.0,5,483,-0.8705551189684346,-0.3143808843668461
EOS,55.0,5,484,-0.17466536647946462,-0.3143808843668461
EOS,55.0,5,485,0.19273578598111207,-0.3143808843668461
EOS,55.0,5,486,0.298904757967827,-0.3143808843668461
EOS,55.0,5,487,0.8121650127010063,-0.3143808843668461
EOS,55.0,5,488,0.4089937701478552,-0.3143808843668461
EOS,55.0,5,489,0.06707561712634713,-0.3143808843668461
EOS,55.0,5,490,0.5388478822324185,-0.3143808843668461
EOS,55.0,5,491,0.6615088332984249,-0.3143808843668461
EOS,55.0,5,492,-0.7781972411349176,-0.3143808843668461
EOS,55.0,5,493,-0.052888125153275345,-0.3143808843668461
EOS,55.0,5,494,0.21675256017804045,-0.3143808843668461
EOS,55.0,5,495,0.5483594751693094,-0.3143808843668461
EOS,55.0,5,496,-0.536675129914834,-0.3143808843668461
EOS,55.0,5,497,-0.21017739883879005,-0.3143808843668461
EOS,55.0,5,498,-0.40628998990446896,-0.3143808843668461
EOS,55.0,5,499,0.10167597311796184,-0.3143808843668461
EOS,55.0,5,500,-0.29952772864988453,-0.3143808843668461
EOS,55.0,5,501,-0.5046117797473864,-0.3143808843668461
EOS,55.0,5,502,0.09683841682585781,-0.3143808843668461
EOS,55.0,5,503,-0.7324486470458784,-0.3143808843668461
EOS,55.0,5,504,-0.2126801249685737,-0.3143808843668461
EOS,55.0,5,505,0.268664566488644,-0.3143808843668461
EOS,55.0,5,506,-1.0127073992606872,-0.3143808843668461
EOS,55.0,5,507,0.4266820509571805,-0.3143808843668461
EOS,55.0,5,508,-0.017740950009954126,-0.3143808843668461
EOS,55.0,5,509,-0.8910555765678807,-0.3143808843668461
EOS,55.0,5,510,0.6452397940882275,-0.3143808843668461
EOS,55.0,5,511,-0.0347433515790716,-0.3143808843668461
EOS,55.0,5,512,-0.8343091760911108,-0.3143808843668461
EOS,55.0,5,513,0.12227849984420448,-0.3143808843668461
EOS,55.0,5,514,0.06640017852107816,-0.3143808843668461
EOS,55.0,5,515,-0.9952147044256184,-0.3143808843668461
EOS,55.0,5,516,-0.18722646628255957,-0.3143808843668461
EOS,55.0,5,517,-0.5772976808129844,-0.3143808843668461
EOS,55.0,5,518,0.296480594772897,-0.3143808843668461
EOS,55.0,5,519,-1.3631870290457269,-0.3143808843668461
EOS,55.0,5,520,0.5727530187299754,-0.3143808843668461
EOS,55.0,5,521,-0.43345528061626615,-0.3143808843668461
EOS,55.0,5,522,-1.4748845359776894,-0.3143808843668461
EOS,55.0,5,523,-0.823478726301651,-0.3143808843668461
EOS,55.0,5,524,-0.5628770643357615,-0.3143808843668461
EOS,55.0,5,525,-0.7372619931682436,-0.3143808843668461
EOS,55.0,5,526,-0.5301381523791554,-0.3143808843668461
EOS,55.0,5,527,0.3299929014123497,-0.3143808843668461
EOS,55.0,5,528,-0.059221107054562294,-0.3143808843668461
EOS,55.0,5,529,-0.765658683531343,-0.3143808843668461
EOS,55.0,5,530,-0.590871682142037,-0.3143808843668461
EOS,55.0,5,531,-0.8093657048459119,-0.3143808843668461
EOS,55.0,5,532,-0.2221983728448398,-0.3143808843668461
EOS,55.0,5,533,-0.014661233542131002,-0.3143808843668461
EOS,55.0,5,534,-0.8136950345763798,-0.3143808843668461
EOS,55.0,5,535,-0.34380230884604707,-0.3143808843668461
EOS,55.0,5,536,-0.1209759777798547,-0.3143808843668461
EOS,55.0,5,537,-0.4692254509572582,-0.3143808843668461
EOS,55.0,5,538,-0.27104018209373226,-0.3143808843668461
EOS,55.0,5,539,0.006222295371776099,-0.3143808843668461
EOS,55.0,5,540,-0.26414490874211616,-0.3143808843668461
EOS,55.0,5,541,0.3814907616349079,-0.3143808843668461
EOS,55.0,5,542,-0.5812244063982859,-0.3143808843668461
EOS,55.0,5,543,0.5358767109671281,-0.3143808843668461
EOS,55.0,5,544,-0.18404064790798058,-0.3143808843668461
EOS,55.0,5,545,-0.3709396186879448,-0.3143808843668461
EOS,55.0,5,546,-0.4109918994877115,-0.3143808843668461
EOS,55.0,5,547,-0.9851196469541487,-0.3143808843668461
EOS,55.0,5,548,-1.0466584976616236,-0.3143808843668461
EOS,55.0,5,549,-0.6719285191795106,-0.3143808843668461
EOS,55.0,5,550,-0.1610280470922283,-0.3143808843668461
EOS,55.0,5,551,-0.421840975900978,-0.3143808843668461
EOS,55.0,5,552,-0.3569604816657317,-0.3143808843668461
EOS,55.0,5,553,-0.5487446104605425,-0.3143808843668461
EOS,55.0,5,554,-0.6196746286675148,-0.3143808843668461
EOS,55.0,5,555,-0.001491615502421828,-0.3143808843668461
EOS,55.0,5,556,0.2588696521699627,-0.3143808843668461
EOS,55.0,5,557,-0.047543764629366825,-0.3143808843668461
EOS,55.0,5,558,0.19148961482885962,-0.3143808843668461
EOS,55.0,5,559,0.15486634854158488,-0.3143808843668461
EOS,55.0,5,560,-0.4250863113097483,-0.3143808843668461
EOS,55.0,5,561,-0.3305492866375186,-0.3143808843668461
EOS,55.0,5,562,-0.22337784667999738,-0.3143808843668461
EOS,55.0,5,563,0.14718151983752503,-0.3143808843668461
EOS,55.0,5,564,-0.12598063657876502,-0.3143808843668461
EOS,55.0,5,565,-0.08510233279459967,-0.3143808843668461
EOS,55.0,5,566,-0.5589545218624992,-0.3143808843668461
EOS,55.0,5,567,-0.5767124390678349,-0.3143808843668461
EOS,55.0,5,568,0.2992074367541042,-0.3143808843668461
EOS,55.0,5,569,-0.14536375511742028,-0.3143808843668461
EOS,55.0,5,570,0.3781049469366726,-0.3143808843668461
EOS,55.0,5,571,-0.9253970744215707,-0.3143808843668461
EOS,55.0,5,572,-0.9068362034099067,-0.3143808843668461
EOS,55.0,5,573,-0.8126863966096254,-0.3143808843668461
EOS,55.0,5,574,-0.3109903007378043,-0.3143808843668461
EOS,55.0,5,575,-0.023789835618022614,-0.3143808843668461
EOS,55.0,5,576,-0.9020328663499861,-0.3143808843668461
EOS,55.0,5,577,0.31712472909927136,-0.3143808843668461
EOS,55.0,5,578,-0.37715731747703773,-0.3143808843668461
EOS,55.0,5,579,0.932380294101461,-0.3143808843668461
EOS,55.0,5,580,0.5639315740524335,-0.3143808843668461
EOS,55.0,5,581,-0.690926859341646,-0.3143808843668461
EOS,55.0,5,582,0.034010032325030526,-0.3143808843668461
EOS,55.0,5,583,-0.024440320203884536,-0.3143808843668461
EOS,55.0,5,584,0.2512626912540976,-0.3143808843668461
EOS,55.0,5,585,-0.010530872983472994,-0.3143808843668461
EOS,55.0,5,586,-0.6873815762583568,-0.3143808843668461
EOS,55.0,5,587,-0.35060759120583884,-0.3143808843668461
EOS,55.0,5,588,0.4231747060140769,-0.3143808843668461
EOS,55.0,5,589,-0.8676962097889652,-0.3143808843668461
EOS,55.0,5,590,-0.2537095165364154,-0.3143808843668461
EOS,55.0,5,591,-0.8221107566466017,-0.3143808843668461
EOS,55.0,5,592,-1.1042600527782795,-0.3143808843668461
EOS,55.0,5,593,-0.041972548800055964,-0.3143808843668461
EOS,55.0,5,594,-0.4372881259889574,-0.3143808843668461
EOS,55.0,5,595,-1.0437768628935018,-0.3143808843668461
EOS,55.0,5,596,-0.5849108983083777,-0.3143808843668461
EOS,55.0,5,597,-0.4172581117727965,-0.3143808843668461
EOS,55.0,5,598,0.10742815186204985,-0.3143808843668461
EOS,55.0,5,599,-0.586727375356122,-0.3143808843668461
EOS,55.0,5,600,0.5243558580195478,-0.3143808843668461
EOS,55.0,5,601,-0.4988395107114014,-0.3143808843668461
EOS,55.0,5,602,-0.1540589195361688,-0.3143808843668461
EOS,55.0,5,603,-0.6576658576672323,-0.3143808843668461
EOS,55.0,5,604,0.35473572726169667,-0.3143808843668461
EOS,55.0,5,605,-0.9478999277316146,-0.3143808843668461
EOS,55.0,5,606,0.5393282980575066,-0.3143808843668461
EOS,55.0,5,607,0.08441508242784668,-0.3143808843668461
EOS,55.0,5,608,-0.2621050669203564,-0.3143808843668461
EOS,55.0,5,609,-0.6833327086281105,-0.3143808843668461
EOS,55.0,5,610,-0.7977283688775942,-0.3143808843668461
EOS,55.0,5,611,0.4272100257446495,-0.3143808843668461
EOS,55.0,5,612,-0.4812042368625129,-0.3143808843668461
EOS,55.0,5,613,0.27238140533950694,-0.3143808843668461
EOS,55.0,5,614,-0.3991698833874566,-0.3143808843668461
EOS,55.0,5,615,-0.9297424696754739,-0.3143808843668461
EOS,55.0,5,616,0.5647869777457248,-0.3143808843668461
EOS,55.0,5,617,0.02873249975932035,-0.3143808843668461
EOS,55.0,5,618,-0.5799694123968668,-0.3143808843668461
EOS,55.0,5,619,-1.1517334076057673,-0.3143808843668461
EOS,55.0,5,620,0.5100016239088982,-0.3143808843668461
EOS,55.0,5,621,0.08116528918228694,-0.3143808843668461
EOS,55.0,5,622,0.25843004523010293,-0.3143808843668461
EOS,55.0,5,623,-0.18601430202853764,-0.3143808843668461
EOS,55.0,5,624,-0.4171686245700983,-0.3143808843668461
EOS,55.0,5,625,-1.5564771496419123,-0.3143808843668461
EOS,55.0,5,626,-0.9646190301239363,-0.3143808843668461
EOS,55.0,5,627,-0.5508793948123318,-0.3143808843668461
EOS,55.0,5,628,-0.16231835765234903,-0.3143808843668461
EOS,55.0,5,629,-0.1814559724742031,-0.3143808843668461
EOS,55.0,5,630,-0.10670084099991928,-0.3143808843668461
EOS,55.0,5,631,0.4703075648797366,-0.3143808843668461
EOS,55.0,5,632,-0.3397516442471993,-0.3143808843668461
EOS,55.0,5,633,-0.423817742339089,-0.3143808843668461
EOS,55.0,5,634,-1.5446738314567448,-0.3143808843668461
EOS,55.0,5,635,-1.4389174359664338,-0.3143808843668461
EOS,55.0,5,636,-0.4892252482349293,-0.3143808843668461
EOS,55.0,5,637,0.6187520797278705,-0.3143808843668461
EOS,55.0,5,638,-0.3464876368663121,-0.3143808843668461
EOS,55.0,5,639,-0.41892033000955253,-0.3143808843668461
EOS,55.0,5,640,-0.47274692929726214,-0.3143808843668461
EOS,55.0,5,641,-0.0836502253144531,-0.3143808843668461
EOS,55.0,5,642,-0.33287643370705045,-0.3143808843668461
EOS,55.0,5,643,-0.10263237067593867,-0.3143808843668461
EOS,55.0,5,644,0.03213102882681107,-0.3143808843668461
EOS,55.0,5,645,0.1446475657988544,-0.3143808843668461
EOS,55.0,5,646,-0.7488769092176528,-0.3143808843668461
EOS,55.0,5,647,0.0022439087132941626,-0.3143808843668461
EOS,55.0,5,648,0.12638613060465764,-0.3143808843668461
EOS,55.0,5,649,-0.6236816173580652,-0.3143808843668461
EOS,55.0,5,650,-0.2192592868938501,-0.3143808843668461
EOS,55.0,5,651,-0.37174929086549113,-0.3143808843668461
EOS,55.0,5,652,-0.30324847911760866,-0.3143808843668461
EOS,55.0,5,653,-0.24938438822063702,-0.3143808843668461
EOS,55.0,5,654,-1.5405187666247613,-0.3143808843668461
EOS,55.0,5,655,0.15250589994877495,-0.3143808843668461
EOS,55.0,5,656,-0.39180448932615186,-0.3143808843668461
EOS,55.0,5,657,0.08154223771278613,-0.3143808843668461
EOS,55.0,5,658,-0.9338636405584151,-0.3143808843668461
EOS,55.0,5,659,-0.960008406418682,-0.3143808843668461
EOS,55.0,5,660,0.6979546434481434,-0.3143808843668461
EOS,55.0,5,661,0.04583336746967959,-0.3143808843668461
EOS,55.0,5,662,-0.37800073703542303,-0.3143808843668461
EOS,55.0,5,663,-0.12008927516584378,-0.3143808843668461
EOS,55.0,5,664,0.12755883322975436,-0.3143808843668461
EOS,55.0,5,665,-0.45252976079416873,-0.3143808843668461
EOS,55.0,5,666,-0.5877399450604952,-0.3143808843668461
EOS,55.0,5,667,0.03401427756153019,-0.3143808843668461
EOS,55.0,5,668,-0.3391220991109871,-0.3143808843668461
EOS,55.0,5,669,-1.0053169365641663,-0.3143808843668461
EOS,55.0,5,670,0.03713032781425296,-0.3143808843668461
EOS,55.0,5,671,-0.6473987062355067,-0.3143808843668461
EOS,55.0,5,672,-0.3993615736706104,-0.3143808843668461
EOS,55.0,5,673,-0.5234394154949942,-0.3143808843668461
EOS,55.0,5,674,-1.13389831910651,-0.3143808843668461
EOS,55.0,5,675,0.17031783076923102,-0.3143808843668461
EOS,55.0,5,676,-1.0276590539682755,-0.3143808843668461
EOS,55.0,5,677,-0.8400232283759294,-0.3143808843668461
EOS,55.0,5,678,0.3938316649219433,-0.3143808843668461
EOS,55.0,5,679,0.02438073520742945,-0.3143808843668461
EOS,55.0,5,680,0.30995391713956555,-0.3143808843668461
EOS,55.0,5,681,-0.8367852220990954,-0.3143808843668461
EOS,55.0,5,682,-1.2377129015795616,-0.3143808843668461
EOS,55.0,5,683,-0.6041968553471352,-0.3143808843668461
EOS,55.0,5,684,-0.2899910554633056,-0.3143808843668461
EOS,55.0,5,685,-0.01070385048504141,-0.3143808843668461
EOS,55.0,5,686,-0.8204362681293218,-0.3143808843668461
EOS,55.0,5,687,-1.8934782174399558,-0.3143808843668461
EOS,55.0,5,688,0.16018305102194796,-0.3143808843668461
EOS,55.0,5,689,-1.012890390411101,-0.3143808843668461
EOS,55.0,5,690,0.2437632027099541,-0.3143808843668461
EOS,55.0,5,691,-0.7179928605113661,-0.3143808843668461
EOS,55.0,5,692,-0.10516895183428898,-0.3143808843668461
EOS,55.0,5,693,-0.12326102060404387,-0.3143808843668461
EOS,55.0,5,694,-0.6597234516386057,-0.3143808843668461
EOS,55.0,5,695,-0.05169109505238567,-0.3143808843668461
EOS,55.0,5,696,-0.5404166208224226,-0.3143808843668461
EOS,55.0,5,697,-0.04908764070578786,-0.3143808843668461
EOS,55.0,5,698,0.36023434278853117,-0.3143808843668461
EOS,55.0,5,699,-0.4853637800589681,-0.3143808843668461
EOS,55.0,5,700,-0.40452188877659934,-0.3143808843668461
EOS,55.0,5,701,0.02141129504143513,-0.3143808843668461
EOS,55.0,5,702,-1.3624912000833236,-0.3143808843668461
EOS,55.0,5,703,-0.7517299988106694,-0.3143808843668461
EOS,55.0,5,704,0.042783035053184815,-0.3143808843668461
EOS,55.0,5,705,-0.6302246047913791,-0.3143808843668461
EOS,55.0,5,706,-0.199030518372747,-0.3143808843668461
EOS,55.0,5,707,-0.5728934287615881,-0.3143808843668461
EOS,55.0,5,708,-1.057475404521662,-0.3143808843668461
EOS,55.0,5,709,-0.33757460934919314,-0.3143808843668461
EOS,55.0,5,710,-1.0942423193981503,-0.3143808843668461
EOS,55.0,5,711,-0.36063485178743004,-0.3143808843668461
EOS,55.0,5,712,-1.0401509270652534,-0.3143808843668461
EOS,55.0,5,713,0.18603605604720075,-0.3143808843668461
EOS,55.0,5,714,0.257744350065348,-0.3143808843668461
EOS,55.0,5,715,-0.014198518160263074,-0.3143808843668461
EOS,55.0,5,716,-0.09830072908145415,-0.3143808843668461
EOS,55.0,5,717,-0.726683797605697,-0.3143808843668461
EOS,55.0,5,718,-0.2563780361339536,-0.3143808843668461
EOS,55.0,5,719,-0.8280445084216486,-0.3143808843668461
EOS,55.0,5,720,-0.5544295982369642,-0.3143808843668461
EOS,55.0,5,721,0.06808279127770378,-0.3143808843668461
EOS,55.0,5,722,-0.21496722413054448,-0.3143808843668461
EOS,55.0,5,723,-0.13517705860877238,-0.3143808843668461
EOS,55.0,5,724,-0.14421276863600951,-0.3143808843668461
EOS,55.0,5,725,-0.5772705198964253,-0.3143808843668461
EOS,55.0,5,726,-0.6726273800287339,-0.3143808843668461
EOS,55.0,5,727,-0.5707905735337957,-0.3143808843668461
EOS,55.0,5,728,-0.6945453576598251,-0.3143808843668461
EOS,55.0,5,729,-0.17150242988651465,-0.3143808843668461
EOS,55.0,5,730,-0.10677158189205072,-0.3143808843668461
EOS,55.0,5,731,-0.8087754614434066,-0.3143808843668461
EOS,55.0,5,732,0.3753354635106647,-0.3143808843668461
EOS,55.0,5,733,-0.5090133945236939,-0.3143808843668461
EOS,55.0,5,734,-0.16715251082589377,-0.3143808843668461
EOS,55.0,5,735,-1.2405948702157876,-0.3143808843668461
EOS,55.0,5,736,0.11088761910125133,-0.3143808843668461
EOS,55.0,5,737,-0.6078242385890356,-0.3143808843668461
EOS,55.0,5,738,0.427585172453421,-0.3143808843668461
EOS,55.0,5,739,-1.2859400042994107,-0.3143808843668461
EOS,55.0,5,740,-0.15278374072378753,-0.3143808843668461
EOS,55.0,5,741,-0.9560998205426847,-0.3143808843668461
EOS,55.0,5,742,-0.2214638447451514,-0.3143808843668461
EOS,55.0,5,743,-0.03609724308635576,-0.3143808843668461
EOS,55.0,5,744,-1.3814841337348858,-0.3143808843668461
EOS,55.0,5,745,-0.17698773988417926,-0.3143808843668461
EOS,55.0,5,746,-0.6686813011134991,-0.3143808843668461
EOS,55.0,5,747,-0.42648221922520335,-0.3143808843668461
EOS,55.0,5,748,0.06150408767171478,-0.3143808843668461
EOS,55.0,5,749,-0.5271465849197612,-0.3143808843668461
EOS,55.0,5,750,0.6971734932468798,-0.3143808843668461
EOS,55.0,5,751,-0.06292568949316424,-0.3143808843668461
EOS,55.0,5,752,-0.5279819634998857,-0.3143808843668461
EOS,55.0,5,753,-0.21715760305192422,-0.3143808843668461
EOS,55.0,5,754,0.17150874324444032,-0.3143808843668461
EOS,55.0,5,755,0.24693387534856714,-0.3143808843668461
EOS,55.0,5,756,-0.6810390517467717,-0.3143808843668461
EOS,55.0,5,757,0.07369599624209311,-0.3143808843668461
EOS,55.0,5,758,-0.8510526848736819,-0.3143808843668461
EOS,55.0,5,759,-1.2381513583521941,-0.3143808843668461
EOS,55.0,5,760,0.11289665747191657,-0.3143808843668461
EOS,55.0,5,761,-0.4556751061519291,-0.3143808843668461
EOS,55.0,5,762,-0.8714712690014479,-0.3143808843668461
EOS,55.0,5,763,-1.6233379827716496,-0.3143808843668461
EOS,55.0,5,764,-0.3243909348691567,-0.3143808843668461
EOS,55.0,5,765,-0.5198846099922005,-0.3143808843668461
EOS,55.0,5,766,-0.7387245100584521,-0.3143808843668461
EOS,55.0,5,767,0.1595684760203988,-0.3143808843668461
EOS,55.0,5,768,-0.6131045413905811,-0.3143808843668461
EOS,55.0,5,769,-0.9673915290333497,-0.3143808843668461
EOS,55.0,5,770,-0.48264036821484213,-0.3143808843668461
EOS,55.0,5,771,-0.16555647558152975,-0.3143808843668461
EOS,55.0,5,772,-0.2644948589584448,-0.3143808843668461
EOS,55.0,5,773,0.9959353073318302,-0.3143808843668461
EOS,55.0,5,774,-1.0613596438478012,-0.3143808843668461
EOS,55.0,5,775,-0.8219235028989105,-0.3143808843668461
EOS,55.0,5,776,-0.10334618030727238,-0.3143808843668461
EOS,55.0,5,777,-0.6680926149243287,-0.3143808843668461
EOS,55.0,5,778,-0.023525517099420856,-0.3143808843668461
EOS,55.0,5,779,-0.39792806340643505,-0.3143808843668461
EOS,55.0,5,780,-0.19167253302294696,-0.3143808843668461
EOS,55.0,5,781,-0.13417974141841715,-0.3143808843668461
EOS,55.0,5,782,0.7959356741578132,-0.3143808843668461
EOS,55.0,5,783,0.19067789432979554,-0.3143808843668461
EOS,55.0,5,784,-0.9400961546090314,-0.3143808843668461
EOS,55.0,5,785,-0.1764470388081849,-0.3143808843668461
EOS,55.0,5,786,-0.5132700357156847,-0.3143808843668461
EOS,55.0,5,787,-0.3966906218897741,-0.3143808843668461
EOS,55.0,5,788,0.759408177806409,-0.3143808843668461
EOS,55.0,5,789,-0.4392711356151374,-0.3143808843668461
EOS,55.0,5,790,-1.368455525719395,-0.3143808843668461
EOS,55.0,5,791,0.042068165308160044,-0.3143808843668461
EOS,55.0,5,792,0.07058992733038005,-0.3143808843668461
EOS,55.0,5,793,-0.295410629516637,-0.3143808843668461
EOS,55.0,5,794,0.1934334513066014,-0.3143808843668461
EOS,55.0,5,795,-0.2862559736321024,-0.3143808843668461
EOS,55.0,5,796,-1.0212042800529697,-0.3143808843668461
EOS,55.0,5,797,0.39724156320795423,-0.3143808843668461
EOS,55.0,5,798,-0.18857890235339703,-0.3143808843668461
EOS,55.0,5,799,0.5449163760197961,-0.3143808843668461
EOS,55.0,5,800,-0.15701647555827702,-0.3143808843668461
EOS,55.0,5,801,-0.6148095050698545,-0.3143808843668461
EOS,55.0,5,802,0.6807225004479383,-0.3143808843668461
EOS,55.0,5,803,-1.1882677539643054,-0.3143808843668461
EOS,55.0,5,804,-0.18424316787826434,-0.3143808843668461
EOS,55.0,5,805,-0.36851775149130583,-0.3143808843668461
EOS,55.0,5,806,-0.6068736484394359,-0.3143808843668461
EOS,55.0,5,807,-0.48107984376832147,-0.3143808843668461
EOS,55.0,5,808,-0.34590211427648876,-0.3143808843668461
EOS,55.0,5,809,-0.06206956690105381,-0.3143808843668461
EOS,55.0,5,810,-0.6016446376520521,-0.3143808843668461
EOS,55.0,5,811,0.14162478995354144,-0.3143808843668461
EOS,55.0,5,812,-0.579330794551949,-0.3143808843668461
EOS,55.0,5,813,-1.4078440483114962,-0.3143808843668461
EOS,55.0,5,814,-0.9305635799738914,-0.3143808843668461
EOS,55.0,5,815,0.08522251416484106,-0.3143808843668461
EOS,55.0,5,816,-0.5525920206849646,-0.3143808843668461
EOS,55.0,5,817,-0.3106152581954309,-0.3143808843668461
EOS,55.0,5,818,0.29355197699489866,-0.3143808843668461
EOS,55.0,5,819,-0.4132231026582809,-0.3143808843668461
EOS,55.0,5,820,0.2892606324818281,-0.3143808843668461
EOS,55.0,5,821,-0.06909526421956191,-0.3143808843668461
EOS,55.0,5,822,-0.8335844693649406,-0.3143808843668461
EOS,55.0,5,823,-0.6416915451106235,-0.3143808843668461
EOS,55.0,5,824,0.1712411861263856,-0.3143808843668461
EOS,55.0,5,825,-0.787121732101248,-0.3143808843668461
EOS,55.0,5,826,-1.2548683169115424,-0.3143808843668461
EOS,55.0,5,827,-0.15950157777038798,-0.3143808843668461
EOS,55.0,5,828,0.6780255132732564,-0.3143808843668461
EOS,55.0,5,829,-0.22411989813636746,-0.3143808843668461
EOS,55.0,5,830,-0.1303668912289091,-0.3143808843668461
EOS,55.0,5,831,-0.04648958029694583,-0.3143808843668461
EOS,55.0,5,832,-0.18143563939936835,-0.3143808843668461
EOS,55.0,5,833,4.844363504252769e-05,-0.3143808843668461
EOS,55.0,5,834,-0.49485974081668394,-0.3143808843668461
EOS,55.0,5,835,-0.6323158624026759,-0.3143808843668461
EOS,55.0,5,836,-0.7974911131703524,-0.3143808843668461
EOS,55.0,5,837,-0.871549480988768,-0.3143808843668461
EOS,55.0,5,838,-0.397543050619211,-0.3143808843668461
EOS,55.0,5,839,0.16696479375487905,-0.3143808843668461
EOS,55.0,5,840,-0.09184575069481948,-0.3143808843668461
EOS,55.0,5,841,-0.10821543047766502,-0.3143808843668461
EOS,55.0,5,842,-0.4631570956645661,-0.3143808843668461
EOS,55.0,5,843,-0.22076702411853666,-0.3143808843668461
EOS,55.0,5,844,-0.09339805168426207,-0.3143808843668461
EOS,55.0,5,845,-0.6450452130309767,-0.3143808843668461
EOS,55.0,5,846,0.3387426372914823,-0.3143808843668461
EOS,55.0,5,847,-0.4279282657466877,-0.3143808843668461
EOS,55.0,5,848,0.20688770065293904,-0.3143808843668461
EOS,55.0,5,849,0.1345633536762818,-0.3143808843668461
EOS,55.0,5,850,-1.2393756771253073,-0.3143808843668461
EOS,55.0,5,851,-0.33874895547023964,-0.3143808843668461
EOS,55.0,5,852,0.6402801949380676,-0.3143808843668461
EOS,55.0,5,853,-1.2860050959429026,-0.3143808843668461
EOS,55.0,5,854,-0.008947396099610483,-0.3143808843668461
EOS,55.0,5,855,-0.943554016712989,-0.3143808843668461
EOS,55.0,5,856,-0.4648312944476922,-0.3143808843668461
EOS,55.0,5,857,-0.5745661576772438,-0.3143808843668461
EOS,55.0,5,858,0.2373893213663678,-0.3143808843668461
EOS,55.0,5,859,-0.959459182169788,-0.3143808843668461
EOS,55.0,5,860,-0.1709234966432278,-0.3143808843668461
EOS,55.0,5,861,-0.5760479078918306,-0.3143808843668461
EOS,55.0,5,862,-0.7898836227544386,-0.3143808843668461
EOS,55.0,5,863,-1.0663633715375243,-0.3143808843668461
EOS,55.0,5,864,-0.5567766268866476,-0.3143808843668461
EOS,55.0,5,865,0.8422212154360333,-0.3143808843668461
EOS,55.0,5,866,-0.18083482483150082,-0.3143808843668461
EOS,55.0,5,867,-0.4722960935334033,-0.3143808843668461
EOS,55.0,5,868,-1.5045349278813176,-0.3143808843668461
EOS,55.0,5,869,-1.1840333568333583,-0.3143808843668461
EOS,55.0,5,870,-0.9798446872189195,-0.3143808843668461
EOS,55.0,5,871,-0.7951747548043873,-0.3143808843668461
EOS,55.0,5,872,-0.5355738581858556,-0.3143808843668461
EOS,55.0,5,873,-0.027309483758172326,-0.3143808843668461
EOS,55.0,5,874,-0.9703900797405587,-0.3143808843668461
EOS,55.0,5,875,-1.2900648412000533,-0.3143808843668461
EOS,55.0,5,876,-0.44808804361265575,-0.3143808843668461
EOS,55.0,5,877,0.04353719229410946,-0.3143808843668461
EOS,55.0,5,878,-0.9933283166327207,-0.3143808843668461
EOS,55.0,5,879,-0.5519001562745067,-0.3143808843668461
EOS,55.0,5,880,-1.3533963642505074,-0.3143808843668461
EOS,55.0,5,881,-0.5006162671897321,-0.3143808843668461
EOS,55.0,5,882,-0.30772189061233113,-0.3143808843668461
EOS,55.0,5,883,-0.017269356912930967,-0.3143808843668461
EOS,55.0,5,884,-1.001320526644208,-0.3143808843668461
EOS,55.0,5,885,0.008808337431895463,-0.3143808843668461
EOS,55.0,5,886,-0.3367890189266656,-0.3143808843668461
EOS,55.0,5,887,0.686734160003041,-0.3143808843668461
EOS,55.0,5,888,0.09878650280697365,-0.3143808843668461
EOS,55.0,5,889,0.9241397533632054,-0.3143808843668461
EOS,55.0,5,890,-0.5516779481035446,-0.3143808843668461
EOS,55.0,5,891,-0.9757098574714309,-0.3143808843668461
EOS,55.0,5,892,0.14292738344143707,-0.3143808843668461
EOS,55.0,5,893,-0.24338462796987503,-0.3143808843668461
EOS,55.0,5,894,-0.9616921600599588,-0.3143808843668461
EOS,55.0,5,895,-0.40247275353918344,-0.3143808843668461
EOS,55.0,5,896,-0.23584652718425447,-0.3143808843668461
EOS,55.0,5,897,-0.1535063879390628,-0.3143808843668461
EOS,55.0,5,898,-0.18250504145645907,-0.3143808843668461
EOS,55.0,5,899,0.34134138953854365,-0.3143808843668461
EOS,55.0,5,900,0.028477966041505987,-0.3143808843668461
EOS,55.0,5,901,0.578282858959658,-0.3143808843668461
EOS,55.0,5,902,-0.8809670367040641,-0.3143808843668461
EOS,55.0,5,903,-0.16870580432375437,-0.3143808843668461
EOS,55.0,5,904,0.3990258873332163,-0.3143808843668461
EOS,55.0,5,905,-0.09531197513443268,-0.3143808843668461
EOS,55.0,5,906,-0.8931957476168049,-0.3143808843668461
EOS,55.0,5,907,1.0291516282093875,-0.3143808843668461
EOS,55.0,5,908,-0.395845566855614,-0.3143808843668461
EOS,55.0,5,909,-0.45208515575474184,-0.3143808843668461
EOS,55.0,5,910,0.03823684682252704,-0.3143808843668461
EOS,55.0,5,911,-0.20298763263235342,-0.3143808843668461
EOS,55.0,5,912,-0.30007941792455395,-0.3143808843668461
EOS,55.0,5,913,-0.6279134229453267,-0.3143808843668461
EOS,55.0,5,914,-0.9684440219831408,-0.3143808843668461
EOS,55.0,5,915,0.08380014814829984,-0.3143808843668461
EOS,55.0,5,916,-0.8992316366141648,-0.3143808843668461
EOS,55.0,5,917,0.4129962313791373,-0.3143808843668461
EOS,55.0,5,918,-0.5203921738731416,-0.3143808843668461
EOS,55.0,5,919,-0.3822564936416546,-0.3143808843668461
EOS,55.0,5,920,-0.3302247964963021,-0.3143808843668461
EOS,55.0,5,921,-0.6276186797547949,-0.3143808843668461
EOS,55.0,5,922,-0.73519173594084,-0.3143808843668461
EOS,55.0,5,923,-0.5932662844592034,-0.3143808843668461
EOS,55.0,5,924,-0.6234836331173744,-0.3143808843668461
EOS,55.0,5,925,-0.015840190130192777,-0.3143808843668461
EOS,55.0,5,926,-0.3548201027461737,-0.3143808843668461
EOS,55.0,5,927,0.562704793620183,-0.3143808843668461
EOS,55.0,5,928,-0.1712074859890611,-0.3143808843668461
EOS,55.0,5,929,-0.9012455108285811,-0.3143808843668461
EOS,55.0,5,930,-0.27546647227895993,-0.3143808843668461
EOS,55.0,5,931,-0.17647759261567497,-0.3143808843668461
EOS,55.0,5,932,-0.05959285384115187,-0.3143808843668461
EOS,55.0,5,933,-0.21444224136481393,-0.3143808843668461
EOS,55.0,5,934,-0.3434303440605615,-0.3143808843668461
EOS,55.0,5,935,0.9584106895423543,-0.3143808843668461
EOS,55.0,5,936,0.24733185206912478,-0.3143808843668461
EOS,55.0,5,937,0.015748969006163183,-0.3143808843668461
EOS,55.0,5,938,-0.5371536478793646,-0.3143808843668461
EOS,55.0,5,939,-0.2899139819023202,-0.3143808843668461
EOS,55.0,5,940,-1.4680616649986602,-0.3143808843668461
EOS,55.0,5,941,0.00032214441851574627,-0.3143808843668461
EOS,55.0,5,942,-0.27381737999739864,-0.3143808843668461
EOS,55.0,5,943,-0.22176981849605415,-0.3143808843668461
EOS,55.0,5,944,-0.24916652534511485,-0.3143808843668461
EOS,55.0,5,945,0.273046016247227,-0.3143808843668461
EOS,55.0,5,946,-0.2421113481885484,-0.3143808843668461
EOS,55.0,5,947,-1.1078227280478408,-0.3143808843668461
EOS,55.0,5,948,-0.1471831968158661,-0.3143808843668461
EOS,55.0,5,949,-0.5422163138511009,-0.3143808843668461
EOS,55.0,5,950,0.4362853741496455,-0.3143808843668461
EOS,55.0,5,951,-0.07373653648364797,-0.3143808843668461
EOS,55.0,5,952,-0.025015221368897667,-0.3143808843668461
EOS,55.0,5,953,-0.5656540442400348,-0.3143808843668461
EOS,55.0,5,954,-0.6620293464733951,-0.3143808843668461
EOS,55.0,5,955,0.1557338410665874,-0.3143808843668461
EOS,55.0,5,956,-0.17806056189133201,-0.3143808843668461
EOS,55.0,5,957,-0.48958895038360717,-0.3143808843668461
EOS,55.0,5,958,-1.2294346509907745,-0.3143808843668461
EOS,55.0,5,959,-0.3560094411756016,-0.3143808843668461
EOS,55.0,5,960,0.302447201145257,-0.3143808843668461
EOS,55.0,5,961,-0.5217070070736909,-0.3143808843668461
EOS,55.0,5,962,-0.03390295634115348,-0.3143808843668461
EOS,55.0,5,963,-0.6764866312373836,-0.3143808843668461
EOS,55.0,5,964,0.07625173404193997,-0.3143808843668461
EOS,55.0,5,965,-1.1951668099947075,-0.3143808843668461
EOS,55.0,5,966,0.4514465365209941,-0.3143808843668461
EOS,55.0,5,967,-0.39811567395460035,-0.3143808843668461
EOS,55.0,5,968,-1.3582440521855776,-0.3143808843668461
EOS,55.0,5,969,-0.3612031161976388,-0.3143808843668461
EOS,55.0,5,970,0.06342424834936855,-0.3143808843668461
EOS,55.0,5,971,0.11754815106942695,-0.3143808843668461
EOS,55.0,5,972,-0.15193912606901927,-0.3143808843668461
EOS,55.0,5,973,0.17423077511275786,-0.3143808843668461
EOS,55.0,5,974,0.4240659320720901,-0.3143808843668461
EOS,55.0,5,975,-0.5045247008297871,-0.3143808843668461
EOS,55.0,5,976,0.2864555977666303,-0.3143808843668461
EOS,55.0,5,977,-0.5241152489900323,-0.3143808843668461
EOS,55.0,5,978,-0.9852587191870306,-0.3143808843668461
EOS,55.0,5,979,-1.3302136581597168,-0.3143808843668461
EOS,55.0,5,980,0.6277706409587502,-0.3143808843668461
EOS,55.0,5,981,-0.04860672437374558,-0.3143808843668461
EOS,55.0,5,982,-0.017848807221231056,-0.3143808843668461
EOS,55.0,5,983,-0.34835922977772604,-0.3143808843668461
EOS,55.0,5,984,-0.41220509906582925,-0.3143808843668461
EOS,55.0,5,985,-0.4505632475622898,-0.3143808843668461
EOS,55.0,5,986,-0.2891984491363919,-0.3143808843668461
EOS,55.0,5,987,0.1100773249041912,-0.3143808843668461
EOS,55.0,5,988,-0.26682149469540994,-0.3143808843668461
EOS,55.0,5,989,-0.7282394586829257,-0.3143808843668461
EOS,55.0,5,990,0.7441076645946241,-0.3143808843668461
EOS,55.0,5,991,0.08534932485755142,-0.3143808843668461
EOS,55.0,5,992,-0.1977105716145009,-0.3143808843668461
EOS,55.0,5,993,-0.691507065207591,-0.3143808843668461
EOS,55.0,5,994,-0.9700785230984046,-0.3143808843668461
EOS,55.0,5,995,-0.37035492122042246,-0.3143808843668461
EOS,55.0,5,996,0.11294924400426631,-0.3143808843668461
EOS,55.0,5,997,-0.2926409438671408,-0.3143808843668461
EOS,55.0,5,998,0.6308354573045358,-0.3143808843668461
EOS,55.0,5,999,-1.0339662263408202,-0.3143808843668461
EOS,25.0,10,1,-5.1829468741394695,-6.614940108522854
EOS,25.0,10,2,-3.607750846910677,-6.614940108522854
EOS,25.0,10,3,-8.107992426798607,-6.614940108522854
EOS,25.0,10,4,-6.529510934369346,-6.614940108522854
EOS,25.0,10,5,-4.776805165653391,-6.614940108522854
EOS,25.0,10,6,-7.259236854358974,-6.614940108522854
EOS,25.0,10,7,-3.956070491330909,-6.614940108522854
EOS,25.0,10,8,-2.0283077166367516,-6.614940108522854
EOS,25.0,10,9,-8.766187331962616,-6.614940108522854
EOS,25.0,10,10,-11.004278656521297,-6.614940108522854
EOS,25.0,10,11,-7.588139820093465,-6.614940108522854
EOS,25.0,10,12,-7.946082016302885,-6.614940108522854
EOS,25.0,10,13,-7.502118641433585,-6.614940108522854
EOS,25.0,10,14,-4.949178582605264,-6.614940108522854
EOS,25.0,10,15,-6.215300371252597,-6.614940108522854
EOS,25.0,10,16,-5.751321460319934,-6.614940108522854
EOS,25.0,10,17,-6.495914711607867,-6.614940108522854
EOS,25.0,10,18,-6.153933506639402,-6.614940108522854
EOS,25.0,10,19,-5.9160627969821515,-6.614940108522854
EOS,25.0,10,20,-8.471776294387288,-6.614940108522854
EOS,25.0,10,21,-7.0825337690420405,-6.614940108522854
EOS,25.0,10,22,-4.789010677001224,-6.614940108522854
EOS,25.0,10,23,-6.700349164826907,-6.614940108522854
EOS,25.0,10,24,-4.043288023020874,-6.614940108522854
EOS,25.0,10,25,-7.179833061811987,-6.614940108522854
EOS,25.0,10,26,-5.4855813922030086,-6.614940108522854
EOS,25.0,10,27,-10.520510816591218,-6.614940108522854
EOS,25.0,10,28,-7.756430736270574,-6.614940108522854
EOS,25.0,10,29,-6.067576673592768,-6.614940108522854
EOS,25.0,10,30,-6.6513896610815895,-6.614940108522854
EOS,25.0,10,31,-8.41395860246882,-6.614940108522854
EOS,25.0,10,32,-5.937351344001401,-6.614940108522854
EOS,25.0,10,33,-9.520377328359201,-6.614940108522854
EOS,25.0,10,34,-6.18724733575247,-6.614940108522854
EOS,25.0,10,35,-6.010865525227134,-6.614940108522854
EOS,25.0,10,36,-3.2287153143095697,-6.614940108522854
EOS,25.0,10,37,-5.91470918933762,-6.614940108522854
EOS,25.0,10,38,-5.694384123385168,-6.614940108522854
EOS,25.0,10,39,-6.116337474510889,-6.614940108522854
EOS,25.0,10,40,-3.861276473777819,-6.614940108522854
EOS,25.0,10,41,-9.346527406439979,-6.614940108522854
EOS,25.0,10,42,-5.7702464622563685,-6.614940108522854
EOS,25.0,10,43,-6.070412354884354,-6.614940108522854
EOS,25.0,10,44,-5.530468703346546,-6.614940108522854
EOS,25.0,10,45,-3.656608297090201,-6.614940108522854
EOS,25.0,10,46,-5.4582254203891285,-6.614940108522854
EOS,25.0,10,47,-3.5715426984775065,-6.614940108522854
EOS,25.0,10,48,-4.7830502611409065,-6.614940108522854
EOS,25.0,10,49,-5.373044104731214,-6.614940108522854
EOS,25.0,10,50,-7.270757381454787,-6.614940108522854
EOS,25.0,10,51,-3.8227870290493593,-6.614940108522854
EOS,25.0,10,52,-7.189928264017064,-6.614940108522854
EOS,25.0,10,53,-11.93581114479112,-6.614940108522854
EOS,25.0,10,54,-6.411427848682514,-6.614940108522854
EOS,25.0,10,55,-6.720466146179184,-6.614940108522854
EOS,25.0,10,56,-5.235978553888154,-6.614940108522854
EOS,25.0,10,57,-9.032725118653802,-6.614940108522854
EOS,25.0,10,58,-4.825000598908532,-6.614940108522854
EOS,25.0,10,59,-5.668437112945282,-6.614940108522854
EOS,25.0,10,60,-10.705590156368945,-6.614940108522854
EOS,25.0,10,61,-2.264410647243968,-6.614940108522854
EOS,25.0,10,62,-4.00171762285046,-6.614940108522854
EOS,25.0,10,63,-7.438365347320384,-6.614940108522854
EOS,25.0,10,64,-9.928416409385683,-6.614940108522854
EOS,25.0,10,65,-4.460274120456418,-6.614940108522854
EOS,25.0,10,66,-7.812464233936651,-6.614940108522854
EOS,25.0,10,67,-3.374498319875609,-6.614940108522854
EOS,25.0,10,68,-4.615745828654921,-6.614940108522854
EOS,25.0,10,69,-9.311142119958582,-6.614940108522854
EOS,25.0,10,70,-4.340105076177157,-6.614940108522854
EOS,25.0,10,71,-7.029764481798415,-6.614940108522854
EOS,25.0,10,72,-5.007115908904257,-6.614940108522854
EOS,25.0,10,73,-6.9027266993136305,-6.614940108522854
EOS,25.0,10,74,-10.298403193490223,-6.614940108522854
EOS,25.0,10,75,-8.774589619727251,-6.614940108522854
EOS,25.0,10,76,-6.745332946129739,-6.614940108522854
EOS,25.0,10,77,-11.121884248349595,-6.614940108522854
EOS,25.0,10,78,-4.542072195583859,-6.614940108522854
EOS,25.0,10,79,-6.312996157522593,-6.614940108522854
EOS,25.0,10,80,-8.572389959351261,-6.614940108522854
EOS,25.0,10,81,-3.598217625416733,-6.614940108522854
EOS,25.0,10,82,-5.312395220732553,-6.614940108522854
EOS,25.0,10,83,-5.227240385158376,-6.614940108522854
EOS,25.0,10,84,-7.812474652393785,-6.614940108522854
EOS,25.0,10,85,-6.327624771521888,-6.614940108522854
EOS,25.0,10,86,-3.8239777905420738,-6.614940108522854
EOS,25.0,10,87,-3.9701134018842135,-6.614940108522854
EOS,25.0,10,88,-11.023839268688839,-6.614940108522854
EOS,25.0,10,89,-5.620162787131817,-6.614940108522854
EOS,25.0,10,90,-3.8170361989712873,-6.614940108522854
EOS,25.0,10,91,-5.627070632281858,-6.614940108522854
EOS,25.0,10,92,-6.12368164561236,-6.614940108522854
EOS,25.0,10,93,-12.531721859353858,-6.614940108522854
EOS,25.0,10,94,-6.481991075440885,-6.614940108522854
EOS,25.0,10,95,-10.061992607689024,-6.614940108522854
EOS,25.0,10,96,-4.728633802371875,-6.614940108522854
EOS,25.0,10,97,-6.032174506624086,-6.614940108522854
EOS,25.0,10,98,-4.991876681979163,-6.614940108522854
EOS,25.0,10,99,-5.512534490741874,-6.614940108522854
EOS,25.0,10,100,-7.189282771038631,-6.614940108522854
EOS,25.0,10,101,-6.796814899962537,-6.614940108522854
EOS,25.0,10,102,-6.115053041365158,-6.614940108522854
EOS,25.0,10,103,-9.770814396457626,-6.614940108522854
EOS,25.0,10,104,-4.806763136566225,-6.614940108522854
EOS,25.0,10,105,-9.717522379677016,-6.614940108522854
EOS,25.0,10,106,-2.6360988383868413,-6.614940108522854
EOS,25.0,10,107,-5.15272631847374,-6.614940108522854
EOS,25.0,10,108,-11.884946042496413,-6.614940108522854
EOS,25.0,10,109,-7.222930532582163,-6.614940108522854
EOS,25.0,10,110,-4.804506860042761,-6.614940108522854
EOS,25.0,10,111,-3.9709598786527787,-6.614940108522854
EOS,25.0,10,112,-10.9568939394189,-6.614940108522854
EOS,25.0,10,113,-0.5873308001449582,-6.614940108522854
EOS,25.0,10,114,-9.180010047337667,-6.614940108522854
EOS,25.0,10,115,-6.672805680479694,-6.614940108522854
EOS,25.0,10,116,-9.434887308553634,-6.614940108522854
EOS,25.0,10,117,-11.11189517096274,-6.614940108522854
EOS,25.0,10,118,-5.492423201396533,-6.614940108522854
EOS,25.0,10,119,-3.6272237174978628,-6.614940108522854
EOS,25.0,10,120,-9.680056157496253,-6.614940108522854
EOS,25.0,10,121,-7.5302600322584,-6.614940108522854
EOS,25.0,10,122,-9.437255590638493,-6.614940108522854
EOS,25.0,10,123,-6.256632767229592,-6.614940108522854
EOS,25.0,10,124,-5.248721891977046,-6.614940108522854
EOS,25.0,10,125,-4.8786418502438735,-6.614940108522854
EOS,25.0,10,126,-8.50182213643686,-6.614940108522854
EOS,25.0,10,127,-7.061660011325883,-6.614940108522854
EOS,25.0,10,128,-8.026155262361238,-6.614940108522854
EOS,25.0,10,129,-7.096422171047557,-6.614940108522854
EOS,25.0,10,130,-5.637676123416899,-6.614940108522854
EOS,25.0,10,131,-8.260580460533452,-6.614940108522854
EOS,25.0,10,132,-2.950524627454631,-6.614940108522854
EOS,25.0,10,133,-6.031054571028603,-6.614940108522854
EOS,25.0,10,134,-6.094093945325674,-6.614940108522854
EOS,25.0,10,135,-7.528489298304588,-6.614940108522854
EOS,25.0,10,136,-10.749259793422642,-6.614940108522854
EOS,25.0,10,137,-1.20503762086143,-6.614940108522854
EOS,25.0,10,138,-8.38780711269337,-6.614940108522854
EOS,25.0,10,139,-4.635721304514145,-6.614940108522854
EOS,25.0,10,140,-9.11037941408566,-6.614940108522854
EOS,25.0,10,141,-3.3099249877182415,-6.614940108522854
EOS,25.0,10,142,-7.82824384221321,-6.614940108522854
EOS,25.0,10,143,-5.874095949654044,-6.614940108522854
EOS,25.0,10,144,-8.404577698983477,-6.614940108522854
EOS,25.0,10,145,-12.173715344892585,-6.614940108522854
EOS,25.0,10,146,-8.09984910374017,-6.614940108522854
EOS,25.0,10,147,-5.949579420432302,-6.614940108522854
EOS,25.0,10,148,-7.366619196269419,-6.614940108522854
EOS,25.0,10,149,-8.234082709686149,-6.614940108522854
EOS,25.0,10,150,-6.274043068603366,-6.614940108522854
EOS,25.0,10,151,-3.0904000295051555,-6.614940108522854
EOS,25.0,10,152,-4.925550333325918,-6.614940108522854
EOS,25.0,10,153,-6.186295359703352,-6.614940108522854
EOS,25.0,10,154,-6.515379264306689,-6.614940108522854
EOS,25.0,10,155,-5.998122057034878,-6.614940108522854
EOS,25.0,10,156,-2.750090908422319,-6.614940108522854
EOS,25.0,10,157,-8.756115964212421,-6.614940108522854
EOS,25.0,10,158,-4.688855730173277,-6.614940108522854
EOS,25.0,10,159,-5.016050071271864,-6.614940108522854
EOS,25.0,10,160,-7.992438639199741,-6.614940108522854
EOS,25.0,10,161,-8.015947748389788,-6.614940108522854
EOS,25.0,10,162,-10.760239559732977,-6.614940108522854
EOS,25.0,10,163,-3.4985780405820712,-6.614940108522854
EOS,25.0,10,164,-9.731214058671114,-6.614940108522854
EOS,25.0,10,165,-5.115547968025696,-6.614940108522854
EOS,25.0,10,166,-6.036660535444868,-6.614940108522854
EOS,25.0,10,167,-3.6579855210795027,-6.614940108522854
EOS,25.0,10,168,-7.492100407398816,-6.614940108522854
EOS,25.0,10,169,-6.718985871724288,-6.614940108522854
EOS,25.0,10,170,-9.60037844538856,-6.614940108522854
EOS,25.0,10,171,-3.7155203464711364,-6.614940108522854
EOS,25.0,10,172,-6.70759086176437,-6.614940108522854
EOS,25.0,10,173,-4.789367011064612,-6.614940108522854
EOS,25.0,10,174,-4.355589551033368,-6.614940108522854
EOS,25.0,10,175,-5.180324320387385,-6.614940108522854
EOS,25.0,10,176,-1.485088787734152,-6.614940108522854
EOS,25.0,10,177,-3.2455816496783196,-6.614940108522854
EOS,25.0,10,178,-8.541687614707403,-6.614940108522854
EOS,25.0,10,179,-6.451618939352876,-6.614940108522854
EOS,25.0,10,180,-6.6478550310341955,-6.614940108522854
EOS,25.0,10,181,-2.950808690750033,-6.614940108522854
EOS,25.0,10,182,-5.405910523948391,-6.614940108522854
EOS,25.0,10,183,-4.0667783140783955,-6.614940108522854
EOS,25.0,10,184,-2.445332760700529,-6.614940108522854
EOS,25.0,10,185,-9.643234928666777,-6.614940108522854
EOS,25.0,10,186,-9.513115288280666,-6.614940108522854
EOS,25.0,10,187,-6.334287307881623,-6.614940108522854
EOS,25.0,10,188,-8.806872939961789,-6.614940108522854
EOS,25.0,10,189,-7.064969451364478,-6.614940108522854
EOS,25.0,10,190,-5.744513787804843,-6.614940108522854
EOS,25.0,10,191,-12.78675026945889,-6.614940108522854
EOS,25.0,10,192,-7.9954648345508295,-6.614940108522854
EOS,25.0,10,193,-9.235986507923712,-6.614940108522854
EOS,25.0,10,194,-6.589290228484614,-6.614940108522854
EOS,25.0,10,195,-8.270358268053792,-6.614940108522854
EOS,25.0,10,196,-4.625029268434399,-6.614940108522854
EOS,25.0,10,197,-3.320628327038576,-6.614940108522854
EOS,25.0,10,198,-3.3887033898601935,-6.614940108522854
EOS,25.0,10,199,-9.039846314095412,-6.614940108522854
EOS,25.0,10,200,-6.498719361601772,-6.614940108522854
EOS,25.0,10,201,-8.283858462258857,-6.614940108522854
EOS,25.0,10,202,-9.274185004208926,-6.614940108522854
EOS,25.0,10,203,-10.754106003734503,-6.614940108522854
EOS,25.0,10,204,-8.763013059919192,-6.614940108522854
EOS,25.0,10,205,-1.2217710337705243,-6.614940108522854
EOS,25.0,10,206,-1.7657082141017018,-6.614940108522854
EOS,25.0,10,207,-3.690132680544139,-6.614940108522854
EOS,25.0,10,208,-5.185140454038391,-6.614940108522854
EOS,25.0,10,209,-7.92004299923471,-6.614940108522854
EOS,25.0,10,210,-7.8377835877988655,-6.614940108522854
EOS,25.0,10,211,-4.860963653446362,-6.614940108522854
EOS,25.0,10,212,-2.11861884668757,-6.614940108522854
EOS,25.0,10,213,-4.903979206456188,-6.614940108522854
EOS,25.0,10,214,-4.058935658199289,-6.614940108522854
EOS,25.0,10,215,-3.875621134195659,-6.614940108522854
EOS,25.0,10,216,-7.258819023750469,-6.614940108522854
EOS,25.0,10,217,-2.480727704845121,-6.614940108522854
EOS,25.0,10,218,-6.2596811071010094,-6.614940108522854
EOS,25.0,10,219,-3.144623821037575,-6.614940108522854
EOS,25.0,10,220,-8.547002603024085,-6.614940108522854
EOS,25.0,10,221,-8.400642138919878,-6.614940108522854
EOS,25.0,10,222,-9.581986746920936,-6.614940108522854
EOS,25.0,10,223,-8.919078710912917,-6.614940108522854
EOS,25.0,10,224,-7.873276205462141,-6.614940108522854
EOS,25.0,10,225,-7.27478285308386,-6.614940108522854
EOS,25.0,10,226,-5.633884723821664,-6.614940108522854
EOS,25.0,10,227,-6.428987978761183,-6.614940108522854
EOS,25.0,10,228,-6.911546840940233,-6.614940108522854
EOS,25.0,10,229,-5.092117412715454,-6.614940108522854
EOS,25.0,10,230,-6.005971401018044,-6.614940108522854
EOS,25.0,10,231,-5.380481832859902,-6.614940108522854
EOS,25.0,10,232,-8.82529357993846,-6.614940108522854
EOS,25.0,10,233,-5.834905307886383,-6.614940108522854
EOS,25.0,10,234,-2.8150794341426764,-6.614940108522854
EOS,25.0,10,235,-6.723848129323844,-6.614940108522854
EOS,25.0,10,236,-8.603897445869979,-6.614940108522854
EOS,25.0,10,237,-6.377581792493132,-6.614940108522854
EOS,25.0,10,238,-7.436528432258118,-6.614940108522854
EOS,25.0,10,239,-9.308930422661945,-6.614940108522854
EOS,25.0,10,240,-1.5895731234115513,-6.614940108522854
EOS,25.0,10,241,-8.753863336989262,-6.614940108522854
EOS,25.0,10,242,-5.623145604300946,-6.614940108522854
EOS,25.0,10,243,-10.319261538930101,-6.614940108522854
EOS,25.0,10,244,-5.117031289923558,-6.614940108522854
EOS,25.0,10,245,-6.456125519792712,-6.614940108522854
EOS,25.0,10,246,-3.159122812960194,-6.614940108522854
EOS,25.0,10,247,-8.03600622510747,-6.614940108522854
EOS,25.0,10,248,-5.2492693210701855,-6.614940108522854
EOS,25.0,10,249,-4.49367776983512,-6.614940108522854
EOS,25.0,10,250,-10.480730408588217,-6.614940108522854
EOS,25.0,10,251,-3.5481134167202404,-6.614940108522854
EOS,25.0,10,252,-1.9936336315982843,-6.614940108522854
EOS,25.0,10,253,-4.453159679841917,-6.614940108522854
EOS,25.0,10,254,-9.039577137279608,-6.614940108522854
EOS,25.0,10,255,-6.255502655764397,-6.614940108522854
EOS,25.0,10,256,-6.72834666191504,-6.614940108522854
EOS,25.0,10,257,-6.665959344635713,-6.614940108522854
EOS,25.0,10,258,-6.458527779089019,-6.614940108522854
EOS,25.0,10,259,-4.234470692805145,-6.614940108522854
EOS,25.0,10,260,-3.608273025429675,-6.614940108522854
EOS,25.0,10,261,-5.509043600942359,-6.614940108522854
EOS,25.0,10,262,-8.487061715290531,-6.614940108522854
EOS,25.0,10,263,-5.65544482280918,-6.614940108522854
EOS,25.0,10,264,-4.418272943694006,-6.614940108522854
EOS,25.0,10,265,-9.22936501053313,-6.614940108522854
EOS,25.0,10,266,-7.830660371367895,-6.614940108522854
EOS,25.0,10,267,-8.078186815359809,-6.614940108522854
EOS,25.0,10,268,-6.872473355817262,-6.614940108522854
EOS,25.0,10,269,-7.73142316971205,-6.614940108522854
EOS,25.0,10,270,-6.165396985933795,-6.614940108522854
EOS,25.0,10,271,-7.047615374285622,-6.614940108522854
EOS,25.0,10,272,-10.262972049917426,-6.614940108522854
EOS,25.0,10,273,-5.330970514292204,-6.614940108522854
EOS,25.0,10,274,-0.7644378083495091,-6.614940108522854
EOS,25.0,10,275,-11.364966713426776,-6.614940108522854
EOS,25.0,10,276,-3.6937749941835527,-6.614940108522854
EOS,25.0,10,277,-9.778371371311474,-6.614940108522854
EOS,25.0,10,278,-4.839898464940013,-6.614940108522854
EOS,25.0,10,279,-3.198517729675945,-6.614940108522854
EOS,25.0,10,280,-5.835178463380853,-6.614940108522854
EOS,25.0,10,281,-2.719639154325664,-6.614940108522854
EOS,25.0,10,282,-6.885155068568944,-6.614940108522854
EOS,25.0,10,283,-8.790074243653574,-6.614940108522854
EOS,25.0,10,284,-4.786419064179638,-6.614940108522854
EOS,25.0,10,285,-4.346438347932189,-6.614940108522854
EOS,25.0,10,286,-9.631834755603968,-6.614940108522854
EOS,25.0,10,287,-1.328712509007698,-6.614940108522854
EOS,25.0,10,288,-2.8372258503895926,-6.614940108522854
EOS,25.0,10,289,-4.94151590179249,-6.614940108522854
EOS,25.0,10,290,-12.678216477754233,-6.614940108522854
EOS,25.0,10,291,-7.199458559678748,-6.614940108522854
EOS,25.0,10,292,-10.676830057113524,-6.614940108522854
EOS,25.0,10,293,-7.983370743964068,-6.614940108522854
EOS,25.0,10,294,-10.117918489793688,-6.614940108522854
EOS,25.0,10,295,-3.341734084544749,-6.614940108522854
EOS,25.0,10,296,-9.686219906764286,-6.614940108522854
EOS,25.0,10,297,-7.002286492757657,-6.614940108522854
EOS,25.0,10,298,-8.643792064181484,-6.614940108522854
EOS,25.0,10,299,-9.179814612032835,-6.614940108522854
EOS,25.0,10,300,-8.95941738271345,-6.614940108522854
EOS,25.0,10,301,-6.945973622422075,-6.614940108522854
EOS,25.0,10,302,-9.985979762701042,-6.614940108522854
EOS,25.0,10,303,-7.54804220289653,-6.614940108522854
EOS,25.0,10,304,-7.186009187420677,-6.614940108522854
EOS,25.0,10,305,-6.0143180453796425,-6.614940108522854
EOS,25.0,10,306,-7.730133396212629,-6.614940108522854
EOS,25.0,10,307,-9.965177585166193,-6.614940108522854
EOS,25.0,10,308,-5.861426457857449,-6.614940108522854
EOS,25.0,10,309,-6.8272095074175,-6.614940108522854
EOS,25.0,10,310,-4.586472010309458,-6.614940108522854
EOS,25.0,10,311,-5.830885009926403,-6.614940108522854
EOS,25.0,10,312,-8.323379983871126,-6.614940108522854
EOS,25.0,10,313,-4.169800730594067,-6.614940108522854
EOS,25.0,10,314,-6.382402135635045,-6.614940108522854
EOS,25.0,10,315,-8.795947668151975,-6.614940108522854
EOS,25.0,10,316,-4.088207584549836,-6.614940108522854
EOS,25.0,10,317,-7.325988539343811,-6.614940108522854
EOS,25.0,10,318,-5.905359054189158,-6.614940108522854
EOS,25.0,10,319,-7.231352546922487,-6.614940108522854
EOS,25.0,10,320,-6.104770350012817,-6.614940108522854
EOS,25.0,10,321,-11.893152560307872,-6.614940108522854
EOS,25.0,10,322,-7.492885686213798,-6.614940108522854
EOS,25.0,10,323,-6.142018576557478,-6.614940108522854
EOS,25.0,10,324,-8.945281539114468,-6.614940108522854
EOS,25.0,10,325,-11.464308468710298,-6.614940108522854
EOS,25.0,10,326,-11.276928333856894,-6.614940108522854
EOS,25.0,10,327,-8.438885416264508,-6.614940108522854
EOS,25.0,10,328,-6.9133810843844525,-6.614940108522854
EOS,25.0,10,329,-11.224221803946941,-6.614940108522854
EOS,25.0,10,330,-2.9939589505760895,-6.614940108522854
EOS,25.0,10,331,-9.459806614771129,-6.614940108522854
EOS,25.0,10,332,-8.964082010444546,-6.614940108522854
EOS,25.0,10,333,-4.078137319852253,-6.614940108522854
EOS,25.0,10,334,-7.363982847688652,-6.614940108522854
EOS,25.0,10,335,-9.347256426701533,-6.614940108522854
EOS,25.0,10,336,-9.029064892402886,-6.614940108522854
EOS,25.0,10,337,-7.945403983742928,-6.614940108522854
EOS,25.0,10,338,-5.46196737450609,-6.614940108522854
EOS,25.0,10,339,-10.54224420525912,-6.614940108522854
EOS,25.0,10,340,-6.852196176610573,-6.614940108522854
EOS,25.0,10,341,-10.627192155262488,-6.614940108522854
EOS,25.0,10,342,-6.338973869527525,-6.614940108522854
EOS,25.0,10,343,-6.663154793288967,-6.614940108522854
EOS,25.0,10,344,-5.842268640925276,-6.614940108522854
EOS,25.0,10,345,-7.953216233416712,-6.614940108522854
EOS,25.0,10,346,-4.589239373086745,-6.614940108522854
EOS,25.0,10,347,-1.9370231643040845,-6.614940108522854
EOS,25.0,10,348,-3.6363626224827215,-6.614940108522854
EOS,25.0,10,349,-5.691820982937095,-6.614940108522854
EOS,25.0,10,350,-4.7725533625389085,-6.614940108522854
EOS,25.0,10,351,-1.116734364798083,-6.614940108522854
EOS,25.0,10,352,-7.385819017269029,-6.614940108522854
EOS,25.0,10,353,-8.696238680225308,-6.614940108522854
EOS,25.0,10,354,-5.468849240796455,-6.614940108522854
EOS,25.0,10,355,-7.301633945256908,-6.614940108522854
EOS,25.0,10,356,-4.103252913245174,-6.614940108522854
EOS,25.0,10,357,-2.9631781602475513,-6.614940108522854
EOS,25.0,10,358,-8.75997164219945,-6.614940108522854
EOS,25.0,10,359,-5.104739840002255,-6.614940108522854
EOS,25.0,10,360,-6.813645642211435,-6.614940108522854
EOS,25.0,10,361,-1.2955809845061188,-6.614940108522854
EOS,25.0,10,362,-5.459202050578309,-6.614940108522854
EOS,25.0,10,363,-5.276671644642464,-6.614940108522854
EOS,25.0,10,364,-3.3087866071139125,-6.614940108522854
EOS,25.0,10,365,-7.169328599563258,-6.614940108522854
EOS,25.0,10,366,-7.619183700655297,-6.614940108522854
EOS,25.0,10,367,-8.451773060561568,-6.614940108522854
EOS,25.0,10,368,-6.9524338913692585,-6.614940108522854
EOS,25.0,10,369,-7.186145872739164,-6.614940108522854
EOS,25.0,10,370,-0.7118257933105158,-6.614940108522854
EOS,25.0,10,371,-5.997966688404718,-6.614940108522854
EOS,25.0,10,372,-6.295458123039037,-6.614940108522854
EOS,25.0,10,373,-8.526661394062032,-6.614940108522854
EOS,25.0,10,374,-7.371712027538043,-6.614940108522854
EOS,25.0,10,375,-7.178426220030035,-6.614940108522854
EOS,25.0,10,376,-3.6291377902385324,-6.614940108522854
EOS,25.0,10,377,-7.957366166386534,-6.614940108522854
EOS,25.0,10,378,-7.313081196036401,-6.614940108522854
EOS,25.0,10,379,-8.635099233135502,-6.614940108522854
EOS,25.0,10,380,-9.25319951065628,-6.614940108522854
EOS,25.0,10,381,-4.012778397466956,-6.614940108522854
EOS,25.0,10,382,-6.873964311508212,-6.614940108522854
EOS,25.0,10,383,-2.585863935026743,-6.614940108522854
EOS,25.0,10,384,-8.512820557406425,-6.614940108522854
EOS,25.0,10,385,-2.798727794646765,-6.614940108522854
EOS,25.0,10,386,-3.2285488895143137,-6.614940108522854
EOS,25.0,10,387,-5.2864372638234975,-6.614940108522854
EOS,25.0,10,388,-3.8014638985850002,-6.614940108522854
EOS,25.0,10,389,-2.5452436116465176,-6.614940108522854
EOS,25.0,10,390,-5.394183380939124,-6.614940108522854
EOS,25.0,10,391,-9.9291283911499,-6.614940108522854
EOS,25.0,10,392,-9.437034478971135,-6.614940108522854
EOS,25.0,10,393,-9.229103893330834,-6.614940108522854
EOS,25.0,10,394,-4.375515773536948,-6.614940108522854
EOS,25.0,10,395,-0.8154911262528615,-6.614940108522854
EOS,25.0,10,396,-7.00191220937249,-6.614940108522854
EOS,25.0,10,397,-7.712575490923521,-6.614940108522854
EOS,25.0,10,398,-6.0943634152020145,-6.614940108522854
EOS,25.0,10,399,-9.655511375454129,-6.614940108522854
EOS,25.0,10,400,-5.926227061948117,-6.614940108522854
EOS,25.0,10,401,-3.4307518292661214,-6.614940108522854
EOS,25.0,10,402,-3.8388364813999516,-6.614940108522854
EOS,25.0,10,403,-4.605864506753894,-6.614940108522854
EOS,25.0,10,404,-4.55976015691382,-6.614940108522854
EOS,25.0,10,405,-8.616751907402971,-6.614940108522854
EOS,25.0,10,406,-8.91098596771548,-6.614940108522854
EOS,25.0,10,407,-5.587025445815858,-6.614940108522854
EOS,25.0,10,408,-8.439016953327705,-6.614940108522854
EOS,25.0,10,409,-3.5367635244738667,-6.614940108522854
EOS,25.0,10,410,-5.799840607391657,-6.614940108522854
EOS,25.0,10,411,-6.258013749142062,-6.614940108522854
EOS,25.0,10,412,-10.973754122896075,-6.614940108522854
EOS,25.0,10,413,-8.620932745548865,-6.614940108522854
EOS,25.0,10,414,-3.996170017734263,-6.614940108522854
EOS,25.0,10,415,-10.844772677068127,-6.614940108522854
EOS,25.0,10,416,-4.112787389262114,-6.614940108522854
EOS,25.0,10,417,-7.226388784168833,-6.614940108522854
EOS,25.0,10,418,-1.8404331172340989,-6.614940108522854
EOS,25.0,10,419,-8.258628113336183,-6.614940108522854
EOS,25.0,10,420,-7.268785685197102,-6.614940108522854
EOS,25.0,10,421,-4.993737756450196,-6.614940108522854
EOS,25.0,10,422,-7.55090878339432,-6.614940108522854
EOS,25.0,10,423,-6.831595182002182,-6.614940108522854
EOS,25.0,10,424,-4.093756683122285,-6.614940108522854
EOS,25.0,10,425,-6.769318713705258,-6.614940108522854
EOS,25.0,10,426,-9.361633068910681,-6.614940108522854
EOS,25.0,10,427,-4.373527118501281,-6.614940108522854
EOS,25.0,10,428,-6.102189961418921,-6.614940108522854
EOS,25.0,10,429,-5.6504451184949644,-6.614940108522854
EOS,25.0,10,430,-7.021835310071979,-6.614940108522854
EOS,25.0,10,431,-4.374966990619821,-6.614940108522854
EOS,25.0,10,432,-5.068182903498771,-6.614940108522854
EOS,25.0,10,433,-5.365597211019645,-6.614940108522854
EOS,25.0,10,434,-7.882953271520089,-6.614940108522854
EOS,25.0,10,435,-11.55699272931972,-6.614940108522854
EOS,25.0,10,436,-3.1726435240384445,-6.614940108522854
EOS,25.0,10,437,-9.426442426598403,-6.614940108522854
EOS,25.0,10,438,-9.591396586483249,-6.614940108522854
EOS,25.0,10,439,-8.361492816370244,-6.614940108522854
EOS,25.0,10,440,-8.59715882613477,-6.614940108522854
EOS,25.0,10,441,-1.802206877278664,-6.614940108522854
EOS,25.0,10,442,-3.4935571434569215,-6.614940108522854
EOS,25.0,10,443,-4.592263879441988,-6.614940108522854
EOS,25.0,10,444,-7.045537738503419,-6.614940108522854
EOS,25.0,10,445,-7.537584393134116,-6.614940108522854
EOS,25.0,10,446,-4.722251160554833,-6.614940108522854
EOS,25.0,10,447,-6.430352970482363,-6.614940108522854
EOS,25.0,10,448,-5.213898764814551,-6.614940108522854
EOS,25.0,10,449,-8.90719665949676,-6.614940108522854
EOS,25.0,10,450,-12.292274055645816,-6.614940108522854
EOS,25.0,10,451,-7.827236051769584,-6.614940108522854
EOS,25.0,10,452,-9.55553459434542,-6.614940108522854
EOS,25.0,10,453,-3.9720976557797347,-6.614940108522854
EOS,25.0,10,454,-7.823032793370593,-6.614940108522854
EOS,25.0,10,455,-8.932503723416474,-6.614940108522854
EOS,25.0,10,456,-8.070367759243513,-6.614940108522854
EOS,25.0,10,457,-5.43666385585532,-6.614940108522854
EOS,25.0,10,458,-9.02994165456137,-6.614940108522854
EOS,25.0,10,459,-5.8019231933535576,-6.614940108522854
EOS,25.0,10,460,-4.641255435014353,-6.614940108522854
EOS,25.0,10,461,-8.434551424067433,-6.614940108522854
EOS,25.0,10,462,-10.422066507224994,-6.614940108522854
EOS,25.0,10,463,-6.585882840442274,-6.614940108522854
EOS,25.0,10,464,-4.91862655456727,-6.614940108522854
EOS,25.0,10,465,-11.207694650080994,-6.614940108522854
EOS,25.0,10,466,-11.00163768204461,-6.614940108522854
EOS,25.0,10,467,-6.20103699154654,-6.614940108522854
EOS,25.0,10,468,-10.784926343723278,-6.614940108522854
EOS,25.0,10,469,-4.009249723396026,-6.614940108522854
EOS,25.0,10,470,-7.6611248508296566,-6.614940108522854
EOS,25.0,10,471,-6.8717386629457025,-6.614940108522854
EOS,25.0,10,472,-9.431857295089088,-6.614940108522854
EOS,25.0,10,473,-5.769232093140326,-6.614940108522854
EOS,25.0,10,474,-7.901976328457046,-6.614940108522854
EOS,25.0,10,475,-10.892313874442515,-6.614940108522854
EOS,25.0,10,476,-6.512099911498379,-6.614940108522854
EOS,25.0,10,477,-6.3587946428725655,-6.614940108522854
EOS,25.0,10,478,-4.581965113544086,-6.614940108522854
EOS,25.0,10,479,-5.838182578808408,-6.614940108522854
EOS,25.0,10,480,-4.769803322058733,-6.614940108522854
EOS,25.0,10,481,-6.196007236100899,-6.614940108522854
EOS,25.0,10,482,-4.530010272971991,-6.614940108522854
EOS,25.0,10,483,-3.579627203500014,-6.614940108522854
EOS,25.0,10,484,-3.769311994119115,-6.614940108522854
EOS,25.0,10,485,-10.442133785163124,-6.614940108522854
EOS,25.0,10,486,-6.787655061544962,-6.614940108522854
EOS,25.0,10,487,-5.050351769456942,-6.614940108522854
EOS,25.0,10,488,-4.989167674901299,-6.614940108522854
EOS,25.0,10,489,-9.430397602941099,-6.614940108522854
EOS,25.0,10,490,-6.993644696335068,-6.614940108522854
EOS,25.0,10,491,-6.769726395270133,-6.614940108522854
EOS,25.0,10,492,-8.439580288717217,-6.614940108522854
EOS,25.0,10,493,-8.688888537155414,-6.614940108522854
EOS,25.0,10,494,-10.328299024471152,-6.614940108522854
EOS,25.0,10,495,-5.075269167649724,-6.614940108522854
EOS,25.0,10,496,-2.3090735128851003,-6.614940108522854
EOS,25.0,10,497,-12.84173851386875,-6.614940108522854
EOS,25.0,10,498,-8.468663750797049,-6.614940108522854
EOS,25.0,10,499,-5.267202421241501,-6.614940108522854
EOS,25.0,10,500,-9.04338997755164,-6.614940108522854
EOS,25.0,10,501,-4.826972043412669,-6.614940108522854
EOS,25.0,10,502,-6.494972303669565,-6.614940108522854
EOS,25.0,10,503,-5.579959046767462,-6.614940108522854
EOS,25.0,10,504,-7.6308871950052835,-6.614940108522854
EOS,25.0,10,505,-4.635232031397454,-6.614940108522854
EOS,25.0,10,506,-9.763933283728102,-6.614940108522854
EOS,25.0,10,507,-9.392948289707803,-6.614940108522854
EOS,25.0,10,508,-2.9742899589976206,-6.614940108522854
EOS,25.0,10,509,-5.27481599674657,-6.614940108522854
EOS,25.0,10,510,-8.92489561837813,-6.614940108522854
EOS,25.0,10,511,-7.786267251674021,-6.614940108522854
EOS,25.0,10,512,-3.765448518002792,-6.614940108522854
EOS,25.0,10,513,-4.106321603160788,-6.614940108522854
EOS,25.0,10,514,-5.79503679844121,-6.614940108522854
EOS,25.0,10,515,-10.757432290309767,-6.614940108522854
EOS,25.0,10,516,-8.629706980668246,-6.614940108522854
EOS,25.0,10,517,-7.873541997664699,-6.614940108522854
EOS,25.0,10,518,-7.394117280305389,-6.614940108522854
EOS,25.0,10,519,-7.134778227587319,-6.614940108522854
EOS,25.0,10,520,-7.669020185652779,-6.614940108522854
EOS,25.0,10,521,-3.855413223909459,-6.614940108522854
EOS,25.0,10,522,-8.74019542455554,-6.614940108522854
EOS,25.0,10,523,-8.17857457507784,-6.614940108522854
EOS,25.0,10,524,-2.833879538592038,-6.614940108522854
EOS,25.0,10,525,-8.3701648458956,-6.614940108522854
EOS,25.0,10,526,-7.159836955946282,-6.614940108522854
EOS,25.0,10,527,-3.820033290498213,-6.614940108522854
EOS,25.0,10,528,-9.088944143977013,-6.614940108522854
EOS,25.0,10,529,-5.121410573650904,-6.614940108522854
EOS,25.0,10,530,-5.283328409484239,-6.614940108522854
EOS,25.0,10,531,-10.055597364279746,-6.614940108522854
EOS,25.0,10,532,-2.6030794430855746,-6.614940108522854
EOS,25.0,10,533,-5.389398195257016,-6.614940108522854
EOS,25.0,10,534,-10.04739456997753,-6.614940108522854
EOS,25.0,10,535,-7.810086716465821,-6.614940108522854
EOS,25.0,10,536,-7.964256294086757,-6.614940108522854
EOS,25.0,10,537,-9.255814754149513,-6.614940108522854
EOS,25.0,10,538,-3.365443274038263,-6.614940108522854
EOS,25.0,10,539,-4.9875123026521955,-6.614940108522854
EOS,25.0,10,540,-7.627270214233835,-6.614940108522854
EOS,25.0,10,541,-7.712504967340615,-6.614940108522854
EOS,25.0,10,542,-5.233461049133262,-6.614940108522854
EOS,25.0,10,543,-8.771589494836583,-6.614940108522854
EOS,25.0,10,544,-7.383419124222687,-6.614940108522854
EOS,25.0,10,545,-5.25525690430716,-6.614940108522854
EOS,25.0,10,546,-1.6687513833734635,-6.614940108522854
EOS,25.0,10,547,-4.627281339114364,-6.614940108522854
EOS,25.0,10,548,-5.2832631932042275,-6.614940108522854
EOS,25.0,10,549,-3.5796273238420317,-6.614940108522854
EOS,25.0,10,550,-6.747303209702881,-6.614940108522854
EOS,25.0,10,551,-5.661905102470911,-6.614940108522854
EOS,25.0,10,552,-5.941717565103582,-6.614940108522854
EOS,25.0,10,553,-8.235401371343437,-6.614940108522854
EOS,25.0,10,554,-2.555845188532592,-6.614940108522854
EOS,25.0,10,555,-7.902096883580182,-6.614940108522854
EOS,25.0,10,556,-6.588185975377797,-6.614940108522854
EOS,25.0,10,557,-9.668393710583643,-6.614940108522854
EOS,25.0,10,558,-4.7375895691919805,-6.614940108522854
EOS,25.0,10,559,-10.750036419824568,-6.614940108522854
EOS,25.0,10,560,-6.247860281098004,-6.614940108522854
EOS,25.0,10,561,-5.949040372257586,-6.614940108522854
EOS,25.0,10,562,-9.493410535357672,-6.614940108522854
EOS,25.0,10,563,-6.411255342868534,-6.614940108522854
EOS,25.0,10,564,-2.473325032614752,-6.614940108522854
EOS,25.0,10,565,-4.933026155170312,-6.614940108522854
EOS,25.0,10,566,-5.778429075069164,-6.614940108522854
EOS,25.0,10,567,-6.452610331232869,-6.614940108522854
EOS,25.0,10,568,-6.456759030949575,-6.614940108522854
EOS,25.0,10,569,-9.093071663435566,-6.614940108522854
EOS,25.0,10,570,-6.5515188953035,-6.614940108522854
EOS,25.0,10,571,-0.8466967882890095,-6.614940108522854
EOS,25.0,10,572,-8.410081645196287,-6.614940108522854
EOS,25.0,10,573,-5.708141850102836,-6.614940108522854
EOS,25.0,10,574,-6.6264210628858615,-6.614940108522854
EOS,25.0,10,575,-5.789726013000141,-6.614940108522854
EOS,25.0,10,576,-7.448742376004876,-6.614940108522854
EOS,25.0,10,577,-5.371546673824769,-6.614940108522854
EOS,25.0,10,578,-7.184697013769952,-6.614940108522854
EOS,25.0,10,579,-6.061286752568363,-6.614940108522854
EOS,25.0,10,580,-8.590058104729154,-6.614940108522854
EOS,25.0,10,581,-6.061125355106398,-6.614940108522854
EOS,25.0,10,582,-9.140343159888538,-6.614940108522854
EOS,25.0,10,583,-10.104918689200282,-6.614940108522854
EOS,25.0,10,584,-7.119909162204021,-6.614940108522854
EOS,25.0,10,585,-10.038816785945386,-6.614940108522854
EOS,25.0,10,586,-5.742275199552591,-6.614940108522854
EOS,25.0,10,587,-5.790555125681348,-6.614940108522854
EOS,25.0,10,588,-10.534181546243516,-6.614940108522854
EOS,25.0,10,589,-7.430816949288639,-6.614940108522854
EOS,25.0,10,590,-7.353269664095288,-6.614940108522854
EOS,25.0,10,591,-6.875414575077471,-6.614940108522854
EOS,25.0,10,592,-9.641300096930847,-6.614940108522854
EOS,25.0,10,593,-9.612405760263345,-6.614940108522854
EOS,25.0,10,594,-5.16903906662148,-6.614940108522854
EOS,25.0,10,595,-8.266040912574615,-6.614940108522854
EOS,25.0,10,596,-7.2035375729623885,-6.614940108522854
EOS,25.0,10,597,-7.339856852935241,-6.614940108522854
EOS,25.0,10,598,-2.69023334471291,-6.614940108522854
EOS,25.0,10,599,-4.71802700477787,-6.614940108522854
EOS,25.0,10,600,-8.262965430078204,-6.614940108522854
EOS,25.0,10,601,-3.4384822618660413,-6.614940108522854
EOS,25.0,10,602,-11.45339106939904,-6.614940108522854
EOS,25.0,10,603,-3.9684913527279315,-6.614940108522854
EOS,25.0,10,604,-6.59268541283887,-6.614940108522854
EOS,25.0,10,605,-5.570991520726628,-6.614940108522854
EOS,25.0,10,606,-5.5940651497100475,-6.614940108522854
EOS,25.0,10,607,-5.17319608482089,-6.614940108522854
EOS,25.0,10,608,-6.536737096387018,-6.614940108522854
EOS,25.0,10,609,-1.6837531997913766,-6.614940108522854
EOS,25.0,10,610,-12.036055183091817,-6.614940108522854
EOS,25.0,10,611,-8.357598593582647,-6.614940108522854
EOS,25.0,10,612,-1.7323597164700746,-6.614940108522854
EOS,25.0,10,613,-6.790237574648382,-6.614940108522854
EOS,25.0,10,614,-5.38259057970116,-6.614940108522854
EOS,25.0,10,615,-6.984487872440979,-6.614940108522854
EOS,25.0,10,616,-0.7466991473762306,-6.614940108522854
EOS,25.0,10,617,-9.61923644849977,-6.614940108522854
EOS,25.0,10,618,-6.33518250233354,-6.614940108522854
EOS,25.0,10,619,-2.080824466782723,-6.614940108522854
EOS,25.0,10,620,-2.7007653823865523,-6.614940108522854
EOS,25.0,10,621,-8.911978314122095,-6.614940108522854
EOS,25.0,10,622,-6.6773592306244165,-6.614940108522854
EOS,25.0,10,623,-7.068203779492202,-6.614940108522854
EOS,25.0,10,624,-6.234368187937684,-6.614940108522854
EOS,25.0,10,625,-5.742312271067103,-6.614940108522854
EOS,25.0,10,626,-4.262512520447072,-6.614940108522854
EOS,25.0,10,627,-2.7440352221154765,-6.614940108522854
EOS,25.0,10,628,-8.617918305306912,-6.614940108522854
EOS,25.0,10,629,-7.068300720443638,-6.614940108522854
EOS,25.0,10,630,-8.65573773305597,-6.614940108522854
EOS,25.0,10,631,-6.674782203022062,-6.614940108522854
EOS,25.0,10,632,-3.414517361935883,-6.614940108522854
EOS,25.0,10,633,-8.009069014827325,-6.614940108522854
EOS,25.0,10,634,0.7370298118924771,-6.614940108522854
EOS,25.0,10,635,-6.5237223859538505,-6.614940108522854
EOS,25.0,10,636,-5.275138153171702,-6.614940108522854
EOS,25.0,10,637,-12.580154183633583,-6.614940108522854
EOS,25.0,10,638,-6.907828356656878,-6.614940108522854
EOS,25.0,10,639,-4.78839807995373,-6.614940108522854
EOS,25.0,10,640,-8.670628866829691,-6.614940108522854
EOS,25.0,10,641,-6.116727002866998,-6.614940108522854
EOS,25.0,10,642,-3.375206679432238,-6.614940108522854
EOS,25.0,10,643,-10.489948821511094,-6.614940108522854
EOS,25.0,10,644,-3.2842700253572845,-6.614940108522854
EOS,25.0,10,645,-3.9787529099469405,-6.614940108522854
EOS,25.0,10,646,-8.92573028741543,-6.614940108522854
EOS,25.0,10,647,-11.83661037059043,-6.614940108522854
EOS,25.0,10,648,-11.72804151191863,-6.614940108522854
EOS,25.0,10,649,-6.306423543026899,-6.614940108522854
EOS,25.0,10,650,-3.900498225403629,-6.614940108522854
EOS,25.0,10,651,-9.526372626786046,-6.614940108522854
EOS,25.0,10,652,-2.778680900474027,-6.614940108522854
EOS,25.0,10,653,-7.385922756284838,-6.614940108522854
EOS,25.0,10,654,-7.6270105466815865,-6.614940108522854
EOS,25.0,10,655,-7.322023799393949,-6.614940108522854
EOS,25.0,10,656,-9.055512269090539,-6.614940108522854
EOS,25.0,10,657,-5.305609678669441,-6.614940108522854
EOS,25.0,10,658,-9.255349622968243,-6.614940108522854
EOS,25.0,10,659,-12.786916269526438,-6.614940108522854
EOS,25.0,10,660,-6.181544802230842,-6.614940108522854
EOS,25.0,10,661,-5.271903197904738,-6.614940108522854
EOS,25.0,10,662,-8.60178456615138,-6.614940108522854
EOS,25.0,10,663,-9.62651923216742,-6.614940108522854
EOS,25.0,10,664,-5.661672699275103,-6.614940108522854
EOS,25.0,10,665,-10.499814901836846,-6.614940108522854
EOS,25.0,10,666,-8.376084752102502,-6.614940108522854
EOS,25.0,10,667,-6.29309846246573,-6.614940108522854
EOS,25.0,10,668,-6.0233891552068375,-6.614940108522854
EOS,25.0,10,669,-4.477083163961796,-6.614940108522854
EOS,25.0,10,670,-3.8998692180988677,-6.614940108522854
EOS,25.0,10,671,-4.340032825893944,-6.614940108522854
EOS,25.0,10,672,-7.508105927244074,-6.614940108522854
EOS,25.0,10,673,-8.714814003904861,-6.614940108522854
EOS,25.0,10,674,-12.33816390992273,-6.614940108522854
EOS,25.0,10,675,-6.255058691623137,-6.614940108522854
EOS,25.0,10,676,-10.510878351892796,-6.614940108522854
EOS,25.0,10,677,-10.10455456714584,-6.614940108522854
EOS,25.0,10,678,-7.381453300031184,-6.614940108522854
EOS,25.0,10,679,-8.085099443332574,-6.614940108522854
EOS,25.0,10,680,-5.8576054222654435,-6.614940108522854
EOS,25.0,10,681,-3.8976906541770266,-6.614940108522854
EOS,25.0,10,682,-5.905828374239765,-6.614940108522854
EOS,25.0,10,683,-5.647910988392733,-6.614940108522854
EOS,25.0,10,684,-9.717420690380997,-6.614940108522854
EOS,25.0,10,685,-8.449852326377824,-6.614940108522854
EOS,25.0,10,686,-8.104045762367907,-6.614940108522854
EOS,25.0,10,687,-6.21842807578616,-6.614940108522854
EOS,25.0,10,688,-7.5823718254521335,-6.614940108522854
EOS,25.0,10,689,-11.07456728086935,-6.614940108522854
EOS,25.0,10,690,-6.048546721476731,-6.614940108522854
EOS,25.0,10,691,-5.48831210229363,-6.614940108522854
EOS,25.0,10,692,-5.110244283955335,-6.614940108522854
EOS,25.0,10,693,-8.468058568948967,-6.614940108522854
EOS,25.0,10,694,-6.8185164940476275,-6.614940108522854
EOS,25.0,10,695,-5.314665621881714,-6.614940108522854
EOS,25.0,10,696,-4.751558410331031,-6.614940108522854
EOS,25.0,10,697,-5.219096605453681,-6.614940108522854
EOS,25.0,10,698,-5.738024679645197,-6.614940108522854
EOS,25.0,10,699,-7.663256755054544,-6.614940108522854
EOS,25.0,10,700,-6.345564833076489,-6.614940108522854
EOS,25.0,10,701,-6.104304860026467,-6.614940108522854
EOS,25.0,10,702,-8.89838712893346,-6.614940108522854
EOS,25.0,10,703,-11.055913509550539,-6.614940108522854
EOS,25.0,10,704,-6.621614362587247,-6.614940108522854
EOS,25.0,10,705,-5.25868945471075,-6.614940108522854
EOS,25.0,10,706,-10.040647248328966,-6.614940108522854
EOS,25.0,10,707,-10.938862512058732,-6.614940108522854
EOS,25.0,10,708,-6.967250326491211,-6.614940108522854
EOS,25.0,10,709,-7.618499126691249,-6.614940108522854
EOS,25.0,10,710,-9.578811646692529,-6.614940108522854
EOS,25.0,10,711,-5.308251382724983,-6.614940108522854
EOS,25.0,10,712,-9.528255756575,-6.614940108522854
EOS,25.0,10,713,-7.552531117759669,-6.614940108522854
EOS,25.0,10,714,-3.6580388689311274,-6.614940108522854
EOS,25.0,10,715,-5.413826782214629,-6.614940108522854
EOS,25.0,10,716,-9.47015399492723,-6.614940108522854
EOS,25.0,10,717,-6.735008104148318,-6.614940108522854
EOS,25.0,10,718,-4.827108878366524,-6.614940108522854
EOS,25.0,10,719,-10.582550696256826,-6.614940108522854
EOS,25.0,10,720,-7.437744088550721,-6.614940108522854
EOS,25.0,10,721,-6.590512414567598,-6.614940108522854
EOS,25.0,10,722,-4.49920024619299,-6.614940108522854
EOS,25.0,10,723,-9.476314367893874,-6.614940108522854
EOS,25.0,10,724,-7.773156129235229,-6.614940108522854
EOS,25.0,10,725,-4.050506862317768,-6.614940108522854
EOS,25.0,10,726,-6.8019008735107604,-6.614940108522854
EOS,25.0,10,727,-6.589207846311728,-6.614940108522854
EOS,25.0,10,728,-5.2297435424040195,-6.614940108522854
EOS,25.0,10,729,-10.23700234474801,-6.614940108522854
EOS,25.0,10,730,-8.039989072619374,-6.614940108522854
EOS,25.0,10,731,-5.683172909774408,-6.614940108522854
EOS,25.0,10,732,-5.32580953929183,-6.614940108522854
EOS,25.0,10,733,-6.42057204689108,-6.614940108522854
EOS,25.0,10,734,-5.240031704191142,-6.614940108522854
EOS,25.0,10,735,-7.19673785414851,-6.614940108522854
EOS,25.0,10,736,-3.862435626593869,-6.614940108522854
EOS,25.0,10,737,-8.25111361585746,-6.614940108522854
EOS,25.0,10,738,-6.697275472960098,-6.614940108522854
EOS,25.0,10,739,-4.026256691815564,-6.614940108522854
EOS,25.0,10,740,-6.76616577276069,-6.614940108522854
EOS,25.0,10,741,-2.0710300304998177,-6.614940108522854
EOS,25.0,10,742,-7.039799051683493,-6.614940108522854
EOS,25.0,10,743,-6.562137763759633,-6.614940108522854
EOS,25.0,10,744,-8.985449744617355,-6.614940108522854
EOS,25.0,10,745,-6.119283229108687,-6.614940108522854
EOS,25.0,10,746,-8.935128823262966,-6.614940108522854
EOS,25.0,10,747,-8.917255271892111,-6.614940108522854
EOS,25.0,10,748,-10.778532938949713,-6.614940108522854
EOS,25.0,10,749,-7.7989231382212285,-6.614940108522854
EOS,25.0,10,750,-2.0412311363904356,-6.614940108522854
EOS,25.0,10,751,-10.805244976585525,-6.614940108522854
EOS,25.0,10,752,-7.9710425131974905,-6.614940108522854
EOS,25.0,10,753,-4.074390546659397,-6.614940108522854
EOS,25.0,10,754,-10.085456434491675,-6.614940108522854
EOS,25.0,10,755,-4.637785423704621,-6.614940108522854
EOS,25.0,10,756,-4.314866152042008,-6.614940108522854
EOS,25.0,10,757,-6.651248914905429,-6.614940108522854
EOS,25.0,10,758,-1.6128892783109219,-6.614940108522854
EOS,25.0,10,759,-6.203104689095914,-6.614940108522854
EOS,25.0,10,760,-8.305493679542979,-6.614940108522854
EOS,25.0,10,761,-7.633237602616209,-6.614940108522854
EOS,25.0,10,762,-4.344933102077957,-6.614940108522854
EOS,25.0,10,763,-1.8642388723375545,-6.614940108522854
EOS,25.0,10,764,-3.3570217675818843,-6.614940108522854
EOS,25.0,10,765,-5.8378336362412595,-6.614940108522854
EOS,25.0,10,766,-4.626933453875806,-6.614940108522854
EOS,25.0,10,767,-4.178707147377466,-6.614940108522854
EOS,25.0,10,768,-8.58297302988516,-6.614940108522854
EOS,25.0,10,769,-7.658699013556614,-6.614940108522854
EOS,25.0,10,770,-2.9130352398720873,-6.614940108522854
EOS,25.0,10,771,-8.04315092538191,-6.614940108522854
EOS,25.0,10,772,-6.015365573538263,-6.614940108522854
EOS,25.0,10,773,-7.38326450790222,-6.614940108522854
EOS,25.0,10,774,-6.4077180915566405,-6.614940108522854
EOS,25.0,10,775,-10.375919894970568,-6.614940108522854
EOS,25.0,10,776,-5.833352811985277,-6.614940108522854
EOS,25.0,10,777,-8.687424241795608,-6.614940108522854
EOS,25.0,10,778,-7.208688043644113,-6.614940108522854
EOS,25.0,10,779,-7.066917045115863,-6.614940108522854
EOS,25.0,10,780,-5.49776065890137,-6.614940108522854
EOS,25.0,10,781,-4.903659003864162,-6.614940108522854
EOS,25.0,10,782,-10.04320346423387,-6.614940108522854
EOS,25.0,10,783,-3.044949693516618,-6.614940108522854
EOS,25.0,10,784,-9.079368423581542,-6.614940108522854
EOS,25.0,10,785,-1.5048887628221121,-6.614940108522854
EOS,25.0,10,786,-9.453314152773693,-6.614940108522854
EOS,25.0,10,787,-9.970922628472712,-6.614940108522854
EOS,25.0,10,788,-4.988437570028742,-6.614940108522854
EOS,25.0,10,789,-7.363200745168966,-6.614940108522854
EOS,25.0,10,790,-3.8287384140768865,-6.614940108522854
EOS,25.0,10,791,-6.233567553219323,-6.614940108522854
EOS,25.0,10,792,-4.612108991173997,-6.614940108522854
EOS,25.0,10,793,-8.101310848130785,-6.614940108522854
EOS,25.0,10,794,-6.677743094273135,-6.614940108522854
EOS,25.0,10,795,-10.320401786161497,-6.614940108522854
EOS,25.0,10,796,-5.894760093781873,-6.614940108522854
EOS,25.0,10,797,-6.275901122484226,-6.614940108522854
EOS,25.0,10,798,-3.724964984313573,-6.614940108522854
EOS,25.0,10,799,-5.301928658865886,-6.614940108522854
EOS,25.0,10,800,-2.885293063809985,-6.614940108522854
EOS,25.0,10,801,-4.759269547360356,-6.614940108522854
EOS,25.0,10,802,-7.073309645543015,-6.614940108522854
EOS,25.0,10,803,-7.6659477418396795,-6.614940108522854
EOS,25.0,10,804,-4.33251230442194,-6.614940108522854
EOS,25.0,10,805,-8.758216409762165,-6.614940108522854
EOS,25.0,10,806,-10.48119640955668,-6.614940108522854
EOS,25.0,10,807,-1.9073813720087092,-6.614940108522854
EOS,25.0,10,808,-7.442499906210198,-6.614940108522854
EOS,25.0,10,809,-10.658069251460148,-6.614940108522854
EOS,25.0,10,810,-5.01078290510265,-6.614940108522854
EOS,25.0,10,811,-9.579608287344744,-6.614940108522854
EOS,25.0,10,812,-6.395647554585365,-6.614940108522854
EOS,25.0,10,813,-7.1285030489080725,-6.614940108522854
EOS,25.0,10,814,-6.7771838977365855,-6.614940108522854
EOS,25.0,10,815,-7.782185925439194,-6.614940108522854
EOS,25.0,10,816,-7.627439568714464,-6.614940108522854
EOS,25.0,10,817,-3.6429863284941923,-6.614940108522854
EOS,25.0,10,818,-6.778937545093457,-6.614940108522854
EOS,25.0,10,819,-6.1779668145759725,-6.614940108522854
EOS,25.0,10,820,-3.890032357983311,-6.614940108522854
EOS,25.0,10,821,-7.1007086271624384,-6.614940108522854
EOS,25.0,10,822,-7.4015093204306925,-6.614940108522854
EOS,25.0,10,823,-8.054942757801754,-6.614940108522854
EOS,25.0,10,824,0.7676701045997268,-6.614940108522854
EOS,25.0,10,825,-5.56290030601726,-6.614940108522854
EOS,25.0,10,826,-8.395178721592373,-6.614940108522854
EOS,25.0,10,827,-5.42958187389064,-6.614940108522854
EOS,25.0,10,828,-5.40948607763047,-6.614940108522854
EOS,25.0,10,829,-9.513616036977261,-6.614940108522854
EOS,25.0,10,830,-4.293708520291216,-6.614940108522854
EOS,25.0,10,831,-6.75523166176694,-6.614940108522854
EOS,25.0,10,832,-4.661222916531388,-6.614940108522854
EOS,25.0,10,833,-6.1208286146565145,-6.614940108522854
EOS,25.0,10,834,-8.684236055599495,-6.614940108522854
EOS,25.0,10,835,-3.807548057221298,-6.614940108522854
EOS,25.0,10,836,-4.946140896910319,-6.614940108522854
EOS,25.0,10,837,-8.205108230080553,-6.614940108522854
EOS,25.0,10,838,-4.229151130303731,-6.614940108522854
EOS,25.0,10,839,-8.469015626771341,-6.614940108522854
EOS,25.0,10,840,-10.111280777735509,-6.614940108522854
EOS,25.0,10,841,-7.013017923761588,-6.614940108522854
EOS,25.0,10,842,-9.586133670124731,-6.614940108522854
EOS,25.0,10,843,-1.1861412732765841,-6.614940108522854
EOS,25.0,10,844,-7.277696321329356,-6.614940108522854
EOS,25.0,10,845,-8.994762688834943,-6.614940108522854
EOS,25.0,10,846,-4.7312959081468104,-6.614940108522854
EOS,25.0,10,847,-2.4226419523750824,-6.614940108522854
EOS,25.0,10,848,-9.942380019234143,-6.614940108522854
EOS,25.0,10,849,-4.26045873696601,-6.614940108522854
EOS,25.0,10,850,-7.822824775451733,-6.614940108522854
EOS,25.0,10,851,-3.2023050926920087,-6.614940108522854
EOS,25.0,10,852,-8.542303326313935,-6.614940108522854
EOS,25.0,10,853,-6.4858345757972105,-6.614940108522854
EOS,25.0,10,854,-5.8376356679373504,-6.614940108522854
EOS,25.0,10,855,-5.22373181200809,-6.614940108522854
EOS,25.0,10,856,-10.368112351809405,-6.614940108522854
EOS,25.0,10,857,-7.494723214751369,-6.614940108522854
EOS,25.0,10,858,-2.703485058037673,-6.614940108522854
EOS,25.0,10,859,-9.706293621670326,-6.614940108522854
EOS,25.0,10,860,-6.9962661287427155,-6.614940108522854
EOS,25.0,10,861,-8.815620815722806,-6.614940108522854
EOS,25.0,10,862,-8.021748345648495,-6.614940108522854
EOS,25.0,10,863,-6.766044060066784,-6.614940108522854
EOS,25.0,10,864,-12.69889039556465,-6.614940108522854
EOS,25.0,10,865,-6.778296296571359,-6.614940108522854
EOS,25.0,10,866,-11.679971930206225,-6.614940108522854
EOS,25.0,10,867,-4.599015504540539,-6.614940108522854
EOS,25.0,10,868,-5.330910382705337,-6.614940108522854
EOS,25.0,10,869,-7.6072018009336295,-6.614940108522854
EOS,25.0,10,870,-6.520868958997516,-6.614940108522854
EOS,25.0,10,871,-4.588775934746048,-6.614940108522854
EOS,25.0,10,872,-3.2746381115608303,-6.614940108522854
EOS,25.0,10,873,-10.654596208525856,-6.614940108522854
EOS,25.0,10,874,-7.149188247828274,-6.614940108522854
EOS,25.0,10,875,-2.032507674068829,-6.614940108522854
EOS,25.0,10,876,-8.256084618594723,-6.614940108522854
EOS,25.0,10,877,-4.42375307572936,-6.614940108522854
EOS,25.0,10,878,-9.064454392946615,-6.614940108522854
EOS,25.0,10,879,-9.438980603753027,-6.614940108522854
EOS,25.0,10,880,-5.657291206134882,-6.614940108522854
EOS,25.0,10,881,-6.299371385979987,-6.614940108522854
EOS,25.0,10,882,-7.051965452663151,-6.614940108522854
EOS,25.0,10,883,-7.876789620828945,-6.614940108522854
EOS,25.0,10,884,-8.453198895278003,-6.614940108522854
EOS,25.0,10,885,-0.5152721303825385,-6.614940108522854
EOS,25.0,10,886,-3.571184793859314,-6.614940108522854
EOS,25.0,10,887,-5.052185289185125,-6.614940108522854
EOS,25.0,10,888,-6.958920942668373,-6.614940108522854
EOS,25.0,10,889,-6.290793203423167,-6.614940108522854
EOS,25.0,10,890,-3.8147079158523343,-6.614940108522854
EOS,25.0,10,891,-5.192411121389762,-6.614940108522854
EOS,25.0,10,892,-4.545615247594344,-6.614940108522854
EOS,25.0,10,893,-2.500304302181624,-6.614940108522854
EOS,25.0,10,894,-7.945284363309712,-6.614940108522854
EOS,25.0,10,895,-9.484284539846412,-6.614940108522854
EOS,25.0,10,896,-1.923285404684633,-6.614940108522854
EOS,25.0,10,897,-6.87467235637927,-6.614940108522854
EOS,25.0,10,898,-8.083664298435046,-6.614940108522854
EOS,25.0,10,899,-7.284166761620827,-6.614940108522854
EOS,25.0,10,900,-5.469447638684132,-6.614940108522854
EOS,25.0,10,901,-6.072861914094519,-6.614940108522854
EOS,25.0,10,902,-11.874683667429194,-6.614940108522854
EOS,25.0,10,903,-8.486552548391536,-6.614940108522854
EOS,25.0,10,904,-7.682635947445595,-6.614940108522854
EOS,25.0,10,905,-2.8213973172944042,-6.614940108522854
EOS,25.0,10,906,-6.985242901012287,-6.614940108522854
EOS,25.0,10,907,-3.923937467128717,-6.614940108522854
EOS,25.0,10,908,-4.048629811210475,-6.614940108522854
EOS,25.0,10,909,-6.608377317301533,-6.614940108522854
EOS,25.0,10,910,-8.08398752237203,-6.614940108522854
EOS,25.0,10,911,-6.541264628257439,-6.614940108522854
EOS,25.0,10,912,-8.21224434884479,-6.614940108522854
EOS,25.0,10,913,-3.880036427829489,-6.614940108522854
EOS,25.0,10,914,-3.036206333109182,-6.614940108522854
EOS,25.0,10,915,-7.366967230272084,-6.614940108522854
EOS,25.0,10,916,-9.89875361605414,-6.614940108522854
EOS,25.0,10,917,-6.258054966126165,-6.614940108522854
EOS,25.0,10,918,-4.408028657876103,-6.614940108522854
EOS,25.0,10,919,-6.520094163180506,-6.614940108522854
EOS,25.0,10,920,-5.714539042091259,-6.614940108522854
EOS,25.0,10,921,-8.470350679968519,-6.614940108522854
EOS,25.0,10,922,-7.092015323288309,-6.614940108522854
EOS,25.0,10,923,-5.144822880566477,-6.614940108522854
EOS,25.0,10,924,-5.391906349649736,-6.614940108522854
EOS,25.0,10,925,-8.695804517618301,-6.614940108522854
EOS,25.0,10,926,-6.7129988310501965,-6.614940108522854
EOS,25.0,10,927,-8.385247537965071,-6.614940108522854
EOS,25.0,10,928,-8.358243623298332,-6.614940108522854
EOS,25.0,10,929,-4.7163848039465,-6.614940108522854
EOS,25.0,10,930,-7.316499622075729,-6.614940108522854
EOS,25.0,10,931,-9.991444628735447,-6.614940108522854
EOS,25.0,10,932,-5.778854295434089,-6.614940108522854
EOS,25.0,10,933,-8.897073870805219,-6.614940108522854
EOS,25.0,10,934,-6.975634286712139,-6.614940108522854
EOS,25.0,10,935,-8.399934073953808,-6.614940108522854
EOS,25.0,10,936,-8.930744002720498,-6.614940108522854
EOS,25.0,10,937,-5.381824793336293,-6.614940108522854
EOS,25.0,10,938,-6.271223938898084,-6.614940108522854
EOS,25.0,10,939,-7.768556475604095,-6.614940108522854
EOS,25.0,10,940,-2.205019538761635,-6.614940108522854
EOS,25.0,10,941,-3.9530046431814667,-6.614940108522854
EOS,25.0,10,942,-7.730138421394121,-6.614940108522854
EOS,25.0,10,943,-6.049535057900722,-6.614940108522854
EOS,25.0,10,944,-8.680965719458106,-6.614940108522854
EOS,25.0,10,945,-4.527266825134995,-6.614940108522854
EOS,25.0,10,946,-5.1539221816225,-6.614940108522854
EOS,25.0,10,947,-5.06253058107783,-6.614940108522854
EOS,25.0,10,948,-9.31919400953309,-6.614940108522854
EOS,25.0,10,949,-7.336010420221484,-6.614940108522854
EOS,25.0,10,950,-6.320065031134566,-6.614940108522854
EOS,25.0,10,951,-5.171430227729356,-6.614940108522854
EOS,25.0,10,952,-9.575246167674642,-6.614940108522854
EOS,25.0,10,953,-5.597366846827045,-6.614940108522854
EOS,25.0,10,954,-3.913010098758142,-6.614940108522854
EOS,25.0,10,955,-6.817338818734921,-6.614940108522854
EOS,25.0,10,956,-5.970062341506987,-6.614940108522854
EOS,25.0,10,957,-4.59285508971667,-6.614940108522854
EOS,25.0,10,958,-3.4476588044790475,-6.614940108522854
EOS,25.0,10,959,-3.5977734435882995,-6.614940108522854
EOS,25.0,10,960,-9.474261124684428,-6.614940108522854
EOS,25.0,10,961,-10.166497247290499,-6.614940108522854
EOS,25.0,10,962,-10.420023153296672,-6.614940108522854
EOS,25.0,10,963,-2.2996485316943684,-6.614940108522854
EOS,25.0,10,964,-7.414472273328145,-6.614940108522854
EOS,25.0,10,965,-5.855497648072694,-6.614940108522854
EOS,25.0,10,966,-3.747636508704944,-6.614940108522854
EOS,25.0,10,967,-7.213842970296949,-6.614940108522854
EOS,25.0,10,968,-3.070219586933531,-6.614940108522854
EOS,25.0,10,969,-2.216155229793557,-6.614940108522854
EOS,25.0,10,970,-9.2422534043396,-6.614940108522854
EOS,25.0,10,971,-9.192338060233752,-6.614940108522854
EOS,25.0,10,972,-8.873203672361129,-6.614940108522854
EOS,25.0,10,973,-6.38776205383118,-6.614940108522854
EOS,25.0,10,974,-8.57620139972951,-6.614940108522854
EOS,25.0,10,975,-5.144418489156481,-6.614940108522854
EOS,25.0,10,976,-9.69701018914293,-6.614940108522854
EOS,25.0,10,977,-3.516794817829296,-6.614940108522854
EOS,25.0,10,978,-10.403296939427275,-6.614940108522854
EOS,25.0,10,979,-7.207070192158154,-6.614940108522854
EOS,25.0,10,980,-6.294479969096255,-6.614940108522854
EOS,25.0,10,981,-10.248030595492796,-6.614940108522854
EOS,25.0,10,982,-9.019225907350778,-6.614940108522854
EOS,25.0,10,983,-7.552644601946512,-6.614940108522854
EOS,25.0,10,984,-9.071030337768317,-6.614940108522854
EOS,25.0,10,985,-4.427839348577684,-6.614940108522854
EOS,25.0,10,986,-6.2770514578038785,-6.614940108522854
EOS,25.0,10,987,-3.7829636802338173,-6.614940108522854
EOS,25.0,10,988,-4.448958129914989,-6.614940108522854
EOS,25.0,10,989,-5.551257371682645,-6.614940108522854
EOS,25.0,10,990,-7.772528617943691,-6.614940108522854
EOS,25.0,10,991,-7.212866743297935,-6.614940108522854
EOS,25.0,10,992,-4.509351435297873,-6.614940108522854
EOS,25.0,10,993,-10.021531417897165,-6.614940108522854
EOS,25.0,10,994,-6.479326023236205,-6.614940108522854
EOS,25.0,10,995,-5.937604729176968,-6.614940108522854
EOS,25.0,10,996,-7.818983456230569,-6.614940108522854
EOS,25.0,10,997,-12.799894234458485,-6.614940108522854
EOS,25.0,10,998,-8.096966822495862,-6.614940108522854
EOS,25.0,10,999,-7.745656053148565,-6.614940108522854
EOS,35.0,10,1,1.1186412047655383,3.2666660981721596
EOS,35.0,10,2,1.9791615227993276,3.2666660981721596
EOS,35.0,10,3,0.8306915406874801,3.2666660981721596
EOS,35.0,10,4,0.2651243459759831,3.2666660981721596
EOS,35.0,10,5,3.4900816709879603,3.2666660981721596
EOS,35.0,10,6,4.091149344344906,3.2666660981721596
EOS,35.0,10,7,-0.38095564714115304,3.2666660981721596
EOS,35.0,10,8,1.3353590790913077,3.2666660981721596
EOS,35.0,10,9,4.756654531539026,3.2666660981721596
EOS,35.0,10,10,8.361363304380378,3.2666660981721596
EOS,35.0,10,11,-0.6387918518799536,3.2666660981721596
EOS,35.0,10,12,1.985021817232015,3.2666660981721596
EOS,35.0,10,13,1.4164115842686407,3.2666660981721596
EOS,35.0,10,14,2.6219455159875027,3.2666660981721596
EOS,35.0,10,15,5.611866754445272,3.2666660981721596
EOS,35.0,10,16,2.4691447738979377,3.2666660981721596
EOS,35.0,10,17,4.330391863589188,3.2666660981721596
EOS,35.0,10,18,1.3233546173731379,3.2666660981721596
EOS,35.0,10,19,3.400535938031422,3.2666660981721596
EOS,35.0,10,20,1.9898445665409823,3.2666660981721596
EOS,35.0,10,21,4.30996425027265,3.2666660981721596
EOS,35.0,10,22,2.9435766826410585,3.2666660981721596
EOS,35.0,10,23,7.119801389092178,3.2666660981721596
EOS,35.0,10,24,4.568739572366951,3.2666660981721596
EOS,35.0,10,25,4.277232508120642,3.2666660981721596
EOS,35.0,10,26,1.6787821623575296,3.2666660981721596
EOS,35.0,10,27,5.7362205495952505,3.2666660981721596
EOS,35.0,10,28,4.206399565787465,3.2666660981721596
EOS,35.0,10,29,1.6664919903503213,3.2666660981721596
EOS,35.0,10,30,2.363688150856159,3.2666660981721596
EOS,35.0,10,31,2.235747190632101,3.2666660981721596
EOS,35.0,10,32,4.133900750197913,3.2666660981721596
EOS,35.0,10,33,3.9280860020445916,3.2666660981721596
EOS,35.0,10,34,3.6125753616200873,3.2666660981721596
EOS,35.0,10,35,-0.3556517263019409,3.2666660981721596
EOS,35.0,10,36,-1.4621522474133966,3.2666660981721596
EOS,35.0,10,37,0.04875693940416015,3.2666660981721596
EOS,35.0,10,38,-1.1829339827397833,3.2666660981721596
EOS,35.0,10,39,1.8431187709415102,3.2666660981721596
EOS,35.0,10,40,1.6239703016814837,3.2666660981721596
EOS,35.0,10,41,4.524322430493811,3.2666660981721596
EOS,35.0,10,42,5.562525456232992,3.2666660981721596
EOS,35.0,10,43,4.28250933322049,3.2666660981721596
EOS,35.0,10,44,6.689076720565147,3.2666660981721596
EOS,35.0,10,45,0.0822270715624287,3.2666660981721596
EOS,35.0,10,46,6.116366167289926,3.2666660981721596
EOS,35.0,10,47,1.3383240348573595,3.2666660981721596
EOS,35.0,10,48,6.13978110797558,3.2666660981721596
EOS,35.0,10,49,3.1794654742043402,3.2666660981721596
EOS,35.0,10,50,2.823469922541202,3.2666660981721596
EOS,35.0,10,51,1.2564302444083844,3.2666660981721596
EOS,35.0,10,52,6.775570932357615,3.2666660981721596
EOS,35.0,10,53,4.324612322533714,3.2666660981721596
EOS,35.0,10,54,3.091022502213289,3.2666660981721596
EOS,35.0,10,55,7.101413223147643,3.2666660981721596
EOS,35.0,10,56,0.9686011665877374,3.2666660981721596
EOS,35.0,10,57,4.211880473068563,3.2666660981721596
EOS,35.0,10,58,1.144268814940452,3.2666660981721596
EOS,35.0,10,59,6.330208646785378,3.2666660981721596
EOS,35.0,10,60,4.0054466171851635,3.2666660981721596
EOS,35.0,10,61,4.747335007162561,3.2666660981721596
EOS,35.0,10,62,0.7096052300890483,3.2666660981721596
EOS,35.0,10,63,0.4732726190196672,3.2666660981721596
EOS,35.0,10,64,4.95309096736576,3.2666660981721596
EOS,35.0,10,65,1.2697773975402953,3.2666660981721596
EOS,35.0,10,66,7.617736814672205,3.2666660981721596
EOS,35.0,10,67,5.591490150409005,3.2666660981721596
EOS,35.0,10,68,2.427592595431652,3.2666660981721596
EOS,35.0,10,69,4.472089421839446,3.2666660981721596
EOS,35.0,10,70,6.462855300095155,3.2666660981721596
EOS,35.0,10,71,5.758128896283625,3.2666660981721596
EOS,35.0,10,72,5.125677225154552,3.2666660981721596
EOS,35.0,10,73,4.002132785218263,3.2666660981721596
EOS,35.0,10,74,7.458024319003194,3.2666660981721596
EOS,35.0,10,75,3.1578126258913257,3.2666660981721596
EOS,35.0,10,76,-0.4276068806077795,3.2666660981721596
EOS,35.0,10,77,5.992070070659595,3.2666660981721596
EOS,35.0,10,78,0.8351946912545086,3.2666660981721596
EOS,35.0,10,79,6.643407127442488,3.2666660981721596
EOS,35.0,10,80,2.643166829879198,3.2666660981721596
EOS,35.0,10,81,0.4112835879398921,3.2666660981721596
EOS,35.0,10,82,2.471254205606785,3.2666660981721596
EOS,35.0,10,83,2.7186692003156914,3.2666660981721596
EOS,35.0,10,84,-0.21378210582846702,3.2666660981721596
EOS,35.0,10,85,6.207268890826814,3.2666660981721596
EOS,35.0,10,86,7.514386941856831,3.2666660981721596
EOS,35.0,10,87,1.7993751172484511,3.2666660981721596
EOS,35.0,10,88,1.2744673826288153,3.2666660981721596
EOS,35.0,10,89,3.0205108985093996,3.2666660981721596
EOS,35.0,10,90,3.2876476616090162,3.2666660981721596
EOS,35.0,10,91,3.014523546305074,3.2666660981721596
EOS,35.0,10,92,4.572030665220769,3.2666660981721596
EOS,35.0,10,93,8.810407867098931,3.2666660981721596
EOS,35.0,10,94,4.632385470222941,3.2666660981721596
EOS,35.0,10,95,3.781996163363184,3.2666660981721596
EOS,35.0,10,96,4.1844455939974985,3.2666660981721596
EOS,35.0,10,97,0.2184847338910788,3.2666660981721596
EOS,35.0,10,98,-0.11309545183500846,3.2666660981721596
EOS,35.0,10,99,6.289236844165563,3.2666660981721596
EOS,35.0,10,100,4.248889945760414,3.2666660981721596
EOS,35.0,10,101,4.459918148321069,3.2666660981721596
EOS,35.0,10,102,-1.462689752699858,3.2666660981721596
EOS,35.0,10,103,5.527851675100425,3.2666660981721596
EOS,35.0,10,104,1.4445957687915771,3.2666660981721596
EOS,35.0,10,105,8.057210380767408,3.2666660981721596
EOS,35.0,10,106,-1.00291808602716,3.2666660981721596
EOS,35.0,10,107,-1.0203664320631969,3.2666660981721596
EOS,35.0,10,108,6.570633902299374,3.2666660981721596
EOS,35.0,10,109,6.610976352659126,3.2666660981721596
EOS,35.0,10,110,-1.5647232536421636,3.2666660981721596
EOS,35.0,10,111,4.807908779897498,3.2666660981721596
EOS,35.0,10,112,5.040728869257845,3.2666660981721596
EOS,35.0,10,113,2.4512252727624873,3.2666660981721596
EOS,35.0,10,114,2.0218588764020353,3.2666660981721596
EOS,35.0,10,115,2.985500950587091,3.2666660981721596
EOS,35.0,10,116,3.0411745528379317,3.2666660981721596
EOS,35.0,10,117,4.8269844555411066,3.2666660981721596
EOS,35.0,10,118,-0.9842835415926268,3.2666660981721596
EOS,35.0,10,119,-1.973092020856938,3.2666660981721596
EOS,35.0,10,120,7.117979474706553,3.2666660981721596
EOS,35.0,10,121,3.826938222212967,3.2666660981721596
EOS,35.0,10,122,4.074745068532019,3.2666660981721596
EOS,35.0,10,123,3.8556124502688576,3.2666660981721596
EOS,35.0,10,124,2.740836870966319,3.2666660981721596
EOS,35.0,10,125,-0.1628857122145354,3.2666660981721596
EOS,35.0,10,126,4.22014130114446,3.2666660981721596
EOS,35.0,10,127,0.33991987793600953,3.2666660981721596
EOS,35.0,10,128,0.5455171584623162,3.2666660981721596
EOS,35.0,10,129,1.7685309370086268,3.2666660981721596
EOS,35.0,10,130,2.145386518050616,3.2666660981721596
EOS,35.0,10,131,3.017749227329593,3.2666660981721596
EOS,35.0,10,132,0.17188491572186188,3.2666660981721596
EOS,35.0,10,133,3.2886516006647963,3.2666660981721596
EOS,35.0,10,134,6.751350105938203,3.2666660981721596
EOS,35.0,10,135,1.411826476471353,3.2666660981721596
EOS,35.0,10,136,1.096085194430871,3.2666660981721596
EOS,35.0,10,137,3.6002188523667726,3.2666660981721596
EOS,35.0,10,138,9.019592623752953,3.2666660981721596
EOS,35.0,10,139,4.495512842838133,3.2666660981721596
EOS,35.0,10,140,7.4079822499754115,3.2666660981721596
EOS,35.0,10,141,1.653124414463478,3.2666660981721596
EOS,35.0,10,142,2.2198180952295727,3.2666660981721596
EOS,35.0,10,143,2.872583931586778,3.2666660981721596
EOS,35.0,10,144,0.8238209269820076,3.2666660981721596
EOS,35.0,10,145,4.948481415975824,3.2666660981721596
EOS,35.0,10,146,1.9860264130104446,3.2666660981721596
EOS,35.0,10,147,5.483022034589015,3.2666660981721596
EOS,35.0,10,148,4.783296292856467,3.2666660981721596
EOS,35.0,10,149,7.908058329420761,3.2666660981721596
EOS,35.0,10,150,1.3870169307432905,3.2666660981721596
EOS,35.0,10,151,4.085596893981005,3.2666660981721596
EOS,35.0,10,152,6.427596894909276,3.2666660981721596
EOS,35.0,10,153,2.5721587678973847,3.2666660981721596
EOS,35.0,10,154,3.4074915645939403,3.2666660981721596
EOS,35.0,10,155,7.467193466540477,3.2666660981721596
EOS,35.0,10,156,0.8931461525225042,3.2666660981721596
EOS,35.0,10,157,7.090990185124406,3.2666660981721596
EOS,35.0,10,158,-0.3294945389497672,3.2666660981721596
EOS,35.0,10,159,2.0402440075661934,3.2666660981721596
EOS,35.0,10,160,2.5308120350814605,3.2666660981721596
EOS,35.0,10,161,8.190238427117539,3.2666660981721596
EOS,35.0,10,162,1.714718330822126,3.2666660981721596
EOS,35.0,10,163,5.041123318362951,3.2666660981721596
EOS,35.0,10,164,4.198989860333529,3.2666660981721596
EOS,35.0,10,165,8.391386428378876,3.2666660981721596
EOS,35.0,10,166,2.946314298997409,3.2666660981721596
EOS,35.0,10,167,3.7601226566958657,3.2666660981721596
EOS,35.0,10,168,5.646151726613411,3.2666660981721596
EOS,35.0,10,169,2.5106073673944054,3.2666660981721596
EOS,35.0,10,170,3.2744577018330023,3.2666660981721596
EOS,35.0,10,171,1.167729413090451,3.2666660981721596
EOS,35.0,10,172,3.6695537819198996,3.2666660981721596
EOS,35.0,10,173,1.5283760633486152,3.2666660981721596
EOS,35.0,10,174,2.5519406075256277,3.2666660981721596
EOS,35.0,10,175,-0.9238735833785587,3.2666660981721596
EOS,35.0,10,176,2.3242044759116185,3.2666660981721596
EOS,35.0,10,177,0.2736665555417555,3.2666660981721596
EOS,35.0,10,178,7.555839300474034,3.2666660981721596
EOS,35.0,10,179,-0.6334418494460856,3.2666660981721596
EOS,35.0,10,180,1.4306357857286784,3.2666660981721596
EOS,35.0,10,181,-0.8524254194358225,3.2666660981721596
EOS,35.0,10,182,1.7544007327998896,3.2666660981721596
EOS,35.0,10,183,-0.6120368674706931,3.2666660981721596
EOS,35.0,10,184,3.9217486526504692,3.2666660981721596
EOS,35.0,10,185,5.398484047612307,3.2666660981721596
EOS,35.0,10,186,3.2734786500193502,3.2666660981721596
EOS,35.0,10,187,2.1347653849029915,3.2666660981721596
EOS,35.0,10,188,5.055707010140576,3.2666660981721596
EOS,35.0,10,189,0.18865869396732027,3.2666660981721596
EOS,35.0,10,190,5.898903034860964,3.2666660981721596
EOS,35.0,10,191,5.211381301625283,3.2666660981721596
EOS,35.0,10,192,0.676041634117458,3.2666660981721596
EOS,35.0,10,193,4.801900568445208,3.2666660981721596
EOS,35.0,10,194,-1.0734635219878668,3.2666660981721596
EOS,35.0,10,195,4.610699896425796,3.2666660981721596
EOS,35.0,10,196,0.31755181590284665,3.2666660981721596
EOS,35.0,10,197,5.857786092257381,3.2666660981721596
EOS,35.0,10,198,0.20057653635902017,3.2666660981721596
EOS,35.0,10,199,3.962388875495593,3.2666660981721596
EOS,35.0,10,200,3.6198526934025796,3.2666660981721596
EOS,35.0,10,201,4.1152433774709465,3.2666660981721596
EOS,35.0,10,202,4.849120437545333,3.2666660981721596
EOS,35.0,10,203,1.9078948883755658,3.2666660981721596
EOS,35.0,10,204,0.151073274377018,3.2666660981721596
EOS,35.0,10,205,-1.4352489794154208,3.2666660981721596
EOS,35.0,10,206,-1.8128796440527988,3.2666660981721596
EOS,35.0,10,207,5.38275276874882,3.2666660981721596
EOS,35.0,10,208,3.648345934230177,3.2666660981721596
EOS,35.0,10,209,4.330305821674585,3.2666660981721596
EOS,35.0,10,210,1.3154721179179234,3.2666660981721596
EOS,35.0,10,211,5.402870828655399,3.2666660981721596
EOS,35.0,10,212,3.1779257587158276,3.2666660981721596
EOS,35.0,10,213,3.8222225582941842,3.2666660981721596
EOS,35.0,10,214,2.6953881360360366,3.2666660981721596
EOS,35.0,10,215,-0.13272662105693778,3.2666660981721596
EOS,35.0,10,216,4.221010330862883,3.2666660981721596
EOS,35.0,10,217,2.897306269418314,3.2666660981721596
EOS,35.0,10,218,-0.3569533432677445,3.2666660981721596
EOS,35.0,10,219,2.0494761302624767,3.2666660981721596
EOS,35.0,10,220,4.244979279474976,3.2666660981721596
EOS,35.0,10,221,7.3382937193816,3.2666660981721596
EOS,35.0,10,222,1.6972705357695705,3.2666660981721596
EOS,35.0,10,223,7.313220804909594,3.2666660981721596
EOS,35.0,10,224,7.37186791302987,3.2666660981721596
EOS,35.0,10,225,1.506102608118,3.2666660981721596
EOS,35.0,10,226,3.502715075005212,3.2666660981721596
EOS,35.0,10,227,-1.431952887003442,3.2666660981721596
EOS,35.0,10,228,5.1419590151374095,3.2666660981721596
EOS,35.0,10,229,3.8392264393432,3.2666660981721596
EOS,35.0,10,230,1.0384391027428794,3.2666660981721596
EOS,35.0,10,231,0.41565510640114756,3.2666660981721596
EOS,35.0,10,232,3.584248932965994,3.2666660981721596
EOS,35.0,10,233,-1.4676716664375862,3.2666660981721596
EOS,35.0,10,234,2.094682227940032,3.2666660981721596
EOS,35.0,10,235,3.2160800067483057,3.2666660981721596
EOS,35.0,10,236,6.8098396437157085,3.2666660981721596
EOS,35.0,10,237,2.740486475946928,3.2666660981721596
EOS,35.0,10,238,4.50843261770555,3.2666660981721596
EOS,35.0,10,239,7.9173327334581245,3.2666660981721596
EOS,35.0,10,240,5.054993392765329,3.2666660981721596
EOS,35.0,10,241,7.469550945086983,3.2666660981721596
EOS,35.0,10,242,4.6635293361080725,3.2666660981721596
EOS,35.0,10,243,3.081703856784348,3.2666660981721596
EOS,35.0,10,244,0.5823224290700437,3.2666660981721596
EOS,35.0,10,245,3.5225744094659994,3.2666660981721596
EOS,35.0,10,246,2.6460926142917622,3.2666660981721596
EOS,35.0,10,247,4.353875415417063,3.2666660981721596
EOS,35.0,10,248,4.254140382480091,3.2666660981721596
EOS,35.0,10,249,0.9534196923069953,3.2666660981721596
EOS,35.0,10,250,6.144598727964695,3.2666660981721596
EOS,35.0,10,251,6.83721163631531,3.2666660981721596
EOS,35.0,10,252,2.8313943169518723,3.2666660981721596
EOS,35.0,10,253,-0.36308899230087355,3.2666660981721596
EOS,35.0,10,254,2.3281390984818726,3.2666660981721596
EOS,35.0,10,255,5.412660990451814,3.2666660981721596
EOS,35.0,10,256,2.1582283124149058,3.2666660981721596
EOS,35.0,10,257,1.5986912520865975,3.2666660981721596
EOS,35.0,10,258,0.4049124677924332,3.2666660981721596
EOS,35.0,10,259,0.42726002812789643,3.2666660981721596
EOS,35.0,10,260,-1.2121421411561355,3.2666660981721596
EOS,35.0,10,261,5.3047399231532015,3.2666660981721596
EOS,35.0,10,262,3.660106190913094,3.2666660981721596
EOS,35.0,10,263,6.46816176975211,3.2666660981721596
EOS,35.0,10,264,1.6482139558288926,3.2666660981721596
EOS,35.0,10,265,-0.18562992900380648,3.2666660981721596
EOS,35.0,10,266,1.018993482245301,3.2666660981721596
EOS,35.0,10,267,1.5381486167587486,3.2666660981721596
EOS,35.0,10,268,4.581809196774883,3.2666660981721596
EOS,35.0,10,269,-0.6277063321625369,3.2666660981721596
EOS,35.0,10,270,2.8900366976664844,3.2666660981721596
EOS,35.0,10,271,5.7166999520497175,3.2666660981721596
EOS,35.0,10,272,8.215829576689828,3.2666660981721596
EOS,35.0,10,273,5.338117270240188,3.2666660981721596
EOS,35.0,10,274,2.8223533093793716,3.2666660981721596
EOS,35.0,10,275,1.8123383520871554,3.2666660981721596
EOS,35.0,10,276,0.21654927083217693,3.2666660981721596
EOS,35.0,10,277,3.607573920436607,3.2666660981721596
EOS,35.0,10,278,2.4726902367003354,3.2666660981721596
EOS,35.0,10,279,-0.32502881304607945,3.2666660981721596
EOS,35.0,10,280,0.4191000105516336,3.2666660981721596
EOS,35.0,10,281,4.280275786063857,3.2666660981721596
EOS,35.0,10,282,3.3912064855631634,3.2666660981721596
EOS,35.0,10,283,8.308907556988077,3.2666660981721596
EOS,35.0,10,284,7.366835014297866,3.2666660981721596
EOS,35.0,10,285,4.482958002725532,3.2666660981721596
EOS,35.0,10,286,5.235892917635667,3.2666660981721596
EOS,35.0,10,287,2.5158367664981576,3.2666660981721596
EOS,35.0,10,288,5.921064633653893,3.2666660981721596
EOS,35.0,10,289,6.413822601131249,3.2666660981721596
EOS,35.0,10,290,4.538641302420119,3.2666660981721596
EOS,35.0,10,291,7.1796495215717595,3.2666660981721596
EOS,35.0,10,292,5.8329423355433105,3.2666660981721596
EOS,35.0,10,293,1.1770755655215335,3.2666660981721596
EOS,35.0,10,294,2.278443882220738,3.2666660981721596
EOS,35.0,10,295,5.668278377839897,3.2666660981721596
EOS,35.0,10,296,6.932926206334731,3.2666660981721596
EOS,35.0,10,297,1.8317983307008592,3.2666660981721596
EOS,35.0,10,298,6.830031961035785,3.2666660981721596
EOS,35.0,10,299,3.039200842992173,3.2666660981721596
EOS,35.0,10,300,3.4323876256439054,3.2666660981721596
EOS,35.0,10,301,1.1096636100039499,3.2666660981721596
EOS,35.0,10,302,6.222128597251492,3.2666660981721596
EOS,35.0,10,303,4.31377019906135,3.2666660981721596
EOS,35.0,10,304,1.5498878022413511,3.2666660981721596
EOS,35.0,10,305,3.373484812057995,3.2666660981721596
EOS,35.0,10,306,7.13742313666763,3.2666660981721596
EOS,35.0,10,307,7.597206758004269,3.2666660981721596
EOS,35.0,10,308,1.8857333617242615,3.2666660981721596
EOS,35.0,10,309,5.842534842259297,3.2666660981721596
EOS,35.0,10,310,-0.5726686377629487,3.2666660981721596
EOS,35.0,10,311,4.485458359264523,3.2666660981721596
EOS,35.0,10,312,7.879165541433581,3.2666660981721596
EOS,35.0,10,313,-1.50999579362342,3.2666660981721596
EOS,35.0,10,314,2.154301107664435,3.2666660981721596
EOS,35.0,10,315,6.495054838346084,3.2666660981721596
EOS,35.0,10,316,4.578693723204982,3.2666660981721596
EOS,35.0,10,317,2.241142127109021,3.2666660981721596
EOS,35.0,10,318,3.0377788158961154,3.2666660981721596
EOS,35.0,10,319,2.7878586488292942,3.2666660981721596
EOS,35.0,10,320,2.1851729435608727,3.2666660981721596
EOS,35.0,10,321,3.60215906459434,3.2666660981721596
EOS,35.0,10,322,1.3439122067177705,3.2666660981721596
EOS,35.0,10,323,5.579642684920901,3.2666660981721596
EOS,35.0,10,324,3.148840604338197,3.2666660981721596
EOS,35.0,10,325,8.423259526815807,3.2666660981721596
EOS,35.0,10,326,5.002734209621236,3.2666660981721596
EOS,35.0,10,327,-0.2676194634237101,3.2666660981721596
EOS,35.0,10,328,2.0824455171261853,3.2666660981721596
EOS,35.0,10,329,2.3901046227705853,3.2666660981721596
EOS,35.0,10,330,-1.3649728834759447,3.2666660981721596
EOS,35.0,10,331,0.34556035681530106,3.2666660981721596
EOS,35.0,10,332,1.9664720292484554,3.2666660981721596
EOS,35.0,10,333,3.1531996229682884,3.2666660981721596
EOS,35.0,10,334,3.6945908331198014,3.2666660981721596
EOS,35.0,10,335,0.5633909250550396,3.2666660981721596
EOS,35.0,10,336,5.213963096342629,3.2666660981721596
EOS,35.0,10,337,1.1556613945859084,3.2666660981721596
EOS,35.0,10,338,5.407703216188799,3.2666660981721596
EOS,35.0,10,339,4.936847283982597,3.2666660981721596
EOS,35.0,10,340,4.926225109307812,3.2666660981721596
EOS,35.0,10,341,1.6144065544085204,3.2666660981721596
EOS,35.0,10,342,3.2838413383907294,3.2666660981721596
EOS,35.0,10,343,6.724322617035972,3.2666660981721596
EOS,35.0,10,344,0.7871692697981044,3.2666660981721596
EOS,35.0,10,345,5.867148798967896,3.2666660981721596
EOS,35.0,10,346,4.2253426205557805,3.2666660981721596
EOS,35.0,10,347,-0.4975323473918535,3.2666660981721596
EOS,35.0,10,348,0.8853493541732982,3.2666660981721596
EOS,35.0,10,349,4.990722394320067,3.2666660981721596
EOS,35.0,10,350,6.443739911960273,3.2666660981721596
EOS,35.0,10,351,1.765534177012538,3.2666660981721596
EOS,35.0,10,352,2.8848223965585134,3.2666660981721596
EOS,35.0,10,353,1.8743614355686384,3.2666660981721596
EOS,35.0,10,354,1.0684759024379635,3.2666660981721596
EOS,35.0,10,355,1.4826903166275875,3.2666660981721596
EOS,35.0,10,356,3.087569602934706,3.2666660981721596
EOS,35.0,10,357,-0.7574263975736308,3.2666660981721596
EOS,35.0,10,358,5.361169288398005,3.2666660981721596
EOS,35.0,10,359,3.0460950481305016,3.2666660981721596
EOS,35.0,10,360,7.69684316005838,3.2666660981721596
EOS,35.0,10,361,2.5599408187281156,3.2666660981721596
EOS,35.0,10,362,2.4346830541734605,3.2666660981721596
EOS,35.0,10,363,2.5453500888526603,3.2666660981721596
EOS,35.0,10,364,2.2419576569517274,3.2666660981721596
EOS,35.0,10,365,5.719837583251012,3.2666660981721596
EOS,35.0,10,366,4.440401673344957,3.2666660981721596
EOS,35.0,10,367,4.624873863551025,3.2666660981721596
EOS,35.0,10,368,7.897945817405999,3.2666660981721596
EOS,35.0,10,369,3.1151608690608716,3.2666660981721596
EOS,35.0,10,370,2.6663696080251063,3.2666660981721596
EOS,35.0,10,371,3.389777106519055,3.2666660981721596
EOS,35.0,10,372,2.859659524052373,3.2666660981721596
EOS,35.0,10,373,2.922608417482188,3.2666660981721596
EOS,35.0,10,374,4.968982972695674,3.2666660981721596
EOS,35.0,10,375,5.125333713369981,3.2666660981721596
EOS,35.0,10,376,0.374824078320647,3.2666660981721596
EOS,35.0,10,377,5.6653519680825735,3.2666660981721596
EOS,35.0,10,378,1.8025645289736403,3.2666660981721596
EOS,35.0,10,379,6.238294701159525,3.2666660981721596
EOS,35.0,10,380,4.630622317424098,3.2666660981721596
EOS,35.0,10,381,0.9296449802213553,3.2666660981721596
EOS,35.0,10,382,6.708425061069846,3.2666660981721596
EOS,35.0,10,383,-1.0227020243830065,3.2666660981721596
EOS,35.0,10,384,7.975089219978449,3.2666660981721596
EOS,35.0,10,385,-0.3512498259431602,3.2666660981721596
EOS,35.0,10,386,4.72111337618646,3.2666660981721596
EOS,35.0,10,387,-0.9438601427409559,3.2666660981721596
EOS,35.0,10,388,-0.5795129778491872,3.2666660981721596
EOS,35.0,10,389,3.7675491288497525,3.2666660981721596
EOS,35.0,10,390,4.8211996784655415,3.2666660981721596
EOS,35.0,10,391,1.24541865182712,3.2666660981721596
EOS,35.0,10,392,0.07942186538445478,3.2666660981721596
EOS,35.0,10,393,0.05977178607805034,3.2666660981721596
EOS,35.0,10,394,0.803328389999953,3.2666660981721596
EOS,35.0,10,395,2.28026332487061,3.2666660981721596
EOS,35.0,10,396,2.9757754093867232,3.2666660981721596
EOS,35.0,10,397,6.438524237212863,3.2666660981721596
EOS,35.0,10,398,4.043731834868778,3.2666660981721596
EOS,35.0,10,399,3.0107661168164137,3.2666660981721596
EOS,35.0,10,400,5.839216652999361,3.2666660981721596
EOS,35.0,10,401,2.4927176352796376,3.2666660981721596
EOS,35.0,10,402,4.2003752738050375,3.2666660981721596
EOS,35.0,10,403,0.14923369220605498,3.2666660981721596
EOS,35.0,10,404,2.4304674814010134,3.2666660981721596
EOS,35.0,10,405,2.2857070326610236,3.2666660981721596
EOS,35.0,10,406,7.321826546522109,3.2666660981721596
EOS,35.0,10,407,0.7094877157844439,3.2666660981721596
EOS,35.0,10,408,5.928187321110988,3.2666660981721596
EOS,35.0,10,409,4.902798985313098,3.2666660981721596
EOS,35.0,10,410,7.4060423579092,3.2666660981721596
EOS,35.0,10,411,0.5410102616813846,3.2666660981721596
EOS,35.0,10,412,1.4953546587564106,3.2666660981721596
EOS,35.0,10,413,5.5337039623170785,3.2666660981721596
EOS,35.0,10,414,5.7329492111134535,3.2666660981721596
EOS,35.0,10,415,4.432851179630061,3.2666660981721596
EOS,35.0,10,416,1.2938785377519628,3.2666660981721596
EOS,35.0,10,417,-0.8556903313051842,3.2666660981721596
EOS,35.0,10,418,0.19200134759998855,3.2666660981721596
EOS,35.0,10,419,1.466738058307285,3.2666660981721596
EOS,35.0,10,420,6.372413123640273,3.2666660981721596
EOS,35.0,10,421,1.2571877848034454,3.2666660981721596
EOS,35.0,10,422,3.1650760343304523,3.2666660981721596
EOS,35.0,10,423,5.002918912193078,3.2666660981721596
EOS,35.0,10,424,7.192756345312347,3.2666660981721596
EOS,35.0,10,425,6.651700298427022,3.2666660981721596
EOS,35.0,10,426,5.466215183887622,3.2666660981721596
EOS,35.0,10,427,3.074552090713068,3.2666660981721596
EOS,35.0,10,428,2.862670038626077,3.2666660981721596
EOS,35.0,10,429,4.890519995061421,3.2666660981721596
EOS,35.0,10,430,3.3114768899546325,3.2666660981721596
EOS,35.0,10,431,7.8123797444109035,3.2666660981721596
EOS,35.0,10,432,5.394975645009586,3.2666660981721596
EOS,35.0,10,433,4.339461352483483,3.2666660981721596
EOS,35.0,10,434,4.334251631927504,3.2666660981721596
EOS,35.0,10,435,6.2921276689420065,3.2666660981721596
EOS,35.0,10,436,0.402747811337457,3.2666660981721596
EOS,35.0,10,437,4.1414828682113916,3.2666660981721596
EOS,35.0,10,438,1.3111021798318099,3.2666660981721596
EOS,35.0,10,439,8.046308746172665,3.2666660981721596
EOS,35.0,10,440,5.603649704718863,3.2666660981721596
EOS,35.0,10,441,-1.41355515180631,3.2666660981721596
EOS,35.0,10,442,-1.0344715786052516,3.2666660981721596
EOS,35.0,10,443,6.296262973488574,3.2666660981721596
EOS,35.0,10,444,5.059287857240109,3.2666660981721596
EOS,35.0,10,445,4.871588243959571,3.2666660981721596
EOS,35.0,10,446,6.494736341602838,3.2666660981721596
EOS,35.0,10,447,0.6233285517686606,3.2666660981721596
EOS,35.0,10,448,-2.0848450137046557,3.2666660981721596
EOS,35.0,10,449,5.264432021635155,3.2666660981721596
EOS,35.0,10,450,4.545175113275854,3.2666660981721596
EOS,35.0,10,451,6.041323775661372,3.2666660981721596
EOS,35.0,10,452,4.005495311514094,3.2666660981721596
EOS,35.0,10,453,3.387127739545717,3.2666660981721596
EOS,35.0,10,454,4.548807116807823,3.2666660981721596
EOS,35.0,10,455,4.408131191224157,3.2666660981721596
EOS,35.0,10,456,0.6649935218778512,3.2666660981721596
EOS,35.0,10,457,-1.2418434380947359,3.2666660981721596
EOS,35.0,10,458,6.216808099219016,3.2666660981721596
EOS,35.0,10,459,4.244636827334361,3.2666660981721596
EOS,35.0,10,460,0.3935841580796128,3.2666660981721596
EOS,35.0,10,461,7.183491591625675,3.2666660981721596
EOS,35.0,10,462,2.6436786563572445,3.2666660981721596
EOS,35.0,10,463,5.6101745681824475,3.2666660981721596
EOS,35.0,10,464,4.696794578018309,3.2666660981721596
EOS,35.0,10,465,6.090503028377433,3.2666660981721596
EOS,35.0,10,466,3.72830689241433,3.2666660981721596
EOS,35.0,10,467,4.886576306082224,3.2666660981721596
EOS,35.0,10,468,6.305505058028597,3.2666660981721596
EOS,35.0,10,469,2.2293568383921043,3.2666660981721596
EOS,35.0,10,470,6.711674988194365,3.2666660981721596
EOS,35.0,10,471,5.526333030294885,3.2666660981721596
EOS,35.0,10,472,2.847068935135427,3.2666660981721596
EOS,35.0,10,473,-0.24661914070684365,3.2666660981721596
EOS,35.0,10,474,2.654935024862863,3.2666660981721596
EOS,35.0,10,475,4.698756425149259,3.2666660981721596
EOS,35.0,10,476,4.536753725087151,3.2666660981721596
EOS,35.0,10,477,7.11619912435916,3.2666660981721596
EOS,35.0,10,478,5.87318367995112,3.2666660981721596
EOS,35.0,10,479,2.458852704732764,3.2666660981721596
EOS,35.0,10,480,1.9261818095514847,3.2666660981721596
EOS,35.0,10,481,4.037543925812521,3.2666660981721596
EOS,35.0,10,482,2.226868983470995,3.2666660981721596
EOS,35.0,10,483,0.4191335692551432,3.2666660981721596
EOS,35.0,10,484,4.938468653713263,3.2666660981721596
EOS,35.0,10,485,3.6539437592555095,3.2666660981721596
EOS,35.0,10,486,5.133907095415146,3.2666660981721596
EOS,35.0,10,487,3.4104150856985918,3.2666660981721596
EOS,35.0,10,488,0.02911536647222865,3.2666660981721596
EOS,35.0,10,489,2.099647346515321,3.2666660981721596
EOS,35.0,10,490,0.2504410495741205,3.2666660981721596
EOS,35.0,10,491,2.224004873023344,3.2666660981721596
EOS,35.0,10,492,0.12562894861387353,3.2666660981721596
EOS,35.0,10,493,5.569826053060648,3.2666660981721596
EOS,35.0,10,494,1.5614895148275396,3.2666660981721596
EOS,35.0,10,495,0.9150297013328739,3.2666660981721596
EOS,35.0,10,496,1.449427792915908,3.2666660981721596
EOS,35.0,10,497,7.334554733535338,3.2666660981721596
EOS,35.0,10,498,3.0416723919840836,3.2666660981721596
EOS,35.0,10,499,3.6281023047025154,3.2666660981721596
EOS,35.0,10,500,6.1244091227952655,3.2666660981721596
EOS,35.0,10,501,6.523993239221889,3.2666660981721596
EOS,35.0,10,502,6.8720256126573265,3.2666660981721596
EOS,35.0,10,503,3.665375836669978,3.2666660981721596
EOS,35.0,10,504,1.0162393849669817,3.2666660981721596
EOS,35.0,10,505,2.913292228990891,3.2666660981721596
EOS,35.0,10,506,4.88286445482281,3.2666660981721596
EOS,35.0,10,507,-0.11386565252456265,3.2666660981721596
EOS,35.0,10,508,1.1983446129796778,3.2666660981721596
EOS,35.0,10,509,1.061010955622047,3.2666660981721596
EOS,35.0,10,510,6.369032206571454,3.2666660981721596
EOS,35.0,10,511,5.3833587731834545,3.2666660981721596
EOS,35.0,10,512,1.8246768470091674,3.2666660981721596
EOS,35.0,10,513,1.2334363417884098,3.2666660981721596
EOS,35.0,10,514,2.120549471586161,3.2666660981721596
EOS,35.0,10,515,8.054943910324171,3.2666660981721596
EOS,35.0,10,516,2.335776062346111,3.2666660981721596
EOS,35.0,10,517,4.373382428580338,3.2666660981721596
EOS,35.0,10,518,5.907508713052301,3.2666660981721596
EOS,35.0,10,519,3.186457324886624,3.2666660981721596
EOS,35.0,10,520,5.633608852472519,3.2666660981721596
EOS,35.0,10,521,1.7696311073858577,3.2666660981721596
EOS,35.0,10,522,7.639110512707974,3.2666660981721596
EOS,35.0,10,523,5.212130871016221,3.2666660981721596
EOS,35.0,10,524,-0.29659919672162216,3.2666660981721596
EOS,35.0,10,525,1.614649006208625,3.2666660981721596
EOS,35.0,10,526,2.7338351503197966,3.2666660981721596
EOS,35.0,10,527,3.302281319841251,3.2666660981721596
EOS,35.0,10,528,3.2507727544016567,3.2666660981721596
EOS,35.0,10,529,4.0125473837500465,3.2666660981721596
EOS,35.0,10,530,1.9642472236812396,3.2666660981721596
EOS,35.0,10,531,3.0019369008803203,3.2666660981721596
EOS,35.0,10,532,1.190061572658109,3.2666660981721596
EOS,35.0,10,533,5.221835341394659,3.2666660981721596
EOS,35.0,10,534,4.173182053721705,3.2666660981721596
EOS,35.0,10,535,6.614147683790954,3.2666660981721596
EOS,35.0,10,536,1.8302758024744863,3.2666660981721596
EOS,35.0,10,537,0.6120177574776793,3.2666660981721596
EOS,35.0,10,538,1.09949874546296,3.2666660981721596
EOS,35.0,10,539,1.9298882023470316,3.2666660981721596
EOS,35.0,10,540,7.150720991299885,3.2666660981721596
EOS,35.0,10,541,3.1915459872065415,3.2666660981721596
EOS,35.0,10,542,-0.35220970653186,3.2666660981721596
EOS,35.0,10,543,2.473630313383232,3.2666660981721596
EOS,35.0,10,544,1.9464616394431216,3.2666660981721596
EOS,35.0,10,545,-1.5933017022646645,3.2666660981721596
EOS,35.0,10,546,-0.9170252324049418,3.2666660981721596
EOS,35.0,10,547,2.0645914773085696,3.2666660981721596
EOS,35.0,10,548,4.677851585797968,3.2666660981721596
EOS,35.0,10,549,-0.11171460924963816,3.2666660981721596
EOS,35.0,10,550,1.69327263207522,3.2666660981721596
EOS,35.0,10,551,5.747339731438988,3.2666660981721596
EOS,35.0,10,552,6.8882584755175955,3.2666660981721596
EOS,35.0,10,553,1.158699524170336,3.2666660981721596
EOS,35.0,10,554,-1.5294053881777563,3.2666660981721596
EOS,35.0,10,555,4.429416035349579,3.2666660981721596
EOS,35.0,10,556,4.224218574014692,3.2666660981721596
EOS,35.0,10,557,3.030504403040038,3.2666660981721596
EOS,35.0,10,558,3.7392419799923493,3.2666660981721596
EOS,35.0,10,559,3.8203170856728863,3.2666660981721596
EOS,35.0,10,560,3.065616588355648,3.2666660981721596
EOS,35.0,10,561,0.8740029915973451,3.2666660981721596
EOS,35.0,10,562,1.6658422727804214,3.2666660981721596
EOS,35.0,10,563,5.561444686246514,3.2666660981721596
EOS,35.0,10,564,3.768517407294945,3.2666660981721596
EOS,35.0,10,565,5.668750830252984,3.2666660981721596
EOS,35.0,10,566,4.4948142777444655,3.2666660981721596
EOS,35.0,10,567,4.223797397445001,3.2666660981721596
EOS,35.0,10,568,5.999702341232021,3.2666660981721596
EOS,35.0,10,569,5.503884111058762,3.2666660981721596
EOS,35.0,10,570,4.489233600351932,3.2666660981721596
EOS,35.0,10,571,2.692328452382476,3.2666660981721596
EOS,35.0,10,572,5.289892451102656,3.2666660981721596
EOS,35.0,10,573,-0.4918333700448563,3.2666660981721596
EOS,35.0,10,574,3.414783495086849,3.2666660981721596
EOS,35.0,10,575,6.112204545813235,3.2666660981721596
EOS,35.0,10,576,3.731701358220811,3.2666660981721596
EOS,35.0,10,577,1.3042451766024927,3.2666660981721596
EOS,35.0,10,578,0.9200769881534683,3.2666660981721596
EOS,35.0,10,579,8.147672620478328,3.2666660981721596
EOS,35.0,10,580,0.35534076518138374,3.2666660981721596
EOS,35.0,10,581,4.169010192754975,3.2666660981721596
EOS,35.0,10,582,4.343216217186988,3.2666660981721596
EOS,35.0,10,583,1.5358102321940688,3.2666660981721596
EOS,35.0,10,584,4.094442405341804,3.2666660981721596
EOS,35.0,10,585,8.152700500150615,3.2666660981721596
EOS,35.0,10,586,2.853453517113545,3.2666660981721596
EOS,35.0,10,587,5.445704689305456,3.2666660981721596
EOS,35.0,10,588,1.5148863100105445,3.2666660981721596
EOS,35.0,10,589,3.6279072871898457,3.2666660981721596
EOS,35.0,10,590,4.413716987697164,3.2666660981721596
EOS,35.0,10,591,-1.0804251252055392,3.2666660981721596
EOS,35.0,10,592,4.312415108032491,3.2666660981721596
EOS,35.0,10,593,8.078124719157845,3.2666660981721596
EOS,35.0,10,594,3.3389263134093423,3.2666660981721596
EOS,35.0,10,595,5.885326224699458,3.2666660981721596
EOS,35.0,10,596,3.106243958777017,3.2666660981721596
EOS,35.0,10,597,7.470583442404038,3.2666660981721596
EOS,35.0,10,598,-1.077983056980968,3.2666660981721596
EOS,35.0,10,599,5.439434690913366,3.2666660981721596
EOS,35.0,10,600,4.370800178476598,3.2666660981721596
EOS,35.0,10,601,4.664139178641028,3.2666660981721596
EOS,35.0,10,602,1.9925681770385935,3.2666660981721596
EOS,35.0,10,603,5.509073893479331,3.2666660981721596
EOS,35.0,10,604,6.059013805967776,3.2666660981721596
EOS,35.0,10,605,1.2939484209405276,3.2666660981721596
EOS,35.0,10,606,6.109993723542404,3.2666660981721596
EOS,35.0,10,607,3.3528150420096665,3.2666660981721596
EOS,35.0,10,608,1.5091162925801616,3.2666660981721596
EOS,35.0,10,609,-0.9303945759765828,3.2666660981721596
EOS,35.0,10,610,6.81980809673812,3.2666660981721596
EOS,35.0,10,611,7.055134976211402,3.2666660981721596
EOS,35.0,10,612,-0.16176011032148652,3.2666660981721596
EOS,35.0,10,613,-1.1468677919271186,3.2666660981721596
EOS,35.0,10,614,0.922419789809426,3.2666660981721596
EOS,35.0,10,615,1.1091119649009022,3.2666660981721596
EOS,35.0,10,616,-0.4515961555750678,3.2666660981721596
EOS,35.0,10,617,5.593288223097951,3.2666660981721596
EOS,35.0,10,618,-1.1005298560080765,3.2666660981721596
EOS,35.0,10,619,-1.0089845495021432,3.2666660981721596
EOS,35.0,10,620,-0.7068685455152994,3.2666660981721596
EOS,35.0,10,621,2.082270825189654,3.2666660981721596
EOS,35.0,10,622,4.977032032350563,3.2666660981721596
EOS,35.0,10,623,3.411553774890895,3.2666660981721596
EOS,35.0,10,624,2.3496485331394825,3.2666660981721596
EOS,35.0,10,625,-1.5986885739916705,3.2666660981721596
EOS,35.0,10,626,5.304362246995728,3.2666660981721596
EOS,35.0,10,627,-0.7683928556035893,3.2666660981721596
EOS,35.0,10,628,4.123394922980395,3.2666660981721596
EOS,35.0,10,629,-0.7958859478487175,3.2666660981721596
EOS,35.0,10,630,1.3255112549574806,3.2666660981721596
EOS,35.0,10,631,1.7275986624599426,3.2666660981721596
EOS,35.0,10,632,0.04166788226759599,3.2666660981721596
EOS,35.0,10,633,2.4487046981665626,3.2666660981721596
EOS,35.0,10,634,-1.8984826903386365,3.2666660981721596
EOS,35.0,10,635,2.876601845551834,3.2666660981721596
EOS,35.0,10,636,3.675738539942639,3.2666660981721596
EOS,35.0,10,637,8.114605417681014,3.2666660981721596
EOS,35.0,10,638,2.783428311997185,3.2666660981721596
EOS,35.0,10,639,2.7762328052640926,3.2666660981721596
EOS,35.0,10,640,6.295773862752995,3.2666660981721596
EOS,35.0,10,641,7.484646815409569,3.2666660981721596
EOS,35.0,10,642,2.0239508011411766,3.2666660981721596
EOS,35.0,10,643,1.831980048479593,3.2666660981721596
EOS,35.0,10,644,3.196169984139725,3.2666660981721596
EOS,35.0,10,645,4.7214410240176825,3.2666660981721596
EOS,35.0,10,646,2.389303188960028,3.2666660981721596
EOS,35.0,10,647,6.350641706231395,3.2666660981721596
EOS,35.0,10,648,7.6095449448074035,3.2666660981721596
EOS,35.0,10,649,2.38725038528743,3.2666660981721596
EOS,35.0,10,650,-0.6242886399061978,3.2666660981721596
EOS,35.0,10,651,4.327159233256437,3.2666660981721596
EOS,35.0,10,652,4.140904547159527,3.2666660981721596
EOS,35.0,10,653,4.8288974954452275,3.2666660981721596
EOS,35.0,10,654,1.7958599250622909,3.2666660981721596
EOS,35.0,10,655,1.4228164330773696,3.2666660981721596
EOS,35.0,10,656,-1.2269495222851379,3.2666660981721596
EOS,35.0,10,657,3.7634948120500304,3.2666660981721596
EOS,35.0,10,658,0.7520795449807938,3.2666660981721596
EOS,35.0,10,659,2.882316021598561,3.2666660981721596
EOS,35.0,10,660,3.135300875145684,3.2666660981721596
EOS,35.0,10,661,-1.695661678717856,3.2666660981721596
EOS,35.0,10,662,5.316354643086322,3.2666660981721596
EOS,35.0,10,663,2.3521185037113304,3.2666660981721596
EOS,35.0,10,664,3.5687285466448726,3.2666660981721596
EOS,35.0,10,665,5.977130026490708,3.2666660981721596
EOS,35.0,10,666,2.328506501005698,3.2666660981721596
EOS,35.0,10,667,5.828861482358535,3.2666660981721596
EOS,35.0,10,668,3.1755286886463345,3.2666660981721596
EOS,35.0,10,669,4.065969387756847,3.2666660981721596
EOS,35.0,10,670,-1.0788858925521991,3.2666660981721596
EOS,35.0,10,671,0.22358520461727327,3.2666660981721596
EOS,35.0,10,672,7.31793886524117,3.2666660981721596
EOS,35.0,10,673,2.5014440791640915,3.2666660981721596
EOS,35.0,10,674,8.189123194004315,3.2666660981721596
EOS,35.0,10,675,-1.0138423751967118,3.2666660981721596
EOS,35.0,10,676,5.068995829970983,3.2666660981721596
EOS,35.0,10,677,7.717281938886362,3.2666660981721596
EOS,35.0,10,678,4.250163286300184,3.2666660981721596
EOS,35.0,10,679,4.8759444284157745,3.2666660981721596
EOS,35.0,10,680,2.969049922809742,3.2666660981721596
EOS,35.0,10,681,6.513698151633815,3.2666660981721596
EOS,35.0,10,682,0.21466794575861636,3.2666660981721596
EOS,35.0,10,683,5.05089003413177,3.2666660981721596
EOS,35.0,10,684,4.554800012678848,3.2666660981721596
EOS,35.0,10,685,5.583814099224591,3.2666660981721596
EOS,35.0,10,686,2.7540393611758787,3.2666660981721596
EOS,35.0,10,687,6.181237971511498,3.2666660981721596
EOS,35.0,10,688,8.256798209216775,3.2666660981721596
EOS,35.0,10,689,0.7635052709534853,3.2666660981721596
EOS,35.0,10,690,4.176846248445402,3.2666660981721596
EOS,35.0,10,691,2.3950196515540756,3.2666660981721596
EOS,35.0,10,692,-1.540799965061042,3.2666660981721596
EOS,35.0,10,693,5.896491365170373,3.2666660981721596
EOS,35.0,10,694,2.6332290681318167,3.2666660981721596
EOS,35.0,10,695,6.4954345605415735,3.2666660981721596
EOS,35.0,10,696,1.408589821426106,3.2666660981721596
EOS,35.0,10,697,-1.2807648597999233,3.2666660981721596
EOS,35.0,10,698,1.2918456757011945,3.2666660981721596
EOS,35.0,10,699,3.407662805696682,3.2666660981721596
EOS,35.0,10,700,-0.8080468119810211,3.2666660981721596
EOS,35.0,10,701,2.4875590166343553,3.2666660981721596
EOS,35.0,10,702,7.259338958762156,3.2666660981721596
EOS,35.0,10,703,4.817426460930829,3.2666660981721596
EOS,35.0,10,704,4.796736306660952,3.2666660981721596
EOS,35.0,10,705,3.710555157331405,3.2666660981721596
EOS,35.0,10,706,2.6551295559604298,3.2666660981721596
EOS,35.0,10,707,7.127930146052055,3.2666660981721596
EOS,35.0,10,708,4.250369897480136,3.2666660981721596
EOS,35.0,10,709,4.276424601850097,3.2666660981721596
EOS,35.0,10,710,8.535280041369301,3.2666660981721596
EOS,35.0,10,711,6.25273862453182,3.2666660981721596
EOS,35.0,10,712,4.342654485578435,3.2666660981721596
EOS,35.0,10,713,4.60586082482878,3.2666660981721596
EOS,35.0,10,714,4.126556063679672,3.2666660981721596
EOS,35.0,10,715,5.955411705118463,3.2666660981721596
EOS,35.0,10,716,4.52752837023392,3.2666660981721596
EOS,35.0,10,717,3.5359120839080758,3.2666660981721596
EOS,35.0,10,718,1.1077029653836918,3.2666660981721596
EOS,35.0,10,719,1.864376588919054,3.2666660981721596
EOS,35.0,10,720,2.930521684271889,3.2666660981721596
EOS,35.0,10,721,4.325465905705009,3.2666660981721596
EOS,35.0,10,722,4.1919876460340655,3.2666660981721596
EOS,35.0,10,723,4.5401092259184255,3.2666660981721596
EOS,35.0,10,724,5.7996090880370215,3.2666660981721596
EOS,35.0,10,725,2.701069967649268,3.2666660981721596
EOS,35.0,10,726,4.298342455697343,3.2666660981721596
EOS,35.0,10,727,4.652556469388802,3.2666660981721596
EOS,35.0,10,728,2.2274301189199934,3.2666660981721596
EOS,35.0,10,729,6.916978147925084,3.2666660981721596
EOS,35.0,10,730,4.810931971302578,3.2666660981721596
EOS,35.0,10,731,3.900148287702244,3.2666660981721596
EOS,35.0,10,732,4.186426611639677,3.2666660981721596
EOS,35.0,10,733,4.83905742147577,3.2666660981721596
EOS,35.0,10,734,-1.338005334808848,3.2666660981721596
EOS,35.0,10,735,-0.18269294349183318,3.2666660981721596
EOS,35.0,10,736,1.7684710796123142,3.2666660981721596
EOS,35.0,10,737,6.83971437359557,3.2666660981721596
EOS,35.0,10,738,6.14843112080216,3.2666660981721596
EOS,35.0,10,739,-2.039368786936934,3.2666660981721596
EOS,35.0,10,740,3.8514118289797867,3.2666660981721596
EOS,35.0,10,741,-0.4817198352241242,3.2666660981721596
EOS,35.0,10,742,0.28676546167233563,3.2666660981721596
EOS,35.0,10,743,7.62049709621004,3.2666660981721596
EOS,35.0,10,744,5.184580257119859,3.2666660981721596
EOS,35.0,10,745,1.9499729792234506,3.2666660981721596
EOS,35.0,10,746,7.64235147748499,3.2666660981721596
EOS,35.0,10,747,3.9000873376514407,3.2666660981721596
EOS,35.0,10,748,7.45759781761115,3.2666660981721596
EOS,35.0,10,749,4.351277657956631,3.2666660981721596
EOS,35.0,10,750,-0.7209762183762936,3.2666660981721596
EOS,35.0,10,751,2.5574988809782817,3.2666660981721596
EOS,35.0,10,752,-0.2870790917849224,3.2666660981721596
EOS,35.0,10,753,4.034846346123292,3.2666660981721596
EOS,35.0,10,754,6.06190274659162,3.2666660981721596
EOS,35.0,10,755,0.5694397015002429,3.2666660981721596
EOS,35.0,10,756,4.545293976513596,3.2666660981721596
EOS,35.0,10,757,3.111653676775792,3.2666660981721596
EOS,35.0,10,758,2.439869882274328,3.2666660981721596
EOS,35.0,10,759,2.497741684343274,3.2666660981721596
EOS,35.0,10,760,1.9645991160025638,3.2666660981721596
EOS,35.0,10,761,5.182744258724214,3.2666660981721596
EOS,35.0,10,762,1.2056909515851002,3.2666660981721596
EOS,35.0,10,763,5.813962584739944,3.2666660981721596
EOS,35.0,10,764,0.40459985840195134,3.2666660981721596
EOS,35.0,10,765,0.0685567792874448,3.2666660981721596
EOS,35.0,10,766,2.9319027891485483,3.2666660981721596
EOS,35.0,10,767,5.803301617095077,3.2666660981721596
EOS,35.0,10,768,3.513096900501601,3.2666660981721596
EOS,35.0,10,769,4.565214472628713,3.2666660981721596
EOS,35.0,10,770,1.65462274576162,3.2666660981721596
EOS,35.0,10,771,4.191340108569322,3.2666660981721596
EOS,35.0,10,772,6.481025150740579,3.2666660981721596
EOS,35.0,10,773,2.5358068803946683,3.2666660981721596
EOS,35.0,10,774,-0.7182573038799593,3.2666660981721596
EOS,35.0,10,775,1.1926761688644847,3.2666660981721596
EOS,35.0,10,776,4.845626798139003,3.2666660981721596
EOS,35.0,10,777,6.647279225453646,3.2666660981721596
EOS,35.0,10,778,0.03158120501225714,3.2666660981721596
EOS,35.0,10,779,0.5255889116658419,3.2666660981721596
EOS,35.0,10,780,4.543990554136517,3.2666660981721596
EOS,35.0,10,781,2.691602615298817,3.2666660981721596
EOS,35.0,10,782,4.148081093809032,3.2666660981721596
EOS,35.0,10,783,6.125509036205098,3.2666660981721596
EOS,35.0,10,784,3.733038814257245,3.2666660981721596
EOS,35.0,10,785,3.1657015864373657,3.2666660981721596
EOS,35.0,10,786,2.171393076440313,3.2666660981721596
EOS,35.0,10,787,9.037645351899815,3.2666660981721596
EOS,35.0,10,788,-2.0102051801421355,3.2666660981721596
EOS,35.0,10,789,3.5975134129398594,3.2666660981721596
EOS,35.0,10,790,3.4088105483090594,3.2666660981721596
EOS,35.0,10,791,0.022626633789270878,3.2666660981721596
EOS,35.0,10,792,5.121086697740907,3.2666660981721596
EOS,35.0,10,793,4.439815698469963,3.2666660981721596
EOS,35.0,10,794,4.348052385130414,3.2666660981721596
EOS,35.0,10,795,1.7159965619579296,3.2666660981721596
EOS,35.0,10,796,3.696121961992434,3.2666660981721596
EOS,35.0,10,797,2.4278257426320895,3.2666660981721596
EOS,35.0,10,798,1.8566053719257019,3.2666660981721596
EOS,35.0,10,799,3.512827416148694,3.2666660981721596
EOS,35.0,10,800,1.0005396488223364,3.2666660981721596
EOS,35.0,10,801,4.524147776384737,3.2666660981721596
EOS,35.0,10,802,5.77268562358582,3.2666660981721596
EOS,35.0,10,803,2.382373142589969,3.2666660981721596
EOS,35.0,10,804,2.4188084825443874,3.2666660981721596
EOS,35.0,10,805,7.941668999549076,3.2666660981721596
EOS,35.0,10,806,5.460600326837533,3.2666660981721596
EOS,35.0,10,807,1.9739151251965583,3.2666660981721596
EOS,35.0,10,808,2.42818967963865,3.2666660981721596
EOS,35.0,10,809,6.241597287605575,3.2666660981721596
EOS,35.0,10,810,3.733902198206391,3.2666660981721596
EOS,35.0,10,811,8.370687413647563,3.2666660981721596
EOS,35.0,10,812,4.487054423250115,3.2666660981721596
EOS,35.0,10,813,1.5065114263985038,3.2666660981721596
EOS,35.0,10,814,7.325381033416703,3.2666660981721596
EOS,35.0,10,815,6.314657574672111,3.2666660981721596
EOS,35.0,10,816,6.739081484835994,3.2666660981721596
EOS,35.0,10,817,4.50659555818835,3.2666660981721596
EOS,35.0,10,818,5.952473841978849,3.2666660981721596
EOS,35.0,10,819,-2.1319710300084074,3.2666660981721596
EOS,35.0,10,820,0.5673787551529753,3.2666660981721596
EOS,35.0,10,821,2.8455116598079067,3.2666660981721596
EOS,35.0,10,822,6.702301215465839,3.2666660981721596
EOS,35.0,10,823,3.3193886380900954,3.2666660981721596
EOS,35.0,10,824,1.2996278745351315,3.2666660981721596
EOS,35.0,10,825,5.6022581741506094,3.2666660981721596
EOS,35.0,10,826,4.086940469791385,3.2666660981721596
EOS,35.0,10,827,5.762856591879457,3.2666660981721596
EOS,35.0,10,828,-0.7781582251049266,3.2666660981721596
EOS,35.0,10,829,4.565405307341851,3.2666660981721596
EOS,35.0,10,830,-1.3539262831276935,3.2666660981721596
EOS,35.0,10,831,-0.5509131349488774,3.2666660981721596
EOS,35.0,10,832,4.034893301525606,3.2666660981721596
EOS,35.0,10,833,0.12211093037455933,3.2666660981721596
EOS,35.0,10,834,1.3043500856713015,3.2666660981721596
EOS,35.0,10,835,4.178447770739589,3.2666660981721596
EOS,35.0,10,836,-0.755209615689473,3.2666660981721596
EOS,35.0,10,837,-0.628277300482007,3.2666660981721596
EOS,35.0,10,838,-1.267877493227794,3.2666660981721596
EOS,35.0,10,839,7.311611676251635,3.2666660981721596
EOS,35.0,10,840,2.448740326951225,3.2666660981721596
EOS,35.0,10,841,0.32956461703187945,3.2666660981721596
EOS,35.0,10,842,6.985910695984241,3.2666660981721596
EOS,35.0,10,843,1.4417703038536602,3.2666660981721596
EOS,35.0,10,844,6.401480572075139,3.2666660981721596
EOS,35.0,10,845,0.717551296055251,3.2666660981721596
EOS,35.0,10,846,2.129313883513632,3.2666660981721596
EOS,35.0,10,847,5.2442655747296145,3.2666660981721596
EOS,35.0,10,848,7.547460522742018,3.2666660981721596
EOS,35.0,10,849,0.31824146858738944,3.2666660981721596
EOS,35.0,10,850,5.591453408990041,3.2666660981721596
EOS,35.0,10,851,-1.3275090666907434,3.2666660981721596
EOS,35.0,10,852,3.102093377124983,3.2666660981721596
EOS,35.0,10,853,2.933267871629785,3.2666660981721596
EOS,35.0,10,854,2.7457155870454875,3.2666660981721596
EOS,35.0,10,855,4.933078002648641,3.2666660981721596
EOS,35.0,10,856,8.246521974601595,3.2666660981721596
EOS,35.0,10,857,3.885121972231874,3.2666660981721596
EOS,35.0,10,858,-1.5841923943532763,3.2666660981721596
EOS,35.0,10,859,1.8449868735938837,3.2666660981721596
EOS,35.0,10,860,1.8399696910507553,3.2666660981721596
EOS,35.0,10,861,3.552034486334715,3.2666660981721596
EOS,35.0,10,862,6.493514512208985,3.2666660981721596
EOS,35.0,10,863,-0.48487005562361274,3.2666660981721596
EOS,35.0,10,864,7.573147940873891,3.2666660981721596
EOS,35.0,10,865,5.934841994706497,3.2666660981721596
EOS,35.0,10,866,4.920496704735061,3.2666660981721596
EOS,35.0,10,867,-0.8688262484182356,3.2666660981721596
EOS,35.0,10,868,4.995511878363956,3.2666660981721596
EOS,35.0,10,869,6.864239556375777,3.2666660981721596
EOS,35.0,10,870,3.228347655030966,3.2666660981721596
EOS,35.0,10,871,0.9270900120557524,3.2666660981721596
EOS,35.0,10,872,1.686804448262663,3.2666660981721596
EOS,35.0,10,873,4.6912966653577985,3.2666660981721596
EOS,35.0,10,874,2.287587630682559,3.2666660981721596
EOS,35.0,10,875,2.149665022394993,3.2666660981721596
EOS,35.0,10,876,2.8732162771688206,3.2666660981721596
EOS,35.0,10,877,2.5999079865692107,3.2666660981721596
EOS,35.0,10,878,4.2982175960308515,3.2666660981721596
EOS,35.0,10,879,8.320769863263592,3.2666660981721596
EOS,35.0,10,880,2.6188214477622114,3.2666660981721596
EOS,35.0,10,881,2.4451025769301915,3.2666660981721596
EOS,35.0,10,882,3.1299304890005484,3.2666660981721596
EOS,35.0,10,883,7.353142439457044,3.2666660981721596
EOS,35.0,10,884,1.2815718473013478,3.2666660981721596
EOS,35.0,10,885,-0.39127474009498286,3.2666660981721596
EOS,35.0,10,886,4.2099121096799665,3.2666660981721596
EOS,35.0,10,887,4.885485741911198,3.2666660981721596
EOS,35.0,10,888,2.1202181830121223,3.2666660981721596
EOS,35.0,10,889,8.05548615171285,3.2666660981721596
EOS,35.0,10,890,1.1737498292566702,3.2666660981721596
EOS,35.0,10,891,4.05571414271262,3.2666660981721596
EOS,35.0,10,892,5.129675576306962,3.2666660981721596
EOS,35.0,10,893,5.0850853268113845,3.2666660981721596
EOS,35.0,10,894,3.771435741016033,3.2666660981721596
EOS,35.0,10,895,5.55667069640333,3.2666660981721596
EOS,35.0,10,896,-1.106894832715104,3.2666660981721596
EOS,35.0,10,897,2.7040909409444156,3.2666660981721596
EOS,35.0,10,898,2.4845193588326997,3.2666660981721596
EOS,35.0,10,899,1.485498655271225,3.2666660981721596
EOS,35.0,10,900,1.725327578621346,3.2666660981721596
EOS,35.0,10,901,5.189702318285497,3.2666660981721596
EOS,35.0,10,902,6.166415507604597,3.2666660981721596
EOS,35.0,10,903,2.6520612429148467,3.2666660981721596
EOS,35.0,10,904,2.4557205325286326,3.2666660981721596
EOS,35.0,10,905,2.5426228271042133,3.2666660981721596
EOS,35.0,10,906,5.616615900544329,3.2666660981721596
EOS,35.0,10,907,0.7574551558655855,3.2666660981721596
EOS,35.0,10,908,4.240707893149476,3.2666660981721596
EOS,35.0,10,909,4.051196642415874,3.2666660981721596
EOS,35.0,10,910,3.450437104133523,3.2666660981721596
EOS,35.0,10,911,-0.5516064607996269,3.2666660981721596
EOS,35.0,10,912,4.9562851234024,3.2666660981721596
EOS,35.0,10,913,2.1115009792535764,3.2666660981721596
EOS,35.0,10,914,1.6040567830410681,3.2666660981721596
EOS,35.0,10,915,2.541333745091333,3.2666660981721596
EOS,35.0,10,916,3.305412859319138,3.2666660981721596
EOS,35.0,10,917,3.2493670414196925,3.2666660981721596
EOS,35.0,10,918,-0.5768183112364007,3.2666660981721596
EOS,35.0,10,919,7.088530229364116,3.2666660981721596
EOS,35.0,10,920,1.2446046857496034,3.2666660981721596
EOS,35.0,10,921,3.550610162818015,3.2666660981721596
EOS,35.0,10,922,7.170067907988676,3.2666660981721596
EOS,35.0,10,923,0.14386653931279372,3.2666660981721596
EOS,35.0,10,924,1.2559159619455005,3.2666660981721596
EOS,35.0,10,925,6.280268211174991,3.2666660981721596
EOS,35.0,10,926,3.154280122607508,3.2666660981721596
EOS,35.0,10,927,2.901849694923931,3.2666660981721596
EOS,35.0,10,928,-0.4588513057719066,3.2666660981721596
EOS,35.0,10,929,1.6613287347091275,3.2666660981721596
EOS,35.0,10,930,0.9735394223775147,3.2666660981721596
EOS,35.0,10,931,1.619014191115029,3.2666660981721596
EOS,35.0,10,932,1.3511932723838824,3.2666660981721596
EOS,35.0,10,933,2.8843965358134493,3.2666660981721596
EOS,35.0,10,934,6.925540237334275,3.2666660981721596
EOS,35.0,10,935,1.2042997367237414,3.2666660981721596
EOS,35.0,10,936,6.285981551458299,3.2666660981721596
EOS,35.0,10,937,2.67625232902457,3.2666660981721596
EOS,35.0,10,938,4.973695868125514,3.2666660981721596
EOS,35.0,10,939,1.1839829202102572,3.2666660981721596
EOS,35.0,10,940,-1.844212351711418,3.2666660981721596
EOS,35.0,10,941,5.231218988798915,3.2666660981721596
EOS,35.0,10,942,6.553015823011453,3.2666660981721596
EOS,35.0,10,943,2.3375376400495993,3.2666660981721596
EOS,35.0,10,944,3.7645119200982284,3.2666660981721596
EOS,35.0,10,945,-1.1390187103614875,3.2666660981721596
EOS,35.0,10,946,2.878048059259756,3.2666660981721596
EOS,35.0,10,947,4.257407121724179,3.2666660981721596
EOS,35.0,10,948,6.5844071560381625,3.2666660981721596
EOS,35.0,10,949,3.1934766301949327,3.2666660981721596
EOS,35.0,10,950,3.484095671635173,3.2666660981721596
EOS,35.0,10,951,3.544476536617744,3.2666660981721596
EOS,35.0,10,952,4.847147069157152,3.2666660981721596
EOS,35.0,10,953,1.0773522964828866,3.2666660981721596
EOS,35.0,10,954,2.6449395695855475,3.2666660981721596
EOS,35.0,10,955,6.4891844385077615,3.2666660981721596
EOS,35.0,10,956,7.045334737043703,3.2666660981721596
EOS,35.0,10,957,1.423855956136547,3.2666660981721596
EOS,35.0,10,958,1.0115313579754766,3.2666660981721596
EOS,35.0,10,959,4.310302651726072,3.2666660981721596
EOS,35.0,10,960,2.149462849903628,3.2666660981721596
EOS,35.0,10,961,1.8568360906478998,3.2666660981721596
EOS,35.0,10,962,4.8930011436970515,3.2666660981721596
EOS,35.0,10,963,4.692601279298604,3.2666660981721596
EOS,35.0,10,964,7.2183927736840605,3.2666660981721596
EOS,35.0,10,965,0.2104191165643851,3.2666660981721596
EOS,35.0,10,966,2.797813626868302,3.2666660981721596
EOS,35.0,10,967,4.062226674269898,3.2666660981721596
EOS,35.0,10,968,2.004376008943332,3.2666660981721596
EOS,35.0,10,969,-0.8845479685978842,3.2666660981721596
EOS,35.0,10,970,3.6705262679797777,3.2666660981721596
EOS,35.0,10,971,8.323760605946626,3.2666660981721596
EOS,35.0,10,972,1.3399122229045428,3.2666660981721596
EOS,35.0,10,973,5.988008514653159,3.2666660981721596
EOS,35.0,10,974,6.203825593645886,3.2666660981721596
EOS,35.0,10,975,1.465484491376083,3.2666660981721596
EOS,35.0,10,976,-0.43899395302981925,3.2666660981721596
EOS,35.0,10,977,-1.257278413259179,3.2666660981721596
EOS,35.0,10,978,7.216391772529263,3.2666660981721596
EOS,35.0,10,979,4.192319666402803,3.2666660981721596
EOS,35.0,10,980,-0.35029602731215487,3.2666660981721596
EOS,35.0,10,981,6.51048601774139,3.2666660981721596
EOS,35.0,10,982,6.060117987843004,3.2666660981721596
EOS,35.0,10,983,6.935349379137934,3.2666660981721596
EOS,35.0,10,984,1.9479620164851301,3.2666660981721596
EOS,35.0,10,985,4.58182972804774,3.2666660981721596
EOS,35.0,10,986,2.192336626053699,3.2666660981721596
EOS,35.0,10,987,0.4543935594180507,3.2666660981721596
EOS,35.0,10,988,3.0127543190807398,3.2666660981721596
EOS,35.0,10,989,-0.6285666222384648,3.2666660981721596
EOS,35.0,10,990,5.542783311763152,3.2666660981721596
EOS,35.0,10,991,4.509753448473622,3.2666660981721596
EOS,35.0,10,992,6.951643274397137,3.2666660981721596
EOS,35.0,10,993,2.9301822059836926,3.2666660981721596
EOS,35.0,10,994,3.0346168166781844,3.2666660981721596
EOS,35.0,10,995,6.465852910083188,3.2666660981721596
EOS,35.0,10,996,3.3179279468261607,3.2666660981721596
EOS,35.0,10,997,6.991937364560378,3.2666660981721596
EOS,35.0,10,998,3.6454884060322206,3.2666660981721596
EOS,35.0,10,999,6.972957937510724,3.2666660981721596
EOS,45.0,10,1,2.7331710161395257,1.0711829011583118
EOS,45.0,10,2,2.5726795857638165,1.0711829011583118
EOS,45.0,10,3,1.519598077849293,1.0711829011583118
EOS,45.0,10,4,1.4370163352463363,1.0711829011583118
EOS,45.0,10,5,3.0206871716603807,1.0711829011583118
EOS,45.0,10,6,1.5161171856919373,1.0711829011583118
EOS,45.0,10,7,0.9472564156230245,1.0711829011583118
EOS,45.0,10,8,4.533148057709941,1.0711829011583118
EOS,45.0,10,9,0.31682501219835,1.0711829011583118
EOS,45.0,10,10,1.598676643256277,1.0711829011583118
EOS,45.0,10,11,-0.7711924853286078,1.0711829011583118
EOS,45.0,10,12,1.3668505284855832,1.0711829011583118
EOS,45.0,10,13,1.9468580861783122,1.0711829011583118
EOS,45.0,10,14,-0.19226971530567694,1.0711829011583118
EOS,45.0,10,15,2.2080720873918622,1.0711829011583118
EOS,45.0,10,16,2.091628458189264,1.0711829011583118
EOS,45.0,10,17,0.13608988943050804,1.0711829011583118
EOS,45.0,10,18,0.7982443586148995,1.0711829011583118
EOS,45.0,10,19,0.7007901630759896,1.0711829011583118
EOS,45.0,10,20,0.13619931433542654,1.0711829011583118
EOS,45.0,10,21,0.1789464302966941,1.0711829011583118
EOS,45.0,10,22,1.0630230353742012,1.0711829011583118
EOS,45.0,10,23,1.664458624927586,1.0711829011583118
EOS,45.0,10,24,2.022194012464539,1.0711829011583118
EOS,45.0,10,25,1.1980127434329733,1.0711829011583118
EOS,45.0,10,26,0.2203929221836325,1.0711829011583118
EOS,45.0,10,27,2.283612031917054,1.0711829011583118
EOS,45.0,10,28,1.4521363646471142,1.0711829011583118
EOS,45.0,10,29,0.2004021435683796,1.0711829011583118
EOS,45.0,10,30,1.1172561240183554,1.0711829011583118
EOS,45.0,10,31,2.049675658553401,1.0711829011583118
EOS,45.0,10,32,1.957391829279305,1.0711829011583118
EOS,45.0,10,33,-0.7974281906729628,1.0711829011583118
EOS,45.0,10,34,1.882282861097544,1.0711829011583118
EOS,45.0,10,35,-0.05779633326891487,1.0711829011583118
EOS,45.0,10,36,1.1766151625031118,1.0711829011583118
EOS,45.0,10,37,2.723682628610082,1.0711829011583118
EOS,45.0,10,38,1.5595308784627993,1.0711829011583118
EOS,45.0,10,39,1.0019130310511266,1.0711829011583118
EOS,45.0,10,40,2.496416175547127,1.0711829011583118
EOS,45.0,10,41,-0.6703405090925281,1.0711829011583118
EOS,45.0,10,42,1.6191340595106753,1.0711829011583118
EOS,45.0,10,43,1.0685146951024334,1.0711829011583118
EOS,45.0,10,44,2.8421049074875517,1.0711829011583118
EOS,45.0,10,45,3.1146852373670644,1.0711829011583118
EOS,45.0,10,46,0.27697997025551757,1.0711829011583118
EOS,45.0,10,47,-0.25775539487588417,1.0711829011583118
EOS,45.0,10,48,2.9898502140130083,1.0711829011583118
EOS,45.0,10,49,1.2477054716703089,1.0711829011583118
EOS,45.0,10,50,0.43482100631226084,1.0711829011583118
EOS,45.0,10,51,1.2118975591603034,1.0711829011583118
EOS,45.0,10,52,3.0826636220144015,1.0711829011583118
EOS,45.0,10,53,-0.11239685545895295,1.0711829011583118
EOS,45.0,10,54,-1.3552579655898322,1.0711829011583118
EOS,45.0,10,55,-0.044700017185616225,1.0711829011583118
EOS,45.0,10,56,1.9616325542628799,1.0711829011583118
EOS,45.0,10,57,-0.3370956999702366,1.0711829011583118
EOS,45.0,10,58,0.7127934343276447,1.0711829011583118
EOS,45.0,10,59,1.531906130261004,1.0711829011583118
EOS,45.0,10,60,2.9180942989142635,1.0711829011583118
EOS,45.0,10,61,1.6554498786766887,1.0711829011583118
EOS,45.0,10,62,2.2367213951426654,1.0711829011583118
EOS,45.0,10,63,2.9940706336756477,1.0711829011583118
EOS,45.0,10,64,-0.3184409812300406,1.0711829011583118
EOS,45.0,10,65,1.3934202443259975,1.0711829011583118
EOS,45.0,10,66,0.7883382624104618,1.0711829011583118
EOS,45.0,10,67,2.494886811168331,1.0711829011583118
EOS,45.0,10,68,0.2987782611992209,1.0711829011583118
EOS,45.0,10,69,3.161602435849702,1.0711829011583118
EOS,45.0,10,70,2.6376342413228877,1.0711829011583118
EOS,45.0,10,71,1.4949241922511067,1.0711829011583118
EOS,45.0,10,72,1.9653754621833306,1.0711829011583118
EOS,45.0,10,73,3.7819216606038735,1.0711829011583118
EOS,45.0,10,74,0.6792895967101007,1.0711829011583118
EOS,45.0,10,75,-0.9912610285075134,1.0711829011583118
EOS,45.0,10,76,-1.040066118459409,1.0711829011583118
EOS,45.0,10,77,-2.4435770869739324,1.0711829011583118
EOS,45.0,10,78,0.47873204081649057,1.0711829011583118
EOS,45.0,10,79,1.4766786480444023,1.0711829011583118
EOS,45.0,10,80,1.2544087038787959,1.0711829011583118
EOS,45.0,10,81,2.0394468222978968,1.0711829011583118
EOS,45.0,10,82,0.022135411496602586,1.0711829011583118
EOS,45.0,10,83,0.17286050570068223,1.0711829011583118
EOS,45.0,10,84,-0.07122487433159952,1.0711829011583118
EOS,45.0,10,85,2.4329944527412146,1.0711829011583118
EOS,45.0,10,86,2.9278151385926687,1.0711829011583118
EOS,45.0,10,87,2.8200507597804814,1.0711829011583118
EOS,45.0,10,88,-0.172387958302612,1.0711829011583118
EOS,45.0,10,89,1.517867917292635,1.0711829011583118
EOS,45.0,10,90,2.1512403657220243,1.0711829011583118
EOS,45.0,10,91,2.864354665437429,1.0711829011583118
EOS,45.0,10,92,0.13670453457672194,1.0711829011583118
EOS,45.0,10,93,0.5957428967158984,1.0711829011583118
EOS,45.0,10,94,1.8967991226676424,1.0711829011583118
EOS,45.0,10,95,0.8509365157460627,1.0711829011583118
EOS,45.0,10,96,1.9529805311319586,1.0711829011583118
EOS,45.0,10,97,2.084408927024108,1.0711829011583118
EOS,45.0,10,98,1.555246637989518,1.0711829011583118
EOS,45.0,10,99,-0.546562787278356,1.0711829011583118
EOS,45.0,10,100,-0.7238242417778968,1.0711829011583118
EOS,45.0,10,101,-0.4884843882059191,1.0711829011583118
EOS,45.0,10,102,1.297997698874694,1.0711829011583118
EOS,45.0,10,103,1.887345446410869,1.0711829011583118
EOS,45.0,10,104,3.5939740077932827,1.0711829011583118
EOS,45.0,10,105,2.048433425950857,1.0711829011583118
EOS,45.0,10,106,2.7341132756804147,1.0711829011583118
EOS,45.0,10,107,1.2171126629613211,1.0711829011583118
EOS,45.0,10,108,0.7726699214940043,1.0711829011583118
EOS,45.0,10,109,0.7045230108389071,1.0711829011583118
EOS,45.0,10,110,-0.4593688706312641,1.0711829011583118
EOS,45.0,10,111,2.327453193217234,1.0711829011583118
EOS,45.0,10,112,-0.028182890371832414,1.0711829011583118
EOS,45.0,10,113,2.1510682027305936,1.0711829011583118
EOS,45.0,10,114,0.6620867917181124,1.0711829011583118
EOS,45.0,10,115,0.32308464321251273,1.0711829011583118
EOS,45.0,10,116,0.7497141165703689,1.0711829011583118
EOS,45.0,10,117,0.0808489409725004,1.0711829011583118
EOS,45.0,10,118,0.2179350888567707,1.0711829011583118
EOS,45.0,10,119,1.13251308541604,1.0711829011583118
EOS,45.0,10,120,1.5614954435594477,1.0711829011583118
EOS,45.0,10,121,2.245057541601472,1.0711829011583118
EOS,45.0,10,122,-0.09350939085752685,1.0711829011583118
EOS,45.0,10,123,1.5696462948063017,1.0711829011583118
EOS,45.0,10,124,2.5217974156341842,1.0711829011583118
EOS,45.0,10,125,2.0936357212629595,1.0711829011583118
EOS,45.0,10,126,2.040950854570598,1.0711829011583118
EOS,45.0,10,127,2.4143079828316787,1.0711829011583118
EOS,45.0,10,128,1.476756004796251,1.0711829011583118
EOS,45.0,10,129,0.6208902402862557,1.0711829011583118
EOS,45.0,10,130,1.2421918116065553,1.0711829011583118
EOS,45.0,10,131,1.3384717218086801,1.0711829011583118
EOS,45.0,10,132,0.7782562711001002,1.0711829011583118
EOS,45.0,10,133,-0.7266974958879548,1.0711829011583118
EOS,45.0,10,134,1.4813865631885337,1.0711829011583118
EOS,45.0,10,135,-0.20995278152918861,1.0711829011583118
EOS,45.0,10,136,1.3350395658163903,1.0711829011583118
EOS,45.0,10,137,1.1721589132661052,1.0711829011583118
EOS,45.0,10,138,-1.043710641386049,1.0711829011583118
EOS,45.0,10,139,-0.1578960683152566,1.0711829011583118
EOS,45.0,10,140,1.5333116595014076,1.0711829011583118
EOS,45.0,10,141,1.2240010523194438,1.0711829011583118
EOS,45.0,10,142,0.8665374843337679,1.0711829011583118
EOS,45.0,10,143,1.1982612438752431,1.0711829011583118
EOS,45.0,10,144,-0.2643692534730411,1.0711829011583118
EOS,45.0,10,145,0.4569591350012079,1.0711829011583118
EOS,45.0,10,146,1.5795999227397894,1.0711829011583118
EOS,45.0,10,147,0.10250975405590212,1.0711829011583118
EOS,45.0,10,148,-2.1089528786690632,1.0711829011583118
EOS,45.0,10,149,0.7450170730379915,1.0711829011583118
EOS,45.0,10,150,0.7054636676852482,1.0711829011583118
EOS,45.0,10,151,0.7500760628007914,1.0711829011583118
EOS,45.0,10,152,1.7167790308041964,1.0711829011583118
EOS,45.0,10,153,2.7821668787939347,1.0711829011583118
EOS,45.0,10,154,1.9851581964444165,1.0711829011583118
EOS,45.0,10,155,0.972907925472053,1.0711829011583118
EOS,45.0,10,156,2.18511156673559,1.0711829011583118
EOS,45.0,10,157,1.5988012597570727,1.0711829011583118
EOS,45.0,10,158,0.7759988957319006,1.0711829011583118
EOS,45.0,10,159,2.156266717030995,1.0711829011583118
EOS,45.0,10,160,0.22401495101362245,1.0711829011583118
EOS,45.0,10,161,1.3846715057836096,1.0711829011583118
EOS,45.0,10,162,-0.057319848704912246,1.0711829011583118
EOS,45.0,10,163,0.23462118458598313,1.0711829011583118
EOS,45.0,10,164,2.2998153644097314,1.0711829011583118
EOS,45.0,10,165,-0.17298324004213583,1.0711829011583118
EOS,45.0,10,166,1.782259544668244,1.0711829011583118
EOS,45.0,10,167,4.203007093384882,1.0711829011583118
EOS,45.0,10,168,0.33606436055985256,1.0711829011583118
EOS,45.0,10,169,2.0929902094671355,1.0711829011583118
EOS,45.0,10,170,2.6930366709888527,1.0711829011583118
EOS,45.0,10,171,0.7744193521031616,1.0711829011583118
EOS,45.0,10,172,1.8478463352063939,1.0711829011583118
EOS,45.0,10,173,2.7138255920710783,1.0711829011583118
EOS,45.0,10,174,2.550429075563602,1.0711829011583118
EOS,45.0,10,175,1.3196682037877978,1.0711829011583118
EOS,45.0,10,176,1.4749635085597692,1.0711829011583118
EOS,45.0,10,177,0.5010611127829051,1.0711829011583118
EOS,45.0,10,178,2.725397883963237,1.0711829011583118
EOS,45.0,10,179,1.0245251067092953,1.0711829011583118
EOS,45.0,10,180,2.063301006872208,1.0711829011583118
EOS,45.0,10,181,1.4321374419817519,1.0711829011583118
EOS,45.0,10,182,-2.0614582198461235,1.0711829011583118
EOS,45.0,10,183,2.37879819390719,1.0711829011583118
EOS,45.0,10,184,-0.49325169362682075,1.0711829011583118
EOS,45.0,10,185,2.3962181239989975,1.0711829011583118
EOS,45.0,10,186,2.4040529845444603,1.0711829011583118
EOS,45.0,10,187,0.21714007465850305,1.0711829011583118
EOS,45.0,10,188,2.6977874064026253,1.0711829011583118
EOS,45.0,10,189,-0.21992526634448617,1.0711829011583118
EOS,45.0,10,190,2.642149316237761,1.0711829011583118
EOS,45.0,10,191,0.0042832957714162845,1.0711829011583118
EOS,45.0,10,192,1.7849491574500478,1.0711829011583118
EOS,45.0,10,193,1.5389100598072796,1.0711829011583118
EOS,45.0,10,194,-0.828848321244993,1.0711829011583118
EOS,45.0,10,195,0.5110659208263266,1.0711829011583118
EOS,45.0,10,196,1.1589116634211882,1.0711829011583118
EOS,45.0,10,197,0.708316785884878,1.0711829011583118
EOS,45.0,10,198,-0.059801290012888586,1.0711829011583118
EOS,45.0,10,199,-0.5016489780284501,1.0711829011583118
EOS,45.0,10,200,1.7793945122616424,1.0711829011583118
EOS,45.0,10,201,3.1487115605093376,1.0711829011583118
EOS,45.0,10,202,1.5288040814324728,1.0711829011583118
EOS,45.0,10,203,-0.29819630489420224,1.0711829011583118
EOS,45.0,10,204,0.5966816219042812,1.0711829011583118
EOS,45.0,10,205,1.9149988762147785,1.0711829011583118
EOS,45.0,10,206,0.78673361656337,1.0711829011583118
EOS,45.0,10,207,2.5782266652597334,1.0711829011583118
EOS,45.0,10,208,2.5956963954027126,1.0711829011583118
EOS,45.0,10,209,4.03423302847962,1.0711829011583118
EOS,45.0,10,210,2.5769785650084693,1.0711829011583118
EOS,45.0,10,211,1.1328794074072346,1.0711829011583118
EOS,45.0,10,212,-2.1778810507889323,1.0711829011583118
EOS,45.0,10,213,0.8339363128672783,1.0711829011583118
EOS,45.0,10,214,0.4711960388551977,1.0711829011583118
EOS,45.0,10,215,2.633446761842107,1.0711829011583118
EOS,45.0,10,216,0.3494061817685483,1.0711829011583118
EOS,45.0,10,217,1.3166347449378923,1.0711829011583118
EOS,45.0,10,218,-0.05048645678143848,1.0711829011583118
EOS,45.0,10,219,3.267484045183747,1.0711829011583118
EOS,45.0,10,220,3.1128342880912476,1.0711829011583118
EOS,45.0,10,221,1.9064529795070815,1.0711829011583118
EOS,45.0,10,222,0.5968593716105617,1.0711829011583118
EOS,45.0,10,223,1.734154710950845,1.0711829011583118
EOS,45.0,10,224,0.183097753473338,1.0711829011583118
EOS,45.0,10,225,2.5934560903812427,1.0711829011583118
EOS,45.0,10,226,1.5577132037379569,1.0711829011583118
EOS,45.0,10,227,2.2276534459682047,1.0711829011583118
EOS,45.0,10,228,2.4398773907259717,1.0711829011583118
EOS,45.0,10,229,0.031996783976089294,1.0711829011583118
EOS,45.0,10,230,0.2398375575683862,1.0711829011583118
EOS,45.0,10,231,1.008499575953647,1.0711829011583118
EOS,45.0,10,232,1.2256559573453853,1.0711829011583118
EOS,45.0,10,233,0.4390117992856808,1.0711829011583118
EOS,45.0,10,234,0.2605693853551063,1.0711829011583118
EOS,45.0,10,235,-1.2279318567745525,1.0711829011583118
EOS,45.0,10,236,0.974076077316087,1.0711829011583118
EOS,45.0,10,237,-1.617424886360026,1.0711829011583118
EOS,45.0,10,238,1.8602645997593616,1.0711829011583118
EOS,45.0,10,239,0.8150906537623639,1.0711829011583118
EOS,45.0,10,240,2.761071729230289,1.0711829011583118
EOS,45.0,10,241,1.028614954107078,1.0711829011583118
EOS,45.0,10,242,1.70872848304545,1.0711829011583118
EOS,45.0,10,243,2.5064100525303004,1.0711829011583118
EOS,45.0,10,244,1.4167673487180914,1.0711829011583118
EOS,45.0,10,245,2.6102527366655552,1.0711829011583118
EOS,45.0,10,246,0.9104293573744604,1.0711829011583118
EOS,45.0,10,247,-1.5899913578403266,1.0711829011583118
EOS,45.0,10,248,1.8711287572153106,1.0711829011583118
EOS,45.0,10,249,1.8279859929419124,1.0711829011583118
EOS,45.0,10,250,1.6624752869187933,1.0711829011583118
EOS,45.0,10,251,1.7204073496768042,1.0711829011583118
EOS,45.0,10,252,0.8961680927004445,1.0711829011583118
EOS,45.0,10,253,-1.3704821371343905,1.0711829011583118
EOS,45.0,10,254,-0.8246928806261926,1.0711829011583118
EOS,45.0,10,255,0.936304970276272,1.0711829011583118
EOS,45.0,10,256,1.8886352984930586,1.0711829011583118
EOS,45.0,10,257,-1.0423099778133769,1.0711829011583118
EOS,45.0,10,258,1.1619100557935724,1.0711829011583118
EOS,45.0,10,259,0.800460714927758,1.0711829011583118
EOS,45.0,10,260,2.3656458493924903,1.0711829011583118
EOS,45.0,10,261,1.916447632662269,1.0711829011583118
EOS,45.0,10,262,2.7848674342490716,1.0711829011583118
EOS,45.0,10,263,1.8984413343634303,1.0711829011583118
EOS,45.0,10,264,3.1550163494227563,1.0711829011583118
EOS,45.0,10,265,1.3662499735170954,1.0711829011583118
EOS,45.0,10,266,0.9386092201642957,1.0711829011583118
EOS,45.0,10,267,0.44676726820740154,1.0711829011583118
EOS,45.0,10,268,0.008719807553696057,1.0711829011583118
EOS,45.0,10,269,1.14172454766164,1.0711829011583118
EOS,45.0,10,270,-0.5813118276579847,1.0711829011583118
EOS,45.0,10,271,1.272332714486398,1.0711829011583118
EOS,45.0,10,272,0.6860000854188097,1.0711829011583118
EOS,45.0,10,273,3.28174934406652,1.0711829011583118
EOS,45.0,10,274,1.6155826573348668,1.0711829011583118
EOS,45.0,10,275,0.07628068204962934,1.0711829011583118
EOS,45.0,10,276,-0.029588125848058366,1.0711829011583118
EOS,45.0,10,277,0.14961691239466512,1.0711829011583118
EOS,45.0,10,278,1.060209269104758,1.0711829011583118
EOS,45.0,10,279,0.04223380361556245,1.0711829011583118
EOS,45.0,10,280,-0.5043329374708243,1.0711829011583118
EOS,45.0,10,281,2.2582461745030415,1.0711829011583118
EOS,45.0,10,282,0.14424399676206434,1.0711829011583118
EOS,45.0,10,283,-0.47035106517370107,1.0711829011583118
EOS,45.0,10,284,1.2989124294201244,1.0711829011583118
EOS,45.0,10,285,2.235779644635075,1.0711829011583118
EOS,45.0,10,286,-0.18016141627690452,1.0711829011583118
EOS,45.0,10,287,1.9484663178594848,1.0711829011583118
EOS,45.0,10,288,1.9615126012362056,1.0711829011583118
EOS,45.0,10,289,-0.08325268911459949,1.0711829011583118
EOS,45.0,10,290,-0.3087230924654949,1.0711829011583118
EOS,45.0,10,291,-0.016213643280218903,1.0711829011583118
EOS,45.0,10,292,-1.8481812832770381,1.0711829011583118
EOS,45.0,10,293,0.5090722714924696,1.0711829011583118
EOS,45.0,10,294,-0.15762694789381282,1.0711829011583118
EOS,45.0,10,295,3.214343314702779,1.0711829011583118
EOS,45.0,10,296,2.028413544196118,1.0711829011583118
EOS,45.0,10,297,0.7408068731650164,1.0711829011583118
EOS,45.0,10,298,0.7564857001818748,1.0711829011583118
EOS,45.0,10,299,0.6598435080148364,1.0711829011583118
EOS,45.0,10,300,-0.6409434651762909,1.0711829011583118
EOS,45.0,10,301,-0.3213520798862022,1.0711829011583118
EOS,45.0,10,302,0.3621025175622199,1.0711829011583118
EOS,45.0,10,303,0.5573694253781336,1.0711829011583118
EOS,45.0,10,304,1.1501888282762387,1.0711829011583118
EOS,45.0,10,305,-0.40815187130432573,1.0711829011583118
EOS,45.0,10,306,0.7587051036361689,1.0711829011583118
EOS,45.0,10,307,-0.26315252521186494,1.0711829011583118
EOS,45.0,10,308,2.804756714707532,1.0711829011583118
EOS,45.0,10,309,1.3036178205594728,1.0711829011583118
EOS,45.0,10,310,2.9066218713145866,1.0711829011583118
EOS,45.0,10,311,1.1710617446134401,1.0711829011583118
EOS,45.0,10,312,0.46361684616997323,1.0711829011583118
EOS,45.0,10,313,2.8915121081976407,1.0711829011583118
EOS,45.0,10,314,0.7373300164474701,1.0711829011583118
EOS,45.0,10,315,-0.5223982877057223,1.0711829011583118
EOS,45.0,10,316,0.08470994229164885,1.0711829011583118
EOS,45.0,10,317,1.1018444907011062,1.0711829011583118
EOS,45.0,10,318,2.5587838146791047,1.0711829011583118
EOS,45.0,10,319,1.9820815940279846,1.0711829011583118
EOS,45.0,10,320,4.027870582119752,1.0711829011583118
EOS,45.0,10,321,2.1603434211734482,1.0711829011583118
EOS,45.0,10,322,1.0452602931166375,1.0711829011583118
EOS,45.0,10,323,0.9727420433515337,1.0711829011583118
EOS,45.0,10,324,1.9479103046589623,1.0711829011583118
EOS,45.0,10,325,0.7374980519504257,1.0711829011583118
EOS,45.0,10,326,2.362064526404477,1.0711829011583118
EOS,45.0,10,327,2.2866796961507583,1.0711829011583118
EOS,45.0,10,328,-0.13881764243010686,1.0711829011583118
EOS,45.0,10,329,0.47185614308606016,1.0711829011583118
EOS,45.0,10,330,0.2527129903877663,1.0711829011583118
EOS,45.0,10,331,-0.3792215198845148,1.0711829011583118
EOS,45.0,10,332,1.5129512666498028,1.0711829011583118
EOS,45.0,10,333,1.3269461397661801,1.0711829011583118
EOS,45.0,10,334,2.9538795919249727,1.0711829011583118
EOS,45.0,10,335,-0.4179054441190695,1.0711829011583118
EOS,45.0,10,336,-0.2574972826469053,1.0711829011583118
EOS,45.0,10,337,0.7312785377291515,1.0711829011583118
EOS,45.0,10,338,2.68516405864553,1.0711829011583118
EOS,45.0,10,339,-0.5441814185414247,1.0711829011583118
EOS,45.0,10,340,-1.7755251037090445,1.0711829011583118
EOS,45.0,10,341,-0.30213748628392656,1.0711829011583118
EOS,45.0,10,342,-1.331470160600229,1.0711829011583118
EOS,45.0,10,343,0.5411476887122153,1.0711829011583118
EOS,45.0,10,344,2.1093254813472075,1.0711829011583118
EOS,45.0,10,345,2.2077402591378315,1.0711829011583118
EOS,45.0,10,346,-0.11801893326954982,1.0711829011583118
EOS,45.0,10,347,1.149590340296749,1.0711829011583118
EOS,45.0,10,348,1.7818557367283079,1.0711829011583118
EOS,45.0,10,349,2.418135754297729,1.0711829011583118
EOS,45.0,10,350,2.697885415301699,1.0711829011583118
EOS,45.0,10,351,3.379689244521895,1.0711829011583118
EOS,45.0,10,352,2.0471500686513475,1.0711829011583118
EOS,45.0,10,353,0.224379548828761,1.0711829011583118
EOS,45.0,10,354,-1.0400504481782835,1.0711829011583118
EOS,45.0,10,355,-0.8293910472619248,1.0711829011583118
EOS,45.0,10,356,0.5519908932394306,1.0711829011583118
EOS,45.0,10,357,1.3056796497090923,1.0711829011583118
EOS,45.0,10,358,-0.26479440927537246,1.0711829011583118
EOS,45.0,10,359,2.005144754018726,1.0711829011583118
EOS,45.0,10,360,1.8339540671064922,1.0711829011583118
EOS,45.0,10,361,0.982758910866407,1.0711829011583118
EOS,45.0,10,362,3.4744967750139955,1.0711829011583118
EOS,45.0,10,363,0.33241280291166997,1.0711829011583118
EOS,45.0,10,364,1.797489616311102,1.0711829011583118
EOS,45.0,10,365,3.4869614434235783,1.0711829011583118
EOS,45.0,10,366,-0.4822837116076806,1.0711829011583118
EOS,45.0,10,367,-2.0694220827252314,1.0711829011583118
EOS,45.0,10,368,1.6096949794945168,1.0711829011583118
EOS,45.0,10,369,2.4461633086851062,1.0711829011583118
EOS,45.0,10,370,2.463185932903684,1.0711829011583118
EOS,45.0,10,371,-1.5744937002370056,1.0711829011583118
EOS,45.0,10,372,2.239745036679172,1.0711829011583118
EOS,45.0,10,373,1.7893759535448224,1.0711829011583118
EOS,45.0,10,374,-0.08516665375346699,1.0711829011583118
EOS,45.0,10,375,2.000511001946901,1.0711829011583118
EOS,45.0,10,376,-1.5018008136359309,1.0711829011583118
EOS,45.0,10,377,0.7989141852895667,1.0711829011583118
EOS,45.0,10,378,3.297999215730729,1.0711829011583118
EOS,45.0,10,379,1.1863391578418523,1.0711829011583118
EOS,45.0,10,380,3.4286239914517527,1.0711829011583118
EOS,45.0,10,381,1.591566936191982,1.0711829011583118
EOS,45.0,10,382,3.424795413129687,1.0711829011583118
EOS,45.0,10,383,0.3079756717089578,1.0711829011583118
EOS,45.0,10,384,0.9834642744836302,1.0711829011583118
EOS,45.0,10,385,-0.48787859979514625,1.0711829011583118
EOS,45.0,10,386,2.133959482646969,1.0711829011583118
EOS,45.0,10,387,1.557243157136103,1.0711829011583118
EOS,45.0,10,388,0.7428694181666196,1.0711829011583118
EOS,45.0,10,389,0.4982633901889961,1.0711829011583118
EOS,45.0,10,390,1.6899166777469308,1.0711829011583118
EOS,45.0,10,391,0.2977328489233013,1.0711829011583118
EOS,45.0,10,392,0.570411675069793,1.0711829011583118
EOS,45.0,10,393,0.4768106453994363,1.0711829011583118
EOS,45.0,10,394,0.6316704753359133,1.0711829011583118
EOS,45.0,10,395,1.3387706793852174,1.0711829011583118
EOS,45.0,10,396,2.5622602348167876,1.0711829011583118
EOS,45.0,10,397,1.2455114314397018,1.0711829011583118
EOS,45.0,10,398,4.01643589464148,1.0711829011583118
EOS,45.0,10,399,1.1260575894757872,1.0711829011583118
EOS,45.0,10,400,0.8322081408805162,1.0711829011583118
EOS,45.0,10,401,2.0663446350582317,1.0711829011583118
EOS,45.0,10,402,-1.5239715669988272,1.0711829011583118
EOS,45.0,10,403,2.3696960943686887,1.0711829011583118
EOS,45.0,10,404,2.675616780407888,1.0711829011583118
EOS,45.0,10,405,2.6713618055461716,1.0711829011583118
EOS,45.0,10,406,-0.5835024388724257,1.0711829011583118
EOS,45.0,10,407,1.529335542817882,1.0711829011583118
EOS,45.0,10,408,1.763687983675505,1.0711829011583118
EOS,45.0,10,409,0.1564427937552284,1.0711829011583118
EOS,45.0,10,410,0.9931478574387502,1.0711829011583118
EOS,45.0,10,411,-0.7536819437083548,1.0711829011583118
EOS,45.0,10,412,0.5056086395847434,1.0711829011583118
EOS,45.0,10,413,2.133329691708032,1.0711829011583118
EOS,45.0,10,414,1.6132554143321665,1.0711829011583118
EOS,45.0,10,415,-0.45437583595437525,1.0711829011583118
EOS,45.0,10,416,2.723385720157445,1.0711829011583118
EOS,45.0,10,417,-1.2518293739731445,1.0711829011583118
EOS,45.0,10,418,1.311892606539375,1.0711829011583118
EOS,45.0,10,419,0.810050985193294,1.0711829011583118
EOS,45.0,10,420,3.200862957967177,1.0711829011583118
EOS,45.0,10,421,-0.25802939839043737,1.0711829011583118
EOS,45.0,10,422,0.3483956057529718,1.0711829011583118
EOS,45.0,10,423,2.639902963511643,1.0711829011583118
EOS,45.0,10,424,1.0609564494869166,1.0711829011583118
EOS,45.0,10,425,0.6195953744869751,1.0711829011583118
EOS,45.0,10,426,0.9611442025965946,1.0711829011583118
EOS,45.0,10,427,-0.0587373023701625,1.0711829011583118
EOS,45.0,10,428,0.8580003424903946,1.0711829011583118
EOS,45.0,10,429,1.161523465235832,1.0711829011583118
EOS,45.0,10,430,0.6507005248096536,1.0711829011583118
EOS,45.0,10,431,1.5896247165786188,1.0711829011583118
EOS,45.0,10,432,0.6092812486572305,1.0711829011583118
EOS,45.0,10,433,-1.600908430708696,1.0711829011583118
EOS,45.0,10,434,-1.4439290881389,1.0711829011583118
EOS,45.0,10,435,-0.07152343402659334,1.0711829011583118
EOS,45.0,10,436,1.1637804975298687,1.0711829011583118
EOS,45.0,10,437,0.4511978508672363,1.0711829011583118
EOS,45.0,10,438,-0.22638986794603344,1.0711829011583118
EOS,45.0,10,439,1.1685513169665391,1.0711829011583118
EOS,45.0,10,440,1.4268733546870758,1.0711829011583118
EOS,45.0,10,441,1.4213789201736404,1.0711829011583118
EOS,45.0,10,442,0.4630845775908304,1.0711829011583118
EOS,45.0,10,443,1.3674898657242505,1.0711829011583118
EOS,45.0,10,444,0.47840400744947376,1.0711829011583118
EOS,45.0,10,445,-1.2196217272965844,1.0711829011583118
EOS,45.0,10,446,1.48631231768347,1.0711829011583118
EOS,45.0,10,447,2.0115160475001423,1.0711829011583118
EOS,45.0,10,448,1.5158186486235876,1.0711829011583118
EOS,45.0,10,449,0.49285562363611124,1.0711829011583118
EOS,45.0,10,450,-1.0203173248795245,1.0711829011583118
EOS,45.0,10,451,-0.37117661981878625,1.0711829011583118
EOS,45.0,10,452,1.8107817621916924,1.0711829011583118
EOS,45.0,10,453,-0.24408965044957953,1.0711829011583118
EOS,45.0,10,454,1.4403440347571808,1.0711829011583118
EOS,45.0,10,455,1.891901382890759,1.0711829011583118
EOS,45.0,10,456,0.4775715789933166,1.0711829011583118
EOS,45.0,10,457,1.2224362894946146,1.0711829011583118
EOS,45.0,10,458,0.3000587535719408,1.0711829011583118
EOS,45.0,10,459,-1.3551268686322322,1.0711829011583118
EOS,45.0,10,460,1.113521474173813,1.0711829011583118
EOS,45.0,10,461,1.5637602213857518,1.0711829011583118
EOS,45.0,10,462,0.6701812047795839,1.0711829011583118
EOS,45.0,10,463,1.5536779376638625,1.0711829011583118
EOS,45.0,10,464,1.124776503632412,1.0711829011583118
EOS,45.0,10,465,1.472906380636804,1.0711829011583118
EOS,45.0,10,466,2.8038095643406886,1.0711829011583118
EOS,45.0,10,467,0.8152082129249205,1.0711829011583118
EOS,45.0,10,468,-0.3534982489309435,1.0711829011583118
EOS,45.0,10,469,-1.680446298463533,1.0711829011583118
EOS,45.0,10,470,2.5579077592212744,1.0711829011583118
EOS,45.0,10,471,0.6659882339071785,1.0711829011583118
EOS,45.0,10,472,2.425361850894517,1.0711829011583118
EOS,45.0,10,473,0.44442349825624383,1.0711829011583118
EOS,45.0,10,474,2.754407825643449,1.0711829011583118
EOS,45.0,10,475,1.3892345400392987,1.0711829011583118
EOS,45.0,10,476,2.9557835389381113,1.0711829011583118
EOS,45.0,10,477,0.168347733255235,1.0711829011583118
EOS,45.0,10,478,-1.318356512577816,1.0711829011583118
EOS,45.0,10,479,2.1660544670368154,1.0711829011583118
EOS,45.0,10,480,0.677288380612461,1.0711829011583118
EOS,45.0,10,481,-1.7103271389618462,1.0711829011583118
EOS,45.0,10,482,1.086844600935954,1.0711829011583118
EOS,45.0,10,483,1.8072550343054516,1.0711829011583118
EOS,45.0,10,484,2.4685437105134787,1.0711829011583118
EOS,45.0,10,485,0.42588024347115594,1.0711829011583118
EOS,45.0,10,486,0.21944375251379533,1.0711829011583118
EOS,45.0,10,487,2.2586859414198397,1.0711829011583118
EOS,45.0,10,488,-0.08456558456932961,1.0711829011583118
EOS,45.0,10,489,-0.5025407052295034,1.0711829011583118
EOS,45.0,10,490,0.6719593410388689,1.0711829011583118
EOS,45.0,10,491,0.9129799138168431,1.0711829011583118
EOS,45.0,10,492,1.8270577510270467,1.0711829011583118
EOS,45.0,10,493,2.969594558848449,1.0711829011583118
EOS,45.0,10,494,1.6256294647544922,1.0711829011583118
EOS,45.0,10,495,3.0342890453450315,1.0711829011583118
EOS,45.0,10,496,2.187064021748161,1.0711829011583118
EOS,45.0,10,497,0.849052663791869,1.0711829011583118
EOS,45.0,10,498,2.5707664330176203,1.0711829011583118
EOS,45.0,10,499,-0.7407485714314208,1.0711829011583118
EOS,45.0,10,500,1.1689532468547519,1.0711829011583118
EOS,45.0,10,501,3.2574583098511805,1.0711829011583118
EOS,45.0,10,502,1.4340438936209914,1.0711829011583118
EOS,45.0,10,503,-0.06531657312881922,1.0711829011583118
EOS,45.0,10,504,-0.439332949562768,1.0711829011583118
EOS,45.0,10,505,-0.25070796918668825,1.0711829011583118
EOS,45.0,10,506,-0.8926817909348075,1.0711829011583118
EOS,45.0,10,507,-0.3981961346855889,1.0711829011583118
EOS,45.0,10,508,1.0670761004616796,1.0711829011583118
EOS,45.0,10,509,0.6339526588626185,1.0711829011583118
EOS,45.0,10,510,2.1573784900064155,1.0711829011583118
EOS,45.0,10,511,1.9111060094993757,1.0711829011583118
EOS,45.0,10,512,0.27666436708303976,1.0711829011583118
EOS,45.0,10,513,1.7016236481674472,1.0711829011583118
EOS,45.0,10,514,-0.22239814804508207,1.0711829011583118
EOS,45.0,10,515,-0.2969780326706255,1.0711829011583118
EOS,45.0,10,516,0.27316270159707745,1.0711829011583118
EOS,45.0,10,517,1.7767255852300359,1.0711829011583118
EOS,45.0,10,518,2.0344996778817386,1.0711829011583118
EOS,45.0,10,519,0.6382712683148797,1.0711829011583118
EOS,45.0,10,520,0.7919350032576489,1.0711829011583118
EOS,45.0,10,521,0.81510722852069,1.0711829011583118
EOS,45.0,10,522,1.6732359028633539,1.0711829011583118
EOS,45.0,10,523,-1.9424130966358564,1.0711829011583118
EOS,45.0,10,524,2.878732449285599,1.0711829011583118
EOS,45.0,10,525,2.0132889391787074,1.0711829011583118
EOS,45.0,10,526,-0.6828955859262122,1.0711829011583118
EOS,45.0,10,527,0.13706379995483586,1.0711829011583118
EOS,45.0,10,528,-0.016158329860687992,1.0711829011583118
EOS,45.0,10,529,1.062576096173275,1.0711829011583118
EOS,45.0,10,530,2.7955452693177723,1.0711829011583118
EOS,45.0,10,531,0.8108832478415628,1.0711829011583118
EOS,45.0,10,532,2.9298073582409065,1.0711829011583118
EOS,45.0,10,533,0.5939775818536037,1.0711829011583118
EOS,45.0,10,534,-1.6058025742057875,1.0711829011583118
EOS,45.0,10,535,2.0373847846868705,1.0711829011583118
EOS,45.0,10,536,1.7379643399627747,1.0711829011583118
EOS,45.0,10,537,1.0906209351204061,1.0711829011583118
EOS,45.0,10,538,1.9065073300945587,1.0711829011583118
EOS,45.0,10,539,1.1010863861465474,1.0711829011583118
EOS,45.0,10,540,1.2415396447086682,1.0711829011583118
EOS,45.0,10,541,2.1443945907941897,1.0711829011583118
EOS,45.0,10,542,-0.1420102842764468,1.0711829011583118
EOS,45.0,10,543,-0.22060594515259746,1.0711829011583118
EOS,45.0,10,544,-0.03558048042177031,1.0711829011583118
EOS,45.0,10,545,1.1710036822810665,1.0711829011583118
EOS,45.0,10,546,1.1835452756258338,1.0711829011583118
EOS,45.0,10,547,1.7342908238914143,1.0711829011583118
EOS,45.0,10,548,-0.039725989018776,1.0711829011583118
EOS,45.0,10,549,0.32800081901290346,1.0711829011583118
EOS,45.0,10,550,0.021077490207632277,1.0711829011583118
EOS,45.0,10,551,1.5520890156550964,1.0711829011583118
EOS,45.0,10,552,3.1148862807639746,1.0711829011583118
EOS,45.0,10,553,-0.13863893112868642,1.0711829011583118
EOS,45.0,10,554,1.4706352072236974,1.0711829011583118
EOS,45.0,10,555,3.2557875420294127,1.0711829011583118
EOS,45.0,10,556,1.9106590790938909,1.0711829011583118
EOS,45.0,10,557,-0.27503027913098244,1.0711829011583118
EOS,45.0,10,558,2.1280992741476754,1.0711829011583118
EOS,45.0,10,559,2.442881535661968,1.0711829011583118
EOS,45.0,10,560,0.44575418219538676,1.0711829011583118
EOS,45.0,10,561,1.7085442096433363,1.0711829011583118
EOS,45.0,10,562,1.8180643973583788,1.0711829011583118
EOS,45.0,10,563,-0.3550324887328733,1.0711829011583118
EOS,45.0,10,564,2.091463839616537,1.0711829011583118
EOS,45.0,10,565,3.341706166485209,1.0711829011583118
EOS,45.0,10,566,-2.2867672668678054,1.0711829011583118
EOS,45.0,10,567,1.566615054865323,1.0711829011583118
EOS,45.0,10,568,-0.4039539867036095,1.0711829011583118
EOS,45.0,10,569,-1.0178474081974476,1.0711829011583118
EOS,45.0,10,570,1.5050869687178214,1.0711829011583118
EOS,45.0,10,571,1.9442554631477427,1.0711829011583118
EOS,45.0,10,572,-1.7506944840678846,1.0711829011583118
EOS,45.0,10,573,2.2158341392240377,1.0711829011583118
EOS,45.0,10,574,-0.09955417796605914,1.0711829011583118
EOS,45.0,10,575,0.442167643171242,1.0711829011583118
EOS,45.0,10,576,-1.8436818411703924,1.0711829011583118
EOS,45.0,10,577,0.812102761198884,1.0711829011583118
EOS,45.0,10,578,1.8610669161656614,1.0711829011583118
EOS,45.0,10,579,1.4239606660582993,1.0711829011583118
EOS,45.0,10,580,1.3225381725335439,1.0711829011583118
EOS,45.0,10,581,3.2111605445037323,1.0711829011583118
EOS,45.0,10,582,1.0438252136226365,1.0711829011583118
EOS,45.0,10,583,2.4215942371600176,1.0711829011583118
EOS,45.0,10,584,1.343586289492491,1.0711829011583118
EOS,45.0,10,585,0.8112406134982972,1.0711829011583118
EOS,45.0,10,586,-1.3447422671381506,1.0711829011583118
EOS,45.0,10,587,3.1230865576503843,1.0711829011583118
EOS,45.0,10,588,-0.19133224074992405,1.0711829011583118
EOS,45.0,10,589,1.0672412000497395,1.0711829011583118
EOS,45.0,10,590,0.0677042794062146,1.0711829011583118
EOS,45.0,10,591,-0.1514008463817138,1.0711829011583118
EOS,45.0,10,592,1.6464464159356167,1.0711829011583118
EOS,45.0,10,593,1.8759227199326087,1.0711829011583118
EOS,45.0,10,594,0.08929806205934865,1.0711829011583118
EOS,45.0,10,595,1.9940541531241305,1.0711829011583118
EOS,45.0,10,596,2.0529788518002006,1.0711829011583118
EOS,45.0,10,597,2.4499051053211116,1.0711829011583118
EOS,45.0,10,598,1.2830067338274034,1.0711829011583118
EOS,45.0,10,599,1.1102029520109413,1.0711829011583118
EOS,45.0,10,600,-0.1672718592261364,1.0711829011583118
EOS,45.0,10,601,2.582939221621765,1.0711829011583118
EOS,45.0,10,602,0.049736360821628356,1.0711829011583118
EOS,45.0,10,603,0.6777365615436479,1.0711829011583118
EOS,45.0,10,604,2.850927553749006,1.0711829011583118
EOS,45.0,10,605,4.24607976277048,1.0711829011583118
EOS,45.0,10,606,1.8538166121526052,1.0711829011583118
EOS,45.0,10,607,1.5347465027779825,1.0711829011583118
EOS,45.0,10,608,3.758364739975171,1.0711829011583118
EOS,45.0,10,609,0.940825468181701,1.0711829011583118
EOS,45.0,10,610,0.6886945015783059,1.0711829011583118
EOS,45.0,10,611,1.5152893413531823,1.0711829011583118
EOS,45.0,10,612,-0.7875495900280012,1.0711829011583118
EOS,45.0,10,613,1.3691155718462635,1.0711829011583118
EOS,45.0,10,614,-0.7796276520246546,1.0711829011583118
EOS,45.0,10,615,1.3125523350153419,1.0711829011583118
EOS,45.0,10,616,2.7613204607784367,1.0711829011583118
EOS,45.0,10,617,-1.5081592732284133,1.0711829011583118
EOS,45.0,10,618,1.2409101352924012,1.0711829011583118
EOS,45.0,10,619,1.9799790005216455,1.0711829011583118
EOS,45.0,10,620,1.212356676823258,1.0711829011583118
EOS,45.0,10,621,1.7123312817762342,1.0711829011583118
EOS,45.0,10,622,-0.09488923542604022,1.0711829011583118
EOS,45.0,10,623,0.48356143420494524,1.0711829011583118
EOS,45.0,10,624,2.4714778104991852,1.0711829011583118
EOS,45.0,10,625,0.13848926333485445,1.0711829011583118
EOS,45.0,10,626,0.8823865109156226,1.0711829011583118
EOS,45.0,10,627,2.215870192171098,1.0711829011583118
EOS,45.0,10,628,1.9246377576869507,1.0711829011583118
EOS,45.0,10,629,1.4348650547756439,1.0711829011583118
EOS,45.0,10,630,0.1472575811132204,1.0711829011583118
EOS,45.0,10,631,3.713886279855913,1.0711829011583118
EOS,45.0,10,632,1.9165638667963307,1.0711829011583118
EOS,45.0,10,633,1.8193676709954296,1.0711829011583118
EOS,45.0,10,634,2.4525558337464015,1.0711829011583118
EOS,45.0,10,635,1.4727635818330498,1.0711829011583118
EOS,45.0,10,636,-0.8125838801102092,1.0711829011583118
EOS,45.0,10,637,-0.7287804775069135,1.0711829011583118
EOS,45.0,10,638,1.4971189282556319,1.0711829011583118
EOS,45.0,10,639,1.289954657675302,1.0711829011583118
EOS,45.0,10,640,-0.9092647171576878,1.0711829011583118
EOS,45.0,10,641,2.6177120700448135,1.0711829011583118
EOS,45.0,10,642,1.625669885556156,1.0711829011583118
EOS,45.0,10,643,1.020354494291925,1.0711829011583118
EOS,45.0,10,644,-0.1279232967124373,1.0711829011583118
EOS,45.0,10,645,-1.0866460593596812,1.0711829011583118
EOS,45.0,10,646,0.3598942143919266,1.0711829011583118
EOS,45.0,10,647,2.105245961293088,1.0711829011583118
EOS,45.0,10,648,-0.8346877919223976,1.0711829011583118
EOS,45.0,10,649,1.1355143825342124,1.0711829011583118
EOS,45.0,10,650,2.1482176483009914,1.0711829011583118
EOS,45.0,10,651,0.8240280522790129,1.0711829011583118
EOS,45.0,10,652,1.5302181126918697,1.0711829011583118
EOS,45.0,10,653,-0.9195099990660647,1.0711829011583118
EOS,45.0,10,654,0.3440856276349007,1.0711829011583118
EOS,45.0,10,655,-0.45132391157175844,1.0711829011583118
EOS,45.0,10,656,-1.7331251563352268,1.0711829011583118
EOS,45.0,10,657,3.723955496530553,1.0711829011583118
EOS,45.0,10,658,0.8209598179309632,1.0711829011583118
EOS,45.0,10,659,0.5502645825014092,1.0711829011583118
EOS,45.0,10,660,0.8947506101014411,1.0711829011583118
EOS,45.0,10,661,2.530855080226854,1.0711829011583118
EOS,45.0,10,662,2.7242681767004995,1.0711829011583118
EOS,45.0,10,663,1.903663846515002,1.0711829011583118
EOS,45.0,10,664,1.129723372453101,1.0711829011583118
EOS,45.0,10,665,0.6991322182175779,1.0711829011583118
EOS,45.0,10,666,-0.9835392959897686,1.0711829011583118
EOS,45.0,10,667,0.8475355474293749,1.0711829011583118
EOS,45.0,10,668,-0.386258056365298,1.0711829011583118
EOS,45.0,10,669,0.8205842050553906,1.0711829011583118
EOS,45.0,10,670,1.6836766817653483,1.0711829011583118
EOS,45.0,10,671,1.3554981064372122,1.0711829011583118
EOS,45.0,10,672,3.1362180385801626,1.0711829011583118
EOS,45.0,10,673,2.181159773738148,1.0711829011583118
EOS,45.0,10,674,1.5562369767406077,1.0711829011583118
EOS,45.0,10,675,1.131397305183385,1.0711829011583118
EOS,45.0,10,676,-0.5950013775102176,1.0711829011583118
EOS,45.0,10,677,1.0346051869944253,1.0711829011583118
EOS,45.0,10,678,-1.7199135009115545,1.0711829011583118
EOS,45.0,10,679,-0.9245721760942245,1.0711829011583118
EOS,45.0,10,680,-0.4831899311336749,1.0711829011583118
EOS,45.0,10,681,1.4746373483909903,1.0711829011583118
EOS,45.0,10,682,-0.05329873606775726,1.0711829011583118
EOS,45.0,10,683,1.7602581541907596,1.0711829011583118
EOS,45.0,10,684,0.6545911926307122,1.0711829011583118
EOS,45.0,10,685,-0.3794239829826913,1.0711829011583118
EOS,45.0,10,686,0.5890803528017576,1.0711829011583118
EOS,45.0,10,687,1.2833615230140136,1.0711829011583118
EOS,45.0,10,688,1.2669971965697275,1.0711829011583118
EOS,45.0,10,689,0.05184851478792796,1.0711829011583118
EOS,45.0,10,690,-1.0584221641115206,1.0711829011583118
EOS,45.0,10,691,1.5411516064346242,1.0711829011583118
EOS,45.0,10,692,0.9755576072980598,1.0711829011583118
EOS,45.0,10,693,-1.8500174915059322,1.0711829011583118
EOS,45.0,10,694,1.6641473072814126,1.0711829011583118
EOS,45.0,10,695,2.3597340648913305,1.0711829011583118
EOS,45.0,10,696,2.943535821882919,1.0711829011583118
EOS,45.0,10,697,-0.7101159606153347,1.0711829011583118
EOS,45.0,10,698,1.367281260837214,1.0711829011583118
EOS,45.0,10,699,1.866629368911104,1.0711829011583118
EOS,45.0,10,700,2.8785562760406282,1.0711829011583118
EOS,45.0,10,701,1.5642610180528882,1.0711829011583118
EOS,45.0,10,702,1.1424379659282096,1.0711829011583118
EOS,45.0,10,703,2.2053569870576775,1.0711829011583118
EOS,45.0,10,704,0.3107653306956317,1.0711829011583118
EOS,45.0,10,705,0.6273989053293536,1.0711829011583118
EOS,45.0,10,706,0.9868696906559928,1.0711829011583118
EOS,45.0,10,707,1.6109680953001506,1.0711829011583118
EOS,45.0,10,708,-0.22530494941061274,1.0711829011583118
EOS,45.0,10,709,-1.7302562335184983,1.0711829011583118
EOS,45.0,10,710,1.5052397157414381,1.0711829011583118
EOS,45.0,10,711,1.4004800708969736,1.0711829011583118
EOS,45.0,10,712,-0.04152884124528944,1.0711829011583118
EOS,45.0,10,713,-0.7650349108659751,1.0711829011583118
EOS,45.0,10,714,1.7889142247037713,1.0711829011583118
EOS,45.0,10,715,0.4844645779473655,1.0711829011583118
EOS,45.0,10,716,0.2946438625101022,1.0711829011583118
EOS,45.0,10,717,1.869727596050966,1.0711829011583118
EOS,45.0,10,718,2.1216537603201866,1.0711829011583118
EOS,45.0,10,719,0.4757101036647131,1.0711829011583118
EOS,45.0,10,720,2.535923142286995,1.0711829011583118
EOS,45.0,10,721,2.2865112199701345,1.0711829011583118
EOS,45.0,10,722,-1.1813355226285998,1.0711829011583118
EOS,45.0,10,723,2.5424708923714205,1.0711829011583118
EOS,45.0,10,724,2.2042721858180547,1.0711829011583118
EOS,45.0,10,725,-0.9861665958639638,1.0711829011583118
EOS,45.0,10,726,1.6040121691702867,1.0711829011583118
EOS,45.0,10,727,1.3875238424671057,1.0711829011583118
EOS,45.0,10,728,0.1470331514194192,1.0711829011583118
EOS,45.0,10,729,1.3208302236035774,1.0711829011583118
EOS,45.0,10,730,0.01751344793074372,1.0711829011583118
EOS,45.0,10,731,2.2728784722425366,1.0711829011583118
EOS,45.0,10,732,1.0037809465687944,1.0711829011583118
EOS,45.0,10,733,0.791631403679486,1.0711829011583118
EOS,45.0,10,734,1.602013284214225,1.0711829011583118
EOS,45.0,10,735,2.1570590160148737,1.0711829011583118
EOS,45.0,10,736,1.8098449695659347,1.0711829011583118
EOS,45.0,10,737,0.13140808847541852,1.0711829011583118
EOS,45.0,10,738,2.689831424449213,1.0711829011583118
EOS,45.0,10,739,3.1786489910942337,1.0711829011583118
EOS,45.0,10,740,-0.26974718542574916,1.0711829011583118
EOS,45.0,10,741,-0.3906806061786315,1.0711829011583118
EOS,45.0,10,742,2.443032464651095,1.0711829011583118
EOS,45.0,10,743,2.1347685078495835,1.0711829011583118
EOS,45.0,10,744,1.5827284597642528,1.0711829011583118
EOS,45.0,10,745,3.241435059002884,1.0711829011583118
EOS,45.0,10,746,0.03298291632539474,1.0711829011583118
EOS,45.0,10,747,0.8168441508954234,1.0711829011583118
EOS,45.0,10,748,2.095876472163919,1.0711829011583118
EOS,45.0,10,749,2.441243009521134,1.0711829011583118
EOS,45.0,10,750,2.291932957875399,1.0711829011583118
EOS,45.0,10,751,-0.003431416448301583,1.0711829011583118
EOS,45.0,10,752,2.279626472680597,1.0711829011583118
EOS,45.0,10,753,0.1438542673046559,1.0711829011583118
EOS,45.0,10,754,1.6005044841358318,1.0711829011583118
EOS,45.0,10,755,1.1926171188360404,1.0711829011583118
EOS,45.0,10,756,2.9315542189671886,1.0711829011583118
EOS,45.0,10,757,-0.7929486042948919,1.0711829011583118
EOS,45.0,10,758,0.2992148362515141,1.0711829011583118
EOS,45.0,10,759,0.4977148223083594,1.0711829011583118
EOS,45.0,10,760,1.3584718128828959,1.0711829011583118
EOS,45.0,10,761,-0.7348190285765321,1.0711829011583118
EOS,45.0,10,762,1.5753821179747458,1.0711829011583118
EOS,45.0,10,763,1.4248535649951526,1.0711829011583118
EOS,45.0,10,764,2.467376019758206,1.0711829011583118
EOS,45.0,10,765,0.38582899092961975,1.0711829011583118
EOS,45.0,10,766,0.8858710730399277,1.0711829011583118
EOS,45.0,10,767,0.5882153239768297,1.0711829011583118
EOS,45.0,10,768,1.5963089083306734,1.0711829011583118
EOS,45.0,10,769,-0.5209700713150944,1.0711829011583118
EOS,45.0,10,770,2.4684713994054714,1.0711829011583118
EOS,45.0,10,771,1.4201359175617148,1.0711829011583118
EOS,45.0,10,772,1.9710745465331403,1.0711829011583118
EOS,45.0,10,773,2.29268231130224,1.0711829011583118
EOS,45.0,10,774,3.3289431886646774,1.0711829011583118
EOS,45.0,10,775,-0.14124241984592434,1.0711829011583118
EOS,45.0,10,776,1.0388090930574374,1.0711829011583118
EOS,45.0,10,777,0.9818704397402502,1.0711829011583118
EOS,45.0,10,778,1.3895277511049,1.0711829011583118
EOS,45.0,10,779,-0.8077109224900791,1.0711829011583118
EOS,45.0,10,780,1.1245267182756375,1.0711829011583118
EOS,45.0,10,781,3.7730707536665644,1.0711829011583118
EOS,45.0,10,782,2.1082736247183904,1.0711829011583118
EOS,45.0,10,783,1.6593800252111413,1.0711829011583118
EOS,45.0,10,784,-0.8652724725459597,1.0711829011583118
EOS,45.0,10,785,3.1318373939639157,1.0711829011583118
EOS,45.0,10,786,1.7182270242596416,1.0711829011583118
EOS,45.0,10,787,-0.5403084388918487,1.0711829011583118
EOS,45.0,10,788,2.3629898153359665,1.0711829011583118
EOS,45.0,10,789,1.9581743026941791,1.0711829011583118
EOS,45.0,10,790,-1.11010801383884,1.0711829011583118
EOS,45.0,10,791,2.068301850511407,1.0711829011583118
EOS,45.0,10,792,2.396672144406015,1.0711829011583118
EOS,45.0,10,793,0.7940109443676859,1.0711829011583118
EOS,45.0,10,794,1.2710815500310995,1.0711829011583118
EOS,45.0,10,795,0.5032437633893028,1.0711829011583118
EOS,45.0,10,796,0.5256169934283927,1.0711829011583118
EOS,45.0,10,797,1.5604783684353232,1.0711829011583118
EOS,45.0,10,798,1.6877176045651079,1.0711829011583118
EOS,45.0,10,799,1.740872180292944,1.0711829011583118
EOS,45.0,10,800,2.891781464766821,1.0711829011583118
EOS,45.0,10,801,2.9358771218471067,1.0711829011583118
EOS,45.0,10,802,-0.18796554163780144,1.0711829011583118
EOS,45.0,10,803,-0.9276494496278183,1.0711829011583118
EOS,45.0,10,804,3.3524123885340575,1.0711829011583118
EOS,45.0,10,805,1.2796940393835978,1.0711829011583118
EOS,45.0,10,806,-0.232461021104589,1.0711829011583118
EOS,45.0,10,807,1.18759052794479,1.0711829011583118
EOS,45.0,10,808,1.8732197239183523,1.0711829011583118
EOS,45.0,10,809,1.4338274616137578,1.0711829011583118
EOS,45.0,10,810,1.1654447119466833,1.0711829011583118
EOS,45.0,10,811,0.44688663698983877,1.0711829011583118
EOS,45.0,10,812,3.5934419878614055,1.0711829011583118
EOS,45.0,10,813,1.2652041721258716,1.0711829011583118
EOS,45.0,10,814,0.583636457361373,1.0711829011583118
EOS,45.0,10,815,1.7746952469977315,1.0711829011583118
EOS,45.0,10,816,0.39132796721516394,1.0711829011583118
EOS,45.0,10,817,2.275772471585503,1.0711829011583118
EOS,45.0,10,818,1.8192519743139246,1.0711829011583118
EOS,45.0,10,819,-0.849973902886971,1.0711829011583118
EOS,45.0,10,820,2.0240799985257194,1.0711829011583118
EOS,45.0,10,821,-0.6121423633037073,1.0711829011583118
EOS,45.0,10,822,1.8290318790822053,1.0711829011583118
EOS,45.0,10,823,1.3900011744447132,1.0711829011583118
EOS,45.0,10,824,1.7920366722590337,1.0711829011583118
EOS,45.0,10,825,1.8822335002200865,1.0711829011583118
EOS,45.0,10,826,3.606352560347182,1.0711829011583118
EOS,45.0,10,827,2.3371898666543283,1.0711829011583118
EOS,45.0,10,828,-0.7487960882170471,1.0711829011583118
EOS,45.0,10,829,-0.8739021348312437,1.0711829011583118
EOS,45.0,10,830,0.9693282885795693,1.0711829011583118
EOS,45.0,10,831,0.2984701739704343,1.0711829011583118
EOS,45.0,10,832,1.750113778183258,1.0711829011583118
EOS,45.0,10,833,-0.719690832630312,1.0711829011583118
EOS,45.0,10,834,-1.0923157290396084,1.0711829011583118
EOS,45.0,10,835,1.5805977272808187,1.0711829011583118
EOS,45.0,10,836,0.8235674798538781,1.0711829011583118
EOS,45.0,10,837,1.4681074512383534,1.0711829011583118
EOS,45.0,10,838,2.5365801813102102,1.0711829011583118
EOS,45.0,10,839,1.387722761321312,1.0711829011583118
EOS,45.0,10,840,0.5566240624873675,1.0711829011583118
EOS,45.0,10,841,0.167159839601293,1.0711829011583118
EOS,45.0,10,842,0.22242738018483266,1.0711829011583118
EOS,45.0,10,843,1.9867509384726887,1.0711829011583118
EOS,45.0,10,844,1.3749885742439778,1.0711829011583118
EOS,45.0,10,845,-0.04668898442528535,1.0711829011583118
EOS,45.0,10,846,1.8660917495860285,1.0711829011583118
EOS,45.0,10,847,3.694827348087231,1.0711829011583118
EOS,45.0,10,848,0.678072021104196,1.0711829011583118
EOS,45.0,10,849,-0.1872789401411994,1.0711829011583118
EOS,45.0,10,850,1.9122810960134942,1.0711829011583118
EOS,45.0,10,851,2.1048250762532508,1.0711829011583118
EOS,45.0,10,852,0.4247265973973269,1.0711829011583118
EOS,45.0,10,853,-0.7270413962657958,1.0711829011583118
EOS,45.0,10,854,2.8388463871469587,1.0711829011583118
EOS,45.0,10,855,0.4161188775284459,1.0711829011583118
EOS,45.0,10,856,1.8872461117147319,1.0711829011583118
EOS,45.0,10,857,-0.8355501669814434,1.0711829011583118
EOS,45.0,10,858,1.0427570931156442,1.0711829011583118
EOS,45.0,10,859,-1.1827349387367103,1.0711829011583118
EOS,45.0,10,860,-0.94588286358153,1.0711829011583118
EOS,45.0,10,861,-0.757736917683578,1.0711829011583118
EOS,45.0,10,862,-0.7947900484010995,1.0711829011583118
EOS,45.0,10,863,0.3063862258169996,1.0711829011583118
EOS,45.0,10,864,-1.3260795373853442,1.0711829011583118
EOS,45.0,10,865,1.078758253459664,1.0711829011583118
EOS,45.0,10,866,0.557121446705902,1.0711829011583118
EOS,45.0,10,867,1.1476159717893097,1.0711829011583118
EOS,45.0,10,868,2.282422447373843,1.0711829011583118
EOS,45.0,10,869,0.8268800695395808,1.0711829011583118
EOS,45.0,10,870,0.6856197521599054,1.0711829011583118
EOS,45.0,10,871,-0.17897301362651907,1.0711829011583118
EOS,45.0,10,872,3.583453164613021,1.0711829011583118
EOS,45.0,10,873,0.5118011418272248,1.0711829011583118
EOS,45.0,10,874,1.4280359910834375,1.0711829011583118
EOS,45.0,10,875,1.6641011888566795,1.0711829011583118
EOS,45.0,10,876,1.03854272175615,1.0711829011583118
EOS,45.0,10,877,0.7754041730749273,1.0711829011583118
EOS,45.0,10,878,-0.36323418151530884,1.0711829011583118
EOS,45.0,10,879,0.6131373255292409,1.0711829011583118
EOS,45.0,10,880,-1.2282143568018784,1.0711829011583118
EOS,45.0,10,881,0.8868352267002888,1.0711829011583118
EOS,45.0,10,882,0.15196077446189937,1.0711829011583118
EOS,45.0,10,883,1.2739956638179768,1.0711829011583118
EOS,45.0,10,884,2.1549957937769606,1.0711829011583118
EOS,45.0,10,885,2.833787401095797,1.0711829011583118
EOS,45.0,10,886,1.6818493237932306,1.0711829011583118
EOS,45.0,10,887,-0.06785013393461803,1.0711829011583118
EOS,45.0,10,888,1.023761844189969,1.0711829011583118
EOS,45.0,10,889,1.3403326833452347,1.0711829011583118
EOS,45.0,10,890,0.46379264933808995,1.0711829011583118
EOS,45.0,10,891,-0.013516862967872356,1.0711829011583118
EOS,45.0,10,892,0.049411500532490216,1.0711829011583118
EOS,45.0,10,893,2.8861738976932205,1.0711829011583118
EOS,45.0,10,894,-0.19427678556808647,1.0711829011583118
EOS,45.0,10,895,0.20744686343207164,1.0711829011583118
EOS,45.0,10,896,1.0028450666107505,1.0711829011583118
EOS,45.0,10,897,0.5368352399235454,1.0711829011583118
EOS,45.0,10,898,-0.4335017984461338,1.0711829011583118
EOS,45.0,10,899,0.26049174394266794,1.0711829011583118
EOS,45.0,10,900,-1.0962803055725112,1.0711829011583118
EOS,45.0,10,901,1.8669119518077086,1.0711829011583118
EOS,45.0,10,902,-1.2184067998010253,1.0711829011583118
EOS,45.0,10,903,-0.15614136390809996,1.0711829011583118
EOS,45.0,10,904,1.9702780049698416,1.0711829011583118
EOS,45.0,10,905,3.1653018987066037,1.0711829011583118
EOS,45.0,10,906,1.6240131960043325,1.0711829011583118
EOS,45.0,10,907,1.6005912335615267,1.0711829011583118
EOS,45.0,10,908,-1.0978316118767135,1.0711829011583118
EOS,45.0,10,909,1.1091916408228792,1.0711829011583118
EOS,45.0,10,910,1.761385710060832,1.0711829011583118
EOS,45.0,10,911,1.3570651551527195,1.0711829011583118
EOS,45.0,10,912,-0.5320552566334373,1.0711829011583118
EOS,45.0,10,913,1.7572018718797455,1.0711829011583118
EOS,45.0,10,914,3.38678862823209,1.0711829011583118
EOS,45.0,10,915,0.9451016471697553,1.0711829011583118
EOS,45.0,10,916,0.5565223030294293,1.0711829011583118
EOS,45.0,10,917,1.7660352841825309,1.0711829011583118
EOS,45.0,10,918,1.2611626636834983,1.0711829011583118
EOS,45.0,10,919,-0.06765198631991964,1.0711829011583118
EOS,45.0,10,920,1.7354463180092647,1.0711829011583118
EOS,45.0,10,921,0.9034107222169943,1.0711829011583118
EOS,45.0,10,922,-0.07941675265036352,1.0711829011583118
EOS,45.0,10,923,0.9914225029458161,1.0711829011583118
EOS,45.0,10,924,0.6083064250541226,1.0711829011583118
EOS,45.0,10,925,-1.324453686255728,1.0711829011583118
EOS,45.0,10,926,2.477635110527425,1.0711829011583118
EOS,45.0,10,927,3.0895433251619324,1.0711829011583118
EOS,45.0,10,928,-0.6266646090056882,1.0711829011583118
EOS,45.0,10,929,-0.04052105886731239,1.0711829011583118
EOS,45.0,10,930,-0.3849668159285591,1.0711829011583118
EOS,45.0,10,931,2.3389067107150634,1.0711829011583118
EOS,45.0,10,932,1.6376803491408372,1.0711829011583118
EOS,45.0,10,933,-0.40932867704084686,1.0711829011583118
EOS,45.0,10,934,1.4845593538032014,1.0711829011583118
EOS,45.0,10,935,2.402080240089979,1.0711829011583118
EOS,45.0,10,936,2.550861100257473,1.0711829011583118
EOS,45.0,10,937,0.13211241429260667,1.0711829011583118
EOS,45.0,10,938,0.9807609195961189,1.0711829011583118
EOS,45.0,10,939,4.415872468002833,1.0711829011583118
EOS,45.0,10,940,2.9669534946087963,1.0711829011583118
EOS,45.0,10,941,1.2026154308005275,1.0711829011583118
EOS,45.0,10,942,0.175422891968799,1.0711829011583118
EOS,45.0,10,943,-0.1099908239395635,1.0711829011583118
EOS,45.0,10,944,-0.5032748326646295,1.0711829011583118
EOS,45.0,10,945,1.803057649076922,1.0711829011583118
EOS,45.0,10,946,2.476686284056501,1.0711829011583118
EOS,45.0,10,947,-1.7195858580919565,1.0711829011583118
EOS,45.0,10,948,1.679054711126681,1.0711829011583118
EOS,45.0,10,949,0.964689619296184,1.0711829011583118
EOS,45.0,10,950,2.4260734299094775,1.0711829011583118
EOS,45.0,10,951,-0.10825674819520703,1.0711829011583118
EOS,45.0,10,952,0.10966052332039711,1.0711829011583118
EOS,45.0,10,953,-0.08446286021025773,1.0711829011583118
EOS,45.0,10,954,-0.48223896768318664,1.0711829011583118
EOS,45.0,10,955,1.32503014256842,1.0711829011583118
EOS,45.0,10,956,0.10027814423368797,1.0711829011583118
EOS,45.0,10,957,4.1305242399215345,1.0711829011583118
EOS,45.0,10,958,2.7861464012374917,1.0711829011583118
EOS,45.0,10,959,0.7251782687985018,1.0711829011583118
EOS,45.0,10,960,1.2522329493082038,1.0711829011583118
EOS,45.0,10,961,-0.534049593878938,1.0711829011583118
EOS,45.0,10,962,-0.8953683467204483,1.0711829011583118
EOS,45.0,10,963,1.7420347808410406,1.0711829011583118
EOS,45.0,10,964,1.1341947022688528,1.0711829011583118
EOS,45.0,10,965,0.17012717538176658,1.0711829011583118
EOS,45.0,10,966,-1.4149017532977326,1.0711829011583118
EOS,45.0,10,967,2.018900271495096,1.0711829011583118
EOS,45.0,10,968,1.581795290435299,1.0711829011583118
EOS,45.0,10,969,1.9070126359674817,1.0711829011583118
EOS,45.0,10,970,1.3544209898789163,1.0711829011583118
EOS,45.0,10,971,2.2804377281413437,1.0711829011583118
EOS,45.0,10,972,-0.17966876509884822,1.0711829011583118
EOS,45.0,10,973,1.26824959271852,1.0711829011583118
EOS,45.0,10,974,2.0623879647320154,1.0711829011583118
EOS,45.0,10,975,2.867556708872711,1.0711829011583118
EOS,45.0,10,976,0.786036100582922,1.0711829011583118
EOS,45.0,10,977,1.4600039825809954,1.0711829011583118
EOS,45.0,10,978,1.87527543686614,1.0711829011583118
EOS,45.0,10,979,1.6442244858536932,1.0711829011583118
EOS,45.0,10,980,-0.13697065346483495,1.0711829011583118
EOS,45.0,10,981,0.9355328144491031,1.0711829011583118
EOS,45.0,10,982,0.45832816948975275,1.0711829011583118
EOS,45.0,10,983,0.7579556739371505,1.0711829011583118
EOS,45.0,10,984,0.8139239146212289,1.0711829011583118
EOS,45.0,10,985,0.8234774700730187,1.0711829011583118
EOS,45.0,10,986,3.1944441913028556,1.0711829011583118
EOS,45.0,10,987,-0.09517402633206784,1.0711829011583118
EOS,45.0,10,988,0.9136291654792785,1.0711829011583118
EOS,45.0,10,989,-0.7349087998964404,1.0711829011583118
EOS,45.0,10,990,-0.6584473004420799,1.0711829011583118
EOS,45.0,10,991,3.0769813283960534,1.0711829011583118
EOS,45.0,10,992,0.31139937616856095,1.0711829011583118
EOS,45.0,10,993,0.008335901829144454,1.0711829011583118
EOS,45.0,10,994,2.4420453252151355,1.0711829011583118
EOS,45.0,10,995,1.5832879222958058,1.0711829011583118
EOS,45.0,10,996,1.9814410490261274,1.0711829011583118
EOS,45.0,10,997,0.1552299264651511,1.0711829011583118
EOS,45.0,10,998,2.123653888326218,1.0711829011583118
EOS,45.0,10,999,0.7494247656719208,1.0711829011583118
EOS,55.0,10,1,-0.939874848984918,-0.3143808843668461
EOS,55.0,10,2,0.47455588732047915,-0.3143808843668461
EOS,55.0,10,3,-0.967589224175236,-0.3143808843668461
EOS,55.0,10,4,-0.08962143259884048,-0.3143808843668461
EOS,55.0,10,5,-0.11652194492969059,-0.3143808843668461
EOS,55.0,10,6,-0.04688198409056943,-0.3143808843668461
EOS,55.0,10,7,-0.67425471394744,-0.3143808843668461
EOS,55.0,10,8,-0.8315946569386894,-0.3143808843668461
EOS,55.0,10,9,-0.7406848131252795,-0.3143808843668461
EOS,55.0,10,10,-0.6758707697777804,-0.3143808843668461
EOS,55.0,10,11,-0.6664095664716674,-0.3143808843668461
EOS,55.0,10,12,-1.049628955873353,-0.3143808843668461
EOS,55.0,10,13,-0.37790094090337023,-0.3143808843668461
EOS,55.0,10,14,-0.38563189489265237,-0.3143808843668461
EOS,55.0,10,15,-0.5334113532765306,-0.3143808843668461
EOS,55.0,10,16,-0.2913760206879783,-0.3143808843668461
EOS,55.0,10,17,-0.2570870665014291,-0.3143808843668461
EOS,55.0,10,18,-0.4736272727303379,-0.3143808843668461
EOS,55.0,10,19,-0.6259177231965889,-0.3143808843668461
EOS,55.0,10,20,-0.3682493743929913,-0.3143808843668461
EOS,55.0,10,21,-0.594649882704209,-0.3143808843668461
EOS,55.0,10,22,-0.5529461145278216,-0.3143808843668461
EOS,55.0,10,23,-0.3705997805541881,-0.3143808843668461
EOS,55.0,10,24,-0.22122800275972487,-0.3143808843668461
EOS,55.0,10,25,0.17943104675273625,-0.3143808843668461
EOS,55.0,10,26,0.22825711378187563,-0.3143808843668461
EOS,55.0,10,27,-0.42303667897200503,-0.3143808843668461
EOS,55.0,10,28,0.08496800523038495,-0.3143808843668461
EOS,55.0,10,29,-0.45629056318117533,-0.3143808843668461
EOS,55.0,10,30,-0.21359536141794733,-0.3143808843668461
EOS,55.0,10,31,-0.5884524109794906,-0.3143808843668461
EOS,55.0,10,32,0.15587684084626674,-0.3143808843668461
EOS,55.0,10,33,0.03078237088048663,-0.3143808843668461
EOS,55.0,10,34,-0.5096426924713109,-0.3143808843668461
EOS,55.0,10,35,0.091731339274564,-0.3143808843668461
EOS,55.0,10,36,-0.031669524539236105,-0.3143808843668461
EOS,55.0,10,37,-0.510317216464075,-0.3143808843668461
EOS,55.0,10,38,-0.6466324218831176,-0.3143808843668461
EOS,55.0,10,39,0.09855353681919943,-0.3143808843668461
EOS,55.0,10,40,-1.3775989496440721,-0.3143808843668461
EOS,55.0,10,41,0.455761983436451,-0.3143808843668461
EOS,55.0,10,42,0.21644788162094075,-0.3143808843668461
EOS,55.0,10,43,-0.686095791162444,-0.3143808843668461
EOS,55.0,10,44,-0.12075047209204248,-0.3143808843668461
EOS,55.0,10,45,-0.9965614952522008,-0.3143808843668461
EOS,55.0,10,46,-0.2302450246404517,-0.3143808843668461
EOS,55.0,10,47,-0.046096554266193523,-0.3143808843668461
EOS,55.0,10,48,-0.6884673434627083,-0.3143808843668461
EOS,55.0,10,49,-0.0985012746124525,-0.3143808843668461
EOS,55.0,10,50,-0.8270822904067809,-0.3143808843668461
EOS,55.0,10,51,-0.8863065120401226,-0.3143808843668461
EOS,55.0,10,52,0.01759635865899689,-0.3143808843668461
EOS,55.0,10,53,-0.0496745686931126,-0.3143808843668461
EOS,55.0,10,54,-0.05358008207767395,-0.3143808843668461
EOS,55.0,10,55,0.38886781910122203,-0.3143808843668461
EOS,55.0,10,56,-0.771029534735636,-0.3143808843668461
EOS,55.0,10,57,-0.8801863701787591,-0.3143808843668461
EOS,55.0,10,58,-1.0292499725344915,-0.3143808843668461
EOS,55.0,10,59,-0.5230287219142093,-0.3143808843668461
EOS,55.0,10,60,-0.6820304838828273,-0.3143808843668461
EOS,55.0,10,61,-0.7924504797019953,-0.3143808843668461
EOS,55.0,10,62,-0.8620313641096657,-0.3143808843668461
EOS,55.0,10,63,-0.05847114992631175,-0.3143808843668461
EOS,55.0,10,64,0.10046937914882736,-0.3143808843668461
EOS,55.0,10,65,-0.3041027388880123,-0.3143808843668461
EOS,55.0,10,66,0.02490479126793832,-0.3143808843668461
EOS,55.0,10,67,0.13965664618873053,-0.3143808843668461
EOS,55.0,10,68,0.34362885852751157,-0.3143808843668461
EOS,55.0,10,69,-0.5608895324781518,-0.3143808843668461
EOS,55.0,10,70,-0.48106115674305105,-0.3143808843668461
EOS,55.0,10,71,-0.5058111301448878,-0.3143808843668461
EOS,55.0,10,72,-0.5564604802575325,-0.3143808843668461
EOS,55.0,10,73,-1.0543354124431772,-0.3143808843668461
EOS,55.0,10,74,-0.3400277765624973,-0.3143808843668461
EOS,55.0,10,75,0.012180482577774487,-0.3143808843668461
EOS,55.0,10,76,-0.22130279523393104,-0.3143808843668461
EOS,55.0,10,77,-0.12482196458647454,-0.3143808843668461
EOS,55.0,10,78,-0.6095579081148461,-0.3143808843668461
EOS,55.0,10,79,-0.03399817847024966,-0.3143808843668461
EOS,55.0,10,80,-0.5702565405026749,-0.3143808843668461
EOS,55.0,10,81,-0.7623860651727928,-0.3143808843668461
EOS,55.0,10,82,-0.6604483231744201,-0.3143808843668461
EOS,55.0,10,83,-0.5791302074176184,-0.3143808843668461
EOS,55.0,10,84,-0.5327971722576901,-0.3143808843668461
EOS,55.0,10,85,-0.5930154654407325,-0.3143808843668461
EOS,55.0,10,86,-0.9203557764124726,-0.3143808843668461
EOS,55.0,10,87,-0.8335334473825489,-0.3143808843668461
EOS,55.0,10,88,-0.20169525086158835,-0.3143808843668461
EOS,55.0,10,89,-0.49099482959238894,-0.3143808843668461
EOS,55.0,10,90,0.0419129823806319,-0.3143808843668461
EOS,55.0,10,91,-0.9446240015125822,-0.3143808843668461
EOS,55.0,10,92,-0.17895145585361827,-0.3143808843668461
EOS,55.0,10,93,-0.6925247577372002,-0.3143808843668461
EOS,55.0,10,94,0.35564128098907655,-0.3143808843668461
EOS,55.0,10,95,-0.7638818088804435,-0.3143808843668461
EOS,55.0,10,96,-0.45651519065690394,-0.3143808843668461
EOS,55.0,10,97,-0.6227023665356131,-0.3143808843668461
EOS,55.0,10,98,-0.7090015454694778,-0.3143808843668461
EOS,55.0,10,99,-0.3402025134067428,-0.3143808843668461
EOS,55.0,10,100,-0.43948017355930946,-0.3143808843668461
EOS,55.0,10,101,-0.1698587879042044,-0.3143808843668461
EOS,55.0,10,102,-0.15475910542347138,-0.3143808843668461
EOS,55.0,10,103,-0.2717538921584062,-0.3143808843668461
EOS,55.0,10,104,0.2060697987178597,-0.3143808843668461
EOS,55.0,10,105,-0.40705240248961916,-0.3143808843668461
EOS,55.0,10,106,-0.5988392279016165,-0.3143808843668461
EOS,55.0,10,107,-0.3220469274679856,-0.3143808843668461
EOS,55.0,10,108,-0.43621948458182125,-0.3143808843668461
EOS,55.0,10,109,-0.8843260191323814,-0.3143808843668461
EOS,55.0,10,110,-0.8439794833710732,-0.3143808843668461
EOS,55.0,10,111,-0.17313188460165008,-0.3143808843668461
EOS,55.0,10,112,-0.4175342071815864,-0.3143808843668461
EOS,55.0,10,113,0.6030089136696419,-0.3143808843668461
EOS,55.0,10,114,-0.2934113491473802,-0.3143808843668461
EOS,55.0,10,115,-0.23877891499618475,-0.3143808843668461
EOS,55.0,10,116,-0.9124513725770682,-0.3143808843668461
EOS,55.0,10,117,0.30676724531653,-0.3143808843668461
EOS,55.0,10,118,-0.20602342669279827,-0.3143808843668461
EOS,55.0,10,119,-0.29349596015505064,-0.3143808843668461
EOS,55.0,10,120,-0.07883841373842082,-0.3143808843668461
EOS,55.0,10,121,-0.6696157521549946,-0.3143808843668461
EOS,55.0,10,122,-0.6935817344348398,-0.3143808843668461
EOS,55.0,10,123,-0.24728503450828665,-0.3143808843668461
EOS,55.0,10,124,-0.40940519821385646,-0.3143808843668461
EOS,55.0,10,125,-0.17580858575762082,-0.3143808843668461
EOS,55.0,10,126,-0.7048897332534965,-0.3143808843668461
EOS,55.0,10,127,0.1434281469248555,-0.3143808843668461
EOS,55.0,10,128,-0.5882619484881717,-0.3143808843668461
EOS,55.0,10,129,-0.061831870051110016,-0.3143808843668461
EOS,55.0,10,130,-0.6324709297238906,-0.3143808843668461
EOS,55.0,10,131,-0.717723506456412,-0.3143808843668461
EOS,55.0,10,132,-0.2504547642329886,-0.3143808843668461
EOS,55.0,10,133,-0.07379049214797706,-0.3143808843668461
EOS,55.0,10,134,-0.4554542877393293,-0.3143808843668461
EOS,55.0,10,135,-0.3130676334537932,-0.3143808843668461
EOS,55.0,10,136,-0.22122977889469642,-0.3143808843668461
EOS,55.0,10,137,-0.09129596268335782,-0.3143808843668461
EOS,55.0,10,138,-0.08928877556382875,-0.3143808843668461
EOS,55.0,10,139,-0.0867086617341365,-0.3143808843668461
EOS,55.0,10,140,-0.0855215400091418,-0.3143808843668461
EOS,55.0,10,141,-0.37602973048109956,-0.3143808843668461
EOS,55.0,10,142,0.036275561120995725,-0.3143808843668461
EOS,55.0,10,143,-0.35101913378333216,-0.3143808843668461
EOS,55.0,10,144,-0.5664589491128922,-0.3143808843668461
EOS,55.0,10,145,-0.8884092473900278,-0.3143808843668461
EOS,55.0,10,146,-0.7129618563638953,-0.3143808843668461
EOS,55.0,10,147,0.3596662290072301,-0.3143808843668461
EOS,55.0,10,148,0.30035922472977483,-0.3143808843668461
EOS,55.0,10,149,-0.3729788896859918,-0.3143808843668461
EOS,55.0,10,150,-0.3113544458685584,-0.3143808843668461
EOS,55.0,10,151,-0.6381941827300327,-0.3143808843668461
EOS,55.0,10,152,-0.1183787999727568,-0.3143808843668461
EOS,55.0,10,153,-0.9078938009428665,-0.3143808843668461
EOS,55.0,10,154,-0.7610889844623714,-0.3143808843668461
EOS,55.0,10,155,-0.5401449592876466,-0.3143808843668461
EOS,55.0,10,156,-0.2749334406211489,-0.3143808843668461
EOS,55.0,10,157,-0.1675144900180645,-0.3143808843668461
EOS,55.0,10,158,-0.3690276355394613,-0.3143808843668461
EOS,55.0,10,159,-0.500548882694368,-0.3143808843668461
EOS,55.0,10,160,-0.11007777096466986,-0.3143808843668461
EOS,55.0,10,161,0.47062409217981527,-0.3143808843668461
EOS,55.0,10,162,0.06202660475839039,-0.3143808843668461
EOS,55.0,10,163,0.525630565311278,-0.3143808843668461
EOS,55.0,10,164,-0.44143924967298087,-0.3143808843668461
EOS,55.0,10,165,-0.610227477828938,-0.3143808843668461
EOS,55.0,10,166,-0.2325428513208294,-0.3143808843668461
EOS,55.0,10,167,0.1267887409718973,-0.3143808843668461
EOS,55.0,10,168,0.06383000567998964,-0.3143808843668461
EOS,55.0,10,169,-0.3227106980311025,-0.3143808843668461
EOS,55.0,10,170,-0.9756994778336407,-0.3143808843668461
EOS,55.0,10,171,-0.2773996617857472,-0.3143808843668461
EOS,55.0,10,172,-0.3047983827877685,-0.3143808843668461
EOS,55.0,10,173,0.2917549335653393,-0.3143808843668461
EOS,55.0,10,174,-0.009066751385936378,-0.3143808843668461
EOS,55.0,10,175,-1.296138964229372,-0.3143808843668461
EOS,55.0,10,176,-0.24772473172333426,-0.3143808843668461
EOS,55.0,10,177,-0.44943625658283026,-0.3143808843668461
EOS,55.0,10,178,-0.4058031785627738,-0.3143808843668461
EOS,55.0,10,179,0.07960342563139267,-0.3143808843668461
EOS,55.0,10,180,-0.15904878818814372,-0.3143808843668461
EOS,55.0,10,181,-0.22580080614464637,-0.3143808843668461
EOS,55.0,10,182,0.043383233670150956,-0.3143808843668461
EOS,55.0,10,183,-0.2580411309765269,-0.3143808843668461
EOS,55.0,10,184,-0.567350215669761,-0.3143808843668461
EOS,55.0,10,185,-0.43489194845579515,-0.3143808843668461
EOS,55.0,10,186,-0.2486334494152853,-0.3143808843668461
EOS,55.0,10,187,-0.17908732351702628,-0.3143808843668461
EOS,55.0,10,188,-1.249278820900641,-0.3143808843668461
EOS,55.0,10,189,-0.6214181460944332,-0.3143808843668461
EOS,55.0,10,190,-0.649859503588844,-0.3143808843668461
EOS,55.0,10,191,0.07050636474039251,-0.3143808843668461
EOS,55.0,10,192,-0.36841705585668905,-0.3143808843668461
EOS,55.0,10,193,-0.4194075000848443,-0.3143808843668461
EOS,55.0,10,194,-0.4739444311390175,-0.3143808843668461
EOS,55.0,10,195,-0.04155739743972253,-0.3143808843668461
EOS,55.0,10,196,-0.24376110031403864,-0.3143808843668461
EOS,55.0,10,197,-0.6366726383535828,-0.3143808843668461
EOS,55.0,10,198,0.38264105482627975,-0.3143808843668461
EOS,55.0,10,199,-0.6500872133292666,-0.3143808843668461
EOS,55.0,10,200,0.3513567365390118,-0.3143808843668461
EOS,55.0,10,201,-0.45256056188893656,-0.3143808843668461
EOS,55.0,10,202,-0.3275377402048969,-0.3143808843668461
EOS,55.0,10,203,-0.2216048408439475,-0.3143808843668461
EOS,55.0,10,204,-0.33595652113672614,-0.3143808843668461
EOS,55.0,10,205,-0.42147933575365804,-0.3143808843668461
EOS,55.0,10,206,-0.4627852129732597,-0.3143808843668461
EOS,55.0,10,207,-0.3606395544581322,-0.3143808843668461
EOS,55.0,10,208,-0.865674865352502,-0.3143808843668461
EOS,55.0,10,209,0.05758903136838822,-0.3143808843668461
EOS,55.0,10,210,-0.38050264478287055,-0.3143808843668461
EOS,55.0,10,211,-0.29650036468594465,-0.3143808843668461
EOS,55.0,10,212,-0.029450484888468853,-0.3143808843668461
EOS,55.0,10,213,-0.20946138998117192,-0.3143808843668461
EOS,55.0,10,214,0.08952507728323245,-0.3143808843668461
EOS,55.0,10,215,-0.29530428432592704,-0.3143808843668461
EOS,55.0,10,216,-0.16653764265365978,-0.3143808843668461
EOS,55.0,10,217,-0.215319257512336,-0.3143808843668461
EOS,55.0,10,218,-0.08825967422835923,-0.3143808843668461
EOS,55.0,10,219,-0.6528899347812329,-0.3143808843668461
EOS,55.0,10,220,-0.45388701593737757,-0.3143808843668461
EOS,55.0,10,221,-0.4202515209641269,-0.3143808843668461
EOS,55.0,10,222,-0.9460662613087107,-0.3143808843668461
EOS,55.0,10,223,-0.6209134076082976,-0.3143808843668461
EOS,55.0,10,224,-0.37187433100291356,-0.3143808843668461
EOS,55.0,10,225,-0.18341668529154354,-0.3143808843668461
EOS,55.0,10,226,-0.5782418038683192,-0.3143808843668461
EOS,55.0,10,227,-0.8478812299757237,-0.3143808843668461
EOS,55.0,10,228,-0.06260004339202041,-0.3143808843668461
EOS,55.0,10,229,0.3339274255519842,-0.3143808843668461
EOS,55.0,10,230,-0.42889120409540493,-0.3143808843668461
EOS,55.0,10,231,0.10021737415813248,-0.3143808843668461
EOS,55.0,10,232,-0.4774128647390459,-0.3143808843668461
EOS,55.0,10,233,-0.017812735523062173,-0.3143808843668461
EOS,55.0,10,234,-0.5221602075246731,-0.3143808843668461
EOS,55.0,10,235,0.1585251140808419,-0.3143808843668461
EOS,55.0,10,236,-0.6449014625813299,-0.3143808843668461
EOS,55.0,10,237,0.3828860884432965,-0.3143808843668461
EOS,55.0,10,238,-0.8117019191859952,-0.3143808843668461
EOS,55.0,10,239,-0.19257075483159758,-0.3143808843668461
EOS,55.0,10,240,-0.5460593384230013,-0.3143808843668461
EOS,55.0,10,241,-0.5136838535453456,-0.3143808843668461
EOS,55.0,10,242,-0.44131237798761824,-0.3143808843668461
EOS,55.0,10,243,-0.8014334587512244,-0.3143808843668461
EOS,55.0,10,244,-0.5918070191713112,-0.3143808843668461
EOS,55.0,10,245,-0.5408948220618387,-0.3143808843668461
EOS,55.0,10,246,-0.20421360554167112,-0.3143808843668461
EOS,55.0,10,247,0.13165931283486,-0.3143808843668461
EOS,55.0,10,248,0.5476996792523925,-0.3143808843668461
EOS,55.0,10,249,-0.003801411228149698,-0.3143808843668461
EOS,55.0,10,250,0.1019431746625763,-0.3143808843668461
EOS,55.0,10,251,-0.6516787374848376,-0.3143808843668461
EOS,55.0,10,252,0.35741790532574136,-0.3143808843668461
EOS,55.0,10,253,-0.07393330162335243,-0.3143808843668461
EOS,55.0,10,254,0.15861371892696763,-0.3143808843668461
EOS,55.0,10,255,-0.534847102801612,-0.3143808843668461
EOS,55.0,10,256,-0.5899650142921684,-0.3143808843668461
EOS,55.0,10,257,-0.014854713205648906,-0.3143808843668461
EOS,55.0,10,258,-0.38763534647314146,-0.3143808843668461
EOS,55.0,10,259,-0.18087418039732173,-0.3143808843668461
EOS,55.0,10,260,-0.058540854736058634,-0.3143808843668461
EOS,55.0,10,261,-0.8565906853525036,-0.3143808843668461
EOS,55.0,10,262,-0.5063656592177828,-0.3143808843668461
EOS,55.0,10,263,-0.2628523267458911,-0.3143808843668461
EOS,55.0,10,264,-0.0688912094492633,-0.3143808843668461
EOS,55.0,10,265,-0.2506309113634604,-0.3143808843668461
EOS,55.0,10,266,-0.15728113027305057,-0.3143808843668461
EOS,55.0,10,267,-0.29478499609274555,-0.3143808843668461
EOS,55.0,10,268,-0.07620230472437273,-0.3143808843668461
EOS,55.0,10,269,-0.5240364001395506,-0.3143808843668461
EOS,55.0,10,270,-0.4338903777817107,-0.3143808843668461
EOS,55.0,10,271,-0.24151888918100428,-0.3143808843668461
EOS,55.0,10,272,0.07335627393076938,-0.3143808843668461
EOS,55.0,10,273,-0.09848682694397226,-0.3143808843668461
EOS,55.0,10,274,0.44563326267262904,-0.3143808843668461
EOS,55.0,10,275,-0.22663034123711645,-0.3143808843668461
EOS,55.0,10,276,-0.23470772816781516,-0.3143808843668461
EOS,55.0,10,277,-0.6829722251186399,-0.3143808843668461
EOS,55.0,10,278,-0.2444777269459819,-0.3143808843668461
EOS,55.0,10,279,0.05226244813870751,-0.3143808843668461
EOS,55.0,10,280,-0.20589942577265408,-0.3143808843668461
EOS,55.0,10,281,-0.33316172390562004,-0.3143808843668461
EOS,55.0,10,282,-0.6977931315308964,-0.3143808843668461
EOS,55.0,10,283,-0.24208539084721448,-0.3143808843668461
EOS,55.0,10,284,-0.40061260113063124,-0.3143808843668461
EOS,55.0,10,285,-0.6529770432025008,-0.3143808843668461
EOS,55.0,10,286,-0.47694454497927197,-0.3143808843668461
EOS,55.0,10,287,-0.11739693099364712,-0.3143808843668461
EOS,55.0,10,288,-0.40252938225127477,-0.3143808843668461
EOS,55.0,10,289,-0.4210500879317287,-0.3143808843668461
EOS,55.0,10,290,-0.24095577154503323,-0.3143808843668461
EOS,55.0,10,291,-0.3491054353530707,-0.3143808843668461
EOS,55.0,10,292,-0.5130486470666087,-0.3143808843668461
EOS,55.0,10,293,-0.34257586938705353,-0.3143808843668461
EOS,55.0,10,294,-0.6384795521738136,-0.3143808843668461
EOS,55.0,10,295,-0.0812472398125238,-0.3143808843668461
EOS,55.0,10,296,-0.4635197957058097,-0.3143808843668461
EOS,55.0,10,297,-0.5841172512449886,-0.3143808843668461
EOS,55.0,10,298,-0.5936248443079362,-0.3143808843668461
EOS,55.0,10,299,-0.5977304355352111,-0.3143808843668461
EOS,55.0,10,300,-0.03081585148191701,-0.3143808843668461
EOS,55.0,10,301,-0.5759267018895948,-0.3143808843668461
EOS,55.0,10,302,-0.05835708467344425,-0.3143808843668461
EOS,55.0,10,303,-0.20543191656594173,-0.3143808843668461
EOS,55.0,10,304,-0.480912297175738,-0.3143808843668461
EOS,55.0,10,305,-0.9557524343087194,-0.3143808843668461
EOS,55.0,10,306,-0.03259447473291166,-0.3143808843668461
EOS,55.0,10,307,-0.7620792087473516,-0.3143808843668461
EOS,55.0,10,308,-0.576296816225712,-0.3143808843668461
EOS,55.0,10,309,-0.47931559969594995,-0.3143808843668461
EOS,55.0,10,310,-0.6551729833539339,-0.3143808843668461
EOS,55.0,10,311,-0.36844604206238674,-0.3143808843668461
EOS,55.0,10,312,-0.5107781334338559,-0.3143808843668461
EOS,55.0,10,313,-0.364942278044712,-0.3143808843668461
EOS,55.0,10,314,-0.38686578997782806,-0.3143808843668461
EOS,55.0,10,315,0.391594116884864,-0.3143808843668461
EOS,55.0,10,316,-0.05690613652876286,-0.3143808843668461
EOS,55.0,10,317,-0.7180359376783063,-0.3143808843668461
EOS,55.0,10,318,-0.44875207738968736,-0.3143808843668461
EOS,55.0,10,319,-0.932208223460985,-0.3143808843668461
EOS,55.0,10,320,-0.972801053115055,-0.3143808843668461
EOS,55.0,10,321,-0.12946277885874924,-0.3143808843668461
EOS,55.0,10,322,-0.49954107355654664,-0.3143808843668461
EOS,55.0,10,323,-0.12783281087029374,-0.3143808843668461
EOS,55.0,10,324,-0.21079957045135345,-0.3143808843668461
EOS,55.0,10,325,0.022727911190536076,-0.3143808843668461
EOS,55.0,10,326,-0.42959390858943625,-0.3143808843668461
EOS,55.0,10,327,-0.488769902418174,-0.3143808843668461
EOS,55.0,10,328,-0.033822333659320636,-0.3143808843668461
EOS,55.0,10,329,-0.712560637692619,-0.3143808843668461
EOS,55.0,10,330,0.18155322651168093,-0.3143808843668461
EOS,55.0,10,331,-0.49757493567715994,-0.3143808843668461
EOS,55.0,10,332,-0.34023858701247134,-0.3143808843668461
EOS,55.0,10,333,0.15837989284240894,-0.3143808843668461
EOS,55.0,10,334,0.014346549407304954,-0.3143808843668461
EOS,55.0,10,335,0.30409714221656925,-0.3143808843668461
EOS,55.0,10,336,-0.11491657606191241,-0.3143808843668461
EOS,55.0,10,337,0.2941875975346089,-0.3143808843668461
EOS,55.0,10,338,-0.7538888476041165,-0.3143808843668461
EOS,55.0,10,339,-0.3664926780688167,-0.3143808843668461
EOS,55.0,10,340,-0.4896448501621091,-0.3143808843668461
EOS,55.0,10,341,-0.2499820482901316,-0.3143808843668461
EOS,55.0,10,342,-0.13343376152423114,-0.3143808843668461
EOS,55.0,10,343,-0.6818964299632386,-0.3143808843668461
EOS,55.0,10,344,-0.2965128197011371,-0.3143808843668461
EOS,55.0,10,345,0.20380042973524537,-0.3143808843668461
EOS,55.0,10,346,-0.35422241061586124,-0.3143808843668461
EOS,55.0,10,347,-0.16927759069456683,-0.3143808843668461
EOS,55.0,10,348,-0.37878181570237013,-0.3143808843668461
EOS,55.0,10,349,-0.18224566350274762,-0.3143808843668461
EOS,55.0,10,350,-0.9506073720197971,-0.3143808843668461
EOS,55.0,10,351,-0.6690179986757204,-0.3143808843668461
EOS,55.0,10,352,-0.8149248868257954,-0.3143808843668461
EOS,55.0,10,353,-0.1198783726793975,-0.3143808843668461
EOS,55.0,10,354,-0.33477111575673324,-0.3143808843668461
EOS,55.0,10,355,-0.4995000598152459,-0.3143808843668461
EOS,55.0,10,356,-0.44838559953891954,-0.3143808843668461
EOS,55.0,10,357,-0.637761363918322,-0.3143808843668461
EOS,55.0,10,358,0.3249941058145924,-0.3143808843668461
EOS,55.0,10,359,-0.11119454627412217,-0.3143808843668461
EOS,55.0,10,360,0.2143485226141406,-0.3143808843668461
EOS,55.0,10,361,-0.3485929549622611,-0.3143808843668461
EOS,55.0,10,362,-0.45064882377897986,-0.3143808843668461
EOS,55.0,10,363,-0.4324417932667556,-0.3143808843668461
EOS,55.0,10,364,0.12139344148892739,-0.3143808843668461
EOS,55.0,10,365,-0.28994985472449164,-0.3143808843668461
EOS,55.0,10,366,0.23277269173368942,-0.3143808843668461
EOS,55.0,10,367,-0.32684008342975535,-0.3143808843668461
EOS,55.0,10,368,-0.32334139235151027,-0.3143808843668461
EOS,55.0,10,369,0.15295957015180583,-0.3143808843668461
EOS,55.0,10,370,-0.8806358278400233,-0.3143808843668461
EOS,55.0,10,371,0.026069919848530132,-0.3143808843668461
EOS,55.0,10,372,-0.7355171250879915,-0.3143808843668461
EOS,55.0,10,373,-0.338615230968746,-0.3143808843668461
EOS,55.0,10,374,0.107315217375338,-0.3143808843668461
EOS,55.0,10,375,-0.5742329554180627,-0.3143808843668461
EOS,55.0,10,376,0.03241685288388896,-0.3143808843668461
EOS,55.0,10,377,-0.1510518879949463,-0.3143808843668461
EOS,55.0,10,378,-1.3462865562659578,-0.3143808843668461
EOS,55.0,10,379,-0.4584681145114775,-0.3143808843668461
EOS,55.0,10,380,-0.7509790845098681,-0.3143808843668461
EOS,55.0,10,381,0.27070198230809006,-0.3143808843668461
EOS,55.0,10,382,-0.2736955801755232,-0.3143808843668461
EOS,55.0,10,383,-0.21991755069320906,-0.3143808843668461
EOS,55.0,10,384,-0.209872198467554,-0.3143808843668461
EOS,55.0,10,385,-0.217051978454732,-0.3143808843668461
EOS,55.0,10,386,-0.6330604806978817,-0.3143808843668461
EOS,55.0,10,387,-0.8291456749649899,-0.3143808843668461
EOS,55.0,10,388,0.24197063113834194,-0.3143808843668461
EOS,55.0,10,389,-0.17101666740401966,-0.3143808843668461
EOS,55.0,10,390,0.14819819123729694,-0.3143808843668461
EOS,55.0,10,391,0.2871483244341926,-0.3143808843668461
EOS,55.0,10,392,-0.43024862042303536,-0.3143808843668461
EOS,55.0,10,393,-0.05531320310970411,-0.3143808843668461
EOS,55.0,10,394,-0.8594138232327619,-0.3143808843668461
EOS,55.0,10,395,-0.07379872279724758,-0.3143808843668461
EOS,55.0,10,396,-0.31633735514621497,-0.3143808843668461
EOS,55.0,10,397,0.02340912125667116,-0.3143808843668461
EOS,55.0,10,398,-0.7690218253174115,-0.3143808843668461
EOS,55.0,10,399,-1.2888354300533793,-0.3143808843668461
EOS,55.0,10,400,-0.45591473189401444,-0.3143808843668461
EOS,55.0,10,401,0.05583775072473207,-0.3143808843668461
EOS,55.0,10,402,-0.4861722799256992,-0.3143808843668461
EOS,55.0,10,403,-0.47220358953653685,-0.3143808843668461
EOS,55.0,10,404,-0.3978262991106051,-0.3143808843668461
EOS,55.0,10,405,-0.7918363718306556,-0.3143808843668461
EOS,55.0,10,406,-0.1376456332675675,-0.3143808843668461
EOS,55.0,10,407,-0.7210377809200081,-0.3143808843668461
EOS,55.0,10,408,-0.3961159089644679,-0.3143808843668461
EOS,55.0,10,409,0.017812124696835352,-0.3143808843668461
EOS,55.0,10,410,-0.24594386814653846,-0.3143808843668461
EOS,55.0,10,411,-0.13090706512226724,-0.3143808843668461
EOS,55.0,10,412,-0.1284364324798326,-0.3143808843668461
EOS,55.0,10,413,-0.6753063896908131,-0.3143808843668461
EOS,55.0,10,414,-0.25970618080032604,-0.3143808843668461
EOS,55.0,10,415,-0.2419907303610982,-0.3143808843668461
EOS,55.0,10,416,-0.7088863009135195,-0.3143808843668461
EOS,55.0,10,417,-0.29949761258244756,-0.3143808843668461
EOS,55.0,10,418,-0.401441150925737,-0.3143808843668461
EOS,55.0,10,419,-0.9117169351736765,-0.3143808843668461
EOS,55.0,10,420,-0.5542960117789344,-0.3143808843668461
EOS,55.0,10,421,0.348610228396508,-0.3143808843668461
EOS,55.0,10,422,-0.43968351172315234,-0.3143808843668461
EOS,55.0,10,423,0.20820122075268732,-0.3143808843668461
EOS,55.0,10,424,-0.0778173627651364,-0.3143808843668461
EOS,55.0,10,425,-1.0154470656244021,-0.3143808843668461
EOS,55.0,10,426,0.47455663762919453,-0.3143808843668461
EOS,55.0,10,427,-0.45704178736884893,-0.3143808843668461
EOS,55.0,10,428,-0.16085769765639424,-0.3143808843668461
EOS,55.0,10,429,-0.485833891332073,-0.3143808843668461
EOS,55.0,10,430,-0.8083694758447408,-0.3143808843668461
EOS,55.0,10,431,-0.3845359416404244,-0.3143808843668461
EOS,55.0,10,432,-0.1417216325063384,-0.3143808843668461
EOS,55.0,10,433,-0.004696104605659723,-0.3143808843668461
EOS,55.0,10,434,-0.2360665599663858,-0.3143808843668461
EOS,55.0,10,435,0.07525177795312965,-0.3143808843668461
EOS,55.0,10,436,-0.8990559609227785,-0.3143808843668461
EOS,55.0,10,437,-0.2744783644750113,-0.3143808843668461
EOS,55.0,10,438,-0.3697699628218567,-0.3143808843668461
EOS,55.0,10,439,-0.34035756455089006,-0.3143808843668461
EOS,55.0,10,440,0.14511759355458342,-0.3143808843668461
EOS,55.0,10,441,-0.5775838285023651,-0.3143808843668461
EOS,55.0,10,442,-0.5145397042468998,-0.3143808843668461
EOS,55.0,10,443,0.04910941793714341,-0.3143808843668461
EOS,55.0,10,444,-0.4086793382176892,-0.3143808843668461
EOS,55.0,10,445,-0.21699340441707604,-0.3143808843668461
EOS,55.0,10,446,-0.09525290806972242,-0.3143808843668461
EOS,55.0,10,447,-0.7245212240371435,-0.3143808843668461
EOS,55.0,10,448,-0.9021889637341245,-0.3143808843668461
EOS,55.0,10,449,-0.48359830651927727,-0.3143808843668461
EOS,55.0,10,450,-0.4307369598415032,-0.3143808843668461
EOS,55.0,10,451,0.20148473322773808,-0.3143808843668461
EOS,55.0,10,452,-0.6943922851467592,-0.3143808843668461
EOS,55.0,10,453,0.5301305836230377,-0.3143808843668461
EOS,55.0,10,454,-0.07468116205765618,-0.3143808843668461
EOS,55.0,10,455,-0.6212857438101445,-0.3143808843668461
EOS,55.0,10,456,-0.5575412016393522,-0.3143808843668461
EOS,55.0,10,457,-0.4235337048090435,-0.3143808843668461
EOS,55.0,10,458,-0.15698630955063897,-0.3143808843668461
EOS,55.0,10,459,-0.6340578861415012,-0.3143808843668461
EOS,55.0,10,460,-0.47548937009434744,-0.3143808843668461
EOS,55.0,10,461,0.11355428206422213,-0.3143808843668461
EOS,55.0,10,462,-0.1991870493461505,-0.3143808843668461
EOS,55.0,10,463,0.163550201615267,-0.3143808843668461
EOS,55.0,10,464,-0.6356584059513556,-0.3143808843668461
EOS,55.0,10,465,-0.5781363007647511,-0.3143808843668461
EOS,55.0,10,466,-0.5756408972704992,-0.3143808843668461
EOS,55.0,10,467,0.07857223689116744,-0.3143808843668461
EOS,55.0,10,468,-0.31312926511164485,-0.3143808843668461
EOS,55.0,10,469,-0.7917923374479906,-0.3143808843668461
EOS,55.0,10,470,-0.463279568987238,-0.3143808843668461
EOS,55.0,10,471,-0.2802153388443933,-0.3143808843668461
EOS,55.0,10,472,-0.9398291102402365,-0.3143808843668461
EOS,55.0,10,473,-0.5173904035696846,-0.3143808843668461
EOS,55.0,10,474,-0.108522886086863,-0.3143808843668461
EOS,55.0,10,475,0.09628057877634522,-0.3143808843668461
EOS,55.0,10,476,-0.3423077619399977,-0.3143808843668461
EOS,55.0,10,477,-0.7327311434598553,-0.3143808843668461
EOS,55.0,10,478,-0.20342032045109693,-0.3143808843668461
EOS,55.0,10,479,-1.0227415209077966,-0.3143808843668461
EOS,55.0,10,480,-0.6165226093076228,-0.3143808843668461
EOS,55.0,10,481,-0.09061677885451402,-0.3143808843668461
EOS,55.0,10,482,-0.9079863901799983,-0.3143808843668461
EOS,55.0,10,483,-0.26415084271214306,-0.3143808843668461
EOS,55.0,10,484,-0.8031166136677341,-0.3143808843668461
EOS,55.0,10,485,-0.1560364116584343,-0.3143808843668461
EOS,55.0,10,486,-0.3795763259899978,-0.3143808843668461
EOS,55.0,10,487,0.41885347217100555,-0.3143808843668461
EOS,55.0,10,488,0.02182272101833327,-0.3143808843668461
EOS,55.0,10,489,0.13899695789692856,-0.3143808843668461
EOS,55.0,10,490,-0.549452261924368,-0.3143808843668461
EOS,55.0,10,491,-0.2611408930608523,-0.3143808843668461
EOS,55.0,10,492,-0.13190409856614904,-0.3143808843668461
EOS,55.0,10,493,-0.5124385839116752,-0.3143808843668461
EOS,55.0,10,494,0.0497780909298946,-0.3143808843668461
EOS,55.0,10,495,0.011845771904503088,-0.3143808843668461
EOS,55.0,10,496,-0.4975486254929964,-0.3143808843668461
EOS,55.0,10,497,-0.1510398286863337,-0.3143808843668461
EOS,55.0,10,498,-0.44484157331241425,-0.3143808843668461
EOS,55.0,10,499,0.41315819755185146,-0.3143808843668461
EOS,55.0,10,500,0.040540901717026845,-0.3143808843668461
EOS,55.0,10,501,-0.7274335336229116,-0.3143808843668461
EOS,55.0,10,502,-0.40300713132633614,-0.3143808843668461
EOS,55.0,10,503,0.33117261305333456,-0.3143808843668461
EOS,55.0,10,504,0.07554976301937666,-0.3143808843668461
EOS,55.0,10,505,-0.384145403755181,-0.3143808843668461
EOS,55.0,10,506,-0.07972793356963104,-0.3143808843668461
EOS,55.0,10,507,-0.026717217269613958,-0.3143808843668461
EOS,55.0,10,508,0.36413507995255334,-0.3143808843668461
EOS,55.0,10,509,-0.9399836818330861,-0.3143808843668461
EOS,55.0,10,510,-0.40750593801897894,-0.3143808843668461
EOS,55.0,10,511,-0.551083820845871,-0.3143808843668461
EOS,55.0,10,512,-0.39602573146531583,-0.3143808843668461
EOS,55.0,10,513,-0.00026537201372045516,-0.3143808843668461
EOS,55.0,10,514,-0.3120114332632047,-0.3143808843668461
EOS,55.0,10,515,-0.18304565884073742,-0.3143808843668461
EOS,55.0,10,516,-0.09707651067345058,-0.3143808843668461
EOS,55.0,10,517,-0.4382957618322574,-0.3143808843668461
EOS,55.0,10,518,-0.48714505601157465,-0.3143808843668461
EOS,55.0,10,519,-0.6635061743662105,-0.3143808843668461
EOS,55.0,10,520,-0.8256345331284978,-0.3143808843668461
EOS,55.0,10,521,-0.30665689994593515,-0.3143808843668461
EOS,55.0,10,522,-0.05111091227279596,-0.3143808843668461
EOS,55.0,10,523,-0.2972067964678553,-0.3143808843668461
EOS,55.0,10,524,-0.2586047674958045,-0.3143808843668461
EOS,55.0,10,525,-0.8836990404501117,-0.3143808843668461
EOS,55.0,10,526,-0.25179416824021716,-0.3143808843668461
EOS,55.0,10,527,-0.3071681591483101,-0.3143808843668461
EOS,55.0,10,528,-0.727526501172006,-0.3143808843668461
EOS,55.0,10,529,-0.35280603946122735,-0.3143808843668461
EOS,55.0,10,530,-0.7272534417365375,-0.3143808843668461
EOS,55.0,10,531,-0.29229546329112077,-0.3143808843668461
EOS,55.0,10,532,-0.36672365150053765,-0.3143808843668461
EOS,55.0,10,533,-0.6089926299818105,-0.3143808843668461
EOS,55.0,10,534,0.05686846425712577,-0.3143808843668461
EOS,55.0,10,535,0.2631767761140513,-0.3143808843668461
EOS,55.0,10,536,-0.346188945041094,-0.3143808843668461
EOS,55.0,10,537,-0.20726365329633412,-0.3143808843668461
EOS,55.0,10,538,-0.2705084496958161,-0.3143808843668461
EOS,55.0,10,539,-0.09460186105171253,-0.3143808843668461
EOS,55.0,10,540,-0.1930848892040542,-0.3143808843668461
EOS,55.0,10,541,-0.9641060146967906,-0.3143808843668461
EOS,55.0,10,542,-0.5592038106288815,-0.3143808843668461
EOS,55.0,10,543,0.11052205387349012,-0.3143808843668461
EOS,55.0,10,544,-0.7079182050114285,-0.3143808843668461
EOS,55.0,10,545,-0.057143335416303565,-0.3143808843668461
EOS,55.0,10,546,-0.10599168070286202,-0.3143808843668461
EOS,55.0,10,547,-0.23651603530146215,-0.3143808843668461
EOS,55.0,10,548,-0.077275860130819,-0.3143808843668461
EOS,55.0,10,549,-0.7777027874252165,-0.3143808843668461
EOS,55.0,10,550,-0.01782250048867473,-0.3143808843668461
EOS,55.0,10,551,-0.8406612872505068,-0.3143808843668461
EOS,55.0,10,552,0.1403329445070931,-0.3143808843668461
EOS,55.0,10,553,-0.5367539710758895,-0.3143808843668461
EOS,55.0,10,554,-0.5778831170862834,-0.3143808843668461
EOS,55.0,10,555,-0.6924638403882111,-0.3143808843668461
EOS,55.0,10,556,-0.3566301831437648,-0.3143808843668461
EOS,55.0,10,557,-0.10742806434055252,-0.3143808843668461
EOS,55.0,10,558,-1.0575005986817334,-0.3143808843668461
EOS,55.0,10,559,-0.4306905167517847,-0.3143808843668461
EOS,55.0,10,560,-0.21700304055436925,-0.3143808843668461
EOS,55.0,10,561,-0.21538592598705764,-0.3143808843668461
EOS,55.0,10,562,-0.9256708862980334,-0.3143808843668461
EOS,55.0,10,563,-0.045805840395963804,-0.3143808843668461
EOS,55.0,10,564,-0.32101375351902495,-0.3143808843668461
EOS,55.0,10,565,-0.7673836406415113,-0.3143808843668461
EOS,55.0,10,566,-0.26363168332254827,-0.3143808843668461
EOS,55.0,10,567,-0.5600296393682103,-0.3143808843668461
EOS,55.0,10,568,-0.27327685930329637,-0.3143808843668461
EOS,55.0,10,569,-0.5376563258279816,-0.3143808843668461
EOS,55.0,10,570,-0.28034307568769234,-0.3143808843668461
EOS,55.0,10,571,-0.19294474124797623,-0.3143808843668461
EOS,55.0,10,572,0.26977893820551935,-0.3143808843668461
EOS,55.0,10,573,-0.7746340933287588,-0.3143808843668461
EOS,55.0,10,574,0.2954342451037961,-0.3143808843668461
EOS,55.0,10,575,-0.6275252572356209,-0.3143808843668461
EOS,55.0,10,576,-0.419087568834136,-0.3143808843668461
EOS,55.0,10,577,-0.605591924325499,-0.3143808843668461
EOS,55.0,10,578,-0.15925512619510673,-0.3143808843668461
EOS,55.0,10,579,0.0038631355434557424,-0.3143808843668461
EOS,55.0,10,580,-0.8105158837510307,-0.3143808843668461
EOS,55.0,10,581,-0.013129338564531245,-0.3143808843668461
EOS,55.0,10,582,-0.3965657180992477,-0.3143808843668461
EOS,55.0,10,583,-0.29737696778215117,-0.3143808843668461
EOS,55.0,10,584,-0.9066674193010632,-0.3143808843668461
EOS,55.0,10,585,-0.0957179137332822,-0.3143808843668461
EOS,55.0,10,586,-0.31211627352581717,-0.3143808843668461
EOS,55.0,10,587,-0.21849280186350162,-0.3143808843668461
EOS,55.0,10,588,-0.44418361025540865,-0.3143808843668461
EOS,55.0,10,589,-0.31403808378531894,-0.3143808843668461
EOS,55.0,10,590,-0.3965229543194817,-0.3143808843668461
EOS,55.0,10,591,-0.30450646077029053,-0.3143808843668461
EOS,55.0,10,592,-0.12041167540624054,-0.3143808843668461
EOS,55.0,10,593,0.12179742922420544,-0.3143808843668461
EOS,55.0,10,594,-0.9895867008840706,-0.3143808843668461
EOS,55.0,10,595,-0.7455373835124082,-0.3143808843668461
EOS,55.0,10,596,-0.6047046432291487,-0.3143808843668461
EOS,55.0,10,597,-0.9021494369231879,-0.3143808843668461
EOS,55.0,10,598,-0.1732200509902655,-0.3143808843668461
EOS,55.0,10,599,0.5519706088245255,-0.3143808843668461
EOS,55.0,10,600,-0.5435783380284416,-0.3143808843668461
EOS,55.0,10,601,-0.6463842551419569,-0.3143808843668461
EOS,55.0,10,602,0.3074320593286042,-0.3143808843668461
EOS,55.0,10,603,-0.05069317410506402,-0.3143808843668461
EOS,55.0,10,604,-0.06812172337825517,-0.3143808843668461
EOS,55.0,10,605,-1.0323980862122137,-0.3143808843668461
EOS,55.0,10,606,-0.2601122027412126,-0.3143808843668461
EOS,55.0,10,607,-0.29119844070013046,-0.3143808843668461
EOS,55.0,10,608,-0.716064213549114,-0.3143808843668461
EOS,55.0,10,609,0.04989169711870145,-0.3143808843668461
EOS,55.0,10,610,-0.15281721402916748,-0.3143808843668461
EOS,55.0,10,611,-0.35274611778625053,-0.3143808843668461
EOS,55.0,10,612,-0.5668029665228371,-0.3143808843668461
EOS,55.0,10,613,-0.00545449491232719,-0.3143808843668461
EOS,55.0,10,614,-0.580089080281676,-0.3143808843668461
EOS,55.0,10,615,-0.8049593738391789,-0.3143808843668461
EOS,55.0,10,616,-0.20291533053511995,-0.3143808843668461
EOS,55.0,10,617,0.06285491321214876,-0.3143808843668461
EOS,55.0,10,618,-0.18108775583165815,-0.3143808843668461
EOS,55.0,10,619,-0.3787253689440323,-0.3143808843668461
EOS,55.0,10,620,-0.1858930449199928,-0.3143808843668461
EOS,55.0,10,621,-0.21306346392704523,-0.3143808843668461
EOS,55.0,10,622,0.010477154881037176,-0.3143808843668461
EOS,55.0,10,623,-0.08535783507637618,-0.3143808843668461
EOS,55.0,10,624,-0.4290029949663723,-0.3143808843668461
EOS,55.0,10,625,-0.476942721657553,-0.3143808843668461
EOS,55.0,10,626,-0.7534265240338509,-0.3143808843668461
EOS,55.0,10,627,0.03215451439531347,-0.3143808843668461
EOS,55.0,10,628,-0.5427414324092581,-0.3143808843668461
EOS,55.0,10,629,-0.5133534483198221,-0.3143808843668461
EOS,55.0,10,630,-0.946457802527652,-0.3143808843668461
EOS,55.0,10,631,-0.435514417719272,-0.3143808843668461
EOS,55.0,10,632,-0.2644511514689557,-0.3143808843668461
EOS,55.0,10,633,-0.9011303871916234,-0.3143808843668461
EOS,55.0,10,634,-0.6525492182246282,-0.3143808843668461
EOS,55.0,10,635,0.15039006300991287,-0.3143808843668461
EOS,55.0,10,636,-0.23388503681266282,-0.3143808843668461
EOS,55.0,10,637,0.028095185672928125,-0.3143808843668461
EOS,55.0,10,638,-0.6267128868328808,-0.3143808843668461
EOS,55.0,10,639,0.2758273089320715,-0.3143808843668461
EOS,55.0,10,640,-0.7551109110773018,-0.3143808843668461
EOS,55.0,10,641,0.26766066937340693,-0.3143808843668461
EOS,55.0,10,642,0.006353488062388446,-0.3143808843668461
EOS,55.0,10,643,-0.8868009370039758,-0.3143808843668461
EOS,55.0,10,644,-0.6446530587631719,-0.3143808843668461
EOS,55.0,10,645,-0.5024722353327475,-0.3143808843668461
EOS,55.0,10,646,-0.4232343758924988,-0.3143808843668461
EOS,55.0,10,647,0.08421713599584191,-0.3143808843668461
EOS,55.0,10,648,0.354524202271012,-0.3143808843668461
EOS,55.0,10,649,-0.39240101694425644,-0.3143808843668461
EOS,55.0,10,650,-0.37885056607579815,-0.3143808843668461
EOS,55.0,10,651,-0.8497142128635746,-0.3143808843668461
EOS,55.0,10,652,-0.023291754079655225,-0.3143808843668461
EOS,55.0,10,653,0.002364953994547392,-0.3143808843668461
EOS,55.0,10,654,-0.5678256201847622,-0.3143808843668461
EOS,55.0,10,655,-0.0966331319300342,-0.3143808843668461
EOS,55.0,10,656,-0.06960929593089071,-0.3143808843668461
EOS,55.0,10,657,-0.37243466913182366,-0.3143808843668461
EOS,55.0,10,658,0.06101814539665362,-0.3143808843668461
EOS,55.0,10,659,0.13103939299179723,-0.3143808843668461
EOS,55.0,10,660,-0.8541117480769037,-0.3143808843668461
EOS,55.0,10,661,-0.3377442124246661,-0.3143808843668461
EOS,55.0,10,662,0.30482016214420904,-0.3143808843668461
EOS,55.0,10,663,0.19452319057850298,-0.3143808843668461
EOS,55.0,10,664,-0.40605576524207276,-0.3143808843668461
EOS,55.0,10,665,0.23464695517503076,-0.3143808843668461
EOS,55.0,10,666,-0.042029010554069934,-0.3143808843668461
EOS,55.0,10,667,-0.29893553997845657,-0.3143808843668461
EOS,55.0,10,668,-0.4782716035514224,-0.3143808843668461
EOS,55.0,10,669,0.10723048915787603,-0.3143808843668461
EOS,55.0,10,670,-0.37545339143714995,-0.3143808843668461
EOS,55.0,10,671,-0.8644031754582473,-0.3143808843668461
EOS,55.0,10,672,-0.8122087697381941,-0.3143808843668461
EOS,55.0,10,673,-0.5582261228393959,-0.3143808843668461
EOS,55.0,10,674,0.03923936683091478,-0.3143808843668461
EOS,55.0,10,675,-0.31975034093452526,-0.3143808843668461
EOS,55.0,10,676,0.35339781642038126,-0.3143808843668461
EOS,55.0,10,677,-0.036003015132646254,-0.3143808843668461
EOS,55.0,10,678,-0.24882051609817735,-0.3143808843668461
EOS,55.0,10,679,0.26408885775096835,-0.3143808843668461
EOS,55.0,10,680,0.126889995752006,-0.3143808843668461
EOS,55.0,10,681,-0.3106591849004745,-0.3143808843668461
EOS,55.0,10,682,0.00781728170337348,-0.3143808843668461
EOS,55.0,10,683,-1.0596686929651846,-0.3143808843668461
EOS,55.0,10,684,0.3859259045276746,-0.3143808843668461
EOS,55.0,10,685,0.06333197287790271,-0.3143808843668461
EOS,55.0,10,686,-0.49238330096597505,-0.3143808843668461
EOS,55.0,10,687,-0.03396509422721006,-0.3143808843668461
EOS,55.0,10,688,-0.42654470184221926,-0.3143808843668461
EOS,55.0,10,689,0.09263332558408033,-0.3143808843668461
EOS,55.0,10,690,-0.2715661328609784,-0.3143808843668461
EOS,55.0,10,691,-0.46033313491226213,-0.3143808843668461
EOS,55.0,10,692,-0.33134405806176725,-0.3143808843668461
EOS,55.0,10,693,-0.3072017657895043,-0.3143808843668461
EOS,55.0,10,694,-0.24311483462897354,-0.3143808843668461
EOS,55.0,10,695,0.11218217531770969,-0.3143808843668461
EOS,55.0,10,696,-0.6060984499126176,-0.3143808843668461
EOS,55.0,10,697,-0.2851803788849787,-0.3143808843668461
EOS,55.0,10,698,-0.388212529413855,-0.3143808843668461
EOS,55.0,10,699,-0.7821696534157803,-0.3143808843668461
EOS,55.0,10,700,0.054308558546912966,-0.3143808843668461
EOS,55.0,10,701,-0.33196018459180765,-0.3143808843668461
EOS,55.0,10,702,-0.6529608927388022,-0.3143808843668461
EOS,55.0,10,703,0.31582806079813874,-0.3143808843668461
EOS,55.0,10,704,-0.1266863343940965,-0.3143808843668461
EOS,55.0,10,705,-0.6182082520884804,-0.3143808843668461
EOS,55.0,10,706,-1.0702178888236817,-0.3143808843668461
EOS,55.0,10,707,-0.26039607678024135,-0.3143808843668461
EOS,55.0,10,708,-0.1793890596466896,-0.3143808843668461
EOS,55.0,10,709,-0.0657248370918817,-0.3143808843668461
EOS,55.0,10,710,0.4982466074884484,-0.3143808843668461
EOS,55.0,10,711,-0.5984787600467052,-0.3143808843668461
EOS,55.0,10,712,-0.18229509797074472,-0.3143808843668461
EOS,55.0,10,713,0.4067875042156792,-0.3143808843668461
EOS,55.0,10,714,-0.35981327810705266,-0.3143808843668461
EOS,55.0,10,715,-0.2725449810123972,-0.3143808843668461
EOS,55.0,10,716,-0.06302244125714829,-0.3143808843668461
EOS,55.0,10,717,-0.6972685489654116,-0.3143808843668461
EOS,55.0,10,718,0.4025664175604744,-0.3143808843668461
EOS,55.0,10,719,-0.22463636576666657,-0.3143808843668461
EOS,55.0,10,720,-0.023335396065222058,-0.3143808843668461
EOS,55.0,10,721,-0.5763417576143797,-0.3143808843668461
EOS,55.0,10,722,0.643496333472733,-0.3143808843668461
EOS,55.0,10,723,-0.17896582904425617,-0.3143808843668461
EOS,55.0,10,724,-0.4411224302430061,-0.3143808843668461
EOS,55.0,10,725,0.3956573351458854,-0.3143808843668461
EOS,55.0,10,726,-0.6504451790062036,-0.3143808843668461
EOS,55.0,10,727,-0.6164963861247292,-0.3143808843668461
EOS,55.0,10,728,0.11077220540108579,-0.3143808843668461
EOS,55.0,10,729,0.3094466136786189,-0.3143808843668461
EOS,55.0,10,730,-0.011648625094154319,-0.3143808843668461
EOS,55.0,10,731,-0.06301014500276159,-0.3143808843668461
EOS,55.0,10,732,-0.44688283420738584,-0.3143808843668461
EOS,55.0,10,733,0.3209450716405724,-0.3143808843668461
EOS,55.0,10,734,-0.44601001955516684,-0.3143808843668461
EOS,55.0,10,735,-0.628944983927171,-0.3143808843668461
EOS,55.0,10,736,0.007608125144679789,-0.3143808843668461
EOS,55.0,10,737,-0.0933591511379841,-0.3143808843668461
EOS,55.0,10,738,-0.6510946944562541,-0.3143808843668461
EOS,55.0,10,739,-0.908487072797372,-0.3143808843668461
EOS,55.0,10,740,-0.5884514499530817,-0.3143808843668461
EOS,55.0,10,741,-0.11308557337314018,-0.3143808843668461
EOS,55.0,10,742,-0.35818820270900176,-0.3143808843668461
EOS,55.0,10,743,-0.3564093052931314,-0.3143808843668461
EOS,55.0,10,744,-0.30260007803641065,-0.3143808843668461
EOS,55.0,10,745,-0.46591941603564746,-0.3143808843668461
EOS,55.0,10,746,-0.7506950380797568,-0.3143808843668461
EOS,55.0,10,747,-0.5689040200608855,-0.3143808843668461
EOS,55.0,10,748,-0.7344637200048045,-0.3143808843668461
EOS,55.0,10,749,0.18886787499482516,-0.3143808843668461
EOS,55.0,10,750,-0.023765160829605114,-0.3143808843668461
EOS,55.0,10,751,-0.16331900547502354,-0.3143808843668461
EOS,55.0,10,752,-0.46704565236380935,-0.3143808843668461
EOS,55.0,10,753,-0.1680797828815117,-0.3143808843668461
EOS,55.0,10,754,0.07754360771179947,-0.3143808843668461
EOS,55.0,10,755,0.03667941550053011,-0.3143808843668461
EOS,55.0,10,756,-1.1016351718486237,-0.3143808843668461
EOS,55.0,10,757,-0.4066736436700118,-0.3143808843668461
EOS,55.0,10,758,-0.3370755131906513,-0.3143808843668461
EOS,55.0,10,759,0.13049725893307018,-0.3143808843668461
EOS,55.0,10,760,0.0989547892691065,-0.3143808843668461
EOS,55.0,10,761,-0.10492817931766507,-0.3143808843668461
EOS,55.0,10,762,-0.4327030316922502,-0.3143808843668461
EOS,55.0,10,763,-0.4373988721866622,-0.3143808843668461
EOS,55.0,10,764,-0.0035619505823960562,-0.3143808843668461
EOS,55.0,10,765,-0.3165444226521177,-0.3143808843668461
EOS,55.0,10,766,-0.462914643627766,-0.3143808843668461
EOS,55.0,10,767,-0.7154300815030359,-0.3143808843668461
EOS,55.0,10,768,-0.38156385078781563,-0.3143808843668461
EOS,55.0,10,769,0.33025153597494694,-0.3143808843668461
EOS,55.0,10,770,-0.182053544982694,-0.3143808843668461
EOS,55.0,10,771,-0.29623865120537585,-0.3143808843668461
EOS,55.0,10,772,0.08212992197780311,-0.3143808843668461
EOS,55.0,10,773,-1.2167934133172071,-0.3143808843668461
EOS,55.0,10,774,-0.7536411995086716,-0.3143808843668461
EOS,55.0,10,775,0.000596636419009311,-0.3143808843668461
EOS,55.0,10,776,0.14992461183186268,-0.3143808843668461
EOS,55.0,10,777,-0.19458133649843345,-0.3143808843668461
EOS,55.0,10,778,-0.028439452330291548,-0.3143808843668461
EOS,55.0,10,779,-0.4967167771579195,-0.3143808843668461
EOS,55.0,10,780,-0.5464109961835881,-0.3143808843668461
EOS,55.0,10,781,-0.8408780307969563,-0.3143808843668461
EOS,55.0,10,782,-0.8846145909470651,-0.3143808843668461
EOS,55.0,10,783,0.40235461159531505,-0.3143808843668461
EOS,55.0,10,784,-0.21089281385671343,-0.3143808843668461
EOS,55.0,10,785,-0.8672967814858988,-0.3143808843668461
EOS,55.0,10,786,-0.7310603349347478,-0.3143808843668461
EOS,55.0,10,787,-0.11033072571689484,-0.3143808843668461
EOS,55.0,10,788,-0.6572518671315637,-0.3143808843668461
EOS,55.0,10,789,-0.5965540760277339,-0.3143808843668461
EOS,55.0,10,790,-0.11850738464194421,-0.3143808843668461
EOS,55.0,10,791,-0.3881952759341112,-0.3143808843668461
EOS,55.0,10,792,-0.4906387572043891,-0.3143808843668461
EOS,55.0,10,793,-0.8416329617368543,-0.3143808843668461
EOS,55.0,10,794,-0.5230885939475828,-0.3143808843668461
EOS,55.0,10,795,-0.7043459255992106,-0.3143808843668461
EOS,55.0,10,796,-0.23110216901125424,-0.3143808843668461
EOS,55.0,10,797,-0.86212284720212,-0.3143808843668461
EOS,55.0,10,798,-0.33122485658605916,-0.3143808843668461
EOS,55.0,10,799,-0.2761309156681093,-0.3143808843668461
EOS,55.0,10,800,-1.2962985890958973,-0.3143808843668461
EOS,55.0,10,801,-0.7164031744141114,-0.3143808843668461
EOS,55.0,10,802,-0.9359171088516058,-0.3143808843668461
EOS,55.0,10,803,-0.03946872665032064,-0.3143808843668461
EOS,55.0,10,804,-0.45517769927925733,-0.3143808843668461
EOS,55.0,10,805,-0.4143857434147469,-0.3143808843668461
EOS,55.0,10,806,0.3586221045925204,-0.3143808843668461
EOS,55.0,10,807,-0.20129098962120046,-0.3143808843668461
EOS,55.0,10,808,-0.8163265530469839,-0.3143808843668461
EOS,55.0,10,809,-0.5733308629198706,-0.3143808843668461
EOS,55.0,10,810,-0.5833016764196446,-0.3143808843668461
EOS,55.0,10,811,-0.1567330965911533,-0.3143808843668461
EOS,55.0,10,812,-0.5179240774704168,-0.3143808843668461
EOS,55.0,10,813,-0.5033551787020354,-0.3143808843668461
EOS,55.0,10,814,-0.11571358117531161,-0.3143808843668461
EOS,55.0,10,815,-0.2060882549224441,-0.3143808843668461
EOS,55.0,10,816,-0.15391451273281564,-0.3143808843668461
EOS,55.0,10,817,-0.21619113836761017,-0.3143808843668461
EOS,55.0,10,818,-0.4640684131865833,-0.3143808843668461
EOS,55.0,10,819,-0.3959634335461184,-0.3143808843668461
EOS,55.0,10,820,-0.20776939320243826,-0.3143808843668461
EOS,55.0,10,821,-0.435810572391218,-0.3143808843668461
EOS,55.0,10,822,-0.1850849595822932,-0.3143808843668461
EOS,55.0,10,823,-0.5964905761147337,-0.3143808843668461
EOS,55.0,10,824,0.23764137595378285,-0.3143808843668461
EOS,55.0,10,825,-0.8781034180732978,-0.3143808843668461
EOS,55.0,10,826,-0.4667475919955453,-0.3143808843668461
EOS,55.0,10,827,-0.6239366949431184,-0.3143808843668461
EOS,55.0,10,828,0.0716202792016869,-0.3143808843668461
EOS,55.0,10,829,-0.5512822128074402,-0.3143808843668461
EOS,55.0,10,830,0.1597730874283172,-0.3143808843668461
EOS,55.0,10,831,-0.3646228225080015,-0.3143808843668461
EOS,55.0,10,832,0.27723896028984396,-0.3143808843668461
EOS,55.0,10,833,-0.4046805100337729,-0.3143808843668461
EOS,55.0,10,834,-0.5488100119136772,-0.3143808843668461
EOS,55.0,10,835,-0.3814922854680848,-0.3143808843668461
EOS,55.0,10,836,-0.3647111232526685,-0.3143808843668461
EOS,55.0,10,837,-0.6192587870074937,-0.3143808843668461
EOS,55.0,10,838,-0.8946299655307195,-0.3143808843668461
EOS,55.0,10,839,-0.35183946872575955,-0.3143808843668461
EOS,55.0,10,840,-0.4475569532272914,-0.3143808843668461
EOS,55.0,10,841,-0.24080046020406654,-0.3143808843668461
EOS,55.0,10,842,0.01500027347863786,-0.3143808843668461
EOS,55.0,10,843,0.09725506871878298,-0.3143808843668461
EOS,55.0,10,844,-0.5709897079466368,-0.3143808843668461
EOS,55.0,10,845,-0.4613450961005743,-0.3143808843668461
EOS,55.0,10,846,-0.7044066637358184,-0.3143808843668461
EOS,55.0,10,847,-0.251372244873303,-0.3143808843668461
EOS,55.0,10,848,-0.23488247180709276,-0.3143808843668461
EOS,55.0,10,849,-0.46907669015930886,-0.3143808843668461
EOS,55.0,10,850,0.20455198887474668,-0.3143808843668461
EOS,55.0,10,851,-0.8927943698978467,-0.3143808843668461
EOS,55.0,10,852,-0.32517472911776535,-0.3143808843668461
EOS,55.0,10,853,-0.2996358556697074,-0.3143808843668461
EOS,55.0,10,854,-0.6305394050512236,-0.3143808843668461
EOS,55.0,10,855,-0.6557471288391143,-0.3143808843668461
EOS,55.0,10,856,-0.7656695442977091,-0.3143808843668461
EOS,55.0,10,857,-0.42484905906525317,-0.3143808843668461
EOS,55.0,10,858,-0.42522892674360646,-0.3143808843668461
EOS,55.0,10,859,-0.3316412638513042,-0.3143808843668461
EOS,55.0,10,860,0.14773595740116674,-0.3143808843668461
EOS,55.0,10,861,-0.37504442460578313,-0.3143808843668461
EOS,55.0,10,862,-0.5326330954734584,-0.3143808843668461
EOS,55.0,10,863,0.03611982870796204,-0.3143808843668461
EOS,55.0,10,864,-0.1254586393985786,-0.3143808843668461
EOS,55.0,10,865,-0.5610624004833669,-0.3143808843668461
EOS,55.0,10,866,-0.09232756300190825,-0.3143808843668461
EOS,55.0,10,867,-0.03420221414449265,-0.3143808843668461
EOS,55.0,10,868,-0.21124501474824342,-0.3143808843668461
EOS,55.0,10,869,-0.20983537335338154,-0.3143808843668461
EOS,55.0,10,870,-0.027289149771405397,-0.3143808843668461
EOS,55.0,10,871,0.0408347549023349,-0.3143808843668461
EOS,55.0,10,872,-0.6125483479375269,-0.3143808843668461
EOS,55.0,10,873,-0.37752717616156595,-0.3143808843668461
EOS,55.0,10,874,-0.33266713467894427,-0.3143808843668461
EOS,55.0,10,875,-0.25356020159146475,-0.3143808843668461
EOS,55.0,10,876,-0.5925607547341869,-0.3143808843668461
EOS,55.0,10,877,-0.32871853689271624,-0.3143808843668461
EOS,55.0,10,878,0.025446599261931047,-0.3143808843668461
EOS,55.0,10,879,-0.760620334141842,-0.3143808843668461
EOS,55.0,10,880,0.24658956585275704,-0.3143808843668461
EOS,55.0,10,881,-0.22882727762461252,-0.3143808843668461
EOS,55.0,10,882,-0.1664261242397982,-0.3143808843668461
EOS,55.0,10,883,-0.20198966947588093,-0.3143808843668461
EOS,55.0,10,884,-0.8145346309531449,-0.3143808843668461
EOS,55.0,10,885,-0.24770855511634396,-0.3143808843668461
EOS,55.0,10,886,-0.36160007852313725,-0.3143808843668461
EOS,55.0,10,887,-0.2738164548632662,-0.3143808843668461
EOS,55.0,10,888,-0.07404994494140205,-0.3143808843668461
EOS,55.0,10,889,0.3224274776464271,-0.3143808843668461
EOS,55.0,10,890,0.14066202543401474,-0.3143808843668461
EOS,55.0,10,891,-0.02944482361709877,-0.3143808843668461
EOS,55.0,10,892,0.3163359771018991,-0.3143808843668461
EOS,55.0,10,893,-0.35907263670095135,-0.3143808843668461
EOS,55.0,10,894,-0.6481513877249765,-0.3143808843668461
EOS,55.0,10,895,-0.5522819726718471,-0.3143808843668461
EOS,55.0,10,896,-0.6360179917038034,-0.3143808843668461
EOS,55.0,10,897,-0.5556343325064899,-0.3143808843668461
EOS,55.0,10,898,-0.1746331327798234,-0.3143808843668461
EOS,55.0,10,899,-0.05385172578595654,-0.3143808843668461
EOS,55.0,10,900,0.0756400045663379,-0.3143808843668461
EOS,55.0,10,901,-0.5272558602339463,-0.3143808843668461
EOS,55.0,10,902,-0.5476157356129701,-0.3143808843668461
EOS,55.0,10,903,-0.016412447977894207,-0.3143808843668461
EOS,55.0,10,904,-1.0729857736717654,-0.3143808843668461
EOS,55.0,10,905,0.07211979899620169,-0.3143808843668461
EOS,55.0,10,906,-0.08710079635821488,-0.3143808843668461
EOS,55.0,10,907,0.21197512633816373,-0.3143808843668461
EOS,55.0,10,908,-0.27543212399625927,-0.3143808843668461
EOS,55.0,10,909,0.02053376486175207,-0.3143808843668461
EOS,55.0,10,910,-0.4140169696772724,-0.3143808843668461
EOS,55.0,10,911,-0.3148037177963856,-0.3143808843668461
EOS,55.0,10,912,-0.6139643677210271,-0.3143808843668461
EOS,55.0,10,913,-0.4181487679293727,-0.3143808843668461
EOS,55.0,10,914,-0.26250389163173865,-0.3143808843668461
EOS,55.0,10,915,-0.43790965883305955,-0.3143808843668461
EOS,55.0,10,916,-0.16492652670941288,-0.3143808843668461
EOS,55.0,10,917,-0.3823696268694048,-0.3143808843668461
EOS,55.0,10,918,-0.3868122976192736,-0.3143808843668461
EOS,55.0,10,919,-0.45818010694890976,-0.3143808843668461
EOS,55.0,10,920,-0.42376491462201593,-0.3143808843668461
EOS,55.0,10,921,0.07848940404971594,-0.3143808843668461
EOS,55.0,10,922,-0.3406379394156194,-0.3143808843668461
EOS,55.0,10,923,-0.6257629058523594,-0.3143808843668461
EOS,55.0,10,924,-1.057325217933574,-0.3143808843668461
EOS,55.0,10,925,-0.21204752443936026,-0.3143808843668461
EOS,55.0,10,926,-1.2815958200061066,-0.3143808843668461
EOS,55.0,10,927,-0.27349207120124763,-0.3143808843668461
EOS,55.0,10,928,-0.3492560374003315,-0.3143808843668461
EOS,55.0,10,929,0.003989212545308485,-0.3143808843668461
EOS,55.0,10,930,0.023930149030299663,-0.3143808843668461
EOS,55.0,10,931,-0.35010225104076786,-0.3143808843668461
EOS,55.0,10,932,-0.9470866849596788,-0.3143808843668461
EOS,55.0,10,933,-0.6899966735304592,-0.3143808843668461
EOS,55.0,10,934,-0.19713010882352977,-0.3143808843668461
EOS,55.0,10,935,-0.7740543139726799,-0.3143808843668461
EOS,55.0,10,936,-0.021869205948879422,-0.3143808843668461
EOS,55.0,10,937,-0.3908806662222304,-0.3143808843668461
EOS,55.0,10,938,-0.07939064568270582,-0.3143808843668461
EOS,55.0,10,939,-0.31928513423088867,-0.3143808843668461
EOS,55.0,10,940,-0.44435074037441424,-0.3143808843668461
EOS,55.0,10,941,-0.37557351091892055,-0.3143808843668461
EOS,55.0,10,942,-0.3935277229766765,-0.3143808843668461
EOS,55.0,10,943,-0.5250213258616079,-0.3143808843668461
EOS,55.0,10,944,-0.41101655805717763,-0.3143808843668461
EOS,55.0,10,945,-0.6000664212042053,-0.3143808843668461
EOS,55.0,10,946,-0.07400549363199205,-0.3143808843668461
EOS,55.0,10,947,-0.35841604117111125,-0.3143808843668461
EOS,55.0,10,948,0.10955745655621718,-0.3143808843668461
EOS,55.0,10,949,-0.24520913305324155,-0.3143808843668461
EOS,55.0,10,950,-0.8689182893627874,-0.3143808843668461
EOS,55.0,10,951,0.2696251822197826,-0.3143808843668461
EOS,55.0,10,952,-0.6268623537100879,-0.3143808843668461
EOS,55.0,10,953,-0.011986555292466727,-0.3143808843668461
EOS,55.0,10,954,-0.3442488849839741,-0.3143808843668461
EOS,55.0,10,955,-0.7513870757661576,-0.3143808843668461
EOS,55.0,10,956,-0.47326810757027293,-0.3143808843668461
EOS,55.0,10,957,-0.03411847248563182,-0.3143808843668461
EOS,55.0,10,958,-0.8183688786727048,-0.3143808843668461
EOS,55.0,10,959,-0.4158007408953046,-0.3143808843668461
EOS,55.0,10,960,0.06252834690391262,-0.3143808843668461
EOS,55.0,10,961,0.5198812358171705,-0.3143808843668461
EOS,55.0,10,962,0.22281938628086895,-0.3143808843668461
EOS,55.0,10,963,-0.7734861052853129,-0.3143808843668461
EOS,55.0,10,964,-0.056971997375359296,-0.3143808843668461
EOS,55.0,10,965,0.011194218757072605,-0.3143808843668461
EOS,55.0,10,966,0.1461264738354886,-0.3143808843668461
EOS,55.0,10,967,0.22707065677431126,-0.3143808843668461
EOS,55.0,10,968,-0.3390417459737567,-0.3143808843668461
EOS,55.0,10,969,-0.6971593591778285,-0.3143808843668461
EOS,55.0,10,970,-0.1722860059229956,-0.3143808843668461
EOS,55.0,10,971,-0.5095273966373202,-0.3143808843668461
EOS,55.0,10,972,0.08875042876961547,-0.3143808843668461
EOS,55.0,10,973,-0.28560385584837733,-0.3143808843668461
EOS,55.0,10,974,-0.9178645328516011,-0.3143808843668461
EOS,55.0,10,975,-0.40803477424920787,-0.3143808843668461
EOS,55.0,10,976,0.1361889727383252,-0.3143808843668461
EOS,55.0,10,977,-0.3567988729656675,-0.3143808843668461
EOS,55.0,10,978,-0.6604982507416444,-0.3143808843668461
EOS,55.0,10,979,-0.09626096365308445,-0.3143808843668461
EOS,55.0,10,980,-0.1381304529912839,-0.3143808843668461
EOS,55.0,10,981,-0.3253165575730059,-0.3143808843668461
EOS,55.0,10,982,-0.14173225620037333,-0.3143808843668461
EOS,55.0,10,983,-0.5428911776075482,-0.3143808843668461
EOS,55.0,10,984,-0.39627296762146536,-0.3143808843668461
EOS,55.0,10,985,-0.5545938380674689,-0.3143808843668461
EOS,55.0,10,986,-0.26222658984459546,-0.3143808843668461
EOS,55.0,10,987,0.049435062281323994,-0.3143808843668461
EOS,55.0,10,988,-0.3554579485839109,-0.3143808843668461
EOS,55.0,10,989,-0.1451867085366514,-0.3143808843668461
EOS,55.0,10,990,-0.1644292145571542,-0.3143808843668461
EOS,55.0,10,991,-0.39174859194585365,-0.3143808843668461
EOS,55.0,10,992,-0.25969154346773804,-0.3143808843668461
EOS,55.0,10,993,-0.5924565424019974,-0.3143808843668461
EOS,55.0,10,994,-0.7931827090352412,-0.3143808843668461
EOS,55.0,10,995,-0.43939689857351594,-0.3143808843668461
EOS,55.0,10,996,-0.3322068203869246,-0.3143808843668461
EOS,55.0,10,997,-0.0577692651454762,-0.3143808843668461
EOS,55.0,10,998,-0.7803946002829738,-0.3143808843668461
EOS,55.0,10,999,-0.8924212580270481,-0.3143808843668461
