pheno_type,latitude_bin,longitude_bin,event_numerator,event_denominator,event_anomaly_sum,event_anomaly_n,latitude,longitude,event_frequency,mean_event_anomaly
EOS,23,-111,121,285,-0.3480965262891371,1.9191898333368331,23.5,-110.5,0.4245614035087719,-0.18137680819406643
EOS,23,-110,175,350,-47.91085411364253,10.780630747475811,23.5,-109.5,0.5,-4.444160572409961
EOS,23,-105,42,133,-8.791362820403528,2.0593734516129354,23.5,-104.5,0.3157894736842105,-4.26895025451454
EOS,23,-104,38,93,-30.786375684861007,9.153280629367494,23.5,-103.5,0.40860215053763443,-3.3634253041565922
EOS,23,-101,61,187,-41.31412202155423,7.408964883882609,23.5,-100.5,0.32620320855614976,-5.576234017713943
EOS,23,-100,49,231,-9.425762861023152,0.6439292470011017,23.5,-99.5,0.21212121212121213,-14.637885924456272
EOS,23,-99,40,146,-1.165352411908262,0.08635549267151824,23.5,-98.5,0.273972602739726,-13.494826742996727
EOS,23,86,1,2,-0.34075358898396213,0.012620503295702301,23.5,86.5,0.5,-27.0
EOS,23,90,8,83,1.758593981565184,1.243883687739319,23.5,90.5,0.0963855421686747,1.4137929445487938
EOS,23,95,75,226,10.551728037250786,7.266984123146871,23.5,95.5,0.33185840707964603,1.452009232226243
EOS,23,100,5,23,0.7884109490631294,0.24983565769588878,23.5,100.5,0.21739130434782608,3.155718268297869
EOS,23,102,6,22,-0.2286434433302984,0.07330043737189396,23.5,102.5,0.2727272727272727,-3.1192643799690147
EOS,23,104,3,15,-0.0017613764828129281,0.0001273021428002119,23.5,104.5,0.2,-13.836188803021438
EOS,23,105,4,23,-1.1758329954190711e-05,0.0001019852654358111,23.5,105.5,0.17391304347826086,-0.11529439967571915
EOS,23,106,20,72,0.008127628698250317,0.002086843987067488,23.5,106.5,0.2777777777777778,3.8946987645547795
EOS,23,107,13,65,-0.00025910154298375174,0.00038103533533451195,23.5,107.5,0.2,-0.679993478180405
EOS,23,108,25,69,-0.0004523392318267131,0.00039689276333254586,23.5,108.5,0.36231884057971014,-1.1397013843956387
EOS,23,109,9,22,-0.009578171640461687,0.001066585752967919,23.5,109.5,0.4090909090909091,-8.980217121604268
EOS,23,111,31,71,-0.0003541208054346146,0.000821706948709755,23.5,111.5,0.43661971830985913,-0.43095754026500005
EOS,23,112,23,70,-0.13931973678627912,0.09685884869559924,23.5,112.5,0.32857142857142857,-1.4383790295104868
EOS,23,113,71,283,0.008783522497633945,0.011813309093646751,23.5,113.5,0.2508833922261484,0.7435276964316256
EOS,23,114,56,195,-0.03928879033934193,0.013154021834200669,23.5,114.5,0.28717948717948716,-2.986827210305402
EOS,23,115,13,43,-2.025555544341338,0.45944670162132617,23.5,115.5,0.3023255813953488,-4.40868448330007
EOS,23,116,25,95,0.00980371931278533,0.02478098118866845,23.5,116.5,0.2631578947368421,0.39561465456695705
EOS,23,120,52,236,0.3642655815368909,0.04952574099707289,23.5,120.5,0.22033898305084745,7.355075849514701
EOS,23,121,161,1019,5.7907638512236765,1.305064984696281,23.5,121.5,0.15799803729146222,4.437145980566878
EOS,24,-111,15,44,-0.0006230828613039536,0.00034766109313966176,24.5,-110.5,0.3409090909090909,-1.7922133756095908
EOS,24,-105,16,48,-4.144630035822054,8.12371730213692,24.5,-104.5,0.3333333333333333,-0.5101888558741232
EOS,24,-102,32,95,-288.78215337543145,21.78155681397166,24.5,-101.5,0.3368421052631579,-13.258104360575077
EOS,24,-100,12,54,9.371592109271669,4.0972164230378745,24.5,-99.5,0.2222222222222222,2.2873070742802297
EOS,24,47,4,6,1.504000007557238e-06,4.000000020099037e-08,24.5,47.5,0.6666666666666666,37.6
EOS,24,55,2,5,1.9325000097103473e-06,2.0000000100495186e-08,24.5,55.5,0.4,96.625
EOS,24,67,131,239,-80.16807776471798,16.977668776622306,24.5,67.5,0.5481171548117155,-4.721972069281196
EOS,24,68,39,69,10.261375192019685,4.474360380645503,24.5,68.5,0.5652173913043478,2.2933725312799473
EOS,24,69,2244,4166,26.93460294378325,20.887408756780182,24.5,69.5,0.5386461833893423,1.2895138529349703
EOS,24,70,1407,2693,-0.023805878092333175,0.008650543321251276,24.5,70.5,0.5224656516895655,-2.7519517801674596
EOS,24,71,30,59,5.488841424506393e-05,1.6132744061058617e-05,24.5,71.5,0.5084745762711864,3.402298706117464
EOS,24,80,12,22,2.318326971907447,3.9905797845216395,24.5,80.5,0.5454545454545454,0.5809499113135387
EOS,24,90,2,19,11.148340886014505,1.534429292257015,24.5,90.5,0.10526315789473684,7.265464066849404
EOS,24,91,4,42,-0.3677184099327374,0.48217342243285705,24.5,91.5,0.09523809523809523,-0.7626268741179787
EOS,24,93,41,176,-9.785427030236932,7.886682226325302,24.5,93.5,0.23295454545454544,-1.2407533040413021
EOS,24,97,3,17,-0.1100964513250472,0.016905533074005663,24.5,97.5,0.17647058823529413,-6.512450736873482
EOS,24,98,21,75,-20.72069798361574,5.373177803853567,24.5,98.5,0.28,-3.8563209221841026
EOS,24,99,11,57,17.833684145725023,7.302917770487065,24.5,99.5,0.19298245614035087,2.4419943789858136
EOS,24,101,10,42,-1.1539696031421158,0.5696013822873852,24.5,101.5,0.23809523809523808,-2.0259248643464405
EOS,24,102,250,767,-95.84115716153183,69.32208170194058,24.5,102.5,0.3259452411994785,-1.3825487464962969
EOS,24,103,26,75,-8.584190025695094,7.808903060874956,24.5,103.5,0.3466666666666667,-1.0992824419481615
EOS,24,104,21,47,-0.03023538540421213,0.03592291106562173,24.5,104.5,0.44680851063829785,-0.8416741435286248
EOS,24,105,15,48,-2.061679745340631,0.544603897361341,24.5,105.5,0.3125,-3.78565000237727
EOS,24,108,71,222,-0.044162463999054095,0.0168014079224037,24.5,108.5,0.31981981981981983,-2.628497814172229
EOS,24,109,97,231,0.002315057662921869,0.002779739265052261,24.5,109.5,0.4199134199134199,0.832832666008459
EOS,24,110,81,203,-0.0216624058834029,0.0064495934552074585,24.5,110.5,0.39901477832512317,-3.358724241124451
EOS,24,111,45,118,-0.11261508973140512,0.03543904007417198,24.5,111.5,0.3813559322033898,-3.1777127567707217
EOS,24,112,33,91,-0.007510964090418884,0.0013601651178563046,24.5,112.5,0.3626373626373626,-5.522097274672489
EOS,24,113,153,373,-0.018458097397200397,0.02202611283583855,24.5,113.5,0.4101876675603217,-0.838009753912063
EOS,24,114,88,270,-0.015275008345013765,0.0027019683713925824,24.5,114.5,0.32592592592592595,-5.65328910091612
EOS,24,115,56,166,-0.002460682847746813,0.01168626821688179,24.5,115.5,0.3373493975903614,-0.21056190069231434
EOS,24,116,78,256,-14.666000149348474,3.2894887106252804,24.5,116.5,0.3046875,-4.458443679097076
EOS,24,117,25,78,4.308542785160193,0.6716458780066602,24.5,117.5,0.32051282051282054,6.4149024452398535
EOS,24,118,8,28,1.7954038473975682,0.6822662417830733,24.5,118.5,0.2857142857142857,2.6315296543257922
EOS,24,120,14,134,-3.177844656158697,0.2714602862062082,24.5,120.5,0.1044776119402985,-11.70648090212623
EOS,24,121,286,1556,0.6089286392420366,6.9265527579838215,24.5,121.5,0.18380462724935734,0.0879122213485144
EOS,25,-112,23,57,-35.73314523412128,4.057324795207886,25.5,-111.5,0.40350877192982454,-8.807070431316165
EOS,25,-104,241,501,-1001.7428020040252,130.0843577327498,25.5,-103.5,0.4810379241516966,-7.700716823017594
EOS,25,-102,26,47,-14.942677056739544,9.849653987995687,25.5,-101.5,0.5531914893617021,-1.517076343488919
EOS,25,-101,821,2309,-83.30053835613639,149.94178060142977,25.5,-100.5,0.3555651797314855,-0.5555525486092705
EOS,25,-100,67,226,-23.27637322271305,7.4673444959902735,25.5,-99.5,0.29646017699115046,-3.117088442244994
EOS,25,-99,5,8,-0.6282557914251559,0.02794021944076297,25.5,-98.5,0.625,-22.485714285714284
EOS,25,-98,60,288,13.59092151620931,1.254473746371099,25.5,-97.5,0.20833333333333334,10.833962492658523
EOS,25,-82,3,22,-21.15209645987067,1.6920705429770244,25.5,-81.5,0.13636363636363635,-12.500717861712625
EOS,25,-81,45,292,57.53275568186242,3.297128544214362,25.5,-80.5,0.1541095890410959,17.449351734501846
EOS,25,7,3,11,4.680816561621064,0.38860893347158676,25.5,7.5,0.2727272727272727,12.045056503991315
EOS,25,8,5,19,-0.01638355081414256,0.03253382408964195,25.5,8.5,0.2631578947368421,-0.5035851539923559
EOS,25,39,7,11,27.932083446590543,0.36778408455162404,25.5,39.5,0.6363636363636364,75.94696078445953
EOS,25,49,4,16,30.071128924086487,0.7938224193967515,25.5,49.5,0.25,37.881430644070754
EOS,25,66,30,59,-25.944621300574354,2.4359129621132607,25.5,66.5,0.5084745762711864,-10.650881909206749
EOS,25,67,266,709,-33.795008685619955,23.73060292931528,25.5,67.5,0.3751763046544429,-1.4241108321723992
EOS,25,68,5,15,-44.947639839975395,0.5662163044915337,25.5,68.5,0.3333333333333333,-79.38245416712027
EOS,25,69,59,123,-150.8056322909176,10.666009549303904,25.5,69.5,0.4796747967479675,-14.138899050653825
EOS,25,71,42,92,-15.793709012346927,38.31793603321309,25.5,71.5,0.45652173913043476,-0.4121753582619197
EOS,25,72,8,12,-0.2543602540265404,0.7189713111295747,25.5,72.5,0.6666666666666666,-0.35378359343283866
EOS,25,95,562,1631,1.079186771591319,0.5894235621654049,25.5,95.5,0.34457388105456777,1.830918953471487
EOS,25,97,26,64,-0.27174207691809854,0.044414024197697195,25.5,97.5,0.40625,-6.118384492891504
EOS,25,98,11,48,18.06574039546194,4.962407324968765,25.5,98.5,0.22916666666666666,3.6405194520334248
EOS,25,99,5,23,-2.5831649692000336,1.413476560455453,25.5,99.5,0.21739130434782608,-1.8275258617431065
EOS,25,100,46,157,-45.37791266404007,12.880647528149337,25.5,100.5,0.2929936305732484,-3.5229527525593167
EOS,25,101,18,58,-4.762914765632751,5.383892847184486,25.5,101.5,0.3103448275862069,-0.88466002218516
EOS,25,102,64,165,4.442989135272489,18.930325265017867,25.5,102.5,0.3878787878787879,0.23470220786342605
EOS,25,103,10,33,1.1931765300855455,0.5992720039887691,25.5,103.5,0.30303030303030304,1.9910433361540891
EOS,25,104,10,28,-0.8041431515045672,0.120947408357997,25.5,104.5,0.35714285714285715,-6.64870097194933
EOS,25,105,13,35,0.14240751144337407,0.06494220669172901,25.5,105.5,0.37142857142857144,2.19283450159557
EOS,25,107,6,23,-0.0004803248908693755,0.00024729701394266,25.5,107.5,0.2608695652173913,-1.9422995984122435
EOS,25,109,34,92,-1.4088084211508396,0.13884607600137622,25.5,109.5,0.3695652173913043,-10.146548334119833
EOS,25,110,73,203,-2.4163971407803255,0.3706690001970765,25.5,110.5,0.35960591133004927,-6.519015994042072
EOS,25,111,65,138,-0.8902702485583449,0.17329589395849787,25.5,111.5,0.47101449275362317,-5.137284145760275
EOS,25,112,81,174,-2.218411934395791,0.5884898082963435,25.5,112.5,0.46551724137931033,-3.7696692502084495
EOS,25,113,76,162,-1.6162920083629841,0.4341686882531507,25.5,113.5,0.4691358024691358,-3.722728174770109
EOS,25,114,50,112,0.2600267414488994,0.2282879319986011,25.5,114.5,0.44642857142857145,1.1390297295719198
EOS,25,115,75,187,-11.213025218597071,2.0166432094416846,25.5,115.5,0.40106951871657753,-5.56024246931684
EOS,25,116,176,500,-25.07880704638797,7.739069106423277,25.5,116.5,0.352,-3.240545691157228
EOS,25,117,99,287,-66.30744289492057,11.841290423647674,25.5,117.5,0.34494773519163763,-5.5996804843584576
EOS,25,118,40,132,-1.1444499784751123,0.5945056824238608,25.5,118.5,0.30303030303030304,-1.9250446418090943
EOS,25,119,23,186,-12.220566227153393,0.408030855413117,25.5,119.5,0.12365591397849462,-29.95010319692734
EOS,25,121,20,194,6.806032986190022,6.030360850207863,25.5,121.5,0.10309278350515463,1.1286278143629533
EOS,26,-110,20,46,-32.891867514145794,6.127172936935694,26.5,-109.5,0.43478260869565216,-5.368196369302347
EOS,26,-109,147,321,-105.06594717923312,42.646760512594895,26.5,-108.5,0.45794392523364486,-2.463632545975067
EOS,26,-106,25,71,-35.64539785702499,14.880184989728598,26.5,-105.5,0.352112676056338,-2.395494268493979
EOS,26,-104,1103,2049,-42.807975254406564,182.7688777190286,26.5,-103.5,0.5383113714006833,-0.23421917226091113
EOS,26,-103,186,369,-60.113037494745875,52.16716549921729,26.5,-102.5,0.5040650406504065,-1.1523155785730357
EOS,26,-102,189,415,-79.02913049758887,68.63505666896889,26.5,-101.5,0.45542168674698796,-1.1514397209395666
EOS,26,-101,60,134,25.567685968829593,19.856941759060923,26.5,-100.5,0.44776119402985076,1.2875943475617437
EOS,26,-100,66,187,-6.076122125222765,0.8933818771011502,26.5,-99.5,0.35294117647058826,-6.801259663939675
EOS,26,-99,203,452,-63.73071699133217,4.307864016114664,26.5,-98.5,0.4491150442477876,-14.794041026580963
EOS,26,-98,43,183,-7.760173629999676,0.8253212278700288,26.5,-97.5,0.23497267759562843,-9.402609999535532
EOS,26,-83,65,258,5.603407323754082,1.1658915996309276,26.5,-82.5,0.25193798449612403,4.806113471893859
EOS,26,-82,286,1011,280.2592348615132,36.95204594947429,26.5,-81.5,0.2828882294757666,7.58440372272541
EOS,26,-81,18,238,18.422034153926084,7.635149992218679,26.5,-80.5,0.07563025210084033,2.4127926985980364
EOS,26,32,9,19,-2.75297597157564,0.5949355948330625,26.5,32.5,0.47368421052631576,-4.627351255303726
EOS,26,67,1,6,0.28086085952870393,0.014782150501510733,26.5,67.5,0.16666666666666666,19.0
EOS,26,68,149,322,-33.23629141802448,48.070656788305826,26.5,68.5,0.46273291925465837,-0.6914049783923462
EOS,26,71,19,44,-132.33996918680248,16.582058121447286,26.5,71.5,0.4318181818181818,-7.980913359339486
EOS,26,72,18,39,-41.373127791567214,4.232648279286589,26.5,72.5,0.46153846153846156,-9.77476158225475
EOS,26,73,38,88,54.79815527612497,16.012612861563298,26.5,73.5,0.4318181818181818,3.4221869815926516
EOS,26,74,5,5,0.0,1.8636340223111016,26.5,74.5,1.0,0.0
EOS,26,75,11,21,-25.369199242639144,4.866447604766627,26.5,75.5,0.5238095238095238,-5.213083814524237
EOS,26,78,21,27,-0.33465224871480204,0.07904878346187649,26.5,78.5,0.7777777777777778,-4.233490182378297
EOS,26,89,14,34,-0.001677160060264921,0.002368993272303038,26.5,89.5,0.4117647058823529,-0.7079632010243975
EOS,26,90,526,1246,-0.030010951332665632,0.02406432980051376,26.5,90.5,0.42215088282504015,-1.24711353199726
EOS,26,91,251,619,30.83876820623822,15.904456798062423,26.5,91.5,0.40549273021001614,1.9390016646148636
EOS,26,92,37,133,-0.004717449967634003,0.04603695153268533,26.5,92.5,0.2781954887218045,-0.10247094585063274
EOS,26,93,111,272,13.855971508259943,6.512640340420382,26.5,93.5,0.40808823529411764,2.1275505454006938
EOS,26,101,149,404,-147.79693121844906,66.15816488610133,26.5,101.5,0.3688118811881188,-2.2339938157731245
EOS,26,103,10,25,-6.228639733677935,2.1518834084255096,26.5,103.5,0.4,-2.8945061378744987
EOS,26,104,43,138,8.88044067372378,2.084329539989499,26.5,104.5,0.3115942028985507,4.26057420544379
EOS,26,105,16,46,-0.0025611426612626616,0.0020503782599323728,26.5,105.5,0.34782608695652173,-1.2491074019420862
EOS,26,106,69,195,1.555737819310836,0.9573197917087722,26.5,106.5,0.35384615384615387,1.6250973110395166
EOS,26,107,43,115,1.3400358448972292,0.5821249730879622,26.5,107.5,0.3739130434782609,2.3019727839347355
EOS,26,109,13,23,-2.77766495812428,0.8428914067932218,26.5,109.5,0.5652173913043478,-3.2954007310288036
EOS,26,110,17,46,0.588674827464179,0.48847191949444047,26.5,110.5,0.3695652173913043,1.2051354519486948
EOS,26,111,56,108,-0.1888849163654865,0.0631599502315573,26.5,111.5,0.5185185185185185,-2.9905805130149052
EOS,26,112,78,148,-1.454126338684564,0.31480913547878453,26.5,112.5,0.527027027027027,-4.619072875610879
EOS,26,113,54,119,0.0742903436102321,0.3268127555061239,26.5,113.5,0.453781512605042,0.22731776027279335
EOS,26,114,51,113,-0.36023470531710133,0.07750165911155926,26.5,114.5,0.45132743362831856,-4.6480902402174875
EOS,26,115,22,39,-0.35829845518359743,0.16836975455748093,26.5,115.5,0.5641025641025641,-2.1280452425989336
EOS,26,116,61,139,-13.654543131386292,2.563424159799924,26.5,116.5,0.43884892086330934,-5.326681142168853
EOS,26,117,107,352,-64.16670260705037,12.709919671003826,26.5,117.5,0.3039772727272727,-5.048552962410855
EOS,26,118,70,224,-9.301900746928581,2.863014278648657,26.5,118.5,0.3125,-3.2489885978909885
EOS,26,119,32,241,-12.923795866032055,1.191846783884619,26.5,119.5,0.13278008298755187,-10.843504417496662
EOS,27,-111,24,64,-22.233792416011504,14.033005588552628,27.5,-110.5,0.375,-1.5843927571830112
EOS,27,-110,33,74,-15.818884800748728,6.728291821082234,27.5,-109.5,0.44594594594594594,-2.3510996879151844
EOS,27,-109,124,327,-20.81653971991714,14.286847636738091,27.5,-108.5,0.37920489296636084,-1.457042186576428
EOS,27,-102,124,248,158.19653858729038,43.11964057914762,27.5,-101.5,0.5,3.668781475506853
EOS,27,-100,55,243,-43.00395338917975,2.3516150570256746,27.5,-99.5,0.22633744855967078,-18.286986750106625
EOS,27,-99,55,114,-14.735320185881891,3.3544617293684755,27.5,-98.5,0.4824561403508772,-4.392752511341372
EOS,27,-98,33,99,-0.701208908668798,0.5126583976100272,27.5,-97.5,0.3333333333333333,-1.3677897639788568
EOS,27,-83,289,1071,112.57804464562854,58.99206765315036,27.5,-82.5,0.2698412698412698,1.9083590239206767
EOS,27,-82,295,1251,-2.066436943212399,45.6578313036438,27.5,-81.5,0.23581135091926458,-0.04525920054042258
EOS,27,-81,51,597,-29.18111462065471,14.03839393672193,27.5,-80.5,0.08542713567839195,-2.078664749841656
EOS,27,-16,47,66,-6.8329668796412015,0.6387920382552792,27.5,-15.5,0.7121212121212122,-10.696700131554483
EOS,27,30,3,5,-53.553817863498296,2.8689545284016953,27.5,30.5,0.6,-18.66666666666666
EOS,27,36,20,42,-0.18583486361497362,0.05902345445184732,27.5,36.5,0.47619047619047616,-3.1484918214433204
EOS,27,55,14,30,70.30844464730623,3.8527410307803662,27.5,55.5,0.4666666666666667,18.24894123056731
EOS,27,56,15,53,-69.3461674925068,3.32192002145764,27.5,56.5,0.2830188679245283,-20.87532723382006
EOS,27,57,27,64,59.31342791167436,12.223140174080466,27.5,57.5,0.421875,4.852552377452912
EOS,27,66,34,117,-29.014441376227637,2.9536829629391748,27.5,66.5,0.2905982905982906,-9.823140039158337
EOS,27,68,116,263,-262.04301849168564,26.93959112786171,27.5,68.5,0.44106463878326996,-9.727059970879555
EOS,27,69,171,510,514.4431827677356,28.713891090912778,27.5,69.5,0.3352941176470588,17.916177962050707
EOS,27,70,22,35,-0.5884568526579396,0.10079774416862859,27.5,70.5,0.6285714285714286,-5.837996251914988
EOS,27,71,62,105,-1.4243714740903757,0.14964098267909853,27.5,71.5,0.5904761904761905,-9.518592090142215
EOS,27,73,43,93,-16.661828798778018,29.44016327193469,27.5,73.5,0.46236559139784944,-0.5659557199080394
EOS,27,74,43,73,-126.64627842288334,28.64310636760353,27.5,74.5,0.589041095890411,-4.421527358014675
EOS,27,76,1,2,8.102455515738843,0.17239267054763496,27.5,76.5,0.5,47.0
EOS,27,83,36,154,-39.958250499529925,6.706239616531862,27.5,83.5,0.23376623376623376,-5.958369039040447
EOS,27,84,520,1442,-27.9401941055086,62.95539281068305,27.5,84.5,0.3606102635228849,-0.44380938404322623
EOS,27,85,114,378,6.799787061879537,8.052009276737627,27.5,85.5,0.30158730158730157,0.8444832622739546
EOS,27,86,105,604,42.80494428181042,5.606769727549168,27.5,86.5,0.173841059602649,7.6345108434694575
EOS,27,87,393,1575,4.28841266021831,5.428797320600462,27.5,87.5,0.24952380952380954,0.7899378825481704
EOS,27,88,37,129,1.0629008690781045,0.4405546082202644,27.5,88.5,0.2868217054263566,2.4126427218000757
EOS,27,89,664,2912,-0.21323053380650725,0.5941757085134846,27.5,89.5,0.22802197802197802,-0.3588678075378911
EOS,27,90,920,3213,2.1100649937916125,1.7084510815827219,27.5,90.5,0.2863367569249922,1.2350748678369137
EOS,27,91,665,2332,1.7582397636076306,1.2865360106907124,27.5,91.5,0.2851629502572899,1.3666463658982004
EOS,27,92,24,124,0.039383380231077354,0.013530180798412436,27.5,92.5,0.1935483870967742,2.910780041882249
EOS,27,97,160,644,-1.7319584868692144,0.43767034462790305,27.5,97.5,0.2484472049689441,-3.957221475313079
EOS,27,98,128,553,2.474413171954186,0.7918780944835515,27.5,98.5,0.2314647377938517,3.124740018939346
EOS,27,99,11,48,18.00896647695979,9.225256613946742,27.5,99.5,0.22916666666666666,1.9521371849682574
EOS,27,102,7,15,-17.78365505150404,2.790096021744219,27.5,102.5,0.4666666666666667,-6.373850545970332
EOS,27,105,6,13,-1.1993937124590852,0.3221752420966717,27.5,105.5,0.46153846153846156,-3.722799134575325
EOS,27,109,51,107,-2.1903445396067553,0.4563854629571801,27.5,109.5,0.4766355140186916,-4.79933020963085
EOS,27,110,20,44,-0.7269962199837645,0.10075676933725675,27.5,110.5,0.45454545454545453,-7.215358578542114
EOS,27,111,8,15,0.32046757187852554,0.041766786817407975,27.5,111.5,0.5333333333333333,7.672784915907342
EOS,27,112,77,168,-0.6792674093161954,0.45158197499838826,27.5,112.5,0.4583333333333333,-1.5041951338261892
EOS,27,113,136,310,-0.637214042057089,0.7898706392697444,27.5,113.5,0.43870967741935485,-0.8067321538197819
EOS,27,114,50,104,-0.3050513639843241,0.39268183195511086,27.5,114.5,0.4807692307692308,-0.7768410432066941
EOS,27,115,17,37,-0.003746163746789694,0.0008332537418643815,27.5,115.5,0.4594594594594595,-4.495825891411852
EOS,27,116,43,91,-2.896276490158892,0.4623946097790188,27.5,116.5,0.4725274725274725,-6.263646740049674
EOS,27,117,261,1076,-182.6279163411519,22.894944122017982,27.5,117.5,0.2425650557620818,-7.976779299737155
EOS,27,118,81,224,-60.42827231720184,9.265315566397383,27.5,118.5,0.36160714285714285,-6.521987501036412
EOS,27,119,49,160,-42.31168376120214,10.735539091260353,27.5,119.5,0.30625,-3.941272385254269
EOS,27,120,25,163,-8.15837946528861,1.224284102821079,27.5,120.5,0.15337423312883436,-6.663795965731741
EOS,28,-110,88,301,-26.223038237974205,6.568705525075175,28.5,-109.5,0.292358803986711,-3.9921165803324845
EOS,28,-109,88,298,-58.69882915811508,9.614569412581274,28.5,-108.5,0.2953020134228188,-6.105195837611193
EOS,28,-107,55,164,31.661748970411118,35.72125934683222,28.5,-106.5,0.3353658536585366,0.8863558998016933
EOS,28,-106,33,96,107.19215828425305,20.79210865166566,28.5,-105.5,0.34375,5.155425074005944
EOS,28,-104,227,456,-21.56027941766063,16.80638979379406,28.5,-103.5,0.49780701754385964,-1.2828620353445566
EOS,28,-103,274,676,-7.603676970019524,2.4947872241895217,28.5,-102.5,0.40532544378698226,-3.0478258411354986
EOS,28,-101,131,343,-343.106528764315,27.03640319981978,28.5,-100.5,0.3819241982507289,-12.690538982885197
EOS,28,-100,10,46,-275.5446454970005,6.757717090300658,28.5,-99.5,0.21739130434782608,-40.774812235405555
EOS,28,-99,13,43,9.022578847351435,0.5953559753777983,28.5,-98.5,0.3023255813953488,15.154931201666242
EOS,28,-98,56,197,-40.853483798266026,1.7930283501363848,28.5,-97.5,0.28426395939086296,-22.784627914644265
EOS,28,-97,49,175,-14.023544354792534,0.6741112300040601,28.5,-96.5,0.28,-20.80301251576549
EOS,28,-96,9,55,-82.2725999572488,3.3092743313213777,28.5,-95.5,0.16363636363636364,-24.861220835807146
EOS,28,-83,420,1474,67.78469679359928,68.06706434675502,28.5,-82.5,0.28493894165535955,0.9958516272757516
EOS,28,-82,565,2147,-103.32483403854178,88.64954337045754,28.5,-81.5,0.2631578947368421,-1.1655427666080318
EOS,28,-81,29,334,40.12924487373946,5.426791758201023,28.5,-80.5,0.08682634730538923,7.39465353781002
EOS,28,-18,5,41,-0.15995420055718348,0.0010201172287604308,28.5,-17.5,0.12195121951219512,-156.79982265523319
EOS,28,-17,158,245,18.80821722928022,3.2667826457499496,28.5,-16.5,0.6448979591836734,5.757413109118085
EOS,28,-16,10,14,0.017794370425989775,0.036245753373392725,28.5,-15.5,0.7142857142857143,0.49093669657456374
EOS,28,30,2,5,-19.464570659058715,1.9963662214419196,28.5,30.5,0.4,-9.75
EOS,28,48,11,28,35.386901761314505,5.115244065796696,28.5,48.5,0.39285714285714285,6.917930270019876
EOS,28,52,8,28,-5.190796088338862,4.442035068687876,28.5,52.5,0.2857142857142857,-1.1685626088206822
EOS,28,53,40,134,-36.60536258321194,17.42621900099955,28.5,53.5,0.29850746268656714,-2.100591217240659
EOS,28,56,79,150,-6.609041477570479,1.3786768635663467,28.5,56.5,0.5266666666666666,-4.793756718651447
EOS,28,57,5,20,58.55553513642616,2.7170423662109062,28.5,57.5,0.25,21.55120430384959
EOS,28,69,80,230,-124.92947238177803,6.42623668065271,28.5,69.5,0.34782608695652173,-19.440533953238866
EOS,28,70,51,117,-33.56271030824032,10.271622179440904,28.5,70.5,0.4358974358974359,-3.267517994910048
EOS,28,71,174,352,-51.23968221244383,1.5215468542451418,28.5,71.5,0.4943181818181818,-33.676046235108856
EOS,28,72,43,64,2.573229092771347,0.3459539413757032,28.5,72.5,0.671875,7.438068439222784
EOS,28,73,10,26,16.955052747421192,5.027378884031997,28.5,73.5,0.38461538461538464,3.3725432553480252
EOS,28,74,4,6,-10.43448355534817,2.00663145295157,28.5,74.5,0.6666666666666666,-5.200000000000003
EOS,28,77,10,16,-14.486611741842784,0.9302081760626218,28.5,77.5,0.625,-15.57351581574095
EOS,28,80,66,272,33.93926458554115,15.480164371133993,28.5,80.5,0.2426470588235294,2.192435672635881
EOS,28,81,142,875,-39.72133670004484,25.153466800121453,28.5,81.5,0.16228571428571428,-1.5791595256306
EOS,28,82,30,504,0.12050211173077313,0.13083134346740785,28.5,82.5,0.05952380952380952,0.9210492572889623
EOS,28,83,234,1807,13.348988549019452,4.705383267354039,28.5,83.5,0.12949640287769784,2.8369609425091404
EOS,28,84,300,1917,-3.148067396616469,2.7924891333673583,28.5,84.5,0.1564945226917058,-1.1273338037381482
EOS,28,85,176,1058,-24.460787404504483,4.382298823268329,28.5,85.5,0.166351606805293,-5.581725115281293
EOS,28,89,61,380,-0.019842268395869014,0.020546867562716693,28.5,89.5,0.16052631578947368,-0.9657077087445578
EOS,28,90,16,183,-0.022440053103866424,0.004290904234033818,28.5,90.5,0.08743169398907104,-5.229679312318478
EOS,28,97,344,1734,40.12580217353838,8.08105078061469,28.5,97.5,0.19838523644752018,4.965418887082675
EOS,28,98,42,296,5.089547773735201,0.9796482390726516,28.5,98.5,0.14189189189189189,5.19528088832481
EOS,28,105,31,102,5.912438930474148,2.402993269787581,28.5,105.5,0.30392156862745096,2.460447561302073
EOS,28,106,9,25,15.025596264685614,5.1225216057862015,28.5,106.5,0.36,2.9332421453749036
EOS,28,108,45,130,4.53070461562018,3.79605400384726,28.5,108.5,0.34615384615384615,1.1935300738683798
EOS,28,109,51,154,-35.706278118186304,4.602030965819658,28.5,109.5,0.33116883116883117,-7.75880874843847
EOS,28,110,33,66,-3.2073318348963302,0.2979417545436127,28.5,110.5,0.5,-10.764962567295484
EOS,28,111,32,81,-1.6560705444884496,0.46706395268641443,28.5,111.5,0.3950617283950617,-3.5457040410916303
EOS,28,112,27,70,1.7266551872531246,0.40332562679199413,28.5,112.5,0.38571428571428573,4.281045072654426
EOS,28,113,33,76,-0.36869793215664554,0.19277254970552526,28.5,113.5,0.4342105263157895,-1.9126059842018985
EOS,28,114,30,86,-1.7251405618572617,0.72932148536613,28.5,114.5,0.3488372093023256,-2.365404826914178
EOS,28,115,23,51,-1.4735944143982083,0.4418181037720583,28.5,115.5,0.45098039215686275,-3.3352965888388795
EOS,28,116,11,29,-0.23691941316378112,0.035704986095198454,28.5,116.5,0.3793103448275862,-6.635471374560811
EOS,28,117,119,266,-14.857146479675851,2.801135392675553,28.5,117.5,0.4473684210526316,-5.303972995566198
EOS,28,118,18,41,-0.005612984223949086,0.002138027492317507,28.5,118.5,0.43902439024390244,-2.625309657671854
EOS,28,119,71,200,-32.02883557850742,7.375783475758496,28.5,119.5,0.355,-4.3424316459091425
EOS,28,120,81,327,-10.842988912874068,2.289105149511981,28.5,120.5,0.24770642201834864,-4.736780621539253
EOS,28,121,80,341,-4.526761466458773,2.7129806454596643,28.5,121.5,0.23460410557184752,-1.6685564911915534
EOS,29,-112,28,67,-97.18993745343545,25.3305596867638,29.5,-111.5,0.417910447761194,-3.8368649826644363
EOS,29,-111,108,250,-850.1830485902329,50.18092351303623,29.5,-110.5,0.432,-16.942355562056736
EOS,29,-105,383,907,-44.314816426301,35.02878524844216,29.5,-104.5,0.422271223814774,-1.265097151157185
EOS,29,-104,1455,3122,-145.97112974906787,124.64623410257276,29.5,-103.5,0.4660474055092889,-1.171083352818719
EOS,29,-103,631,1536,-29.667494885188333,4.215851913196759,29.5,-102.5,0.4108072916666667,-7.037129267354253
EOS,29,-102,9,24,45.79422967382232,6.7329927824872495,29.5,-101.5,0.375,6.801467215728304
EOS,29,-101,122,352,-196.37744107137627,23.78688801848341,29.5,-100.5,0.3465909090909091,-8.255701246787002
EOS,29,-99,223,709,-51.98444725198851,18.275130253386894,29.5,-98.5,0.3145275035260931,-2.8445459228589813
EOS,29,-98,54,199,-41.96627090028959,2.321473461574226,29.5,-97.5,0.271356783919598,-18.07742866542684
EOS,29,-97,40,180,-151.51118548661438,5.213128745834578,29.5,-96.5,0.2222222222222222,-29.063388393711865
EOS,29,-96,286,1250,-96.24677581526427,6.893744796234756,29.5,-95.5,0.2288,-13.96146487288485
EOS,29,-95,61,263,-59.82034616849451,11.815806170707514,29.5,-94.5,0.23193916349809887,-5.062739292118275
EOS,29,-94,15,74,-45.252259738937525,1.9895155251194345,29.5,-93.5,0.20270270270270271,-22.745366481229617
EOS,29,-93,22,108,-77.58168629251075,19.603450155174745,29.5,-92.5,0.2037037037037037,-3.957552659271635
EOS,29,-92,37,163,-8.75644014602743,7.804256596345937,29.5,-91.5,0.22699386503067484,-1.1220082320367732
EOS,29,-91,99,409,0.7950526523557906,13.751863779946744,29.5,-90.5,0.24205378973105135,0.057814174505942464
EOS,29,-90,27,145,42.15030595497049,6.409263848432542,29.5,-89.5,0.18620689655172415,6.576466026637181
EOS,29,-86,11,46,30.436167373578808,4.6725883931075245,29.5,-85.5,0.2391304347826087,6.5137702731263065
EOS,29,-84,7,23,0.09969688450375455,0.3959591716685047,29.5,-83.5,0.30434782608695654,0.2517857689307936
EOS,29,-83,219,794,81.74206980200148,53.92200017239522,29.5,-82.5,0.27581863979848864,1.5159317076640721
EOS,29,-82,211,1076,111.08984905608523,57.2188317930149,29.5,-81.5,0.19609665427509293,1.9414910366912932
EOS,29,-81,7,46,21.759065693574634,2.622053502401657,29.5,-80.5,0.15217391304347827,8.29848272494994
EOS,29,27,0,2,0.0,0.0,29.5,27.5,0.0,
EOS,29,47,1,3,0.5608318266026937,0.2243327306410775,29.5,47.5,0.3333333333333333,2.4999999999999996
EOS,29,50,2,14,-1.9820879024214952,1.6030660223753805,29.5,50.5,0.14285714285714285,-1.2364356020000289
EOS,29,51,159,487,15.589410189321958,27.17817725194493,29.5,51.5,0.3264887063655031,0.5736002839633532
EOS,29,52,216,679,49.02467083460026,40.91764656548737,29.5,52.5,0.3181148748159057,1.1981302677351655
EOS,29,53,379,1120,-263.2868267154568,47.33035576674646,29.5,53.5,0.33839285714285716,-5.562747679586171
EOS,29,54,12,28,-18.61597969884892,8.537634589159616,29.5,54.5,0.42857142857142855,-2.1804610521145933
EOS,29,67,83,164,-10.928013721518612,0.9770089101530433,29.5,67.5,0.5060975609756098,-11.185173039831128
EOS,29,70,8,23,30.38263416319114,7.73578639149511,29.5,70.5,0.34782608695652173,3.9275430609865936
EOS,29,71,47,105,-10.597729965915207,3.0386590687125095,29.5,71.5,0.44761904761904764,-3.4876337641937245
EOS,29,72,95,195,4.596668685328148,1.7859793245182254,29.5,72.5,0.48717948717948717,2.5737524629900834
EOS,29,73,17,33,-110.43413937357184,16.502047304926272,29.5,73.5,0.5151515151515151,-6.692147788268944
EOS,29,75,8,15,-95.00236544672029,4.2388705649183365,29.5,75.5,0.5333333333333333,-22.41218833926592
EOS,29,79,7,39,-7.881671480404521,6.227330472381375,29.5,79.5,0.1794871794871795,-1.265658136397331
EOS,29,81,25,151,0.054200407701966345,0.017129408008102566,29.5,81.5,0.16556291390728478,3.164172846856612
EOS,29,82,399,2159,-14.885194220160953,4.128855247107732,29.5,82.5,0.18480778138026865,-3.605162527939929
EOS,29,83,239,1093,-8.195575451373868,1.6898308141685137,29.5,83.5,0.21866422689844464,-4.849938456949328
EOS,29,84,67,192,-0.19514171399939306,0.12416185473072595,29.5,84.5,0.3489583333333333,-1.5716720277947165
EOS,29,88,10,24,19.76509616690663,7.737660263172827,29.5,88.5,0.4166666666666667,2.5544021699916244
EOS,29,91,66,164,-67.16706038502556,65.85483046354554,29.5,91.5,0.4024390243902439,-1.0199260997597803
EOS,29,102,6,22,4.876050755483741,2.0746106773535513,29.5,102.5,0.2727272727272727,2.3503449628938613
EOS,29,103,175,656,45.68439507454172,27.367078868900837,29.5,103.5,0.26676829268292684,1.669319377979217
EOS,29,104,18,69,0.3073613487093513,2.4388745345257066,29.5,104.5,0.2608695652173913,0.12602589610831477
EOS,29,105,20,31,-0.5317273129876364,0.5601568583354588,29.5,105.5,0.6451612903225806,-0.9492471708151489
EOS,29,106,31,85,10.934608076694722,2.961403085209832,29.5,106.5,0.36470588235294116,3.692374108511454
EOS,29,107,12,24,6.28196264508707,1.7646867799110528,29.5,107.5,0.5,3.559817366231817
EOS,29,108,31,115,33.33656478736388,7.529080715781914,29.5,108.5,0.26956521739130435,4.427707185750604
EOS,29,109,44,140,-32.438848366246084,15.178206181206066,29.5,109.5,0.3142857142857143,-2.1371990852524103
EOS,29,110,158,415,-103.44188447109164,56.50204092941127,29.5,110.5,0.38072289156626504,-1.8307636816221013
EOS,29,111,36,86,-0.17036502890797053,1.2535618143524225,29.5,111.5,0.4186046511627907,-0.13590476908071694
EOS,29,112,51,116,340.2702216537806,46.47800062492193,29.5,112.5,0.4396551724137931,7.321102824533389
EOS,29,113,110,286,-22.405490466278362,45.4207897841579,29.5,113.5,0.38461538461538464,-0.49328711747969356
EOS,29,114,28,81,-6.6347160265898175,1.0623134380905332,29.5,114.5,0.345679012345679,-6.24553525230318
EOS,29,115,30,89,-13.048806640806603,1.5967557853604644,29.5,115.5,0.33707865168539325,-8.172074127078151
EOS,29,116,62,151,-9.478392095014678,1.8668675751944088,29.5,116.5,0.4105960264900662,-5.077163597973805
EOS,29,117,49,107,-18.519428611798478,3.9638409076095114,29.5,117.5,0.45794392523364486,-4.672091802737628
EOS,29,118,19,37,-10.143397360827706,4.6996970445841155,29.5,118.5,0.5135135135135135,-2.1583087727999097
EOS,29,119,56,127,-0.15113927507471403,1.9807699954363827,29.5,119.5,0.4409448818897638,-0.07630329388214334
EOS,29,120,179,405,-0.9530112199500564,6.621372990398499,29.5,120.5,0.4419753086419753,-0.14392954774364713
EOS,29,121,50,213,-1.592703452824197,1.4952575378837931,29.5,121.5,0.2347417840375587,-1.0651699874245857
EOS,30,-116,116,208,-1.3344533094298476,0.5658689033643824,30.5,-115.5,0.5576923076923077,-2.358237573218522
EOS,30,-113,53,108,-419.62651632748026,27.19603193911955,30.5,-112.5,0.49074074074074076,-15.429696408168924
EOS,30,-111,35,94,-91.67727241954185,19.821740620643194,30.5,-110.5,0.3723404255319149,-4.625086876783429
EOS,30,-108,11,27,-6.063905797156792,6.934777611098458,30.5,-107.5,0.4074074074074074,-0.874419647928159
EOS,30,-105,153,358,0.2702363483544892,1.922758884375411,30.5,-104.5,0.4273743016759777,0.1405461446832803
EOS,30,-104,44,96,0.6205022978159898,1.1072782968994033,30.5,-103.5,0.4583333333333333,0.5603851349326706
EOS,30,-102,25,64,257.07777608012503,8.851351796877266,30.5,-101.5,0.390625,29.04389995783711
EOS,30,-101,28,65,-92.92489572898955,12.000690108258144,30.5,-100.5,0.4307692307692308,-7.743296001372813
EOS,30,-100,37,118,-17.940084955295795,1.7848091881519532,30.5,-99.5,0.3135593220338983,-10.051542245740855
EOS,30,-99,78,227,-327.0302052825175,14.899938756111217,30.5,-98.5,0.3436123348017621,-21.948426140234027
EOS,30,-98,215,646,-56.691445881269715,13.92198241691318,30.5,-97.5,0.3328173374613003,-4.072081416537193
EOS,30,-97,173,570,-57.59398795406658,7.24496565057515,30.5,-96.5,0.30350877192982456,-7.949518428633876
EOS,30,-96,174,678,-57.39658081084104,3.7429089468166863,30.5,-95.5,0.25663716814159293,-15.334752094265173
EOS,30,-95,127,437,-110.546167583468,16.132476752539173,30.5,-94.5,0.2906178489702517,-6.852399001044187
EOS,30,-94,119,413,-51.83764952583229,5.9067281124292785,30.5,-93.5,0.288135593220339,-8.77603447105556
EOS,30,-93,62,163,-12.679546420032288,3.494347650440316,30.5,-92.5,0.3803680981595092,-3.628587561525128
EOS,30,-92,188,559,-12.628659736029054,12.728120221437369,30.5,-91.5,0.3363148479427549,-0.9921857679156111
EOS,30,-91,166,540,-20.084030131846774,9.275424463729024,30.5,-90.5,0.3074074074074074,-2.1652949911224155
EOS,30,-90,126,527,-66.90779617115234,11.377206673104814,30.5,-89.5,0.23908918406072105,-5.880863211294145
EOS,30,-89,155,619,-0.21381085165091332,10.403348204013044,30.5,-88.5,0.25040387722132473,-0.020552119131073278
EOS,30,-88,75,330,5.582322364255347,3.4206308137956376,30.5,-87.5,0.22727272727272727,1.6319569892610042
EOS,30,-87,55,256,0.1514511267563281,2.3276648564688753,30.5,-86.5,0.21484375,0.06506569291340471
EOS,30,-86,64,211,-49.59973519345981,15.246159499134633,30.5,-85.5,0.3033175355450237,-3.253260940650337
EOS,30,-85,159,542,-1.261353015147592,18.338655185491632,30.5,-84.5,0.2933579335793358,-0.06878110757791518
EOS,30,-84,109,280,11.229431082053615,6.979740757144125,30.5,-83.5,0.3892857142857143,1.6088607690134784
EOS,30,-83,595,1848,-522.2703325548047,254.6900772094503,30.5,-82.5,0.32196969696969696,-2.05061123023377
EOS,30,-82,169,697,-7.865552789306839,13.641200159007582,30.5,-81.5,0.242467718794835,-0.5766026960694541
EOS,30,-10,97,128,-6.072603583816335,2.0554511119016294,30.5,-9.5,0.7578125,-2.954389695115726
EOS,30,-8,989,2591,-984.1554856365855,101.4394721583531,30.5,-7.5,0.38170590505596297,-9.701898725382362
EOS,30,-7,449,1152,-253.1816250004155,24.75654328505222,30.5,-6.5,0.3897569444444444,-10.226856879218849
EOS,30,-6,24,51,11.339829686765796,0.5215963066558873,30.5,-5.5,0.47058823529411764,21.74062496620978
EOS,30,27,6,24,115.42412320236956,1.6888440269648157,30.5,27.5,0.25,68.34504629169892
EOS,30,30,1,2,-6.189966355848904,0.5627242141680822,30.5,30.5,0.5,-11.0
EOS,30,31,9,31,169.64911846543365,7.880332614901027,30.5,31.5,0.2903225806451613,21.528167243174718
EOS,30,32,14,45,-196.94095856349907,7.857181344730838,30.5,32.5,0.3111111111111111,-25.06509012873568
EOS,30,35,5,14,-15.115178737299285,2.1187708464132706,30.5,35.5,0.35714285714285715,-7.133937472703472
EOS,30,46,13,39,-148.77347643788457,2.771791454205885,30.5,46.5,0.3333333333333333,-53.674123358789274
EOS,30,47,4,54,0.4562068516096851,1.3820808421428457,30.5,47.5,0.07407407407407407,0.330086951283081
EOS,30,48,11,31,-0.8039926919343967,0.17836024154849828,30.5,48.5,0.3548387096774194,-4.507690082465949
EOS,30,49,1,7,-1.1105826942141308,0.1448586122887996,30.5,49.5,0.14285714285714285,-7.6666666666666705
EOS,30,50,26,84,-23.232385644677795,3.970806925152173,30.5,50.5,0.30952380952380953,-5.850797100588682
EOS,30,51,103,372,-0.3250766335068106,0.8787833926114361,30.5,51.5,0.2768817204301075,-0.3699166782622016
EOS,30,61,8,13,-2.7166084177567407,0.5439780001350333,30.5,61.5,0.6153846153846154,-4.993967434496228
EOS,30,67,213,544,-76.38390039198629,4.575238660375198,30.5,67.5,0.3915441176470588,-16.69506359384591
EOS,30,70,8,14,2.9912980126008852,0.4625558799375922,30.5,70.5,0.5714285714285714,6.4668900393277235
EOS,30,71,24,73,-20.429617757330394,5.554642371381397,30.5,71.5,0.3287671232876712,-3.6779357502091905
EOS,30,75,2,2,0.0,0.007694512925631836,30.5,75.5,1.0,0.0
EOS,30,76,23,74,-2.8907459680335905,0.503529494058636,30.5,76.5,0.3108108108108108,-5.740966521609483
EOS,30,77,34,92,0.7043601045905622,0.6660604767114048,30.5,77.5,0.3695652173913043,1.0575017272729608
EOS,30,78,57,193,0.7557619696858136,9.894225981137868,30.5,78.5,0.29533678756476683,0.07638414274411978
EOS,30,79,13,158,2.919656723979294,1.1626770526530776,30.5,79.5,0.08227848101265822,2.51115020918063
EOS,30,102,271,1211,2.852158031296261,0.9450806279532723,30.5,102.5,0.22378199834847234,3.017899157951294
EOS,30,103,276,962,4.335373547807626,2.5753147502945777,30.5,103.5,0.2869022869022869,1.6834344412898359
EOS,30,104,65,177,2.2015979890281097,0.4962127824666046,30.5,104.5,0.3672316384180791,4.4368022485923735
EOS,30,106,2,3,0.0012116638640102817,5.910555434196496e-05,30.5,106.5,0.6666666666666666,20.5
EOS,30,107,7,19,2.1231163511510385,0.2377119493565356,30.5,107.5,0.3684210526315789,8.931466663321382
EOS,30,108,20,91,23.81079737697962,6.0111321922135295,30.5,108.5,0.21978021978021978,3.961116910358874
EOS,30,109,14,56,0.15590105390709544,0.1460827218035985,30.5,109.5,0.25,1.0672107692290758
EOS,30,110,2,12,0.0255169929090896,0.0017239898570113876,30.5,110.5,0.16666666666666666,14.801127051480705
EOS,30,111,47,115,-5.445911853631228,0.72483027078409,30.5,111.5,0.40869565217391307,-7.513361504259578
EOS,30,112,40,91,-0.03989158168636692,0.4977522493807063,30.5,112.5,0.43956043956043955,-0.08014344834402909
EOS,30,113,87,226,-2.742695277900844,1.3706885748324464,30.5,113.5,0.38495575221238937,-2.000961654062165
EOS,30,114,51,144,-3.5645848542725473,0.7417824362032338,30.5,114.5,0.3541666666666667,-4.805431728092199
EOS,30,115,44,114,-0.3165052679363772,0.3775715744162701,30.5,115.5,0.38596491228070173,-0.8382656147399281
EOS,30,116,6,18,-0.002935882651817092,0.0014479228816981493,30.5,116.5,0.3333333333333333,-2.027651257485369
EOS,30,117,85,230,-23.91032010422266,7.846757110259676,30.5,117.5,0.3695652173913043,-3.0471594530382227
EOS,30,118,94,266,-14.457594620922915,4.503832151301178,30.5,118.5,0.3533834586466165,-3.2100651479087756
EOS,30,119,127,333,-16.2941491715865,22.793165758961052,30.5,119.5,0.3813813813813814,-0.714869945838064
EOS,30,120,155,369,5.630086275551218,2.71919126104563,30.5,120.5,0.42005420054200543,2.070500283009236
EOS,30,121,29,101,5.794424779306072,4.368982357842028,30.5,121.5,0.2871287128712871,1.3262641742888872
EOS,30,122,2,18,-0.0033176585040209307,0.00034832917260896323,30.5,122.5,0.1111111111111111,-9.524492247295512
EOS,30,130,0,66,0.0,0.0,30.5,130.5,0.0,
EOS,31,-117,44,97,-0.2809272408786936,0.21650921238578025,31.5,-116.5,0.4536082474226804,-1.2975301964432444
EOS,31,-116,24,52,1.3263493729044709,0.10675169412793042,31.5,-115.5,0.46153846153846156,12.424621302168598
EOS,31,-114,508,926,354.3336709807006,85.42129328260378,31.5,-113.5,0.5485961123110151,4.148071954476734
EOS,31,-113,176,300,145.3694026426652,32.9431057809184,31.5,-112.5,0.5866666666666667,4.41274127610844
EOS,31,-112,235,519,263.2349265726426,37.349594167421756,31.5,-111.5,0.4527938342967245,7.047865778478785
EOS,31,-111,268,756,73.59093250715894,49.26700707740881,31.5,-110.5,0.3544973544973545,1.493716319960986
EOS,31,-110,194,571,17.706256301884377,6.187865271212369,31.5,-109.5,0.3397548161120841,2.8614482581349487
EOS,31,-109,484,1274,-6.158295678253744,4.541767919457845,31.5,-108.5,0.37990580847723704,-1.355924782477407
EOS,31,-108,172,404,-169.09228989566788,16.426360993722586,31.5,-107.5,0.42574257425742573,-10.293959201328116
EOS,31,-107,154,373,-156.58615530025804,94.67628509282214,31.5,-106.5,0.4128686327077748,-1.6539110628045712
EOS,31,-105,87,269,-15.521286536023545,7.152962996133582,31.5,-104.5,0.32342007434944237,-2.1699100840327743
EOS,31,-104,28,70,7.479791993199129,8.77322678309578,31.5,-103.5,0.4,0.8525702319255173
EOS,31,-103,227,513,-331.8067258174451,140.55948583231554,31.5,-102.5,0.442495126705653,-2.360614254190453
EOS,31,-101,58,181,30.14668965892252,5.042643789833996,31.5,-100.5,0.32044198895027626,5.978350031326513
EOS,31,-100,58,139,-42.32086689394934,10.9127802819936,31.5,-99.5,0.4172661870503597,-3.8781012537913906
EOS,31,-99,63,161,-26.147987999095264,7.271751971835351,31.5,-98.5,0.391304347826087,-3.595830564679677
EOS,31,-98,394,958,8.325078897406913,22.60860455668766,31.5,-97.5,0.4112734864300626,0.3682261272044913
EOS,31,-97,110,247,-150.0591556215347,24.202696673113312,31.5,-96.5,0.44534412955465585,-6.200100660197707
EOS,31,-96,86,184,-90.08501545619556,11.250677696603082,31.5,-95.5,0.4673913043478261,-8.007074585684286
EOS,31,-95,141,349,-61.32789392124526,11.795254079196237,31.5,-94.5,0.4040114613180516,-5.199370315338245
EOS,31,-94,67,177,-22.94997696862949,6.220338021602452,31.5,-93.5,0.3785310734463277,-3.6895064044634074
EOS,31,-93,96,233,-83.89288298728053,27.74453086374294,31.5,-92.5,0.41201716738197425,-3.023762895804206
EOS,31,-92,141,375,-203.89774987933913,69.63139322195457,31.5,-91.5,0.376,-2.9282445811388818
EOS,31,-91,64,184,-13.559168998553309,3.094968368430285,31.5,-90.5,0.34782608695652173,-4.381036374026106
EOS,31,-90,126,470,-101.86770149455212,18.994860685191018,31.5,-89.5,0.2680851063829787,-5.362908587898796
EOS,31,-89,87,287,-11.751532750492265,17.226054437155895,31.5,-88.5,0.30313588850174217,-0.6821952637711797
EOS,31,-88,107,330,16.031157706406816,41.06864349070116,31.5,-87.5,0.3242424242424242,0.39035030972076346
EOS,31,-87,41,141,9.367327545436732,6.160094673728161,31.5,-86.5,0.2907801418439716,1.5206466850886102
EOS,31,-86,134,458,-16.212429922768884,4.183807359187261,31.5,-85.5,0.2925764192139738,-3.875042163967674
EOS,31,-85,174,475,-73.46908518113268,42.55221760968427,31.5,-84.5,0.3663157894736842,-1.7265630161754997
EOS,31,-84,159,413,-1.2366554869968647,12.535300401990545,31.5,-83.5,0.38498789346246975,-0.09865383735043874
EOS,31,-83,301,902,27.55217992099722,69.75042876750497,31.5,-82.5,0.33370288248337027,0.3950109039879208
EOS,31,-82,252,951,6.559149988815899,47.025482911118004,31.5,-81.5,0.26498422712933756,0.13948075772476864
EOS,31,-9,67,116,76.47510938964902,5.1874806791321735,31.5,-8.5,0.5775862068965517,14.742244669418746
EOS,31,-8,381,1465,-773.8639809408255,32.41171697469764,31.5,-7.5,0.2600682593856655,-23.876056351625742
EOS,31,-7,566,2123,-142.7105626345216,41.08437949464036,31.5,-6.5,0.26660386245878476,-3.473596641593159
EOS,31,-6,927,3100,-190.4395885662835,18.71317974517897,31.5,-5.5,0.2990322580645161,-10.176762643203167
EOS,31,-5,40,126,54.69365890056481,1.1934864469796813,31.5,-4.5,0.31746031746031744,45.82679513368278
EOS,31,16,4,8,-0.6488768669372958,0.09462787642835568,31.5,16.5,0.5,-6.857142857142854
EOS,31,29,4,18,7.379816615648821,0.6820980534965884,31.5,29.5,0.2222222222222222,10.819289950789651
EOS,31,30,2,15,0.025319020453912176,0.0003204826454542564,31.5,30.5,0.13333333333333333,79.00278162652039
EOS,31,31,3,7,0.0056736625986676895,0.0035215836819316726,31.5,31.5,0.42857142857142855,1.6111111111111096
EOS,31,34,211,611,-91.49334714439537,18.834872782448272,31.5,34.5,0.3453355155482815,-4.857656762601319
EOS,31,35,660,1779,-740.5703164288683,128.1373134256034,31.5,35.5,0.37099494097807756,-5.779505568132922
EOS,31,36,63,166,-104.21517179273526,8.35686302447475,31.5,36.5,0.3795180722891566,-12.470609065569247
EOS,31,37,2,3,0.6612720963697029,0.20346833734452396,31.5,37.5,0.6666666666666666,3.25
EOS,31,44,5,35,-38.64578734436901,1.3457844557406091,31.5,44.5,0.14285714285714285,-28.71617901330384
EOS,31,45,15,22,-7.105821862672968,6.014277028204978,31.5,45.5,0.6818181818181818,-1.1814922773508778
EOS,31,46,19,58,-45.44708870543152,4.2668433591319745,31.5,46.5,0.3275862068965517,-10.651220323840771
EOS,31,47,88,278,-41.73729718218644,22.239170737716808,31.5,47.5,0.31654676258992803,-1.8767470097885228
EOS,31,48,30,92,-2.518240253461586,0.8115533278098626,31.5,48.5,0.32608695652173914,-3.1029880196013195
EOS,31,49,4,17,-0.5743664963642529,0.041970735678031446,31.5,49.5,0.23529411764705882,-13.68492801199315
EOS,31,50,151,398,-2.1083091875350486,2.959035846315482,31.5,50.5,0.3793969849246231,-0.7124986978985951
EOS,31,51,142,430,0.56935014275474,2.677426528098305,31.5,51.5,0.3302325581395349,0.2126482787780295
EOS,31,61,3,8,5.740252039561497,0.2103757291985889,31.5,61.5,0.375,27.285714285714285
EOS,31,70,9,21,-73.02996033605702,1.167871593441304,31.5,70.5,0.42857142857142855,-62.53252561856016
EOS,31,71,12,30,-1.0500162978130128,0.13887786135611702,31.5,71.5,0.4,-7.560717651897825
EOS,31,72,13,39,2.3289190461458693,1.2963493125924201,31.5,72.5,0.3333333333333333,1.7965212181032684
EOS,31,74,5,12,-0.23667168432304087,0.009707309022460864,31.5,74.5,0.4166666666666667,-24.380771620170705
EOS,31,75,8,18,-0.02719412347169431,0.009985207045788869,31.5,75.5,0.4444444444444444,-2.7234411211496186
EOS,31,92,10,48,2.595779134515375,9.038959506687599,31.5,92.5,0.20833333333333334,0.2871767632762214
EOS,31,102,19,125,0.46019280783273636,0.4558329288354573,31.5,102.5,0.152,1.00956464248517
EOS,31,103,171,784,9.711577767833472,4.232150763495577,31.5,103.5,0.2181122448979592,2.2947145105511604
EOS,31,104,49,144,-0.7580428336054723,0.4374470153510338,31.5,104.5,0.3402777777777778,-1.7328791990892272
EOS,31,105,15,41,1.5689747916109478,0.1635947616999095,31.5,105.5,0.36585365853658536,9.590617543665616
EOS,31,106,16,66,2.451275598159721,0.4177643313691024,31.5,106.5,0.24242424242424243,5.867603847667824
EOS,31,107,46,137,-8.248932016059117,3.192267504203498,31.5,107.5,0.3357664233576642,-2.5840353307475423
EOS,31,109,21,45,2.131464412886184,0.47047257655847674,31.5,109.5,0.4666666666666667,4.530475354117174
EOS,31,110,162,744,0.04305483589395551,0.11943253395925706,31.5,110.5,0.21774193548387097,0.360495038216665
EOS,31,111,23,69,-0.6201546782891302,0.3322689806326661,31.5,111.5,0.3333333333333333,-1.8664236339736175
EOS,31,112,23,55,-0.11857902384180216,0.13946617522886995,31.5,112.5,0.41818181818181815,-0.85023500248149
EOS,31,113,10,26,0.19164702325140484,0.011707689867989313,31.5,113.5,0.38461538461538464,16.36932865598006
EOS,31,114,21,56,0.18235700964663776,0.10977722085292607,31.5,114.5,0.375,1.6611552763842545
EOS,31,115,23,46,-0.7137838206643696,0.30170138924481604,31.5,115.5,0.5,-2.3658618956015767
EOS,31,117,31,70,-0.13377022019109358,0.25667565362447575,31.5,117.5,0.44285714285714284,-0.5211644279546803
EOS,31,118,65,173,2.270601790074233,0.6535833473283548,31.5,118.5,0.37572254335260113,3.474081460850779
EOS,31,119,117,430,1.9672638942180136,1.2684780911815694,31.5,119.5,0.27209302325581397,1.5508851969098931
EOS,31,120,36,113,-0.6322363679993124,0.20426953719153496,31.5,120.5,0.3185840707964602,-3.095108437076895
EOS,31,121,8,23,-0.01313562326615605,0.0056950309249832465,31.5,121.5,0.34782608695652173,-2.3065060469701826
EOS,31,130,23,110,3.8160419439250126,2.6422327790411315,31.5,130.5,0.20909090909090908,1.444248960271342
EOS,31,131,12,85,76.50622368017405,3.4684204121676077,31.5,131.5,0.1411764705882353,22.057944132660975
EOS,32,-118,103,215,-1.819313542203687,2.5990929394002196,32.5,-117.5,0.4790697674418605,-0.6999801794788921
EOS,32,-117,270,566,-492.3946471457541,90.11723901869375,32.5,-116.5,0.47703180212014135,-5.463934009824832
EOS,32,-116,15,42,-93.28393852662879,12.862301562859258,32.5,-115.5,0.35714285714285715,-7.252507498035367
EOS,32,-115,78,134,69.36394482354402,5.003523469015845,32.5,-114.5,0.582089552238806,13.863019780576222
EOS,32,-114,697,1142,1133.366851667431,130.54075651906865,32.5,-113.5,0.6103327495621717,8.682091952652927
EOS,32,-113,450,753,528.7774278362979,26.47301024198829,32.5,-112.5,0.5976095617529881,19.974208561957
EOS,32,-112,564,964,-100.59873481542863,46.8369138650103,32.5,-111.5,0.5850622406639004,-2.1478514811066853
EOS,32,-111,514,1386,-2477.679979266452,89.77709196836025,32.5,-110.5,0.3708513708513709,-27.598131382331363
EOS,32,-110,149,404,-17.93810148326979,1.112641209710736,32.5,-109.5,0.3688118811881188,-16.122089786637805
EOS,32,-109,119,294,235.76603364599788,44.625030658820386,32.5,-108.5,0.40476190476190477,5.283268832878604
EOS,32,-108,606,1378,-463.6642234769171,52.174964657559975,32.5,-107.5,0.4397677793904209,-8.886718496506614
EOS,32,-107,333,754,-253.00722651914265,64.82422126754139,32.5,-106.5,0.4416445623342175,-3.90297363503891
EOS,32,-106,71,185,166.50470597278562,33.879352728703736,32.5,-105.5,0.3837837837837838,4.914636572490276
EOS,32,-105,140,377,-59.59733354876865,16.43183990884865,32.5,-104.5,0.3713527851458886,-3.6269421975487424
EOS,32,-104,108,259,-129.94273209644055,48.34564855192043,32.5,-103.5,0.416988416988417,-2.6877854778779016
EOS,32,-103,114,257,-142.86646668342834,41.65804289507686,32.5,-102.5,0.44357976653696496,-3.4295050068305604
EOS,32,-102,132,331,374.33199535352037,54.79668212007807,32.5,-101.5,0.3987915407854985,6.8312894297729985
EOS,32,-101,117,340,187.6918386911219,23.096829343173614,32.5,-100.5,0.34411764705882353,8.126303221207943
EOS,32,-100,82,228,-33.35544628116402,5.618242030358415,32.5,-99.5,0.35964912280701755,-5.936989916227606
EOS,32,-99,104,300,-23.247523739805004,6.169369667189147,32.5,-98.5,0.3466666666666667,-3.768217013067545
EOS,32,-98,617,1819,19.25767629736539,22.058257605241245,32.5,-97.5,0.33919736118746563,0.8730370567795703
EOS,32,-97,524,1453,-44.448435995625196,11.635473029449912,32.5,-96.5,0.3606331727460427,-3.820079844035922
EOS,32,-96,169,420,-26.256755768777502,4.806404855797864,32.5,-95.5,0.4023809523809524,-5.462868101322038
EOS,32,-95,340,751,-119.99246089862316,21.582210862512234,32.5,-94.5,0.45272969374167776,-5.559785402108507
EOS,32,-94,113,346,-29.526753524959762,2.069167053321545,32.5,-93.5,0.3265895953757225,-14.26987418805153
EOS,32,-93,139,361,7.1460001778238516,45.59189323587005,32.5,-92.5,0.3850415512465374,0.1567383951540235
EOS,32,-92,132,350,-231.58241684669892,69.4245347439797,32.5,-91.5,0.37714285714285717,-3.3357431591110673
EOS,32,-91,400,1068,-306.2347852923271,155.30752007474769,32.5,-90.5,0.37453183520599254,-1.9717962475026316
EOS,32,-90,100,252,-68.24587279673084,10.770856270560648,32.5,-89.5,0.3968253968253968,-6.33616038339155
EOS,32,-89,56,141,-9.02035977187867,2.654753494847354,32.5,-88.5,0.3971631205673759,-3.3978144446881435
EOS,32,-88,45,118,22.889858468337195,13.35633742959591,32.5,-87.5,0.3813559322033898,1.7137825836607152
EOS,32,-87,227,698,-42.30285308535683,27.376246433723136,32.5,-86.5,0.32521489971346706,-1.5452393441800156
EOS,32,-86,119,480,-67.89379051497482,20.910572234404878,32.5,-85.5,0.24791666666666667,-3.2468643016505716
EOS,32,-85,158,463,-44.31195259959818,11.765002392024776,32.5,-84.5,0.3412526997840173,-3.7664210446430704
EOS,32,-84,322,882,-95.2011211412773,30.774629501912322,32.5,-83.5,0.36507936507936506,-3.0934936563691706
EOS,32,-83,223,756,-31.367932637641683,21.895965737145215,32.5,-82.5,0.294973544973545,-1.4325895927224546
EOS,32,-82,346,1319,-39.01868977531128,51.68216497827701,32.5,-81.5,0.2623199393479909,-0.7549739797415912
EOS,32,-81,128,727,-23.402151794718115,20.91832430054781,32.5,-80.5,0.17606602475928473,-1.1187393147980433
EOS,32,-80,12,189,2.6839948156628637,0.7566077172472923,32.5,-79.5,0.06349206349206349,3.5474060791077258
EOS,32,-17,7,22,48.91142049467676,2.709818303263628,32.5,-16.5,0.3181818181818182,18.04970482182117
EOS,32,-9,4,5,0.1487419263983944,0.025051271814466425,32.5,-8.5,0.8,5.9375
EOS,32,-8,43,85,-1.2048889196362644,1.7225782774285971,32.5,-7.5,0.5058823529411764,-0.6994683117883498
EOS,32,-7,10,15,0.7858958482955076,0.1779152596654867,32.5,-6.5,0.6666666666666666,4.4172481313471135
EOS,32,-6,201,625,-146.46831904471043,13.184099346728532,32.5,-5.5,0.3216,-11.109467184123934
EOS,32,-5,230,939,45.6142756311189,6.124425757293247,32.5,-4.5,0.24494142705005326,7.447926946750775
EOS,32,-4,10,55,-0.9630589173843909,0.4265280092042135,32.5,-3.5,0.18181818181818182,-2.2579031074212446
EOS,32,12,19,42,-53.79765762808083,0.6307778195833941,32.5,12.5,0.4523809523809524,-85.2878080963789
EOS,32,13,39,74,-75.40729033131356,3.9057896709397735,32.5,13.5,0.527027027027027,-19.306541489513894
EOS,32,14,60,123,-10.212479595616443,0.7952213766814047,32.5,14.5,0.4878048780487805,-12.842310198243002
EOS,32,15,26,58,-0.5704143277437137,0.2234448224200083,32.5,15.5,0.4482758620689655,-2.5528196248445996
EOS,32,20,49,100,-0.024023166155396805,0.8335418716640967,32.5,20.5,0.49,-0.028820587149913132
EOS,32,21,3,9,-1.801378861871048,0.04390495443363851,32.5,21.5,0.3333333333333333,-41.02905663172473
EOS,32,22,7,14,-0.27352027051978445,0.26063678942428525,32.5,22.5,0.5,-1.0494307849784261
EOS,32,34,46,128,-0.5113548118067803,0.09264382225724188,32.5,34.5,0.359375,-5.519578093258217
EOS,32,35,373,897,-332.86844291951786,19.32763091181563,32.5,35.5,0.4158305462653289,-17.22241305405021
EOS,32,36,278,612,-121.04501897766201,28.69256986473078,32.5,36.5,0.4542483660130719,-4.218688655227494
EOS,32,44,35,89,180.85915653741407,5.488908439061851,32.5,44.5,0.39325842696629215,32.94993140172074
EOS,32,45,147,354,-99.04422995832283,23.428541548363484,32.5,45.5,0.4152542372881356,-4.227503011822826
EOS,32,46,35,88,74.14206044941598,8.381152547898111,32.5,46.5,0.3977272727272727,8.846284568344945
EOS,32,48,20,74,-57.01529876012512,9.122650834718778,32.5,48.5,0.2702702702702703,-6.249860900423546
EOS,32,50,44,114,-6.255792815742934,26.699967308414497,32.5,50.5,0.38596491228070173,-0.23429964327227548
EOS,32,51,23,58,200.56742143159718,13.224770347840346,32.5,51.5,0.39655172413793105,15.166041916512416
EOS,32,52,4,10,-11.59419002200731,0.7254417500348346,32.5,52.5,0.4,-15.982248087390305
EOS,32,70,16,41,4.477693648940749,0.7093356423583943,32.5,70.5,0.3902439024390244,6.312517490384867
EOS,32,71,46,111,518.9087544335198,40.40085574457809,32.5,71.5,0.4144144144144144,12.844004040759925
EOS,32,72,136,276,-125.32974167322747,18.15931551268837,32.5,72.5,0.4927536231884058,-6.90167763127726
EOS,32,73,41,67,0.5782881899061014,0.47052390928268906,32.5,73.5,0.6119402985074627,1.2290304031259502
EOS,32,74,7,21,-0.04930871140589748,0.02646444271114412,32.5,74.5,0.3333333333333333,-1.8632061118420487
EOS,32,97,8,24,-21.71100023921826,7.902303910853474,32.5,97.5,0.3333333333333333,-2.7474266345792064
EOS,32,103,91,566,0.32921968655989453,0.7135482346937759,32.5,103.5,0.1607773851590106,0.46138392690605057
EOS,32,104,299,1652,-3.4802399715925936,1.2251706306725418,32.5,104.5,0.18099273607748184,-2.8406165512489965
EOS,32,105,137,868,-4.772034566563787,8.933779341449256,32.5,105.5,0.1578341013824885,-0.5341563054309395
EOS,32,108,14,43,0.23875927410633754,0.10163546051303485,32.5,108.5,0.32558139534883723,2.3491729451623473
EOS,32,109,6,19,0.0034349669365991813,0.0007497729286538579,32.5,109.5,0.3157894736842105,4.581342971086353
EOS,32,110,77,233,-1.6651898492670003,7.732262562633678,32.5,110.5,0.33047210300429186,-0.21535609218885884
EOS,32,111,58,209,-2.6397684072112493,7.417716797431965,32.5,111.5,0.27751196172248804,-0.3558734418285077
EOS,32,112,4,6,-0.014028740695998996,0.007793744831110505,32.5,112.5,0.6666666666666666,-1.8000000000000111
EOS,32,113,19,56,-1.2405088890765745,1.1182746457940675,32.5,113.5,0.3392857142857143,-1.1093061027022664
EOS,32,114,21,62,-0.16055440217409822,0.20514515329288308,32.5,114.5,0.3387096774193548,-0.7826380472410029
EOS,32,116,21,42,-0.1508011768701768,0.10144286760306942,32.5,116.5,0.5,-1.48656263799875
EOS,32,117,1,2,-0.012700881131022967,0.003175220282755742,32.5,117.5,0.5,-4.0
EOS,32,118,16,36,-0.16949043788155085,0.09938381817337139,32.5,118.5,0.4444444444444444,-1.7054128226979675
EOS,32,119,6,17,0.09902929194037643,0.019950474361497883,32.5,119.5,0.35294117647058826,4.96375625691846
EOS,32,120,5,21,0.1645202923314812,0.1866566222231414,32.5,120.5,0.23809523809523808,0.8814061369588216
EOS,32,129,13,68,7.79801831041647,4.168091749453041,32.5,129.5,0.19117647058823528,1.870884514823784
EOS,32,130,112,586,32.72307957915323,4.854166617272861,32.5,130.5,0.19112627986348124,6.741235346704584
EOS,32,131,188,865,10.274331632211616,5.868857906672183,32.5,131.5,0.21734104046242775,1.7506526475161277
EOS,33,-118,706,1484,-302.1938280527297,102.67786788829794,33.5,-117.5,0.4757412398921833,-2.943125273905014
EOS,33,-117,655,1245,-183.21408008232603,105.63983260051222,33.5,-116.5,0.5261044176706827,-1.734327625973895
EOS,33,-116,263,447,255.78162998136307,16.38963665291215,33.5,-115.5,0.5883668903803132,15.60630265320221
EOS,33,-115,566,931,509.88857762955547,44.11045081827752,33.5,-114.5,0.6079484425349087,11.559359928787648
EOS,33,-114,813,1339,720.1118133372781,43.04798411426114,33.5,-113.5,0.6071695294996265,16.72811928720992
EOS,33,-113,451,849,1359.036890927846,110.21781468530422,33.5,-112.5,0.5312131919905771,12.330464860042737
EOS,33,-112,683,1430,1156.0926822804727,131.93151015651813,33.5,-111.5,0.47762237762237764,8.762824596708791
EOS,33,-111,180,465,-506.3794143740524,89.83211676361961,33.5,-110.5,0.3870967741935484,-5.636952936403776
EOS,33,-110,239,880,-448.0019396439725,31.222895751251528,33.5,-109.5,0.2715909090909091,-14.348507044738634
EOS,33,-109,713,2183,-23.22447262789917,6.228889817803376,33.5,-108.5,0.3266147503435639,-3.7285091416321285
EOS,33,-108,270,911,3.8032530121850927,1.5455416984634933,33.5,-107.5,0.29637760702524696,2.4607896480348037
EOS,33,-107,147,349,2.285403642851767,1.7975191042404897,33.5,-106.5,0.42120343839541546,1.2714210588695938
EOS,33,-106,155,491,18.852129139007893,3.202037759353766,33.5,-105.5,0.31568228105906315,5.887541170911308
EOS,33,-105,54,120,-65.3509262314428,13.909622340204763,33.5,-104.5,0.45,-4.6982530965309275
EOS,33,-104,7,24,-2.73791334742147,0.6163052735190837,33.5,-103.5,0.2916666666666667,-4.442462956365879
EOS,33,-103,29,63,-12.322323271354406,8.869936056980034,33.5,-102.5,0.4603174603174603,-1.389223461386464
EOS,33,-102,123,250,-53.03399915482195,17.559777654957763,33.5,-101.5,0.492,-3.020197646970121
EOS,33,-99,135,368,-24.930902713500167,2.9557136079522506,33.5,-98.5,0.36684782608695654,-8.434816771971544
EOS,33,-98,321,916,-82.00548327928226,26.359994622352193,33.5,-97.5,0.35043668122270744,-3.110982549660499
EOS,33,-97,391,1101,-158.47659145402957,11.677834612142421,33.5,-96.5,0.35513169845594916,-13.570717236331486
EOS,33,-96,103,287,-28.799396138733186,3.268793901548385,33.5,-95.5,0.3588850174216028,-8.81040438954909
EOS,33,-95,184,435,-16.230369100463054,17.88577079255392,33.5,-94.5,0.42298850574712643,-0.9074458847040558
EOS,33,-94,128,281,-157.7541700930151,40.56705666596048,33.5,-93.5,0.4555160142348754,-3.8887260515842517
EOS,33,-93,225,560,17.0431401879479,44.596246585767325,33.5,-92.5,0.4017857142857143,0.3821653500630507
EOS,33,-92,163,445,18.483739878203632,93.32944148935228,33.5,-91.5,0.36629213483146067,0.19804832840784112
EOS,33,-91,29,81,-32.27272671107754,17.725573248294346,33.5,-90.5,0.35802469135802467,-1.8206873345652166
EOS,33,-90,112,281,-15.973782298850022,8.259803377914045,33.5,-89.5,0.398576512455516,-1.9339179842419068
EOS,33,-89,216,611,-44.07582603099199,25.124403081681173,33.5,-88.5,0.353518821603928,-1.7543034112173106
EOS,33,-88,156,469,-91.97409401091697,21.404686321198085,33.5,-87.5,0.3326226012793177,-4.296913892161579
EOS,33,-87,433,1496,-160.5442238710355,38.05917298517452,33.5,-86.5,0.2894385026737968,-4.218279360236585
EOS,33,-86,187,684,-23.188267792754107,12.15154698839924,33.5,-85.5,0.2733918128654971,-1.908256439685526
EOS,33,-85,500,1771,19.977291214508433,28.744439091979658,33.5,-84.5,0.282326369282891,0.694996731388039
EOS,33,-84,305,935,-23.562788427481237,30.90162791416154,33.5,-83.5,0.32620320855614976,-0.7625096157695603
EOS,33,-83,306,906,-28.947433618123043,31.91980963438066,33.5,-82.5,0.33774834437086093,-0.906879895265538
EOS,33,-82,1030,3151,49.59165887883434,203.71825118278466,33.5,-81.5,0.3268803554427166,0.2434325770563316
EOS,33,-81,559,1816,-58.60530001166715,44.565118641934134,33.5,-80.5,0.30781938325991187,-1.3150486702961837
EOS,33,-80,257,1012,-30.40498268774749,12.79838808500494,33.5,-79.5,0.25395256916996045,-2.375688444966838
EOS,33,-79,10,439,-3.3168004009806697,1.2921239369305404,33.5,-78.5,0.022779043280182234,-2.5669367358519635
EOS,33,-7,12,20,-44.00956309912629,4.003584695990929,33.5,-6.5,0.6,-10.992539546670804
EOS,33,-6,9,24,-0.7261370950662851,0.19986057680396563,33.5,-5.5,0.375,-3.633218249832836
EOS,33,-5,11,39,-40.775361068149806,4.420078364444321,33.5,-4.5,0.28205128205128205,-9.225031256493562
EOS,33,-1,1,5,-7.510203966126255,0.3413729075511934,33.5,-0.5,0.2,-22.0
EOS,33,1,5,13,-12.448530275605421,4.771262523743701,33.5,1.5,0.38461538461538464,-2.6090642075669868
EOS,33,6,6,12,-312.79797905755913,5.5031930109445515,33.5,6.5,0.5,-56.83936188236135
EOS,33,10,14,37,6.294550514304166,1.3817297954811207,33.5,10.5,0.3783783783783784,4.555558210360798
EOS,33,35,168,352,131.59717991491286,24.498585800313208,33.5,35.5,0.4772727272727273,5.371623529111236
EOS,33,36,291,633,-169.92477035145814,59.10257295841156,33.5,36.5,0.4597156398104265,-2.875082451503902
EOS,33,43,4,9,18.256708311893963,0.2461605948855774,33.5,43.5,0.4444444444444444,74.16584413268993
EOS,33,44,113,242,176.55765582783167,11.887578868211278,33.5,44.5,0.4669421487603306,14.852280500949329
EOS,33,46,65,253,-155.97480842262365,28.233313119869514,33.5,46.5,0.25691699604743085,-5.524495398765461
EOS,33,47,99,283,-100.37463656536062,23.238355232375046,33.5,47.5,0.3498233215547703,-4.319352017888142
EOS,33,48,143,472,-40.71795920260318,24.82961769774552,33.5,48.5,0.3029661016949153,-1.6398947296840698
EOS,33,49,283,895,-176.98452557016833,38.82763249959938,33.5,49.5,0.31620111731843575,-4.558210588090696
EOS,33,50,202,474,31.113232029829575,9.472739382187106,33.5,50.5,0.42616033755274263,3.2845020616038547
EOS,33,70,319,891,202.7007169755285,85.04344092375746,33.5,70.5,0.35802469135802467,2.383496184699915
EOS,33,71,156,342,52.61691491794479,24.156292475687085,33.5,71.5,0.45614035087719296,2.1781866969404704
EOS,33,72,128,260,-52.451876857275046,39.61950225754041,33.5,72.5,0.49230769230769234,-1.3238903537030773
EOS,33,73,54,119,-0.14154745530125423,0.44221313842236065,33.5,73.5,0.453781512605042,-0.32008876037975453
EOS,33,74,10,24,-6.65727377513538,6.212828290398239,33.5,74.5,0.4166666666666667,-1.071536740428513
EOS,33,103,92,543,0.24645309980988414,0.1250674521425605,33.5,103.5,0.1694290976058932,1.9705614497444142
EOS,33,104,21,109,5.4238933341283975,2.5905904301028206,33.5,104.5,0.1926605504587156,2.0936900218198997
EOS,33,106,4,21,-6.706678879260103,3.7250112014368675,33.5,106.5,0.19047619047619047,-1.8004452917277407
EOS,33,107,4,11,-0.03872867064549282,0.015894358217407145,33.5,107.5,0.36363636363636365,-2.4366300366301075
EOS,33,109,13,67,-4.1550832426694875,2.465141398600467,33.5,109.5,0.19402985074626866,-1.6855354605737627
EOS,33,110,6,24,-2.342218792976462,0.48447358268980056,33.5,110.5,0.25,-4.834564518404591
EOS,33,111,12,47,-5.278485361308954,1.0994941640701765,33.5,111.5,0.2553191489361702,-4.8008307218009465
EOS,33,112,1,4,-0.09986295495704178,0.006657530330469452,33.5,112.5,0.25,-15.0
EOS,33,119,2,10,-0.030803696353583626,0.004588421355193217,33.5,119.5,0.2,-6.713353889942937
EOS,33,126,14,120,5.724899642123077,1.1868952941394322,33.5,126.5,0.11666666666666667,4.823424332703215
EOS,33,129,21,106,33.97612556342383,5.126876177643451,33.5,129.5,0.19811320754716982,6.627061857195237
EOS,33,130,271,875,39.95004810718448,29.792921944848263,33.5,130.5,0.3097142857142857,1.3409241356433172
EOS,33,131,219,805,45.23970686926823,30.37812324629733,33.5,131.5,0.2720496894409938,1.4892199397071813
EOS,33,132,21,135,0.17292039974311424,0.06545233954703956,33.5,132.5,0.15555555555555556,2.641928477114849
EOS,33,133,66,245,5.498496416805529,5.7725205732435425,33.5,133.5,0.2693877551020408,0.9525295487541171
EOS,33,134,21,62,-0.04866104557682825,0.03911239031031899,33.5,134.5,0.3387096774193548,-1.2441337691393934
EOS,33,135,2,24,-70.55013347670814,1.7676190903351159,33.5,135.5,0.08333333333333333,-39.91252066831481
EOS,34,-121,179,406,-492.6413037670185,54.26611885686603,34.5,-120.5,0.4408866995073892,-9.078248346199665
EOS,34,-120,747,1576,-854.0521014262923,134.31516482440173,34.5,-119.5,0.4739847715736041,-6.358567943856867
EOS,34,-119,822,1646,-653.6042487919808,140.3983404898833,34.5,-118.5,0.4993924665856622,-4.655355943036076
EOS,34,-118,486,914,-398.62939361920326,152.1266974873847,34.5,-117.5,0.5317286652078774,-2.6203776207806007
EOS,34,-117,560,1113,62.016758700261185,62.70516025311518,34.5,-116.5,0.5031446540880503,0.9890216124147486
EOS,34,-116,1046,1773,337.4834672457948,49.69920892049543,34.5,-115.5,0.589960518894529,6.790519901145151
EOS,34,-115,648,1215,736.3180090648137,59.13665404282713,34.5,-114.5,0.5333333333333333,12.451127325052372
EOS,34,-114,422,830,192.58081681859116,62.54651276312269,34.5,-113.5,0.5084337349397591,3.0790016630972983
EOS,34,-113,270,684,371.6240187018766,78.15374530888325,34.5,-112.5,0.39473684210526316,4.7550378709699075
EOS,34,-112,524,1277,-324.49928094313753,51.25211643078076,34.5,-111.5,0.41033672670321064,-6.331431822554966
EOS,34,-111,19,48,124.00365251820307,18.07748379003412,34.5,-110.5,0.3958333333333333,6.859563751154608
EOS,34,-110,129,261,-47.82104921140252,11.278527757577862,34.5,-109.5,0.4942528735632184,-4.240008114469756
EOS,34,-109,348,823,17.763789604882753,4.836678883152189,34.5,-108.5,0.42284325637910086,3.6727246182830378
EOS,34,-108,385,916,3.6247903814053863,14.3847999984863,34.5,-107.5,0.4203056768558952,0.2519875411397322
EOS,34,-107,455,1173,138.99964548140363,80.82345312663828,34.5,-106.5,0.3878942881500426,1.7197934523239429
EOS,34,-104,36,70,-17.98516488974989,4.520190876543961,34.5,-103.5,0.5142857142857142,-3.9788507567408193
EOS,34,-103,39,75,-13.033696682289168,17.504233422100402,34.5,-102.5,0.52,-0.7446025408820904
EOS,34,-102,29,80,-3.482702609866742,4.3378387411292145,34.5,-101.5,0.3625,-0.8028658550271821
EOS,34,-101,74,234,-300.29610613037505,24.584069569398764,34.5,-100.5,0.3162393162393162,-12.215069001601398
EOS,34,-100,47,153,14.34567298127402,9.275490728031686,34.5,-99.5,0.30718954248366015,1.5466214566868806
EOS,34,-99,189,531,-1326.2434135034293,74.30831049782962,34.5,-98.5,0.3559322033898305,-17.847847765858784
EOS,34,-98,128,371,-27.92346455175274,3.0789560717958757,34.5,-97.5,0.3450134770889488,-9.069133791007841
EOS,34,-97,100,235,-138.78967522785305,12.351329056816855,34.5,-96.5,0.425531914893617,-11.236821121792822
EOS,34,-96,238,553,-611.4117470075948,112.05405179456152,34.5,-95.5,0.43037974683544306,-5.45640016773824
EOS,34,-95,240,595,-103.51309036251344,59.70213350368092,34.5,-94.5,0.40336134453781514,-1.7338256488963055
EOS,34,-94,440,986,-288.37849202116905,115.01315089357038,34.5,-93.5,0.4462474645030426,-2.5073523312827555
EOS,34,-93,457,1096,-54.195735335952314,41.23824957227093,34.5,-92.5,0.416970802919708,-1.3142103726050036
EOS,34,-92,440,1060,-159.52466240677884,221.40650264418528,34.5,-91.5,0.41509433962264153,-0.7205057688081791
EOS,34,-91,22,56,-1.4163261233480355,1.4069846149544571,34.5,-90.5,0.39285714285714285,-1.0066393820474582
EOS,34,-90,201,491,-4.911267890748069,7.008721763677236,34.5,-89.5,0.4093686354378819,-0.7007366045262003
EOS,34,-89,186,492,-6.852725701357914,33.05341040030381,34.5,-88.5,0.3780487804878049,-0.20732280325587604
EOS,34,-88,170,427,-16.767827468405414,14.868079460266467,34.5,-87.5,0.3981264637002342,-1.1277735980101429
EOS,34,-87,354,945,-30.161630740733766,20.079398370961368,34.5,-86.5,0.3746031746031746,-1.5021182499348797
EOS,34,-86,311,977,31.690571787580268,46.960881873046525,34.5,-85.5,0.31832139201637666,0.6748291455269553
EOS,34,-85,568,1749,-18.288779582742052,34.543162690589355,34.5,-84.5,0.324757004002287,-0.5294471657548743
EOS,34,-84,355,1012,3.821544749468452,31.484346781978466,34.5,-83.5,0.35079051383399207,0.12137919760354982
EOS,34,-83,738,2408,32.544486596920905,105.33181159868259,34.5,-82.5,0.3064784053156146,0.3089711085661034
EOS,34,-82,354,1531,-18.17805270337673,58.155667023191214,34.5,-81.5,0.23122142390594383,-0.3125757752228638
EOS,34,-81,541,2196,-76.48031249009192,96.20218053957024,34.5,-80.5,0.24635701275045538,-0.7949956233958102
EOS,34,-80,691,2661,-135.7843556942454,52.38183722225263,34.5,-79.5,0.25967681322810976,-2.592203001932167
EOS,34,-79,252,1248,4.924159866708952,24.43330040516226,34.5,-78.5,0.20192307692307693,0.20153478183686463
EOS,34,-78,101,918,76.06740709622521,13.546136703488346,34.5,-77.5,0.11002178649237472,5.615431820988241
EOS,34,-77,6,138,1.9102683511327132,0.5324437748013662,34.5,-76.5,0.043478260869565216,3.5877372251095605
EOS,34,-7,13,24,-1.7684729960607874,0.18484182189244114,34.5,-6.5,0.5416666666666666,-9.567493860182012
EOS,34,-5,51,116,-14.682121776204372,8.571769932631435,34.5,-4.5,0.4396551724137931,-1.7128459923208799
EOS,34,-4,85,167,-252.85739089251754,22.06381528958591,34.5,-3.5,0.5089820359281437,-11.460275005649901
EOS,34,-3,59,137,33.253291584179166,12.02537986220253,34.5,-2.5,0.4306569343065693,2.7652591406861884
EOS,34,-2,84,196,0.05746276199727296,4.256940315174972,34.5,-1.5,0.42857142857142855,0.013498606450372815
EOS,34,0,27,52,-2.296435929217275,0.5344922382588606,34.5,0.5,0.5192307692307693,-4.2964813421763575
EOS,34,2,41,93,243.06841230311647,23.668313561424533,34.5,2.5,0.44086021505376344,10.269781650150103
EOS,34,3,70,149,156.3733750918953,35.37647752711654,34.5,3.5,0.4697986577181208,4.420264142240646
EOS,34,4,11,29,99.48581225720237,6.689725587756958,34.5,4.5,0.3793103448275862,14.87143395526925
EOS,34,5,13,38,8.522859918359346,2.6273590469418053,34.5,5.5,0.34210526315789475,3.243888545906883
EOS,34,8,6,12,7.859145978906444,0.13676888941313825,34.5,8.5,0.5,57.46296553718656
EOS,34,9,9,23,-328.38061775790106,8.398439317769428,34.5,9.5,0.391304347826087,-39.100195325947396
EOS,34,10,13,34,-6.896309241215858,0.10949395229651393,34.5,10.5,0.38235294117647056,-62.98347165823718
EOS,34,32,83,146,-124.09697949878232,39.157888564358146,34.5,32.5,0.5684931506849316,-3.1691437932058593
EOS,34,33,3,15,-0.5449029118842098,0.039061725244341816,34.5,33.5,0.2,-13.949791220835548
EOS,34,35,49,80,-178.22817190370938,12.145509668144157,34.5,35.5,0.6125,-14.674408631131802
EOS,34,36,58,117,112.47409145248946,20.145475726322758,34.5,36.5,0.49572649572649574,5.5830943374311595
EOS,34,43,79,143,-7.0912184433821785,6.428991100647104,34.5,43.5,0.5524475524475524,-1.1030064177050143
EOS,34,44,20,71,15.641978596904282,1.563982609952062,34.5,44.5,0.28169014084507044,10.001376292402464
EOS,34,45,9,33,-0.32251954382137454,0.0444176697199844,34.5,45.5,0.2727272727272727,-7.261064028225383
EOS,34,46,60,179,-71.71320222286795,23.91981505924936,34.5,46.5,0.33519553072625696,-2.9980667511531514
EOS,34,47,248,767,-120.17739516481375,40.33636232018755,34.5,47.5,0.32333767926988266,-2.9793810907104867
EOS,34,48,92,264,-72.78328532250097,23.236346053236613,34.5,48.5,0.3484848484848485,-3.1323033817687063
EOS,34,49,25,74,-111.49159393915073,6.273213805810416,34.5,49.5,0.33783783783783783,-17.772643718261968
EOS,34,50,290,790,-443.764432852609,32.99806546057475,34.5,50.5,0.3670886075949367,-13.448195421722751
EOS,34,51,4,10,27.713163552660433,1.8118502153679643,34.5,51.5,0.4,15.295504737422366
EOS,34,61,304,588,-1074.4999633830448,147.79118020738326,34.5,61.5,0.5170068027210885,-7.270393009077314
EOS,34,62,94,267,-288.018220785453,29.50029245819999,34.5,62.5,0.352059925093633,-9.76323272705029
EOS,34,70,21,39,16.740172437436442,4.431473095148927,34.5,70.5,0.5384615384615384,3.7775638208797155
EOS,34,71,22,44,-157.75991989646383,9.588721216462702,34.5,71.5,0.5,-16.452654773778246
EOS,34,72,27,50,39.40838393067597,5.618600889444721,34.5,72.5,0.54,7.0139140875284065
EOS,34,73,49,164,-4.07783234249245,1.0539409435624745,34.5,73.5,0.29878048780487804,-3.8691279311237126
EOS,34,74,12,62,7.474941843617467,6.013794698711429,34.5,74.5,0.1935483870967742,1.2429659172134886
EOS,34,100,4,24,-15.972480214397422,3.730351182728824,34.5,100.5,0.16666666666666666,-4.281763145611734
EOS,34,102,10,48,-43.09897545179274,9.71908057963821,34.5,102.5,0.20833333333333334,-4.4344704315021835
EOS,34,104,5,17,-25.400803364339936,3.728906157700147,34.5,104.5,0.29411764705882354,-6.811864469125236
EOS,34,108,8,22,-0.12765761202955367,0.0877986149718355,34.5,108.5,0.36363636363636365,-1.4539820710213294
EOS,34,109,14,71,-39.46600191799176,8.818919603867357,34.5,109.5,0.19718309859154928,-4.475151570798395
EOS,34,110,11,34,-0.720971809178803,0.5746160777071272,34.5,110.5,0.3235294117647059,-1.2547017689718578
EOS,34,111,11,52,-0.45780964831225895,0.09575205525169617,34.5,111.5,0.21153846153846154,-4.781199182710486
EOS,34,112,2,4,-0.23031934429061918,0.010935304602552542,34.5,112.5,0.5,-21.061996227965842
EOS,34,113,12,46,-0.04672018982123621,0.08869324235991505,34.5,113.5,0.2608695652173913,-0.526761550013549
EOS,34,117,5,11,-0.04517524421419883,0.005174712968407658,34.5,117.5,0.45454545454545453,-8.729999999999995
EOS,34,119,11,26,-0.13042865912512422,0.01691591449612062,34.5,119.5,0.4230769230769231,-7.7104113499176075
EOS,34,126,16,68,15.116660935717782,8.282654088359228,34.5,126.5,0.23529411764705882,1.8250986669796265
EOS,34,127,4,24,0.1429171673675652,0.09590267649318474,34.5,127.5,0.16666666666666666,1.4902312697990399
EOS,34,128,4,48,2.7560382908166545,0.23240478974689216,34.5,128.5,0.08333333333333333,11.858784381415743
EOS,34,131,38,209,0.8131164823257926,6.778358273710485,34.5,131.5,0.18181818181818182,0.1199577315763056
EOS,34,132,74,336,42.99664300243241,17.155539837456438,34.5,132.5,0.22023809523809523,2.506283300310723
EOS,34,133,41,133,0.9669633251180996,3.9671668139959246,34.5,133.5,0.3082706766917293,0.24374153406070836
EOS,34,134,26,143,38.456442986152794,8.016714858488598,34.5,134.5,0.18181818181818182,4.797032658013614
EOS,34,135,182,763,0.6649488508798204,27.180827067233658,34.5,135.5,0.23853211009174313,0.02446389321542804
EOS,34,136,208,1118,-7.878640770482916,16.209918707254968,34.5,136.5,0.18604651162790697,-0.4860382653835718
EOS,34,137,7,40,-0.16668777889639025,0.06871235548560005,34.5,137.5,0.175,-2.425877816564195
EOS,34,138,2,22,2.502050691023464,0.6592868035230381,34.5,138.5,0.09090909090909091,3.7950868691034434
EOS,35,-122,48,102,2.2213801870527874,5.2156477446353415,35.5,-121.5,0.47058823529411764,0.42590686637870284
EOS,35,-121,202,519,-573.8166280848604,49.977074872334,35.5,-120.5,0.3892100192678227,-11.481596903193514
EOS,35,-120,330,780,78.10850557436584,173.64169174928907,35.5,-119.5,0.4230769230769231,0.44982575778599343
EOS,35,-119,667,1418,-515.6286761963225,91.11980393296686,35.5,-118.5,0.4703808180535966,-5.658799228493178
EOS,35,-118,470,912,-652.8274393599851,50.53220563403502,35.5,-117.5,0.5153508771929824,-12.91903710057503
EOS,35,-117,247,591,-22.429732800460066,20.133412738496716,35.5,-116.5,0.4179357021996616,-1.1140551823870675
EOS,35,-116,2066,3332,-732.2869550402156,106.43979688600155,35.5,-115.5,0.620048019207683,-6.879822927739188
EOS,35,-115,788,1562,558.0611770236501,57.3166957090265,35.5,-114.5,0.5044814340588989,9.736450612168909
EOS,35,-114,345,588,4.72456674586101,5.134430824158278,35.5,-113.5,0.5867346938775511,0.9201734150611602
EOS,35,-113,8,38,-2.2472796560932764,0.1999874662236717,35.5,-112.5,0.21052631578947367,-11.237102497112767
EOS,35,-112,105,251,40.20305208586011,30.785728378462984,35.5,-111.5,0.41832669322709165,1.305899005916822
EOS,35,-110,125,248,10.838423696915331,44.13286475684042,35.5,-109.5,0.5040322580645161,0.2455862259708717
EOS,35,-109,9,23,0.009048314522047879,0.0033818139682957327,35.5,-108.5,0.391304347826087,2.6755802083956093
EOS,35,-108,124,345,146.5491479334732,39.21303064523908,35.5,-107.5,0.35942028985507246,3.7372563538713877
EOS,35,-107,385,1058,-47.976350514713765,96.24021621177252,35.5,-106.5,0.3638941398865784,-0.4985062627991591
EOS,35,-106,225,801,43.5380943232264,23.973808295479923,35.5,-105.5,0.2808988764044944,1.8160691779384577
EOS,35,-104,9,24,0.00033415886553607096,0.0008465656500711294,35.5,-103.5,0.375,0.3947229201987992
EOS,35,-102,269,698,-667.195887971641,68.39489443006623,35.5,-101.5,0.3853868194842407,-9.755053992427003
EOS,35,-101,57,166,-89.74379404779853,10.769426182676591,35.5,-100.5,0.3433734939759036,-8.33320109405253
EOS,35,-100,115,327,-355.29544571719845,46.261062300238194,35.5,-99.5,0.3516819571865443,-7.680226697158424
EOS,35,-99,52,132,-28.69087983219574,1.8701814320468204,35.5,-98.5,0.3939393939393939,-15.341228043738516
EOS,35,-98,301,839,-194.43667596786958,23.451143318550844,35.5,-97.5,0.35876042908224076,-8.29113844586255
EOS,35,-97,196,484,-105.02450246128419,12.555236140740455,35.5,-96.5,0.4049586776859504,-8.364996188362435
EOS,35,-96,210,575,-112.46809954387267,34.234375209202454,35.5,-95.5,0.3652173913043478,-3.28523885295387
EOS,35,-95,176,466,-1.5650654536440463,17.195875730008503,35.5,-94.5,0.3776824034334764,-0.09101400116033942
EOS,35,-94,188,441,4.913754715693641,13.46208847170066,35.5,-93.5,0.42630385487528344,0.3650068654669069
EOS,35,-93,148,375,-8.969663162287052,15.152635048834016,35.5,-92.5,0.39466666666666667,-0.5919540154817667
EOS,35,-92,150,399,-89.08760901763218,56.09618325039202,35.5,-91.5,0.37593984962406013,-1.5881224685105397
EOS,35,-91,135,324,-56.718196279270494,55.462542221972875,35.5,-90.5,0.4166666666666667,-1.022639677284756
EOS,35,-90,225,535,-53.97533209644433,45.902304858582994,35.5,-89.5,0.4205607476635514,-1.175874114877955
EOS,35,-89,135,392,5.631310695097726,13.056306976465962,35.5,-88.5,0.34438775510204084,0.43130961191768724
EOS,35,-88,103,294,10.942790198549426,15.522734459630197,35.5,-87.5,0.35034013605442177,0.7049524828894174
EOS,35,-87,204,548,-48.202689625789155,18.716436976263775,35.5,-86.5,0.3722627737226277,-2.575420187449134
EOS,35,-86,184,653,29.428750883334317,24.504902726588114,35.5,-85.5,0.28177641653905056,1.2009331851541598
EOS,35,-85,560,1872,-19.732748317525857,43.03779580516986,35.5,-84.5,0.29914529914529914,-0.458498116559108
EOS,35,-84,592,2425,30.13061642777498,29.167556188154915,35.5,-83.5,0.2441237113402062,1.0330182012304194
EOS,35,-83,556,1724,-64.16577751311503,107.26833887737511,35.5,-82.5,0.3225058004640371,-0.5981800238975155
EOS,35,-82,1033,3557,-67.78718142747641,161.3778602112334,35.5,-81.5,0.29041326960922126,-0.42005254834056716
EOS,35,-81,1244,3909,-236.1079821498165,119.05955559379224,35.5,-80.5,0.3182399590688156,-1.9831082097716748
EOS,35,-80,593,2123,-37.36162073542324,56.2638914910506,35.5,-79.5,0.2793217145548752,-0.6640425989973697
EOS,35,-79,727,2937,8.387659694711605,41.3225025390391,35.5,-78.5,0.24753149472250596,0.202980438727965
EOS,35,-78,264,1108,12.40270750866985,7.610232984338143,35.5,-77.5,0.23826714801444043,1.6297408416003318
EOS,35,-77,54,322,16.823414631798958,10.185254622298231,35.5,-76.5,0.16770186335403728,1.6517421758870936
EOS,35,-76,2,93,0.59423282222278,0.307702447229231,35.5,-75.5,0.021505376344086023,1.9311930326640874
EOS,35,-6,3,9,1.4179017738656068,0.23247304101319177,35.5,-5.5,0.3333333333333333,6.0992094725734125
EOS,35,-4,119,260,-137.64416779634087,21.046073000931628,35.5,-3.5,0.4576923076923077,-6.54013543477911
EOS,35,-3,40,85,-25.704069379724874,1.0951633566234225,35.5,-2.5,0.47058823529411764,-23.470534531921295
EOS,35,-2,3,7,-8.68617711645051,0.09367956147160528,35.5,-1.5,0.42857142857142855,-92.72222222222221
EOS,35,-1,46,108,-24.895824180563565,2.7272044865350438,35.5,-0.5,0.42592592592592593,-9.12869728085337
EOS,35,0,11,48,-0.5236261560921179,0.051528685211037706,35.5,0.5,0.22916666666666666,-10.161838089747233
EOS,35,1,21,55,-35.412260777788795,4.640728545843963,35.5,1.5,0.38181818181818183,-7.630754617074617
EOS,35,2,40,116,-109.92629045828399,18.294924115373604,35.5,2.5,0.3448275862068966,-6.008567718841241
EOS,35,3,48,113,-364.47625212729884,25.28032703659882,35.5,3.5,0.4247787610619469,-14.417386752933991
EOS,35,4,177,356,450.0443598711665,109.13526567097009,35.5,4.5,0.49719101123595505,4.1237299153877265
EOS,35,5,191,399,-530.3322856291704,92.05822065930533,35.5,5.5,0.47869674185463656,-5.760835717125757
EOS,35,6,117,259,-142.16273399482395,35.156125570727156,35.5,6.5,0.4517374517374517,-4.0437543013327995
EOS,35,7,104,200,-327.72754252929985,45.92287055643649,35.5,7.5,0.52,-7.136477719234517
EOS,35,8,71,158,198.65474992155654,21.660883640688112,35.5,8.5,0.44936708860759494,9.171128621382769
EOS,35,9,18,40,-93.59190013068792,1.3581273438401364,35.5,9.5,0.45,-68.91246285201404
EOS,35,10,106,261,-1232.6086812479969,33.34048413642511,35.5,10.5,0.4061302681992337,-36.970329411064206
EOS,35,11,5,16,1.6188715724162313,0.1016048703627076,35.5,11.5,0.3125,15.933011544005783
EOS,35,23,39,75,144.40618581928499,5.104320171979672,35.5,23.5,0.52,28.290973323344282
EOS,35,24,57,100,-36.03984267323267,17.552419450776593,35.5,24.5,0.57,-2.053269224467976
EOS,35,25,32,69,36.67505049320348,10.22867581694325,35.5,25.5,0.463768115942029,3.585513037029997
EOS,35,32,18,31,-222.78208304583936,6.209263284626196,35.5,32.5,0.5806451612903226,-35.87898802703952
EOS,35,33,37,112,-30.15111181347314,2.1866676115757486,35.5,33.5,0.33035714285714285,-13.78861224900375
EOS,35,36,3,4,-0.0027508969779380292,3.2028554723728675e-05,35.5,36.5,0.75,-85.88888888888889
EOS,35,38,2,9,-4.341282252611974,0.3738291753044125,35.5,38.5,0.2222222222222222,-11.61301080654507
EOS,35,43,21,73,-98.37026392689025,20.323816212034714,35.5,43.5,0.2876712328767123,-4.840147288314901
EOS,35,44,137,348,517.4447711106718,119.74709756662708,35.5,44.5,0.3936781609195402,4.321146663473546
EOS,35,45,11,27,117.37313779733255,6.862169692077094,35.5,45.5,0.4074074074074074,17.104377050431864
EOS,35,46,36,103,35.480271331770474,11.474975786134596,35.5,46.5,0.34951456310679613,3.0919691677817633
EOS,35,47,52,154,-467.53666031902117,29.532837960901688,35.5,47.5,0.33766233766233766,-15.831077966092849
EOS,35,50,77,234,228.20640673860896,32.152726434668274,35.5,50.5,0.32905982905982906,7.097575603807839
EOS,35,51,388,815,-367.5234928321892,81.31229830961468,35.5,51.5,0.47607361963190187,-4.519900439079482
EOS,35,59,8,17,32.883134100597374,4.583745844509201,35.5,59.5,0.47058823529411764,7.173856321023465
EOS,35,60,81,239,-368.7017781762914,27.714853661111515,35.5,60.5,0.3389121338912134,-13.303399782826219
EOS,35,61,1910,4602,-4430.536626669847,427.79467555792746,35.5,61.5,0.4150369404606693,-10.35668950505652
EOS,35,62,1084,2868,-1386.835008424678,159.22050475967728,35.5,62.5,0.37796373779637377,-8.71015332175919
EOS,35,63,7,24,-19.894062264759636,1.8060368535603186,35.5,63.5,0.2916666666666667,-11.015313572113222
EOS,35,71,35,79,-17.605251546866246,10.743464880794187,35.5,71.5,0.4430379746835443,-1.6386940100059055
EOS,35,74,11,22,-0.25017867579283615,1.266506404977455,35.5,74.5,0.5,-0.19753447342201919
EOS,35,75,77,153,-11.109759633358978,14.582907236597164,35.5,75.5,0.5032679738562091,-0.7618343484677734
EOS,35,102,20,72,-76.7416827900537,18.03913143654085,35.5,102.5,0.2777777777777778,-4.254178371060727
EOS,35,103,58,115,-70.69664552639888,31.247065245605793,35.5,103.5,0.5043478260869565,-2.262505133545007
EOS,35,104,46,153,-38.56189893990163,20.089556573840223,35.5,104.5,0.3006535947712418,-1.9194997559137426
EOS,35,105,27,99,-183.12028035360407,20.644381692856964,35.5,105.5,0.2727272727272727,-8.870223534811139
EOS,35,106,4,50,7.471730663466785,2.4886628192442286,35.5,106.5,0.08,3.0023073458122553
EOS,35,107,5,20,-7.5744928573111565,1.7106674015956886,35.5,107.5,0.25,-4.427799845981613
EOS,35,108,1,2,-0.756590227730142,0.126098371288357,35.5,108.5,0.5,-6.0
EOS,35,110,20,45,-8.642171183980702,2.249672192319899,35.5,110.5,0.4444444444444444,-3.841524651228743
EOS,35,111,13,49,-1.1528041458463538,0.14926465699081015,35.5,111.5,0.2653061224489796,-7.723222423090612
EOS,35,112,108,314,-5.05966053508281,6.552354856223577,35.5,112.5,0.34394904458598724,-0.7721896396189576
EOS,35,113,5,14,0.29565970591697294,0.07019921826520115,35.5,113.5,0.35714285714285715,4.211723623474253
EOS,35,126,19,89,-2.3998819281441253,6.452178022295366,35.5,126.5,0.21348314606741572,-0.3719491185536703
EOS,35,127,172,732,5.404014827018866,33.06542273892368,35.5,127.5,0.23497267759562843,0.16343401594129364
EOS,35,128,130,495,65.24738368830845,30.22079359440806,35.5,128.5,0.26262626262626265,2.1590228424835796
EOS,35,129,67,315,0.9069430655125914,14.559169582937267,35.5,129.5,0.2126984126984127,0.062293598570037294
EOS,35,133,23,121,-2.842047236099742,5.48109854888493,35.5,133.5,0.19008264462809918,-0.5185178136740354
EOS,35,134,111,961,29.469656082047766,4.632278760366765,35.5,134.5,0.11550468262226847,6.361805410802713
EOS,35,135,70,483,-56.382037356286894,19.528263105750533,35.5,135.5,0.14492753623188406,-2.8872018494918756
EOS,35,136,128,1250,-8.16928969895597,13.503864549177464,35.5,136.5,0.1024,-0.6049593928616213
EOS,35,137,104,542,0.811211572114457,1.1756369887938745,35.5,137.5,0.1918819188191882,0.6900187556591821
EOS,35,138,175,1428,-13.709459650196466,6.9585040149692965,35.5,138.5,0.12254901960784313,-1.9701734195603475
EOS,35,139,110,1032,-18.3432531274287,4.594440718585345,35.5,139.5,0.1065891472868217,-3.9924888035287776
EOS,35,140,4,34,3.9227019100271355e-05,5.167958396112837e-05,35.5,140.5,0.11764705882352941,0.7590428578097027
EOS,36,-122,637,1083,5.085364591064249,78.40707522952819,36.5,-121.5,0.5881809787626963,0.06485849110143947
EOS,36,-121,43,101,-69.21948587529316,10.558013317486141,36.5,-120.5,0.42574257425742573,-6.556108975601699
EOS,36,-120,84,167,-98.65349752545919,5.177823254185504,36.5,-119.5,0.5029940119760479,-19.05308325186891
EOS,36,-119,2147,5145,-69.1001166350116,105.2187691290476,36.5,-118.5,0.4172983479105928,-0.6567280458324163
EOS,36,-118,1044,2047,-21.38592575664482,44.77559062745335,36.5,-117.5,0.5100146555935515,-0.477624648987487
EOS,36,-117,656,1220,80.25791547106311,23.457819792617947,36.5,-116.5,0.5377049180327869,3.4213714735893683
EOS,36,-116,1663,2888,-404.91970086400323,39.68756063012532,36.5,-115.5,0.5758310249307479,-10.202685537610092
EOS,36,-115,1098,2209,-317.9551328010624,72.93811620356988,36.5,-114.5,0.49705749207786326,-4.359245197855829
EOS,36,-114,1826,3619,-77.8626156040745,23.134753607072852,36.5,-113.5,0.5045592705167173,-3.3656124861545975
EOS,36,-113,1092,2462,-117.94547744623306,24.509329599957454,36.5,-112.5,0.4435418359057677,-4.812268608376698
EOS,36,-112,693,1660,-35.58668685515218,39.16312373526634,36.5,-111.5,0.4174698795180723,-0.9086784572065792
EOS,36,-109,50,157,-67.55470681903704,20.927756280452144,36.5,-108.5,0.3184713375796178,-3.2279956777849823
EOS,36,-108,48,124,45.24778037958193,23.007394378399024,36.5,-107.5,0.3870967741935484,1.966662527507407
EOS,36,-107,253,706,79.89363634819044,34.223988911968775,36.5,-106.5,0.358356940509915,2.3344337959462735
EOS,36,-106,440,1211,152.7949478986883,37.75673822014097,36.5,-105.5,0.3633360858794385,4.046825946876452
EOS,36,-105,45,110,-31.9372269474054,28.612960678024027,36.5,-104.5,0.4090909090909091,-1.116180436788373
EOS,36,-103,13,44,-17.999078506079055,1.294375724529075,36.5,-102.5,0.29545454545454547,-13.905605741043662
EOS,36,-102,25,64,-58.39028940660127,6.156141595869892,36.5,-101.5,0.390625,-9.484884078328358
EOS,36,-101,68,165,-150.21963459297723,35.42320616390769,36.5,-100.5,0.4121212121212121,-4.240712540188819
EOS,36,-100,90,213,-209.03928178179441,32.17681885634029,36.5,-99.5,0.4225352112676056,-6.496580122326301
EOS,36,-99,19,48,-132.30268796141996,11.033768479822609,36.5,-98.5,0.3958333333333333,-11.9907072731643
EOS,36,-98,95,225,-55.80935217111142,2.767379647318315,36.5,-97.5,0.4222222222222222,-20.16685792467708
EOS,36,-97,276,730,-753.2872885273365,101.0127587286935,36.5,-96.5,0.3780821917808219,-7.4573479430510705
EOS,36,-96,290,796,-114.37998032019647,26.090797296342565,36.5,-95.5,0.36432160804020103,-4.3839204690088325
EOS,36,-95,276,597,-11.788600387257876,24.338905651808975,36.5,-94.5,0.4623115577889447,-0.48435211327513794
EOS,36,-94,201,490,61.32308671887766,18.4545550566924,36.5,-93.5,0.41020408163265304,3.3229241523565927
EOS,36,-93,278,755,82.55733081267108,66.40024016282544,36.5,-92.5,0.36821192052980134,1.2433287983631613
EOS,36,-92,127,303,-23.39193065970602,13.75263633751778,36.5,-91.5,0.41914191419141916,-1.7009051999645939
EOS,36,-91,79,203,-41.39145867421166,39.376803764283665,36.5,-90.5,0.3891625615763547,-1.0511634951883873
EOS,36,-90,26,80,16.971248403103147,16.008197418788903,36.5,-89.5,0.325,1.0601598642945211
EOS,36,-89,174,527,107.6746923160455,46.13452033816324,36.5,-88.5,0.3301707779886148,2.333928943593572
EOS,36,-88,175,524,49.12219538025801,19.813457394804367,36.5,-87.5,0.33396946564885494,2.479233906604266
EOS,36,-87,305,866,7.217661551733142,10.6922948669556,36.5,-86.5,0.35219399538106233,0.675033904465096
EOS,36,-86,49,138,-14.047010136368922,11.756168147413812,36.5,-85.5,0.35507246376811596,-1.1948629825832375
EOS,36,-85,502,1320,-7.746926189943242,67.41176788737715,36.5,-84.5,0.3803030303030303,-0.1149194930310358
EOS,36,-84,205,651,18.766542497133816,27.99797440671915,36.5,-83.5,0.31490015360983103,0.6702821505769393
EOS,36,-83,602,1816,-113.08407939749596,59.784220061247595,36.5,-82.5,0.3314977973568282,-1.8915372531688772
EOS,36,-82,291,889,-59.59684358316336,70.19936743891024,36.5,-81.5,0.32733408323959506,-0.848965535694128
EOS,36,-81,517,1522,-67.72595440014118,52.87117763569329,36.5,-80.5,0.3396846254927727,-1.2809617154133415
EOS,36,-80,744,2142,-96.58825679123582,124.22023762542739,36.5,-79.5,0.3473389355742297,-0.7775565289328072
EOS,36,-79,300,986,-14.96079197337746,14.178988353145822,36.5,-78.5,0.30425963488843816,-1.055138180578178
EOS,36,-78,185,654,10.264500146741717,14.561710318118319,36.5,-77.5,0.28287461773700306,0.7048966036613279
EOS,36,-77,187,848,-55.66450208269596,34.124462025333486,36.5,-76.5,0.2205188679245283,-1.6312199161226768
EOS,36,-6,590,1568,-414.6659928971018,182.3883535690779,36.5,-5.5,0.3762755102040816,-2.273533286433505
EOS,36,-5,88,261,-206.06334296064438,12.333680290971218,36.5,-4.5,0.3371647509578544,-16.707368611742886
EOS,36,-4,140,361,176.17837128818627,17.859895398495887,36.5,-3.5,0.3878116343490305,9.864468260156974
EOS,36,-3,77,235,-76.14437087503003,34.99277940422543,36.5,-2.5,0.3276595744680851,-2.1760023688154218
EOS,36,1,9,25,11.84484609271519,0.3960210922428792,36.5,1.5,0.36,29.909634422832113
EOS,36,2,98,251,114.195406279495,27.78851183720772,36.5,2.5,0.3904382470119522,4.109446628465792
EOS,36,3,38,95,8.861702903455779,11.711417882937049,36.5,3.5,0.4,0.7566720777991226
EOS,36,4,160,370,-56.1198791086507,90.66874886579117,36.5,4.5,0.43243243243243246,-0.6189550403052316
EOS,36,5,32,60,1.9599150257275206,0.2279714485942873,36.5,5.5,0.5333333333333333,8.59719512163785
EOS,36,6,69,143,-68.56818032081047,18.047856919633382,36.5,6.5,0.4825174825174825,-3.799242238352327
EOS,36,7,24,54,-11.929017199006882,2.6935002954964,36.5,7.5,0.4444444444444444,-4.428815997886653
EOS,36,10,6,15,-83.54806721706308,2.3631311079271105,36.5,10.5,0.4,-35.35481672464196
EOS,36,14,1,3,3.8912289422311828,0.02871755676923382,36.5,14.5,0.3333333333333333,135.5
EOS,36,22,4,7,-153.79227506573443,2.6843742556928185,36.5,22.5,0.5714285714285714,-57.29166666666668
EOS,36,28,14,30,-17.49354425560636,2.478456312997576,36.5,28.5,0.4666666666666667,-7.058241924163167
EOS,36,30,28,70,-140.80157706757652,10.25451923719868,36.5,30.5,0.4,-13.730685350592854
EOS,36,31,19,40,-32.33485610093054,1.923689334956712,36.5,31.5,0.475,-16.80877234871095
EOS,36,33,14,22,-0.00303314573403826,0.35234404496860194,36.5,33.5,0.6363636363636364,-0.008608477359986457
EOS,36,34,9,15,-0.5177415468345046,0.141943157343831,36.5,34.5,0.6,-3.6475273378650552
EOS,36,36,70,141,25.40421428821854,9.725546384713146,36.5,36.5,0.49645390070921985,2.612111781004871
EOS,36,37,145,272,25.037679451574284,33.059789882474035,36.5,37.5,0.5330882352941176,0.7573453896888647
EOS,36,40,10,28,-14.449287639675548,5.749661147424731,36.5,40.5,0.35714285714285715,-2.5130676868057473
EOS,36,42,6,21,35.09305886832759,1.1776433773147823,36.5,42.5,0.2857142857142857,29.79939389490344
EOS,36,43,41,92,-13.237251577492655,22.94285452570759,36.5,43.5,0.44565217391304346,-0.5769661993306127
EOS,36,44,63,145,265.21483104349437,52.34107093846311,36.5,44.5,0.43448275862068964,5.067050144145978
EOS,36,45,8,19,-3.225410043146844,3.6627825568439825,36.5,45.5,0.42105263157894735,-0.8805900959422505
EOS,36,46,27,62,-15.800821038837796,15.196673131429144,36.5,46.5,0.43548387096774194,-1.0397552742092726
EOS,36,47,501,1397,126.98996846089972,86.69475784506409,36.5,47.5,0.3586256263421618,1.4647940846417602
EOS,36,48,24,93,-79.9745281107979,5.94454719666683,36.5,48.5,0.25806451612903225,-13.453426386393309
EOS,36,49,28,69,7.9804644157443905,1.5169242961778497,36.5,49.5,0.4057971014492754,5.260951015058916
EOS,36,50,24,71,-21.812212900401015,3.7817818453520227,36.5,50.5,0.3380281690140845,-5.76770786691707
EOS,36,52,49,174,10.961192185626775,6.354090835776015,36.5,52.5,0.28160919540229884,1.7250606686185503
EOS,36,55,227,732,769.2154708539821,102.20411506696891,36.5,55.5,0.31010928961748635,7.526267120946708
EOS,36,57,22,47,-8.169449351271872,8.878279131348938,36.5,57.5,0.46808510638297873,-0.9201613545158533
EOS,36,60,128,577,96.11486973084973,3.177454222482842,36.5,60.5,0.2218370883882149,30.249017924716536
EOS,36,61,63,150,-3.479095650798783,4.772024138239561,36.5,61.5,0.42,-0.7290607821783253
EOS,36,67,20,49,-47.470521884148184,12.396492523836793,36.5,67.5,0.40816326530612246,-3.8293510678822043
EOS,36,73,12,22,-1.4599993204816426,0.6272125187838387,36.5,73.5,0.5454545454545454,-2.327758577447677
EOS,36,74,50,90,-25.324205775131837,11.488061229803545,36.5,74.5,0.5555555555555556,-2.2043933496309283
EOS,36,81,37,68,-2.3663389208059016,35.30790830211666,36.5,81.5,0.5441176470588235,-0.06702008231578088
EOS,36,94,10,16,0.0009981241791940584,0.025994530246183922,36.5,94.5,0.625,0.03839746938072044
EOS,36,100,12,24,7.31121697230793,8.995823832279452,36.5,100.5,0.5,0.8127345653516805
EOS,36,101,35,82,39.73737157536776,15.154312931028686,36.5,101.5,0.4268292682926829,2.6221823289662236
EOS,36,102,148,293,-1.5268086768378604,37.95347423384191,36.5,102.5,0.5051194539249146,-0.04022842987787541
EOS,36,103,259,521,-287.65243776977206,117.28228683603706,36.5,103.5,0.4971209213051823,-2.4526503151487473
EOS,36,104,60,155,-7.832927173553251,12.934825054962038,36.5,104.5,0.3870967741935484,-0.6055688530977382
EOS,36,105,20,66,14.43954368758782,11.33187915879271,36.5,105.5,0.30303030303030304,1.2742408814326078
EOS,36,106,16,55,-0.6122123723045032,1.774901662613317,36.5,106.5,0.2909090909090909,-0.34492748820974023
EOS,36,107,48,167,-71.73578799004089,34.216717515541546,36.5,107.5,0.2874251497005988,-2.096512850990392
EOS,36,108,20,72,-10.639608323784094,15.04968751494934,36.5,108.5,0.2777777777777778,-0.706965398000153
EOS,36,109,42,155,19.488211653294726,14.843298791143065,36.5,109.5,0.2709677419354839,1.3129299576535685
EOS,36,111,55,158,-1.3334515687168023,5.412037590517176,36.5,111.5,0.34810126582278483,-0.2463862355747934
EOS,36,113,10,55,-17.81257081819802,3.9961191015652546,36.5,113.5,0.18181818181818182,-4.457467449161099
EOS,36,114,2,5,-0.10352831258885031,0.019871079014723847,36.5,114.5,0.4,-5.209999543162154
EOS,36,117,19,99,-26.913169101986465,13.077988424732405,36.5,117.5,0.1919191919191919,-2.057898220118447
EOS,36,118,16,62,0.000949566445410506,0.03915629915107521,36.5,118.5,0.25806451612903225,0.024250668883359763
EOS,36,120,1,24,-0.07516705894867513,0.014234915533765435,36.5,120.5,0.041666666666666664,-5.280471020033644
EOS,36,126,8,45,2.3912080149130475,1.0835032257584167,36.5,126.5,0.17777777777777778,2.206922838867674
EOS,36,127,111,582,93.68948967465577,42.94938370484005,36.5,127.5,0.19072164948453607,2.181393109584893
EOS,36,128,92,496,11.602107728117582,14.801583542667613,36.5,128.5,0.18548387096774194,0.7838423297529552
EOS,36,129,29,137,3.501681679271878,3.2828045482144965,36.5,129.5,0.2116788321167883,1.0666738235075335
EOS,36,136,59,434,12.51715972832375,4.709892164163618,36.5,136.5,0.1359447004608295,2.657631914285355
EOS,36,137,271,1872,-35.56652526846715,15.974741375376631,36.5,137.5,0.14476495726495728,-2.226422602577415
EOS,36,138,132,905,-13.73357245223524,11.025595938647836,36.5,138.5,0.14585635359116023,-1.245608176524516
EOS,36,139,53,528,14.998761082720778,15.746457647848588,36.5,139.5,0.10037878787878787,0.95251652264597
EOS,36,140,29,165,-2.7773221018575756,4.402465120094702,36.5,140.5,0.17575757575757575,-0.6308561285768535
EOS,37,-123,231,441,-601.6963921784777,57.36581995885397,37.5,-122.5,0.5238095238095238,-10.48876129740756
EOS,37,-122,416,942,-409.7306843827726,93.9116519398217,37.5,-121.5,0.4416135881104034,-4.36293767513883
EOS,37,-121,118,244,190.52673950250383,47.46924519292946,37.5,-120.5,0.48360655737704916,4.013687993734578
EOS,37,-120,1458,3270,-175.62491490581255,61.125702761336726,37.5,-119.5,0.44587155963302755,-2.8731762085670276
EOS,37,-119,898,1841,-83.2216497455584,92.79052757756575,37.5,-118.5,0.48777838131450296,-0.8968765661558664
EOS,37,-118,563,1049,-72.43112803197315,18.401301418643516,37.5,-117.5,0.5367016205910391,-3.9361959452818165
EOS,37,-117,205,494,-8.46603820321791,7.928753961431411,37.5,-116.5,0.4149797570850202,-1.0677640199708631
EOS,37,-116,1196,2199,-245.17220648473028,38.00661837130852,37.5,-115.5,0.5438835834470214,-6.450776653937005
EOS,37,-115,15,22,-7.451121176438721,0.48600984834285055,37.5,-114.5,0.6818181818181818,-15.331214381446866
EOS,37,-114,299,700,-430.1466729095377,125.6197181240978,37.5,-113.5,0.42714285714285716,-3.4241970873123786
EOS,37,-113,419,1241,-24.344283439631,9.81468036379676,37.5,-112.5,0.33763094278807415,-2.4803949326184203
EOS,37,-112,1553,3592,474.71874193518994,141.02102419766777,37.5,-111.5,0.43234966592427615,3.366297647007452
EOS,37,-111,491,1320,103.03557083230186,29.777096764733386,37.5,-110.5,0.37196969696969695,3.4602289016413588
EOS,37,-110,292,819,-112.58205518467754,15.566295691899324,37.5,-109.5,0.35653235653235654,-7.232424297533104
EOS,37,-109,339,934,-8.29113332703053,16.70019942769409,37.5,-108.5,0.36295503211991437,-0.4964691207987174
EOS,37,-108,752,2126,54.44314628341251,33.21605410017865,37.5,-107.5,0.35371589840075257,1.639061223805018
EOS,37,-107,415,1243,-18.216055233644525,16.702250389591914,37.5,-106.5,0.333869670152856,-1.090634783262257
EOS,37,-106,692,1714,32.35936546473404,44.49160177088077,37.5,-105.5,0.40373395565927656,0.7273140138081714
EOS,37,-105,86,180,50.66287878194004,14.956338509405422,37.5,-104.5,0.4777777777777778,3.387385137751479
EOS,37,-104,32,72,6.6619340292013725,7.088316182272394,37.5,-103.5,0.4444444444444444,0.9398471876667427
EOS,37,-103,8,24,-12.217237834213744,2.978307269636048,37.5,-102.5,0.3333333333333333,-4.102074342284603
EOS,37,-102,36,97,5.902064000523965,1.479155183798254,37.5,-101.5,0.3711340206185567,3.9901587508677276
EOS,37,-101,42,111,-11.269356210986745,0.6192198695300958,37.5,-100.5,0.3783783783783784,-18.199280684482336
EOS,37,-100,34,80,-52.417628481415825,3.2713378035660363,37.5,-99.5,0.425,-16.02330044432469
EOS,37,-99,32,75,-6.7053908450857564,0.6296579151242008,37.5,-98.5,0.4266666666666667,-10.649259993441216
EOS,37,-98,228,650,-156.12181633929998,14.70858753223426,37.5,-97.5,0.3507692307692308,-10.614330981622462
EOS,37,-97,205,556,-134.62424768856744,9.73585953511866,37.5,-96.5,0.368705035971223,-13.82766947314289
EOS,37,-96,104,222,-27.404600963873698,3.0203418638575537,37.5,-95.5,0.46846846846846846,-9.07334407796897
EOS,37,-95,310,617,-33.49949594342116,16.32872810759649,37.5,-94.5,0.5024311183144247,-2.0515679924780206
EOS,37,-94,260,553,19.440824319618656,11.438271598216904,37.5,-93.5,0.4701627486437613,1.6996295421634557
EOS,37,-93,382,823,113.24401949975363,69.34344399636095,37.5,-92.5,0.4641555285540705,1.6330890560569293
EOS,37,-92,599,1224,-88.62600870832547,128.64694283520606,37.5,-91.5,0.48937908496732024,-0.6889087820909469
EOS,37,-91,226,540,-51.15683780610927,33.65653497937564,37.5,-90.5,0.4185185185185185,-1.5199674546847328
EOS,37,-90,131,367,57.55645863598024,54.952499155516094,37.5,-89.5,0.3569482288828338,1.047385642518185
EOS,37,-89,101,281,-2.880554916758014,25.33892410110466,37.5,-88.5,0.3594306049822064,-0.11368102707377521
EOS,37,-88,58,157,-20.44178761033114,13.314807645648534,37.5,-87.5,0.36942675159235666,-1.535267211840781
EOS,37,-87,117,304,-26.902213137640572,20.430301149358826,37.5,-86.5,0.3848684210526316,-1.3167800582560114
EOS,37,-86,124,264,-0.4570003038880855,5.819538714817488,37.5,-85.5,0.4696969696969697,-0.0785286130538987
EOS,37,-85,44,90,-2.9239474227996083,0.42391254743546825,37.5,-84.5,0.4888888888888889,-6.8975250685277665
EOS,37,-84,71,163,10.329651463423906,31.488558750963023,37.5,-83.5,0.43558282208588955,0.3280445937560731
EOS,37,-83,49,140,24.892362892678058,6.550530304739649,37.5,-82.5,0.35,3.800053084964303
EOS,37,-82,189,610,148.84742571562134,58.506940657200076,37.5,-81.5,0.30983606557377047,2.544098598279786
EOS,37,-81,307,973,1.5724929998662136,22.231913997445268,37.5,-80.5,0.31551901336073995,0.07073133694412966
EOS,37,-80,277,793,-4.8292359954678545,35.08645734506001,37.5,-79.5,0.3493064312736444,-0.13763817611947607
EOS,37,-79,39,114,-1.4542591612832476,9.076193702203279,37.5,-78.5,0.34210526315789475,-0.16022786742973774
EOS,37,-78,302,1094,31.106960438718104,8.176315538826875,37.5,-77.5,0.2760511882998172,3.804520543636123
EOS,37,-77,47,299,8.94022712607921,1.4908449179448247,37.5,-76.5,0.15719063545150502,5.996751921322297
EOS,37,-26,0,24,0.0,0.0,37.5,-25.5,0.0,
EOS,37,-9,5,12,-274.58703796482246,4.460196884826248,37.5,-8.5,0.4166666666666667,-61.56388272880454
EOS,37,-8,31,70,-324.72054420938707,16.9529086049596,37.5,-7.5,0.44285714285714284,-19.154267375357026
EOS,37,-7,530,1022,-264.3491124688512,55.44092709415532,37.5,-6.5,0.5185909980430529,-4.768122149543191
EOS,37,-6,546,1097,-2030.2278717008496,66.73872532054293,37.5,-5.5,0.4977210574293528,-30.420537131174765
EOS,37,-5,118,314,-119.34039444176697,31.14994393018153,37.5,-4.5,0.37579617834394907,-3.8311592055912733
EOS,37,-4,486,1173,-12.202209457674854,70.67546187762991,37.5,-3.5,0.4143222506393862,-0.17265128707332975
EOS,37,-3,683,1590,-556.6194535806912,94.95862012259083,37.5,-2.5,0.42955974842767297,-5.861705370845742
EOS,37,-2,195,557,1182.3949596613322,56.445837754173084,37.5,-1.5,0.3500897666068223,20.94742511947069
EOS,37,-1,8,26,41.26527960630294,0.43099538267289517,37.5,-0.5,0.3076923076923077,95.7441338475343
EOS,37,12,13,63,-26.804752695649295,0.8446321252753927,37.5,12.5,0.20634920634920634,-31.735416986311755
EOS,37,13,87,144,-165.40981854355877,31.441540637634684,37.5,13.5,0.6041666666666666,-5.260868748447003
EOS,37,14,583,1028,-958.8313221548623,103.68754039238787,37.5,14.5,0.5671206225680934,-9.247314754755761
EOS,37,15,112,231,-54.2594653433435,13.09056778844047,37.5,15.5,0.48484848484848486,-4.1449283346790295
EOS,37,21,9,17,-51.617047492337576,3.418832405066502,37.5,21.5,0.5294117647058824,-15.097858384588916
EOS,37,22,30,63,-58.59653881357539,2.9847126921718172,37.5,22.5,0.47619047619047616,-19.632220872467894
EOS,37,23,45,114,27.065106416155558,5.748746357805077,37.5,23.5,0.39473684210526316,4.7080014896481295
EOS,37,26,7,30,-0.5533715486028687,0.05120056163707834,37.5,26.5,0.23333333333333334,-10.807919501455801
EOS,37,27,42,98,99.32506929107318,4.466120910866393,37.5,27.5,0.42857142857142855,22.239673146646826
EOS,37,28,17,30,0.15838003675574797,8.273341232312713,37.5,28.5,0.5666666666666667,0.019143418881016554
EOS,37,29,29,54,-38.922171131787856,5.499968950869459,37.5,29.5,0.5370370370370371,-7.076798338222414
EOS,37,30,70,138,-120.56149266161937,26.913159360240236,37.5,30.5,0.5072463768115942,-4.479648451817557
EOS,37,32,72,108,236.70810023739375,21.7010751901854,37.5,32.5,0.6666666666666666,10.907666931841614
EOS,37,33,13,25,-31.328452970760242,9.202882201243515,37.5,33.5,0.52,-3.404200150092877
EOS,37,35,20,35,17.900972924917635,1.015602999141766,37.5,35.5,0.5714285714285714,17.625955161657487
EOS,37,36,65,126,109.81615469535691,7.818208856400806,37.5,36.5,0.5158730158730159,14.046203767689052
EOS,37,37,288,579,1051.1053569600904,86.75705885328416,37.5,37.5,0.49740932642487046,12.115502425429456
EOS,37,38,24,63,81.58665005263725,16.3123868221112,37.5,38.5,0.38095238095238093,5.00151516404992
EOS,37,40,8,23,-0.18629514115486337,0.00969453649542018,37.5,40.5,0.34782608695652173,-19.216508312993767
EOS,37,41,34,85,-75.52221722568333,11.379628965785383,37.5,41.5,0.4,-6.636615082332876
EOS,37,42,11,27,-11.520772078976702,1.1186061556131346,37.5,42.5,0.4074074074074074,-10.299221062896702
EOS,37,45,46,112,-284.36100165882556,23.560434095701638,37.5,45.5,0.4107142857142857,-12.069429642245188
EOS,37,46,9,19,-52.11349380930058,4.847302480707067,37.5,46.5,0.47368421052631576,-10.751029880375627
EOS,37,47,9,21,-15.957468852788129,4.600481635545708,37.5,47.5,0.42857142857142855,-3.468651788432856
EOS,37,48,27,78,-138.93185768719442,9.635702523432517,37.5,48.5,0.34615384615384615,-14.418446122566978
EOS,37,49,58,244,-10.926181971027006,15.960198637734772,37.5,49.5,0.23770491803278687,-0.684589347478056
EOS,37,50,38,114,17.954424573048453,3.115928680297421,37.5,50.5,0.3333333333333333,5.762142338679803
EOS,37,54,10,28,-95.96596946752956,4.38521761716476,37.5,54.5,0.35714285714285715,-21.88396970127468
EOS,37,55,204,563,403.89101474653125,50.33444594848431,37.5,55.5,0.3623445825932504,8.024147423017247
EOS,37,56,264,810,-29.718795122950898,60.33340455493461,37.5,56.5,0.32592592592592595,-0.4925761332744188
EOS,37,57,246,549,-146.66168806865772,47.98965517792235,37.5,57.5,0.44808743169398907,-3.056110478912744
EOS,37,58,475,1316,-92.36231894223366,117.50631212803786,37.5,58.5,0.3609422492401216,-0.7860200636846923
EOS,37,59,40,136,1314.1670193693021,32.24551369121341,37.5,59.5,0.29411764705882354,40.75503438878072
EOS,37,60,20,51,16.24707754198296,13.925468620511326,37.5,60.5,0.39215686274509803,1.1667167536503622
EOS,37,61,1,2,8.871031581150193,0.31682255646964974,37.5,61.5,0.5,28.0
EOS,37,62,6,16,-12.334380739414097,4.799046132284083,37.5,62.5,0.375,-2.570173405177001
EOS,37,64,172,402,3.2552095684531217,17.815773970557856,37.5,64.5,0.42786069651741293,0.1827150239912475
EOS,37,65,21,46,77.08068427315825,11.57927361955531,37.5,65.5,0.45652173913043476,6.656780624216604
EOS,37,66,394,767,90.30156234140111,10.854492597326377,37.5,66.5,0.5136897001303781,8.319279923194541
EOS,37,68,146,376,177.4059559063701,12.580966347844972,37.5,68.5,0.3882978723404255,14.101139054136206
EOS,37,69,75,214,-1.1757921157974618,7.1439605864307145,37.5,69.5,0.35046728971962615,-0.16458547070245166
EOS,37,70,290,778,-258.33337696824924,29.366094137386725,37.5,70.5,0.37275064267352187,-8.796994784517782
EOS,37,71,4,9,0.08437941109154412,1.2413992879501865,37.5,71.5,0.4444444444444444,0.06797120951379988
EOS,37,73,33,54,-3.838308576871549,0.7364020547509955,37.5,73.5,0.6111111111111112,-5.2122458813201185
EOS,37,78,3,7,0.05870640941546817,0.012431945523275645,37.5,78.5,0.42857142857142855,4.72222222222221
EOS,37,79,53,103,-61.715213767896586,48.03800694965784,37.5,79.5,0.5145631067961165,-1.2847163670335444
EOS,37,97,7,27,-42.13931314958199,5.681264883298336,37.5,97.5,0.25925925925925924,-7.417241409296415
EOS,37,104,10,24,-26.85055011911294,4.414228863905983,37.5,104.5,0.4166666666666667,-6.08272723207965
EOS,37,105,75,157,-17.287040130191578,16.897971230313317,37.5,105.5,0.47770700636942676,-1.0230245923948733
EOS,37,106,44,96,32.57489470505581,23.75790621514506,37.5,106.5,0.4583333333333333,1.3711180779175796
EOS,37,107,58,117,80.94757020664655,30.443263977667222,37.5,107.5,0.49572649572649574,2.6589648950266507
EOS,37,108,54,139,-6.647165794817149,19.52428344937206,37.5,108.5,0.38848920863309355,-0.3404563251734053
EOS,37,109,28,72,-1.513501182219374,10.049420843780476,37.5,109.5,0.3888888888888889,-0.15060581159321937
EOS,37,110,122,310,4.328855034777804,25.36653172237177,37.5,110.5,0.3935483870967742,0.170652223258413
EOS,37,111,88,279,8.37215747127429,15.271338203035711,37.5,111.5,0.3154121863799283,0.5482268390605108
EOS,37,112,96,332,38.57510740016906,21.525781918752887,37.5,112.5,0.2891566265060241,1.7920420984365308
EOS,37,113,29,107,0.20149018321787435,0.042309566373704866,37.5,113.5,0.27102803738317754,4.762284289046726
EOS,37,117,2,5,-0.045668458639727016,0.004900198508362208,37.5,117.5,0.4,-9.319716040440731
EOS,37,118,41,155,-0.9357543031877664,0.18237891458538857,37.5,118.5,0.2645161290322581,-5.130825048032911
EOS,37,119,3,10,-0.0796903580294986,0.007348942253611712,37.5,119.5,0.3,-10.843786123143635
EOS,37,121,1,11,0.02331596838162535,0.0023085117209529216,37.5,121.5,0.09090909090909091,10.100000000000364
EOS,37,122,0,21,0.0,0.0,37.5,122.5,0.0,
EOS,37,126,6,23,0.39546796084537905,1.558354498554345,37.5,126.5,0.2608695652173913,0.2537727848267175
EOS,37,127,85,381,85.69382087359605,29.32229372827933,37.5,127.5,0.2230971128608924,2.9224801329559793
EOS,37,128,209,784,12.720499305772003,20.60832571509441,37.5,128.5,0.26658163265306123,0.617250497766297
EOS,37,129,8,61,19.438622745610182,3.945834105278961,37.5,129.5,0.13114754098360656,4.926365941133736
EOS,37,136,4,23,-1.644261941447724,0.24628028917877032,37.5,136.5,0.17391304347826086,-6.676384646658363
EOS,37,137,7,40,-0.032213764630155683,0.030723380324609195,37.5,137.5,0.175,-1.0485097762615887
EOS,37,138,39,193,27.47203261756358,5.155656326694165,37.5,138.5,0.20207253886010362,5.328522864358339
EOS,37,139,214,990,14.321553885160625,14.518414752579048,37.5,139.5,0.21616161616161617,0.9864406086495461
EOS,37,140,76,412,4.241282437499165,8.210866109950238,37.5,140.5,0.18446601941747573,0.5165450734069842
EOS,38,-124,73,129,1.2973455662059528,0.14786618654879982,38.5,-123.5,0.5658914728682171,8.773781190183016
EOS,38,-123,444,928,-667.9301177629047,90.51712662996165,38.5,-122.5,0.47844827586206895,-7.379046845945906
EOS,38,-122,242,609,132.5966516146068,34.29433704023005,38.5,-121.5,0.3973727422003284,3.866429943201997
EOS,38,-121,341,720,214.81867405164706,91.03324630639166,38.5,-120.5,0.4736111111111111,2.359782637308455
EOS,38,-120,1161,2554,-139.60101634228005,38.1719921430039,38.5,-119.5,0.45458104933437743,-3.657158259367029
EOS,38,-119,58,145,5.685066852172015,1.9355126457187994,38.5,-118.5,0.4,2.937240872461842
EOS,38,-118,213,451,-2.368937648464176,1.1532979005093964,38.5,-117.5,0.4722838137472284,-2.054055285644626
EOS,38,-117,697,1655,-110.55122331494431,14.010579765788851,38.5,-116.5,0.42114803625377645,-7.890553079387136
EOS,38,-116,765,1633,-108.8149958731088,22.08815253670794,38.5,-115.5,0.4684629516227802,-4.926396433213277
EOS,38,-115,409,1031,-16.375587710875028,2.682432735801129,38.5,-114.5,0.39670223084384093,-6.104752410868686
EOS,38,-114,297,591,-51.47339436286524,21.55078594209788,38.5,-113.5,0.5025380710659898,-2.388469473974763
EOS,38,-113,47,86,-59.97881568437259,29.501871114382986,38.5,-112.5,0.5465116279069767,-2.0330512411170845
EOS,38,-112,224,693,80.90981759530023,40.40041705644757,38.5,-111.5,0.32323232323232326,2.0026975831029863
EOS,38,-111,410,1172,21.833015743491927,32.91509775070962,38.5,-110.5,0.34982935153583616,0.6633131066129441
EOS,38,-110,561,1596,-68.97867562307744,27.082808007638903,38.5,-109.5,0.35150375939849626,-2.546954348442063
EOS,38,-109,483,1128,120.95442707244075,56.64840919706007,38.5,-108.5,0.42819148936170215,2.13517782382348
EOS,38,-108,872,2041,-247.50989219101834,60.382682103379004,38.5,-107.5,0.4272415482606565,-4.099021169136965
EOS,38,-107,324,880,18.91332272486425,31.47034461507997,38.5,-106.5,0.36818181818181817,0.6009887389603404
EOS,38,-106,448,1014,-145.5553353759853,101.49649670848419,38.5,-105.5,0.4418145956607495,-1.4340922110252323
EOS,38,-105,318,674,124.91735503026867,105.01191849878474,38.5,-104.5,0.47181008902077154,1.1895540698241247
EOS,38,-103,26,66,-10.685689045927438,1.4001438980825107,38.5,-102.5,0.3939393939393939,-7.631850598043123
EOS,38,-101,22,45,33.87422498008761,18.482179518842326,38.5,-100.5,0.4888888888888889,1.8328046724983549
EOS,38,-100,117,245,-24.107346709632647,23.030129919213266,38.5,-99.5,0.4775510204081633,-1.0467742385387369
EOS,38,-99,104,211,-104.4769852890885,55.56489983078545,38.5,-98.5,0.4928909952606635,-1.8802694796041648
EOS,38,-98,25,48,-2.720670701877201,0.16169250176001293,38.5,-97.5,0.5208333333333334,-16.826202033259847
EOS,38,-97,171,415,-292.82156812555144,20.28918253110873,38.5,-96.5,0.41204819277108434,-14.432398529441876
EOS,38,-96,217,458,-74.93564619679199,23.766298400457448,38.5,-95.5,0.4737991266375546,-3.1530213470411383
EOS,38,-95,332,824,43.396980599093155,29.82270226995493,38.5,-94.5,0.4029126213592233,1.4551659405731894
EOS,38,-94,49,117,-12.971735365017667,7.486029446209093,38.5,-93.5,0.4188034188034188,-1.732792458034816
EOS,38,-93,295,692,159.4100408566479,72.53358041888723,38.5,-92.5,0.4263005780346821,2.1977412384173256
EOS,38,-92,288,658,65.11741371192949,48.73915763280346,38.5,-91.5,0.4376899696048632,1.3360389648610338
EOS,38,-91,372,889,-34.0469937069038,28.34843126457027,38.5,-90.5,0.4184476940382452,-1.201018616838088
EOS,38,-88,12,35,16.276300674545837,3.2698303056721647,38.5,-87.5,0.34285714285714286,4.9777202952432695
EOS,38,-87,28,88,4.815231807313792,2.1719300601588025,38.5,-86.5,0.3181818181818182,2.2170289438149413
EOS,38,-86,179,482,-6.204270838330053,12.988820255722219,38.5,-85.5,0.37136929460580914,-0.4776623832019512
EOS,38,-85,36,112,-0.9572710315152566,0.2054000864697565,38.5,-84.5,0.32142857142857145,-4.660519126199136
EOS,38,-84,133,327,3.591067068694877,28.651877742737657,38.5,-83.5,0.40672782874617736,0.1253344405884567
EOS,38,-83,357,922,59.20381967056903,49.38793603070276,38.5,-82.5,0.3872017353579176,1.1987506348466168
EOS,38,-82,237,721,51.63747670859799,42.853030265241614,38.5,-81.5,0.3287101248266297,1.2049900879584121
EOS,38,-81,358,1332,20.82249023111187,17.662693671962863,38.5,-80.5,0.26876876876876876,1.1788966404464545
EOS,38,-80,619,2061,-4.511814715217772,28.778237553680043,38.5,-79.5,0.30033964095099464,-0.1567787015032413
EOS,38,-79,422,1269,11.994668592847068,29.50751834199959,38.5,-78.5,0.3325453112687155,0.40649533633516144
EOS,38,-78,273,924,14.895603568594394,19.36144139637849,38.5,-77.5,0.29545454545454547,0.7693437313701541
EOS,38,-77,121,581,3.6011004829760878,2.2984629339600717,38.5,-76.5,0.2082616179001721,1.5667429001222455
EOS,38,-76,50,280,-33.817456196158226,10.22376269073543,38.5,-75.5,0.17857142857142858,-3.307730942033986
EOS,38,-29,0,42,0.0,0.0,38.5,-28.5,0.0,
EOS,38,-10,94,163,424.84335507559155,24.57529813381759,38.5,-9.5,0.5766871165644172,17.287414083940362
EOS,38,-9,32,66,0.6916377107938132,4.301693833508093,38.5,-8.5,0.48484848484848486,0.16078264459601782
EOS,38,-8,226,476,-868.2723569168315,78.47452004646435,38.5,-7.5,0.47478991596638653,-11.064385693633195
EOS,38,-7,355,678,-510.05981287268764,116.03039929245932,38.5,-6.5,0.523598820058997,-4.395915346176317
EOS,38,-6,247,525,-1660.8722773535735,69.60897992087929,38.5,-5.5,0.4704761904761905,-23.860028968121583
EOS,38,-5,310,721,454.2753476391005,31.61462131446969,38.5,-4.5,0.42995839112343964,14.36915353565166
EOS,38,-4,135,354,111.01579814418818,43.585478825600795,38.5,-3.5,0.3813559322033898,2.5470822194795035
EOS,38,-3,375,972,-178.18476810915652,9.351713931184685,38.5,-2.5,0.38580246913580246,-19.053701751394772
EOS,38,-2,331,869,2870.927247022443,116.15872468731273,38.5,-1.5,0.380897583429229,24.715554124330158
EOS,38,-1,358,941,3532.368702143022,146.73393803661529,38.5,-0.5,0.3804463336875664,24.073290401717234
EOS,38,0,14,53,-43.377613767980826,3.722108976482656,38.5,0.5,0.2641509433962264,-11.654041846182617
EOS,38,1,3,9,66.00269675383977,1.1264372572045462,38.5,1.5,0.3333333333333333,58.59420605248548
EOS,38,12,2,6,0.06590206726277259,0.16475516815693014,38.5,12.5,0.3333333333333333,0.40000000000000324
EOS,38,13,71,128,-184.4261465011421,18.38591731825266,38.5,13.5,0.5546875,-10.030837369101658
EOS,38,14,22,44,-59.38623681404739,3.311063919774625,38.5,14.5,0.5,-17.935696275561376
EOS,38,15,287,594,-385.26555481181975,38.494724206991144,38.5,15.5,0.4831649831649832,-10.00826899655643
EOS,38,16,272,601,-72.93177613957165,34.32244338397359,38.5,16.5,0.4525790349417637,-2.124900471789435
EOS,38,20,5,19,8.106233257236088,2.8983762339339614,38.5,20.5,0.2631578947368421,2.7968188402626772
EOS,38,21,194,399,-377.15805445474587,62.75010722099019,38.5,21.5,0.48621553884711777,-6.010476653473906
EOS,38,22,291,686,17.874166119243576,18.657114603341817,38.5,22.5,0.42419825072886297,0.9580348569034356
EOS,38,23,106,243,-39.423888867882674,12.692777126390208,38.5,23.5,0.43621399176954734,-3.1060096994781725
EOS,38,26,26,83,32.17382707725005,2.6679727412991703,38.5,26.5,0.3132530120481928,12.05927878467866
EOS,38,27,73,148,119.16820626267771,13.52320473013553,38.5,27.5,0.49324324324324326,8.812127645832321
EOS,38,28,19,42,-80.47630641733755,5.660193073521412,38.5,28.5,0.4523809523809524,-14.217943694148639
EOS,38,29,12,24,-37.29253443311041,7.252458778928163,38.5,29.5,0.5,-5.142053966781988
EOS,38,30,45,80,84.76609628834477,22.41750442931446,38.5,30.5,0.5625,3.7812458811204515
EOS,38,32,17,24,62.769142753125664,8.718715109214832,38.5,32.5,0.7083333333333334,7.19935701153772
EOS,38,34,31,41,119.8006741985269,18.87181298061721,38.5,34.5,0.7560975609756098,6.348127459803217
EOS,38,35,100,204,204.0248548043574,44.221145323483626,38.5,35.5,0.49019607843137253,4.613739723652297
EOS,38,38,31,65,40.36637695519468,12.909702027626658,38.5,38.5,0.47692307692307695,3.1268248383123765
EOS,38,41,0,2,0.0,0.0,38.5,41.5,0.0,
EOS,38,42,22,64,120.51629179271322,19.186638396607,38.5,42.5,0.34375,6.281261433166194
EOS,38,43,10,34,41.89375060099536,4.492711097300626,38.5,43.5,0.29411764705882354,9.324826300575292
EOS,38,45,597,1475,-1527.3457275011117,259.8759331864148,38.5,45.5,0.4047457627118644,-5.877211132150173
EOS,38,46,433,999,-1465.500026153439,156.90123408342285,38.5,46.5,0.43343343343343343,-9.340270869853368
EOS,38,47,13,30,-13.335231460132107,5.66953405164535,38.5,47.5,0.43333333333333335,-2.352085963089348
EOS,38,48,525,2051,708.0089631711091,174.08965282474477,38.5,48.5,0.25597269624573377,4.066921564165898
EOS,38,55,203,564,-163.84551852042813,27.533576855546322,38.5,55.5,0.3599290780141844,-5.950753125176446
EOS,38,56,285,938,-36.87017025220459,37.63971271510296,38.5,56.5,0.30383795309168443,-0.9795550388834505
EOS,38,57,95,263,169.1379583049457,49.032385147077164,38.5,57.5,0.3612167300380228,3.449515209133734
EOS,38,58,61,152,132.93422583207112,34.24741175571649,38.5,58.5,0.40131578947368424,3.8815845933198756
EOS,38,64,21,67,10.162015224432395,3.9658487672072873,38.5,64.5,0.31343283582089554,2.5623809229589933
EOS,38,65,8,21,14.033702715967033,4.2416422026211364,38.5,65.5,0.38095238095238093,3.3085541037136186
EOS,38,67,306,599,-0.34269699939520826,1.8832811808251861,38.5,67.5,0.5108514190317195,-0.18196804751431261
EOS,38,68,147,394,1.3250644670375258,11.564937279320432,38.5,68.5,0.3730964467005076,0.11457601844559143
EOS,38,69,133,318,-183.56612415106895,50.93503845090102,38.5,69.5,0.41823899371069184,-3.6039262899156945
EOS,38,70,36,86,-23.691703041501196,4.135669182754989,38.5,70.5,0.4186046511627907,-5.728626249964919
EOS,38,71,422,880,-41.9076358752546,15.134818900602026,38.5,71.5,0.47954545454545455,-2.768955225066328
EOS,38,72,12,44,-0.7023124532023967,0.07663323047912818,38.5,72.5,0.2727272727272727,-9.1645941168261
EOS,38,76,25,45,23.98316392056836,20.893018348424274,38.5,76.5,0.5555555555555556,1.147903262257803
EOS,38,77,10,24,-9.831339792479723,7.070276561445981,38.5,77.5,0.4166666666666667,-1.3905170055284317
EOS,38,85,24,46,-0.9685007914473296,16.04505366984175,38.5,85.5,0.5217391304347826,-0.06036133074878532
EOS,38,100,5,10,-0.2740739085870496,0.5587635397808459,38.5,100.5,0.5,-0.49050070212982194
EOS,38,101,24,47,16.48533152376312,8.780676887240595,38.5,101.5,0.5106382978723404,1.877455660362396
EOS,38,105,41,92,65.40203248947446,15.843405902817318,38.5,105.5,0.44565217391304346,4.12802858745445
EOS,38,106,119,250,9.864264053609151,6.250890564777852,38.5,106.5,0.476,1.578057390604744
EOS,38,109,135,304,57.02702390161837,33.24725659063026,38.5,109.5,0.4440789473684211,1.715239985174889
EOS,38,110,104,281,91.91163799460718,40.69574578884862,38.5,110.5,0.3701067615658363,2.2585072766940826
EOS,38,111,102,330,147.47470259976583,47.787013704881474,38.5,111.5,0.3090909090909091,3.086083250787048
EOS,38,112,56,205,61.40245859259787,19.878107808220218,38.5,112.5,0.2731707317073171,3.088948867014698
EOS,38,113,9,32,5.669817175306992,1.8880123065870265,38.5,113.5,0.28125,3.003061556074474
EOS,38,114,5,19,0.1551341382901919,0.09600990666108089,38.5,114.5,0.2631578947368421,1.6158138642694664
EOS,38,117,28,83,-2.106234193134417,1.7022058935779927,38.5,117.5,0.3373493975903614,-1.2373557165327207
EOS,38,118,5,10,0.04589334327964202,0.012103012236974187,38.5,118.5,0.5,3.7918943136684446
EOS,38,121,1,24,0.0031722835286994385,0.006139318499268409,38.5,121.5,0.041666666666666664,0.5167159073238281
EOS,38,128,192,746,-4.421484335109559,24.653101653618716,38.5,128.5,0.257372654155496,-0.17934799431050696
EOS,38,138,7,20,0.14379831768213924,0.6311087789914727,38.5,138.5,0.35,0.22785028899761542
EOS,38,139,18,62,0.04905769793758437,0.1406628823306742,38.5,139.5,0.2903225806451613,0.3487607898028008
EOS,38,140,206,1502,12.579772650896595,19.81266586151091,38.5,140.5,0.13715046604527298,0.6349358909511869
EOS,38,141,9,83,0.11961615094647732,0.29128661830656644,38.5,141.5,0.10843373493975904,0.4106476007785107
EOS,39,-124,241,404,-84.19945235543585,57.34491550772643,39.5,-123.5,0.5965346534653465,-1.4682984813900573
EOS,39,-123,257,475,-283.10391303516536,40.053076306774315,39.5,-122.5,0.5410526315789473,-7.0682189519431
EOS,39,-122,294,605,-235.11504319595696,67.26743966116535,39.5,-121.5,0.4859504132231405,-3.4952280684423447
EOS,39,-121,147,306,-252.51917383435216,53.100790334236606,39.5,-120.5,0.4803921568627451,-4.755469217028603
EOS,39,-120,323,599,-116.22449568957973,135.97147872205736,39.5,-119.5,0.5392320534223706,-0.8547711386382513
EOS,39,-119,424,772,17.789945863706258,14.147643908794777,39.5,-118.5,0.5492227979274611,1.257449366014031
EOS,39,-118,494,1016,-30.132216344760852,6.3969885045389985,39.5,-117.5,0.4862204724409449,-4.710375252883519
EOS,39,-117,105,228,2.0941886938970544,0.9575372412440449,39.5,-116.5,0.4605263157894737,2.1870571751091967
EOS,39,-115,189,434,-6.86785484643469,1.6804028911979987,39.5,-114.5,0.43548387096774194,-4.087028701514811
EOS,39,-114,475,1403,-213.71076501965155,26.414693115570742,39.5,-113.5,0.33856022808268,-8.090601851197539
EOS,39,-113,13,40,1.6747716656105318,0.5722275061754438,39.5,-112.5,0.325,2.926758409088168
EOS,39,-112,149,368,-223.28908902391996,30.246592179338343,39.5,-111.5,0.4048913043478261,-7.382289141864064
EOS,39,-111,200,476,-10.780515196672216,4.875226190718417,39.5,-110.5,0.42016806722689076,-2.2112851332306267
EOS,39,-110,520,1399,17.607553332943745,10.808703201678622,39.5,-109.5,0.37169406719085063,1.6290162662815315
EOS,39,-109,275,698,-9.52693121411374,45.30301068141445,39.5,-108.5,0.3939828080229226,-0.21029355600911886
EOS,39,-108,591,1350,-15.495793774569092,22.813799110192253,39.5,-107.5,0.43777777777777777,-0.6792289920553486
EOS,39,-107,1072,2634,-428.88054182196936,158.3630825220824,39.5,-106.5,0.4069855732725892,-2.708210366909002
EOS,39,-106,486,1251,-446.54202260055973,117.13303319083853,39.5,-105.5,0.38848920863309355,-3.8122638032691674
EOS,39,-105,351,776,220.2763545265958,170.90606888152664,39.5,-104.5,0.452319587628866,1.2888738004926732
EOS,39,-103,22,68,21.31870577732518,9.637921423849436,39.5,-102.5,0.3235294117647059,2.21196094466709
EOS,39,-102,18,46,-3.497310816116223,3.066650570421176,39.5,-101.5,0.391304347826087,-1.1404334259171562
EOS,39,-100,80,167,-8.299080314233256,1.5327743705318901,39.5,-99.5,0.47904191616766467,-5.414417460120618
EOS,39,-99,15,25,-0.5912062849866676,0.12218248862795489,39.5,-98.5,0.6,-4.838715364415992
EOS,39,-98,11,21,-0.3475065237216518,0.06962918285014741,39.5,-97.5,0.5238095238095238,-4.990817204756499
EOS,39,-97,284,585,-14.93574680330362,5.753477003970707,39.5,-96.5,0.48547008547008547,-2.5959514208531393
EOS,39,-96,91,208,-5.019276268090446,1.3171363986348212,39.5,-95.5,0.4375,-3.8107490410961233
EOS,39,-95,300,675,-1.3921559297951238,0.8971498703263209,39.5,-94.5,0.4444444444444444,-1.5517540333464621
EOS,39,-93,53,147,-0.32991504267890825,0.24249150708993694,39.5,-92.5,0.36054421768707484,-1.3605220514240404
EOS,39,-92,42,122,-3.836233373091043,3.1647350758030046,39.5,-91.5,0.3442622950819672,-1.2121815195281884
EOS,39,-91,11,24,3.4349150890569744,5.288198029407876,39.5,-90.5,0.4583333333333333,0.6495435817560684
EOS,39,-88,17,44,5.8298213680608715,8.007262188291113,39.5,-87.5,0.38636363636363635,0.7280667512780739
EOS,39,-87,56,167,1.7750685452625719,3.3118479030958357,39.5,-86.5,0.33532934131736525,0.5359752613045063
EOS,39,-86,9,22,0.001817765442839854,0.04586531999387711,39.5,-85.5,0.4090909090909091,0.03963267765454423
EOS,39,-85,215,528,-4.355142335440445,13.578565228342477,39.5,-84.5,0.4071969696969697,-0.32073656253092014
EOS,39,-84,6,21,-0.07978980437269792,0.020778305785080553,39.5,-83.5,0.2857142857142857,-3.8400534287058856
EOS,39,-83,182,521,55.12798364896164,35.498274860763374,39.5,-82.5,0.3493282149712092,1.552976415479142
EOS,39,-82,153,413,14.04205627140698,15.57768033706178,39.5,-81.5,0.3704600484261501,0.9014215189663825
EOS,39,-81,187,539,24.63547904245818,39.68935960066705,39.5,-80.5,0.3469387755102041,0.6207073958946955
EOS,39,-80,208,779,4.844046607349525,32.69659160792962,39.5,-79.5,0.26700898587933247,0.1481514240210512
EOS,39,-79,177,662,-93.92539869113456,26.100164906936016,39.5,-78.5,0.2673716012084592,-3.5986515420894625
EOS,39,-78,194,655,-9.92216398739771,9.646991341541828,39.5,-77.5,0.2961832061068702,-1.0285241933068743
EOS,39,-77,250,900,3.7742572256578013,5.432327898077258,39.5,-76.5,0.2777777777777778,0.6947771372552233
EOS,39,-76,201,682,48.91500013243719,17.705182184052823,39.5,-75.5,0.29472140762463345,2.7627504548637325
EOS,39,-75,364,1396,71.27316908828708,81.34711242627242,39.5,-74.5,0.2607449856733524,0.8761610211165677
EOS,39,-10,34,58,-215.22959725042622,8.214212330049953,39.5,-9.5,0.5862068965517241,-26.20209809564508
EOS,39,-9,263,474,301.57232548811083,148.14777051518257,39.5,-8.5,0.5548523206751055,2.0356183858818513
EOS,39,-8,333,608,265.4329679594873,34.717304188034376,39.5,-7.5,0.5476973684210527,7.645552388568555
EOS,39,-7,659,1210,107.56347406711616,88.26036267217906,39.5,-6.5,0.5446280991735537,1.2187064590549403
EOS,39,-6,714,1394,-571.4156608878496,90.92606961475542,39.5,-5.5,0.5121951219512195,-6.284398559278765
EOS,39,-5,185,411,164.87557457334435,22.737546656927456,39.5,-4.5,0.45012165450121655,7.251247333806423
EOS,39,-4,314,673,-1145.1936375060236,195.9887135716583,39.5,-3.5,0.46656760772659733,-5.843161152681951
EOS,39,-3,121,264,-957.664362364845,72.83587018398046,39.5,-2.5,0.4583333333333333,-13.148251815291333
EOS,39,-2,201,599,174.91588844165565,96.21818700711711,39.5,-1.5,0.335559265442404,1.8179087954413171
EOS,39,-1,332,1324,-608.5150551371767,61.38279045118018,39.5,-0.5,0.25075528700906347,-9.913447249048565
EOS,39,2,6,16,41.58981529562322,1.2703798126663086,39.5,2.5,0.375,32.738095238095255
EOS,39,3,2,3,0.0014303813643987695,0.00011919844703323079,39.5,3.5,0.6666666666666666,12.0
EOS,39,8,54,126,47.24670279149083,14.766465433610742,39.5,8.5,0.42857142857142855,3.1995945816491793
EOS,39,9,12,34,-11.061514578023658,0.9452326923178906,39.5,9.5,0.35294117647058826,-11.702424882172364
EOS,39,15,24,48,-7.053665531045366,2.027245851293139,39.5,15.5,0.5,-3.479432712389559
EOS,39,16,408,841,-322.47348366193796,29.162830644686647,39.5,16.5,0.48513674197384066,-11.057688041016394
EOS,39,18,8,60,-96.93655001548446,1.407320123750584,39.5,18.5,0.13333333333333333,-68.88024151686493
EOS,39,20,127,264,62.04838040821696,16.359963793646013,39.5,20.5,0.4810606060606061,3.792696682636651
EOS,39,21,531,1323,-48.177146979967816,137.81108698681453,39.5,21.5,0.4013605442176871,-0.3495883243746369
EOS,39,22,132,368,107.640579447436,16.461436813981656,39.5,22.5,0.358695652173913,6.538954081821739
EOS,39,26,17,35,-3.6172912970324855,1.2969410911339434,39.5,26.5,0.4857142857142857,-2.78909452538805
EOS,39,27,43,85,21.690574442951885,17.116580659179544,39.5,27.5,0.5058823529411764,1.2672259065550764
EOS,39,29,25,41,2.6701453922713716,6.174894726699665,39.5,29.5,0.6097560975609756,0.4324195812968136
EOS,39,30,84,166,-51.43530928156751,21.431293182509126,39.5,30.5,0.5060240963855421,-2.4000095954800233
EOS,39,32,106,152,-353.03901507565456,36.816100396173056,39.5,32.5,0.6973684210526315,-9.589256093846162
EOS,39,33,83,132,-513.2335584293282,44.89112192855697,39.5,33.5,0.6287878787878788,-11.432852118201142
EOS,39,34,12,20,55.722815561760186,6.789001542333244,39.5,34.5,0.6,8.207807173749643
EOS,39,36,22,44,1.8316450402763311,0.1684937827270605,39.5,36.5,0.5,10.870698079366964
EOS,39,41,15,43,21.388656648379968,11.907956651496235,39.5,41.5,0.3488372093023256,1.796165141875326
EOS,39,44,201,358,-160.75766011749158,48.09426329521953,39.5,44.5,0.5614525139664804,-3.3425537497207194
EOS,39,45,1498,3182,-1420.6049508780934,245.78369534890516,39.5,45.5,0.47077309868007544,-5.779899064750641
EOS,39,46,695,1646,-1330.5159475118658,139.37886172851438,39.5,46.5,0.4222357229647631,-9.546038265856108
EOS,39,47,82,244,-177.67113672178021,29.233524040074876,39.5,47.5,0.3360655737704918,-6.077650319483177
EOS,39,48,67,237,789.9782232136033,43.946885352604895,39.5,48.5,0.28270042194092826,17.97574997352522
EOS,39,49,17,42,150.25445017080642,15.46443191494779,39.5,49.5,0.40476190476190477,9.716131248608734
EOS,39,52,3,7,-35.33854295571304,0.4722299726821342,39.5,52.5,0.42857142857142855,-74.83333333333333
EOS,39,54,261,570,-80.88059904150438,14.605718539960481,39.5,54.5,0.45789473684210524,-5.537598086682233
EOS,39,55,11,31,50.516811080791186,6.443971854612151,39.5,55.5,0.3548387096774194,7.83939039780795
EOS,39,62,23,53,9.415884252124417,3.461500355927714,39.5,62.5,0.4339622641509434,2.7201742839633116
EOS,39,64,156,457,54.29625343854522,12.1641435110244,39.5,64.5,0.3413566739606127,4.463631441813915
EOS,39,65,1322,3138,-78.05937365258973,178.03325192352347,39.5,65.5,0.4212874442319949,-0.43845390009570323
EOS,39,66,6,14,-24.520383897411833,1.9112836624756033,39.5,66.5,0.42857142857142855,-12.829275098627503
EOS,39,67,40,86,34.14255725620753,4.370290419501044,39.5,67.5,0.46511627906976744,7.812422969388287
EOS,39,68,360,924,-61.256645861233594,8.844161161395213,39.5,68.5,0.38961038961038963,-6.9262245161948215
EOS,39,69,45,84,87.6849540207047,24.033568914133742,39.5,69.5,0.5357142857142857,3.6484366651487465
EOS,39,70,59,154,-1.4410761845520565,1.1102239726537695,39.5,70.5,0.38311688311688313,-1.2980049251750985
EOS,39,72,43,102,-0.1166557064308214,0.3595649969138676,39.5,72.5,0.4215686274509804,-0.32443565817605385
EOS,39,75,6,10,-5.381044838578106,3.9834173993969264,39.5,75.5,0.6,-1.3508614084461184
EOS,39,76,47,73,37.41702025986046,33.99698137978591,39.5,76.5,0.6438356164383562,1.100598310240216
EOS,39,78,31,64,6.443503570539899,22.836171719484305,39.5,78.5,0.484375,0.2821621614030063
EOS,39,79,41,78,-2.8557465114985687,9.462317918098657,39.5,79.5,0.5256410256410257,-0.30180200414069347
EOS,39,88,6,24,14.02311956063784,4.147598552405771,39.5,88.5,0.25,3.3810214232290816
EOS,39,106,181,514,47.62375775880039,52.80850015290853,39.5,106.5,0.3521400778210117,0.9018199271121965
EOS,39,107,10,23,4.4098017780663294,2.5883067411142413,39.5,107.5,0.43478260869565216,1.7037400196886834
EOS,39,109,45,106,98.10802069707366,24.554752901967753,39.5,109.5,0.42452830188679247,3.99547986040664
EOS,39,110,213,479,452.20796718380853,125.06839102285375,39.5,110.5,0.44467640918580376,3.6156854940364314
EOS,39,111,144,389,50.43117014130659,40.09440924940466,39.5,111.5,0.37017994858611825,1.257810529832296
EOS,39,112,77,261,53.75923211163909,15.542128571550924,39.5,112.5,0.2950191570881226,3.4589362624397944
EOS,39,113,79,289,36.354932719363774,14.074008236997612,39.5,113.5,0.27335640138408307,2.583125724183839
EOS,39,114,5,83,0.2006712315232324,0.2728933664735811,39.5,114.5,0.060240963855421686,0.735346681806058
EOS,39,115,9,48,0.08552544940507943,0.057427482372438665,39.5,115.5,0.1875,1.489277361149405
EOS,39,116,21,92,0.08512571374037783,0.13124328838023824,39.5,116.5,0.22826086956521738,0.6486100340137128
EOS,39,118,2,11,0.006520817868372832,0.004275111812240606,39.5,118.5,0.18181818181818182,1.5252976190475918
EOS,39,121,2,24,0.08550843411953893,0.01911049692400546,39.5,121.5,0.08333333333333333,4.474422327141497
EOS,39,140,54,368,43.22787168340415,7.722879904025766,39.5,140.5,0.14673913043478262,5.597377172843309
EOS,39,141,36,296,20.76987698498655,5.534142381258933,39.5,141.5,0.12162162162162163,3.7530434806525017
EOS,40,-125,107,207,-294.42330847543775,22.99036010962925,40.5,-124.5,0.5169082125603864,-12.80638089492656
EOS,40,-124,490,895,-176.25227402071508,37.9161906000765,40.5,-123.5,0.547486033519553,-4.648469986865175
EOS,40,-123,669,1249,-545.515284568094,114.0854398166791,40.5,-122.5,0.5356285028022418,-4.781638090230166
EOS,40,-122,526,983,281.9255953031317,67.80689966169281,40.5,-121.5,0.5350966429298067,4.1577715056983235
EOS,40,-121,473,735,89.78749033247134,26.044100921926223,40.5,-120.5,0.6435374149659864,3.4475173706948854
EOS,40,-120,1120,1710,1058.6550939547838,112.7752387515925,40.5,-119.5,0.6549707602339181,9.387300844351655
EOS,40,-119,88,160,335.91985836383753,39.1391450584361,40.5,-118.5,0.55,8.582708126666986
EOS,40,-118,113,220,-0.2791495882799528,1.584306710831428,40.5,-117.5,0.5136363636363637,-0.17619668361655677
EOS,40,-117,30,60,254.3578296224367,28.893576328344352,40.5,-116.5,0.5,8.803265706257132
EOS,40,-116,285,643,-0.6368891019238136,1.7568677130612456,40.5,-115.5,0.4432348367029549,-0.3625139771133191
EOS,40,-115,245,687,-11.094694808362043,3.881239378974814,40.5,-114.5,0.35662299854439594,-2.8585443269651103
EOS,40,-114,14,44,0.47259410307601435,0.18435363559460968,40.5,-113.5,0.3181818181818182,2.5635193011069237
EOS,40,-113,103,305,-259.25391991582603,34.37125199728374,40.5,-112.5,0.3377049180327869,-7.542754623436879
EOS,40,-112,324,973,-1243.1566577430708,169.2320180412496,40.5,-111.5,0.3329907502569373,-7.345871497201295
EOS,40,-111,829,1971,-0.6220465798811902,0.7036677257728466,40.5,-110.5,0.42059868087265345,-0.8840061254734811
EOS,40,-110,136,519,1.7828085026655671,1.0370170826043617,40.5,-109.5,0.26204238921001927,1.7191698503058668
EOS,40,-109,387,1042,-0.6266623664336491,1.877435501497762,40.5,-108.5,0.3714011516314779,-0.33378636226582303
EOS,40,-108,157,354,-0.3152091941481911,0.17586588448029747,40.5,-107.5,0.4435028248587571,-1.7923271194960184
EOS,40,-107,430,1052,8.338877976562333,25.83108601720553,40.5,-106.5,0.40874524714828897,0.32282335984665866
EOS,40,-106,786,2206,-88.60504683158075,18.2437311208816,40.5,-105.5,0.3563009972801451,-4.856739350327536
EOS,40,-105,88,187,7.979813719741565,9.714170538409906,40.5,-104.5,0.47058823529411764,0.8214611518491794
EOS,40,-104,7,21,-1.3698330426078567,2.5369710541732235,40.5,-103.5,0.3333333333333333,-0.5399482348663506
EOS,40,-101,7,22,-4.626011679067294,1.314946563316397,40.5,-100.5,0.3181818181818182,-3.518022563137573
EOS,40,-97,1,2,0.029497796715612035,0.014748898357806017,40.5,-96.5,0.5,2.0
EOS,40,-94,35,111,-4.6472254193401294,8.158192586316849,40.5,-93.5,0.3153153153153153,-0.5696390922585705
EOS,40,-93,59,139,-61.06217672097675,25.339100535750102,40.5,-92.5,0.4244604316546763,-2.4098004834396605
EOS,40,-92,22,51,17.747531366282896,7.421414457840984,40.5,-91.5,0.43137254901960786,2.3913947222731924
EOS,40,-91,27,73,18.417914125492313,17.398554828724606,40.5,-90.5,0.3698630136986301,1.0585887337656785
EOS,40,-90,31,68,37.13981083566002,21.91202747662358,40.5,-89.5,0.45588235294117646,1.6949509065412547
EOS,40,-84,2,4,0.27065925584198786,0.023199364786456123,40.5,-83.5,0.5,11.666666666666655
EOS,40,-83,78,215,-15.438942051944874,9.727578173086549,40.5,-82.5,0.3627906976744186,-1.5871311211520305
EOS,40,-82,239,672,-38.13037859762315,28.324454557100136,40.5,-81.5,0.3556547619047619,-1.3461999249007586
EOS,40,-81,730,2009,15.110355622896813,41.79825505183397,40.5,-80.5,0.3633648581383773,0.36150685247885295
EOS,40,-80,531,1606,-16.322272491670425,24.86367990486661,40.5,-79.5,0.3306351183063512,-0.6564705045320197
EOS,40,-79,240,730,8.975150930482126,41.22590089197978,40.5,-78.5,0.3287671232876712,0.2177066052237122
EOS,40,-78,79,225,8.545752696452682,7.903613144162981,40.5,-77.5,0.3511111111111111,1.0812463288089875
EOS,40,-77,386,923,182.21706092368737,48.000174782786104,40.5,-76.5,0.4182015167930661,3.7961749462011194
EOS,40,-76,454,1297,56.84010998765758,18.72831483247169,40.5,-75.5,0.3500385505011565,3.034982618356381
EOS,40,-75,461,1611,-13.324083224173467,24.0036055308411,40.5,-74.5,0.2861576660459342,-0.5550867434083593
EOS,40,-74,3,23,-0.0468418616810305,0.018450976527718987,40.5,-73.5,0.13043478260869565,-2.5387199214447946
EOS,40,-73,12,245,2.7513198948084607,0.6438706447891991,40.5,-72.5,0.04897959183673469,4.273094164293253
EOS,40,-9,322,599,-1122.1052656949869,97.79471782956334,40.5,-8.5,0.5375626043405676,-11.474088689029118
EOS,40,-8,588,1067,-174.1185931929717,78.94247231505652,40.5,-7.5,0.5510777881911902,-2.2056389683118964
EOS,40,-7,463,872,60.64992626989109,61.73109511967689,40.5,-6.5,0.5309633027522935,0.9824858307196761
EOS,40,-6,582,1204,-40.706847436915936,8.610926498848686,40.5,-5.5,0.4833887043189369,-4.727348148002262
EOS,40,-5,1341,2710,573.8704827327728,114.66120836085038,40.5,-4.5,0.4948339483394834,5.004922684285208
EOS,40,-4,603,1348,506.3975485479789,299.0459545313793,40.5,-3.5,0.4473293768545994,1.6933770240815675
EOS,40,-3,194,397,-1.5725918310396878,17.013117633108443,40.5,-2.5,0.48866498740554154,-0.09243407733685091
EOS,40,-2,311,640,-128.13141318563984,57.59323882678832,40.5,-1.5,0.4859375,-2.224764847328609
EOS,40,-1,566,1334,533.5008204820322,119.28328748577042,40.5,-0.5,0.424287856071964,4.472552959656437
EOS,40,0,314,916,151.05479324055295,79.69640163236302,40.5,0.5,0.34279475982532753,1.8953778357191575
EOS,40,8,22,44,-65.79977585538553,1.997487253505903,40.5,8.5,0.5,-32.94127446365258
EOS,40,9,61,142,433.3449813375894,34.07413009330777,40.5,9.5,0.4295774647887324,12.717712239488668
EOS,40,14,326,656,-95.54691326981722,27.359518914037704,40.5,14.5,0.4969512195121951,-3.4922731488817855
EOS,40,15,532,931,-227.4589557380371,58.513053617418166,40.5,15.5,0.5714285714285714,-3.8873198658414765
EOS,40,16,147,343,-408.12669796185196,70.05275286507995,40.5,16.5,0.42857142857142855,-5.825990860743116
EOS,40,17,107,304,-161.70357547430763,10.835633010607095,40.5,17.5,0.3519736842105263,-14.923315999721899
EOS,40,18,135,426,168.59969780129074,9.885137253255946,40.5,18.5,0.31690140845070425,17.055878282899684
EOS,40,19,28,75,-4.532461613812257,9.135701316999366,40.5,19.5,0.37333333333333335,-0.49612629140780073
EOS,40,20,567,1135,-138.54633246867934,53.907013861847354,40.5,20.5,0.4995594713656388,-2.570098444401785
EOS,40,21,317,767,-49.55061420294183,65.37914207028817,40.5,21.5,0.4132985658409387,-0.7578963662397203
EOS,40,22,189,456,8.871391781704718,17.643787323088702,40.5,22.5,0.4144736842105263,0.5028054135574165
EOS,40,23,599,1457,-464.8674361419849,311.9423303436719,40.5,23.5,0.41111873713109126,-1.490235184272147
EOS,40,26,1,2,-7.071359190422671,0.0360783632164422,40.5,26.5,0.5,-196.0
EOS,40,27,3,7,0.0076967344770309705,0.0003516274634176586,40.5,27.5,0.42857142857142855,21.888888888888886
EOS,40,28,12,29,-5.9178882403036335,1.3781211042995298,40.5,28.5,0.41379310344827586,-4.294171406156335
EOS,40,29,126,276,88.41695258258815,25.453430670799108,40.5,29.5,0.45652173913043476,3.473675267044555
EOS,40,30,42,89,3.2953017966705187,1.7056605908994236,40.5,30.5,0.47191011235955055,1.9319797937835044
EOS,40,31,14,27,-5.097086929798409,3.4897159123814037,40.5,31.5,0.5185185185185185,-1.4606022546746864
EOS,40,32,73,105,-24.349492580453074,18.272252529806746,40.5,32.5,0.6952380952380952,-1.3325939175114172
EOS,40,33,30,46,-56.97898276083356,11.681298469149217,40.5,33.5,0.6521739130434783,-4.87779529915423
EOS,40,36,15,24,-18.234889151131053,3.191756612239784,40.5,36.5,0.625,-5.713120192562207
EOS,40,39,18,71,-20.60402734464418,3.081650124362863,40.5,39.5,0.2535211267605634,-6.686037192137151
EOS,40,43,107,252,19.354728204576187,23.900752763157442,40.5,43.5,0.4246031746031746,0.8097957581658739
EOS,40,44,727,1867,-183.32476936163357,43.76052369212684,40.5,44.5,0.3893947509373326,-4.189272748456993
EOS,40,45,1226,2966,-547.3291475698106,78.46074861239981,40.5,45.5,0.4133513149022252,-6.975833869157241
EOS,40,46,635,1262,318.69419660119905,179.88017289816364,40.5,46.5,0.5031695721077655,1.7717027478154739
EOS,40,47,431,1046,-503.4056255854091,223.58860768067726,40.5,47.5,0.41204588910133844,-2.2514815526932317
EOS,40,48,364,995,-223.7908506326939,28.253165356167234,40.5,48.5,0.3658291457286432,-7.92091249994556
EOS,40,49,159,365,-155.22950600965953,11.837213532517769,40.5,49.5,0.43561643835616437,-13.11368639107774
EOS,40,50,13,158,66.27965451497408,1.2175855156662119,40.5,50.5,0.08227848101265822,54.435317817252965
EOS,40,52,46,133,-755.7978330885093,24.81697472946497,40.5,52.5,0.3458646616541353,-30.454873784078014
EOS,40,53,128,279,-570.9977433234137,19.192172053216055,40.5,53.5,0.45878136200716846,-29.751595689125292
EOS,40,55,2,3,-0.7383017431721859,0.09526474105447559,40.5,55.5,0.6666666666666666,-7.750000000000001
EOS,40,56,19,33,-3.6100540292025625,0.8661114045125822,40.5,56.5,0.5757575757575758,-4.168117415835411
EOS,40,57,52,126,73.23486313214033,15.267593186367638,40.5,57.5,0.4126984126984127,4.796752326197124
EOS,40,59,227,318,371.49156701248165,27.427818411907847,40.5,59.5,0.7138364779874213,13.54433522321986
EOS,40,62,14,33,26.296332650061135,4.565875311993908,40.5,62.5,0.42424242424242425,5.759319046883386
EOS,40,63,211,315,113.49542804218328,105.36839620729886,40.5,63.5,0.6698412698412698,1.0771296909454284
EOS,40,64,12,24,16.84004835507647,2.101574941850673,40.5,64.5,0.5,8.013061071353903
EOS,40,65,98,198,83.51997168363154,10.827739829999075,40.5,65.5,0.494949494949495,7.71351851770885
EOS,40,66,168,356,-13.148561117924437,4.5353888158358275,40.5,66.5,0.47191011235955055,-2.8991033959458417
EOS,40,67,56,152,-9.199238879183351,26.224544130084322,40.5,67.5,0.3684210526315789,-0.35078737054689735
EOS,40,69,76,179,-144.03427255302847,37.3679098278646,40.5,69.5,0.4245810055865922,-3.8544910115797975
EOS,40,70,118,272,56.88238083308109,37.559909720751556,40.5,70.5,0.4338235294117647,1.5144440243863
EOS,40,71,35,57,94.3149681454485,8.326690643508993,40.5,71.5,0.6140350877192983,11.326825047712203
EOS,40,72,145,297,213.1396997227838,53.26346625512635,40.5,72.5,0.4882154882154882,4.0016115117605615
EOS,40,73,36,73,-87.49169517095956,14.994977332615452,40.5,73.5,0.4931506849315068,-5.834733406409164
EOS,40,75,28,55,-0.0032189297613997654,0.00204907930034844,40.5,75.5,0.509090909090909,-1.5709151719274095
EOS,40,97,10,23,-7.221822997444276,2.2207744049721434,40.5,97.5,0.43478260869565216,-3.2519390449003596
EOS,40,106,11,24,-4.618978746843042,2.4534673576242194,40.5,106.5,0.4583333333333333,-1.8826330550065948
EOS,40,107,29,65,-14.065744080833728,6.014559638543333,40.5,107.5,0.4461538461538462,-2.3386157800640435
EOS,40,108,45,100,4.037869632692266,8.316735590032723,40.5,108.5,0.45,0.48551136307994364
EOS,40,109,181,414,38.093595909223666,73.81089204328198,40.5,109.5,0.43719806763285024,0.5160972162060574
EOS,40,110,108,278,20.808944629624655,29.268636167953247,40.5,110.5,0.38848920863309355,0.7109639311587993
EOS,40,111,187,504,-13.677767363799736,90.90523454206904,40.5,111.5,0.37103174603174605,-0.1504618235979574
EOS,40,113,168,523,182.24162920500515,57.47936492443595,40.5,113.5,0.32122370936902483,3.170557459091368
EOS,40,114,85,258,14.607354198506563,8.680663958114758,40.5,114.5,0.32945736434108525,1.682746189575912
EOS,40,115,73,281,36.469876279884545,14.458981299001495,40.5,115.5,0.2597864768683274,2.522299152735129
EOS,40,116,73,235,0.9271894611935381,2.467159746973838,40.5,116.5,0.31063829787234043,0.3758124954538544
EOS,40,117,83,276,-1.7821596455324844,7.593390428991296,40.5,117.5,0.3007246376811594,-0.23469880314967895
EOS,40,118,8,27,-0.7503643370490423,0.3341619267171503,40.5,118.5,0.2962962962962963,-2.2455111640656313
EOS,40,120,6,26,-0.3370256302323988,0.14709492138380242,40.5,120.5,0.23076923076923078,-2.291211872319005
EOS,40,122,6,19,-0.031441208558963,0.06301052219980252,40.5,122.5,0.3157894736842105,-0.4989834627820548
EOS,40,123,0,2,0.0,0.0,40.5,123.5,0.0,
EOS,40,124,7,38,-3.0507888398509717,0.5628880263927866,40.5,124.5,0.18421052631578946,-5.419885833069957
EOS,40,140,63,538,9.109874323192948,16.21806061142568,40.5,140.5,0.1171003717472119,0.5617116954646851
EOS,40,141,6,140,-0.4877815301151138,0.2123079469561292,40.5,141.5,0.04285714285714286,-2.2975189441020207
EOS,41,-125,10,22,-31.53773462422967,1.1403443740598695,41.5,-124.5,0.45454545454545453,-27.656325002901184
EOS,41,-124,1182,2323,-68.35895537130499,54.2686125525145,41.5,-123.5,0.5088247955230306,-1.259640741785237
EOS,41,-123,417,830,-27.045034934049482,33.071829210236075,41.5,-122.5,0.5024096385542168,-0.8177665275822954
EOS,41,-122,268,477,65.87096994930128,72.8388028371488,41.5,-121.5,0.5618448637316562,0.90433899767098
EOS,41,-121,206,395,1.8142033588420328,1.810389733903861,41.5,-120.5,0.5215189873417722,1.0021065215222735
EOS,41,-120,2515,4199,68.69666015946684,77.55486427979085,41.5,-119.5,0.5989521314598714,0.8857814502986338
EOS,41,-119,563,1135,119.38250569309086,59.16024086019878,41.5,-118.5,0.4960352422907489,2.017951650589168
EOS,41,-118,154,354,2.751722799252192,0.9292695456297049,41.5,-117.5,0.4350282485875706,2.9611675236677755
EOS,41,-117,116,248,7.021805976009459,0.6469051481529372,41.5,-116.5,0.46774193548387094,10.854459878791083
EOS,41,-116,234,505,-1.347679701084097,0.34592336720063416,41.5,-115.5,0.4633663366336634,-3.895890907833492
EOS,41,-115,11,22,-0.010371538509769261,0.025849601929087314,41.5,-114.5,0.5,-0.40122623699278975
EOS,41,-114,17,40,-20.33159820828175,3.4219029353094537,41.5,-113.5,0.425,-5.941605765168526
EOS,41,-113,91,258,35.41277909417073,21.494587114315923,41.5,-112.5,0.35271317829457366,1.6475207877142684
EOS,41,-112,227,637,-387.97924805917603,51.8355286408956,41.5,-111.5,0.3563579277864992,-7.484813181843005
EOS,41,-111,19,44,-0.06623115722709985,0.05375954714987855,41.5,-110.5,0.4318181818181818,-1.2319887487603116
EOS,41,-110,94,247,-24.88532626873114,12.155886202045858,41.5,-109.5,0.3805668016194332,-2.047183220960303
EOS,41,-109,142,378,-78.04276111350649,11.49856355281995,41.5,-108.5,0.37566137566137564,-6.787174828839119
EOS,41,-108,129,298,-59.47081387921668,10.285021021752382,41.5,-107.5,0.43288590604026844,-5.782274411830413
EOS,41,-107,181,441,-1.4407875976337972,0.3425718561338826,41.5,-106.5,0.41043083900226757,-4.2057967455175715
EOS,41,-106,155,359,90.99520537966268,18.66677915323073,41.5,-105.5,0.43175487465181056,4.8747137699924945
EOS,41,-105,66,171,38.27758283447491,26.30087741343083,41.5,-104.5,0.38596491228070173,1.455372846798185
EOS,41,-104,19,65,-2.4564769582664745,3.0651191021860478,41.5,-103.5,0.2923076923076923,-0.801429528958438
EOS,41,-103,65,219,-59.17492434311793,17.823698809421362,41.5,-102.5,0.2968036529680365,-3.3200137062369386
EOS,41,-102,11,44,-9.55938902662791,2.154575027664369,41.5,-101.5,0.25,-4.436786328573856
EOS,41,-101,13,29,-4.250430660923303,0.9526353665859052,41.5,-100.5,0.4482758620689655,-4.461760302009546
EOS,41,-100,14,41,-8.176692028001183,0.8406106332264007,41.5,-99.5,0.34146341463414637,-9.727086126210068
EOS,41,-96,0,3,0.0,0.0,41.5,-95.5,0.0,
EOS,41,-94,9,24,-0.8926205904084598,0.2896768643053753,41.5,-93.5,0.375,-3.0814355594082428
EOS,41,-93,10,20,-0.5569371689457385,0.18581222604292846,41.5,-92.5,0.5,-2.9973117528717865
EOS,41,-92,8,20,-9.326422407668431,2.8558395807212498,41.5,-91.5,0.4,-3.2657374982221583
EOS,41,-89,1,2,0.11666640048198162,0.006862729440116566,41.5,-88.5,0.5,17.0
EOS,41,-88,26,62,11.772825237078479,6.627309793654912,41.5,-87.5,0.41935483870967744,1.7764108821878166
EOS,41,-87,22,58,-6.188450855711086,8.333557335966077,41.5,-86.5,0.3793103448275862,-0.7425941415201991
EOS,41,-86,9,17,0.2846701746552296,0.16844374229624526,41.5,-85.5,0.5294117647058824,1.6900014852114522
EOS,41,-84,22,54,0.6713818738153329,2.6843211177065314,41.5,-83.5,0.4074074074074074,0.25011235406476173
EOS,41,-83,18,85,0.1913926698491237,0.4017164438124303,41.5,-82.5,0.21176470588235294,0.47643723028298257
EOS,41,-82,315,1175,11.445869436068481,21.098714432659875,41.5,-81.5,0.2680851063829787,0.5424913196773156
EOS,41,-81,308,985,-8.42779158645191,26.618785469959768,41.5,-80.5,0.31269035532994927,-0.3166106731639942
EOS,41,-80,95,259,26.94361276649986,22.95340913375844,41.5,-79.5,0.3667953667953668,1.1738392588869457
EOS,41,-79,188,458,86.07360765572469,43.00332173668109,41.5,-78.5,0.4104803493449782,2.001557186274413
EOS,41,-78,162,478,8.397030942003234,14.568996692302191,41.5,-77.5,0.3389121338912134,0.5763630206903655
EOS,41,-77,95,269,21.431247982026637,6.906043493913977,41.5,-76.5,0.35315985130111527,3.103259920229745
EOS,41,-76,234,595,110.66901265724952,43.13083587787356,41.5,-75.5,0.39327731092436974,2.565890746254319
EOS,41,-75,506,1495,190.65787452563964,94.66505714543402,41.5,-74.5,0.3384615384615385,2.0140258747505086
EOS,41,-74,442,1528,212.78104051924947,58.65057876305132,41.5,-73.5,0.2892670157068063,3.6279444296515146
EOS,41,-73,266,1145,51.01924936418524,18.063561763982033,41.5,-72.5,0.23231441048034934,2.824429092711684
EOS,41,-72,127,1113,24.563641709631362,9.635894612251413,41.5,-71.5,0.11410601976639713,2.5491812330948793
EOS,41,-71,14,441,15.70891827799274,0.9064612400746357,41.5,-70.5,0.031746031746031744,17.329939310697178
EOS,41,-9,659,1423,-1129.1455149731464,71.91180608680197,41.5,-8.5,0.4631061138439916,-15.701809986668925
EOS,41,-8,318,663,-120.13296261302037,36.385727666887014,41.5,-7.5,0.4796380090497738,-3.3016506832800787
EOS,41,-7,1144,2127,250.1694386808543,160.89260670250968,41.5,-6.5,0.537846732487071,1.5548846140793617
EOS,41,-6,138,239,239.64505804361886,40.83295146913545,41.5,-5.5,0.5774058577405857,5.868913449099074
EOS,41,-5,133,238,-259.87781907643637,68.08827485942342,41.5,-4.5,0.5588235294117647,-3.816777846302993
EOS,41,-4,328,649,242.4229332066554,24.553799413607408,41.5,-3.5,0.5053929121725732,9.873133241949823
EOS,41,-3,350,710,42.284548510077784,27.685069670434025,41.5,-2.5,0.49295774647887325,1.5273412353097713
EOS,41,-2,297,691,844.6322427570502,120.45811623876776,41.5,-1.5,0.42981186685962375,7.011833400107723
EOS,41,-1,430,864,1608.646568747689,245.71175974738938,41.5,-0.5,0.4976851851851852,6.546884733565465
EOS,41,0,417,1010,835.2135288333144,181.06198768559568,41.5,0.5,0.41287128712871285,4.61285960410209
EOS,41,1,534,1397,1508.7273014240102,133.47221338396045,41.5,1.5,0.3822476735862563,11.303680842422564
EOS,41,2,350,1013,-6.126593921721852,65.43875404316506,41.5,2.5,0.3455083909180652,-0.09362332781703936
EOS,41,3,6,22,165.8625795041508,4.159731861819741,41.5,3.5,0.2727272727272727,39.87338247124217
EOS,41,8,9,21,25.58757668308744,2.438242218457289,41.5,8.5,0.42857142857142855,10.49427185264517
EOS,41,9,12,18,54.423193688573576,3.4303570753888297,41.5,9.5,0.6666666666666666,15.865168696003673
EOS,41,12,161,383,-296.17353814638506,40.24120091334817,41.5,12.5,0.42036553524804177,-7.359957740429736
EOS,41,13,1008,1997,-413.48794523059854,105.3520645379974,41.5,13.5,0.5047571357035553,-3.9248205248172003
EOS,41,14,436,870,-224.39906764619255,92.87511100039389,41.5,14.5,0.5011494252873563,-2.41613781377059
EOS,41,15,31,75,-221.15682024816812,11.389909161376055,41.5,15.5,0.41333333333333333,-19.416908169744296
EOS,41,16,39,156,466.9448241416676,17.685428760966623,41.5,16.5,0.25,26.402799188689052
EOS,41,19,134,342,-82.24225861648341,11.790333593381803,41.5,19.5,0.391812865497076,-6.9753970882255585
EOS,41,20,1191,2829,64.62183025653347,90.99982367913572,41.5,20.5,0.4209968186638388,0.7101313787638673
EOS,41,21,820,2026,17.313486856379726,33.35701132343324,41.5,21.5,0.40473840078973344,0.5190359138744852
EOS,41,22,441,925,91.67673937195069,90.18684733159155,41.5,22.5,0.47675675675675677,1.0165200590157146
EOS,41,23,687,1464,525.3811847972997,138.4669622804918,41.5,23.5,0.4692622950819672,3.7942710386975764
EOS,41,24,50,134,32.43472588475038,6.271413148769828,41.5,24.5,0.373134328358209,5.171836891516647
EOS,41,25,21,47,-19.52899532816439,0.2643143550571616,41.5,25.5,0.44680851063829785,-73.88548882992366
EOS,41,26,193,376,133.39369147880677,64.07507575311432,41.5,26.5,0.5132978723404256,2.081834315620349
EOS,41,27,8,26,28.1008803502066,0.3927292613852788,41.5,27.5,0.3076923076923077,71.55280523556105
EOS,41,28,21,113,-17.08469228300617,1.9604324563254096,41.5,28.5,0.18584070796460178,-8.714756903703448
EOS,41,29,31,119,11.659280890721659,2.3479155532790497,41.5,29.5,0.2605042016806723,4.965800782076064
EOS,41,30,4,24,0.8931126284120638,0.3317152958549636,41.5,30.5,0.16666666666666666,2.692407132176868
EOS,41,31,19,69,7.883996404156258,2.1699073982317048,41.5,31.5,0.2753623188405797,3.6333331139296834
EOS,41,32,35,85,10.288024640796158,12.34810782818658,41.5,32.5,0.4117647058823529,0.8331660837389235
EOS,41,33,11,21,71.24057315995573,8.534828660491605,41.5,33.5,0.5238095238095238,8.347041984537306
EOS,41,34,49,105,47.6247579576392,16.319000133049702,41.5,34.5,0.4666666666666667,2.918362495824005
EOS,41,35,18,44,-46.077573462258336,5.103076265881899,41.5,35.5,0.4090909090909091,-9.02937190461435
EOS,41,36,7,30,1.2542704530611317,0.31656087820487655,41.5,36.5,0.23333333333333334,3.9621777023545355
EOS,41,41,99,323,-76.14365855749666,16.417815711850956,41.5,41.5,0.3065015479876161,-4.637867783016562
EOS,41,42,332,786,-12.05220434482875,4.9334051540541815,41.5,42.5,0.4223918575063613,-2.442978828715187
EOS,41,43,584,1427,-28.51836923457159,8.55026839179751,41.5,43.5,0.409250175192712,-3.3353770814878727
EOS,41,44,344,845,-897.5316840087537,76.65434359722698,41.5,44.5,0.40710059171597635,-11.708817033575412
EOS,41,45,563,1347,-461.6054306156214,54.842660636326734,41.5,45.5,0.4179658500371195,-8.416904381729845
EOS,41,46,1606,3511,-787.3830918830182,172.64349899768231,41.5,46.5,0.45741953859299345,-4.560745677968382
EOS,41,47,489,1356,-112.35201758239538,29.247184092084964,41.5,47.5,0.3606194690265487,-3.841464437350764
EOS,41,48,942,2081,-650.7034795040936,83.53275521406043,41.5,48.5,0.45266698702546854,-7.789800274594147
EOS,41,56,1,6,0.10065269146965883,0.018872379650560996,41.5,56.5,0.16666666666666666,5.333333333333343
EOS,41,59,17,36,12.392996971760823,3.3801038707613853,41.5,59.5,0.4722222222222222,3.6664544776161683
EOS,41,60,21,43,1.6672243076444768,0.843322775216365,41.5,60.5,0.4883720930232558,1.9769705700367568
EOS,41,64,54,81,91.54180829548915,37.405421315596946,41.5,64.5,0.6666666666666666,2.4472871866121433
EOS,41,68,9,15,-37.17286787850651,2.226137002012809,41.5,68.5,0.6,-16.69837383992803
EOS,41,69,205,420,-230.52430885587677,33.51718764398719,41.5,69.5,0.4880952380952381,-6.877793903965317
EOS,41,70,2420,4207,-194.40223592207673,58.06320803356083,41.5,70.5,0.5752317565961492,-3.3481139348985205
EOS,41,71,207,390,64.14196318562361,17.809755823187146,41.5,71.5,0.5307692307692308,3.601507163962065
EOS,41,72,34,68,92.59707967644269,23.822465418437975,41.5,72.5,0.5,3.8869645962325516
EOS,41,73,110,264,-3.720426182916138,1.2013075198596752,41.5,73.5,0.4166666666666667,-3.0969806826404627
EOS,41,75,93,199,-0.04387125534056735,0.028194568541467808,41.5,75.5,0.46733668341708545,-1.556017971193377
EOS,41,76,94,200,-0.002701927207435173,0.003684956528206495,41.5,76.5,0.47,-0.7332317726826014
EOS,41,77,67,177,0.0029489163903642516,0.0012037095463200466,41.5,77.5,0.3785310734463277,2.4498571099478372
EOS,41,78,28,110,0.00011755091754991231,8.616736751453702e-05,41.5,78.5,0.2545454545454545,1.3642161869466496
EOS,41,79,1,9,0.005062135274605234,0.0012022571277187089,41.5,79.5,0.1111111111111111,4.210526315789593
EOS,41,80,55,120,-1.130388791292464,5.476926947913185,41.5,80.5,0.4583333333333333,-0.2063910660198168
EOS,41,81,30,83,25.7167768273776,9.328350098123524,41.5,81.5,0.3614457831325301,2.756840872916074
EOS,41,82,9,22,2.124705549283066,0.3901018406820219,41.5,82.5,0.4090909090909091,5.4465406919598385
EOS,41,83,82,159,65.6904973635266,40.25252813100363,41.5,83.5,0.5157232704402516,1.6319595417642832
EOS,41,84,16,33,29.32062615390244,8.519229225254305,41.5,84.5,0.48484848484848486,3.4416994047988183
EOS,41,86,13,46,28.495003308213278,4.396396801952605,41.5,86.5,0.2826086956521739,6.481444826717547
EOS,41,101,12,24,-0.8371772172939951,2.5342332609729366,41.5,101.5,0.5,-0.3303473402336248
EOS,41,107,10,24,2.3314015195994884,1.509146035636214,41.5,107.5,0.4166666666666667,1.5448481886755474
EOS,41,108,71,131,0.459304281062487,29.175515016043725,41.5,108.5,0.5419847328244275,0.015742799426502457
EOS,41,109,93,195,124.41797799624774,72.51464969328798,41.5,109.5,0.47692307692307695,1.715763346061699
EOS,41,110,37,91,41.575755912014266,30.376954353895236,41.5,110.5,0.4065934065934066,1.368661104982798
EOS,41,111,6,24,2.667784218086041,5.724244087303422,41.5,111.5,0.25,0.46605004563017877
EOS,41,113,58,166,17.72159895759334,32.59828660267559,41.5,113.5,0.3493975903614458,0.5436359025120907
EOS,41,114,92,262,87.9298125712343,77.43936035468833,41.5,114.5,0.3511450381679389,1.1354666692557571
EOS,41,115,37,111,71.2434566090609,23.717208512044873,41.5,115.5,0.3333333333333333,3.0038719174256805
EOS,41,116,5,24,-0.024739147793291505,0.7209515611933204,41.5,116.5,0.20833333333333334,-0.034314576907695744
EOS,41,117,21,74,0.5291698957811881,3.716666670300975,41.5,117.5,0.28378378378378377,0.1423775502951778
EOS,41,118,15,48,-17.51926705551886,4.550781109606767,41.5,118.5,0.3125,-3.8497274717378573
EOS,41,119,36,108,-0.6903543406138041,1.9522702044934674,41.5,119.5,0.3333333333333333,-0.3536161843913006
EOS,41,120,16,74,-0.23189562776195152,0.18863050427923977,41.5,120.5,0.21621621621621623,-1.2293644055505681
EOS,41,121,0,3,0.0,0.0,41.5,121.5,0.0,
EOS,41,123,19,144,-9.604035361336402,1.6586260327051674,41.5,123.5,0.13194444444444445,-5.790356097132106
EOS,41,124,12,61,-7.311376348015228,1.475088856532147,41.5,124.5,0.19672131147540983,-4.956566728599573
EOS,41,125,15,48,-0.7959573237376735,1.5006893075171366,41.5,125.5,0.3125,-0.5303944792240644
EOS,41,126,30,89,-0.45900685721169965,1.158947602413396,41.5,126.5,0.33707865168539325,-0.39605488311625336
EOS,41,127,276,957,-12.72768037143716,3.2867050412944643,41.5,127.5,0.2884012539184953,-3.8724741683617525
EOS,41,128,106,350,-12.644212719882447,4.528580774760335,41.5,128.5,0.3028571428571429,-2.7920916836360536
EOS,41,140,0,29,0.0,0.0,41.5,140.5,0.0,
EOS,41,141,0,10,0.0,0.0,41.5,141.5,0.0,
EOS,42,-125,139,296,-119.22616104027246,24.917545710912012,42.5,-124.5,0.46959459459459457,-4.784827624016773
EOS,42,-124,466,893,187.93932210929196,113.97233249286982,42.5,-123.5,0.5218365061590146,1.6489907506372177
EOS,42,-123,838,1953,376.9960342269174,65.83100310806446,42.5,-122.5,0.42908346134152586,5.726724741047344
EOS,42,-122,185,341,93.29857450881364,32.20391133387988,42.5,-121.5,0.5425219941348973,2.897119344961666
EOS,42,-121,239,468,127.59175778060127,46.925645090867974,42.5,-120.5,0.5106837606837606,2.7190197925575545
EOS,42,-120,1121,2128,-22.414178032277302,10.96534916479845,42.5,-119.5,0.5267857142857143,-2.044091592106569
EOS,42,-119,2268,4542,-167.44712303076764,48.72804303320946,42.5,-118.5,0.49933949801849403,-3.436360514553149
EOS,42,-118,987,2025,-32.810757237428625,8.979214681786516,42.5,-117.5,0.4874074074074074,-3.6540787140307636
EOS,42,-116,227,417,42.75634274509785,66.51680013732002,42.5,-115.5,0.5443645083932853,0.6427901320693403
EOS,42,-115,22,44,1.5741700130861949,0.416411160211597,42.5,-114.5,0.5,3.7803261859895616
EOS,42,-114,308,713,-24.60956736426339,16.83893364481446,42.5,-113.5,0.4319775596072931,-1.4614682784168993
EOS,42,-113,45,120,-453.9017939950837,29.799526928285385,42.5,-112.5,0.375,-15.231845629208467
EOS,42,-112,66,169,-139.67531065163004,25.66525970341892,42.5,-111.5,0.3905325443786982,-5.442193543555829
EOS,42,-111,49,161,-0.609453239699767,0.11484924354255029,42.5,-110.5,0.30434782608695654,-5.3065498814014544
EOS,42,-110,657,1284,-4.097363807437827,1.5040508934996206,42.5,-109.5,0.5116822429906542,-2.724218857982987
EOS,42,-109,192,397,-36.92050140655106,6.9925683984486176,42.5,-108.5,0.4836272040302267,-5.279962855242474
EOS,42,-108,93,207,-0.31950277108829495,0.33060918759826474,42.5,-107.5,0.4492753623188406,-0.9664062073088374
EOS,42,-107,124,286,-264.1056489664842,83.39211739574931,42.5,-106.5,0.43356643356643354,-3.167033734293288
EOS,42,-106,49,126,-186.4901861109908,27.74643555359649,42.5,-105.5,0.3888888888888889,-6.721230399153666
EOS,42,-105,40,128,-87.64755143497545,30.15746118412773,42.5,-104.5,0.3125,-2.9063305727176236
EOS,42,-104,13,38,-129.1472773047584,7.883692508773128,42.5,-103.5,0.34210526315789475,-16.38157210736476
EOS,42,-103,18,60,-26.247764737417942,6.283919955460706,42.5,-102.5,0.3,-4.176973119240438
EOS,42,-101,191,515,-242.079110644914,62.10241483236161,42.5,-100.5,0.37087378640776697,-3.8980627613012953
EOS,42,-100,13,37,-27.92514625552868,3.545614393558863,42.5,-99.5,0.35135135135135137,-7.87596821195753
EOS,42,-91,35,80,-3.274250955401685,16.04963234549839,42.5,-90.5,0.4375,-0.2040078479629503
EOS,42,-90,2,2,0.0,0.029697969352013187,42.5,-89.5,1.0,0.0
EOS,42,-89,108,306,22.55542048404274,10.011741759659015,42.5,-88.5,0.35294117647058826,2.2528967511853746
EOS,42,-88,2,26,-0.0066901805588274665,0.00032729159707134414,42.5,-87.5,0.07692307692307693,-20.441039790487253
EOS,42,-87,56,163,17.477948827948723,13.475226792194825,42.5,-86.5,0.34355828220858897,1.297043018086521
EOS,42,-86,236,565,35.47750428984064,18.10500936185906,42.5,-85.5,0.4176991150442478,1.9595407867934806
EOS,42,-85,75,183,-9.641135642944255,17.227753684319673,42.5,-84.5,0.4098360655737705,-0.5596281337432522
EOS,42,-84,567,1612,228.15571266936283,54.16322714247163,42.5,-83.5,0.35173697270471466,4.212372945748214
EOS,42,-83,27,134,0.9226884424490436,4.158427608919483,42.5,-82.5,0.20149253731343283,0.22188397375728103
EOS,42,-82,4,22,-1.3503639181892475,0.6328971818316188,42.5,-81.5,0.18181818181818182,-2.133622896346708
EOS,42,-81,21,110,1.4232701307882276,1.6160322028468566,42.5,-80.5,0.19090909090909092,0.8807189165419769
EOS,42,-80,54,252,28.945046938771366,5.554290912993428,42.5,-79.5,0.21428571428571427,5.211294725499304
EOS,42,-79,108,347,23.175397371651542,9.07969454590054,42.5,-78.5,0.3112391930835735,2.5524424037056592
EOS,42,-78,80,240,56.77534531467328,13.49767200531028,42.5,-77.5,0.3333333333333333,4.2063064869509805
EOS,42,-77,154,459,62.24242398052626,22.783380716863903,42.5,-76.5,0.3355119825708061,2.7319222179549234
EOS,42,-76,160,470,35.90493226383673,24.2354936912869,42.5,-75.5,0.3404255319148936,1.481501995428515
EOS,42,-75,307,844,110.49149090966455,32.7553085864426,42.5,-74.5,0.3637440758293839,3.3732391993216297
EOS,42,-74,271,913,78.74623643635132,24.603972109127596,42.5,-73.5,0.2968236582694414,3.2005497359159336
EOS,42,-73,231,691,109.57053535235657,25.24035122752495,42.5,-72.5,0.3342981186685962,4.341086000137288
EOS,42,-72,583,2050,106.08278801510822,34.86334824728024,42.5,-71.5,0.284390243902439,3.0428169796738884
EOS,42,-71,50,385,4.414612648019774,1.649588793997714,42.5,-70.5,0.12987012987012986,2.6761897656452507
EOS,42,-9,259,553,-133.63378071713322,28.89032188308459,42.5,-8.5,0.46835443037974683,-4.625555272728768
EOS,42,-8,77,194,-231.3894588009741,18.821928784207724,42.5,-7.5,0.39690721649484534,-12.293610365539061
EOS,42,-7,842,2268,-573.0249039878738,117.90253897071679,42.5,-6.5,0.3712522045855379,-4.860157457085761
EOS,42,-6,377,802,60.73202649583544,68.21923081932727,42.5,-5.5,0.470074812967581,0.890247892953806
EOS,42,-5,511,1164,-181.86124800436426,57.29058166593385,42.5,-4.5,0.43900343642611683,-3.1743655364648298
EOS,42,-4,910,2029,-507.58716783018457,97.75440108178178,42.5,-3.5,0.4484967964514539,-5.19247381410004
EOS,42,-3,964,2029,56.627313749362344,78.17739004891764,42.5,-2.5,0.4751108920650567,0.7243438763295775
EOS,42,-2,425,870,799.7194677963897,99.05774779658061,42.5,-1.5,0.4885057471264368,8.073265197172143
EOS,42,-1,817,1820,-47.5955593522539,35.080447984249915,42.5,-0.5,0.4489010989010989,-1.3567546051185806
EOS,42,0,1005,2137,55.63130608610502,32.945613165319195,42.5,0.5,0.470285446888161,1.6885800791428687
EOS,42,1,1181,2272,73.3191028069996,35.27728434536865,42.5,1.5,0.519806338028169,2.0783658427104874
EOS,42,2,589,1659,-54.52579648632045,51.13447864162983,42.5,2.5,0.3550331525015069,-1.0663215492712517
EOS,42,3,12,74,50.745143474384705,2.9817521425075384,42.5,3.5,0.16216216216216217,17.01856527608965
EOS,42,9,2,38,-54.42625989743745,1.4170461802262757,42.5,9.5,0.05263157894736842,-38.408247138951104
EOS,42,10,10,21,-9.764342085535713,0.9795085024323302,42.5,10.5,0.47619047619047616,-9.968613913292995
EOS,42,11,138,389,-366.5572589415422,80.82022107563333,42.5,11.5,0.35475578406169667,-4.535464690185764
EOS,42,12,470,1004,-915.1425826507763,130.34973089434,42.5,12.5,0.4681274900398406,-7.020671054492474
EOS,42,13,1577,3108,-906.9228920190494,150.95128684539128,42.5,13.5,0.5074002574002574,-6.008050086700793
EOS,42,14,264,596,225.81566919046546,18.843897744069558,42.5,14.5,0.4429530201342282,11.983490478318524
EOS,42,17,72,143,-97.9661980575425,16.51331848532415,42.5,17.5,0.5034965034965035,-5.93255669020178
EOS,42,18,331,738,-149.14783875101014,43.50787998885789,42.5,18.5,0.44850948509485095,-3.4280649571803092
EOS,42,19,756,1536,-51.10718224265125,33.143793532246605,42.5,19.5,0.4921875,-1.5419834845678577
EOS,42,20,916,2401,23.469067390571986,28.527972565906566,42.5,20.5,0.38150770512286547,0.8226686048702804
EOS,42,21,286,735,-166.34525465960203,34.55989807605166,42.5,21.5,0.3891156462585034,-4.813244943418142
EOS,42,22,374,925,-2.187905135951558,6.266405879576967,42.5,22.5,0.4043243243243243,-0.34914832808424145
EOS,42,23,907,1979,336.62164168948544,76.45984729937884,42.5,23.5,0.45831227892875187,4.402593695635332
EOS,42,24,327,775,169.90652621858106,48.40208107363442,42.5,24.5,0.42193548387096774,3.5103144833814293
EOS,42,25,94,217,66.1565816182375,15.28337711791219,42.5,25.5,0.43317972350230416,4.328662514039627
EOS,42,26,52,146,-25.00143306165611,6.877115830390674,42.5,26.5,0.3561643835616438,-3.635453244974039
EOS,42,41,37,113,-4.878567452836887,5.756894671745465,42.5,41.5,0.3274336283185841,-0.847430382351902
EOS,42,42,782,1961,-11.82333823533616,15.383094033966376,42.5,42.5,0.39877613462519124,-0.7685929897606971
EOS,42,43,1129,2297,-15.462432091152948,5.394499339384895,42.5,43.5,0.49151066608619937,-2.866333114226694
EOS,42,44,492,947,-48.42622842778056,47.213624183545,42.5,44.5,0.5195353748680043,-1.0256833544385728
EOS,42,45,1587,3510,1.0190986049530764,6.428525573143362,42.5,45.5,0.45213675213675214,0.15852758044715481
EOS,42,46,673,1592,-15.308812860521927,11.79767225883432,42.5,46.5,0.42273869346733667,-1.2976129972637949
EOS,42,47,69,203,-63.86281617097869,23.7593390464016,42.5,47.5,0.3399014778325123,-2.687903735295652
EOS,42,48,8,23,-14.680079413062401,1.3539430555908885,42.5,48.5,0.34782608695652173,-10.842464424514304
EOS,42,54,51,93,-11.187271877995485,1.719660743033658,42.5,54.5,0.5483870967741935,-6.505510998791535
EOS,42,59,83,185,20.002529406981406,7.039298439577747,42.5,59.5,0.4486486486486487,2.8415515521432075
EOS,42,68,23,45,-112.6222522829616,9.056056903087782,42.5,68.5,0.5111111111111111,-12.436124627768356
EOS,42,69,123,223,-610.160926521011,51.37241227780911,42.5,69.5,0.5515695067264574,-11.877209955051631
EOS,42,70,1026,1630,-1.050822942144855,0.9868692952010993,42.5,70.5,0.6294478527607362,-1.0648045767101544
EOS,42,71,388,640,-89.2490480270611,24.778338636453572,42.5,71.5,0.60625,-3.6018979858382854
EOS,42,72,150,309,88.77962074024276,5.528333681201923,42.5,72.5,0.4854368932038835,16.059019925320616
EOS,42,73,83,150,2.1036543179034766,6.899234749231965,42.5,73.5,0.5533333333333333,0.3049112538369069
EOS,42,74,119,213,288.0292251645211,43.526762246639365,42.5,74.5,0.5586854460093896,6.617290381775626
EOS,42,75,0,2,0.0,0.0,42.5,75.5,0.0,
EOS,42,76,135,237,2.9475510395431366,6.78831935133821,42.5,76.5,0.569620253164557,0.4342092478253949
EOS,42,77,15,43,15.554319220315975,2.242129240908738,42.5,77.5,0.3488372093023256,6.9372982326441575
EOS,42,78,291,732,-1.1000444329579844,0.46201756155912144,42.5,78.5,0.3975409836065574,-2.380958051130744
EOS,42,79,61,176,0.0008556417592969811,0.000949348344825702,42.5,79.5,0.3465909090909091,0.9012937811084242
EOS,42,86,16,37,0.7227062461077632,10.132030175707758,42.5,86.5,0.43243243243243246,0.07132886830918658
EOS,42,87,6,14,5.524928885152458,1.1198572094794084,42.5,87.5,0.42857142857142855,4.933601211283758
EOS,42,88,3,8,0.4436708005859272,0.06470199175211444,42.5,88.5,0.375,6.857142857142851
EOS,42,89,1,3,-0.610259826217483,0.15256495655437075,42.5,89.5,0.3333333333333333,-4.0
EOS,42,93,19,44,-1.0421889759511196,2.3354581655140443,42.5,93.5,0.4318181818181818,-0.4462460477093279
EOS,42,108,408,793,765.2559131665458,124.40887899169492,42.5,108.5,0.5145018915510718,6.151135830245939
EOS,42,109,461,979,467.00947937268296,153.46979971428124,42.5,109.5,0.47088866189989786,3.0430057264825185
EOS,42,112,36,91,21.246737860581863,14.691836738545984,42.5,112.5,0.3956043956043956,1.4461594039388026
EOS,42,115,19,43,-40.77928158595688,16.78667342275922,42.5,115.5,0.4418604651162791,-2.429265200969997
EOS,42,116,38,94,33.37009231753804,26.761836832517357,42.5,116.5,0.40425531914893614,1.2469283228343737
EOS,42,118,54,144,-14.660146510698814,6.5739654349981915,42.5,118.5,0.375,-2.230030969230803
EOS,42,119,90,276,24.570581134667083,14.046030185022042,42.5,119.5,0.32608695652173914,1.7492900706469987
EOS,42,120,20,90,23.07695968778455,3.3581804151161987,42.5,120.5,0.2222222222222222,6.871864174988362
EOS,42,121,15,61,0.4634924403355768,0.6544287368763433,42.5,121.5,0.2459016393442623,0.708239742875404
EOS,42,122,17,69,22.560492121849265,5.66135636291823,42.5,122.5,0.2463768115942029,3.984997706489567
EOS,42,123,2,16,0.28547181410495936,0.09669094738565243,42.5,123.5,0.125,2.952415110448275
EOS,42,124,11,47,-9.096771303245312,3.9248355491973568,42.5,124.5,0.23404255319148937,-2.317745849276573
EOS,42,126,13,44,-3.3415850087676224,1.6013293959915065,42.5,126.5,0.29545454545454547,-2.0867568016501625
EOS,42,127,144,491,-4.402263787732845,1.2833531648078715,42.5,127.5,0.29327902240325865,-3.430282410525632
EOS,42,128,192,753,-16.319321534236366,5.280936506082201,42.5,128.5,0.2549800796812749,-3.0902324834697317
EOS,42,140,0,93,0.0,0.0,42.5,140.5,0.0,
EOS,42,141,3,144,4.739997588145526,0.7184934415804994,42.5,141.5,0.020833333333333332,6.59713410566248
EOS,42,143,0,21,0.0,0.0,42.5,143.5,0.0,
EOS,43,-125,71,168,155.51650886519624,24.04991453485023,43.5,-124.5,0.4226190476190476,6.466405884305348
EOS,43,-124,233,427,-422.51125800778243,87.51845067496224,43.5,-123.5,0.5456674473067916,-4.827682103022612
EOS,43,-123,351,971,-14.907038920343087,10.909554085430877,43.5,-122.5,0.36148300720906285,-1.366420552445002
EOS,43,-122,162,427,0.46034880474072715,1.5185000086911298,43.5,-121.5,0.3793911007025761,0.30316022529201336
EOS,43,-121,264,640,-18.11953867425746,7.677822262714455,43.5,-120.5,0.4125,-2.3599841275631963
EOS,43,-120,85,166,4.090853827943318,7.357801122010949,43.5,-119.5,0.5120481927710844,0.5559886384677456
EOS,43,-119,258,480,-223.49298722178276,33.685897959555966,43.5,-118.5,0.5375,-6.6346156925997155
EOS,43,-118,866,1516,-18.008957628604353,28.43435597946416,43.5,-117.5,0.5712401055408971,-0.6333520492467201
EOS,43,-117,887,1484,168.90065148913504,71.73338370748199,43.5,-116.5,0.5977088948787062,2.354561331971828
EOS,43,-116,443,878,57.05602439366321,20.116163326775297,43.5,-115.5,0.5045558086560364,2.836327358593261
EOS,43,-115,176,350,0.18291985911446118,1.538103252926783,43.5,-114.5,0.5028571428571429,0.1189256044848691
EOS,43,-114,1041,2119,-283.4378385701559,51.887430599553035,43.5,-113.5,0.49126946672958943,-5.462552978535759
EOS,43,-113,190,501,92.70431703899109,29.000429458580992,43.5,-112.5,0.37924151696606784,3.1966532485801045
EOS,43,-112,152,340,-31.645997701578086,6.575185098749987,43.5,-111.5,0.4470588235294118,-4.812944004815063
EOS,43,-111,1842,3995,-3.4401082284077518,2.6608663255908724,43.5,-110.5,0.4610763454317897,-1.2928527056479775
EOS,43,-110,1711,3363,-7.469533407632803,3.63381230182725,43.5,-109.5,0.5087719298245614,-2.0555639056747026
EOS,43,-109,51,126,-18.109375502080677,12.23743489389239,43.5,-108.5,0.40476190476190477,-1.4798342674835334
EOS,43,-108,33,84,-34.6361426971622,5.5075702436501945,43.5,-107.5,0.39285714285714285,-6.288824502437352
EOS,43,-107,17,44,-0.40890776757563463,0.11937016470745891,43.5,-106.5,0.38636363636363635,-3.42554413473205
EOS,43,-104,274,634,-572.3299436768729,50.66594153097202,43.5,-103.5,0.43217665615141954,-11.296147399669033
EOS,43,-103,122,377,69.20086539619867,63.75945083291881,43.5,-102.5,0.32360742705570295,1.0853428706206871
EOS,43,-102,50,123,-15.473626350025018,21.26816581780972,43.5,-101.5,0.4065040650406504,-0.7275486980201922
EOS,43,-92,87,219,15.145490322958626,31.524031034158636,43.5,-91.5,0.3972602739726027,0.48044269168963066
EOS,43,-91,47,100,0.5207918756778418,9.811558859583428,43.5,-90.5,0.47,0.0530794222540039
EOS,43,-90,119,243,-36.773887763565504,49.2087338237722,43.5,-89.5,0.4897119341563786,-0.747304084174595
EOS,43,-89,125,311,42.043080833806556,32.489480331663316,43.5,-88.5,0.40192926045016075,1.2940521179353113
EOS,43,-88,7,67,0.5436529571028261,0.1122071856996889,43.5,-87.5,0.1044776119402985,4.845081477739384
EOS,43,-87,77,273,10.33057463577359,11.921840613099851,43.5,-86.5,0.28205128205128205,0.866525142470219
EOS,43,-86,259,579,66.34840984814537,46.076416051422264,43.5,-85.5,0.4473229706390328,1.439964639916853
EOS,43,-85,198,405,100.52973243583466,38.01489701050834,43.5,-84.5,0.4888888888888889,2.6444825671379704
EOS,43,-84,145,339,87.01572566556474,21.915457189447864,43.5,-83.5,0.4277286135693215,3.9705183840500573
EOS,43,-83,2,5,-0.22193058451053121,0.04227249228772023,43.5,-82.5,0.4,-5.25
EOS,43,-81,27,103,-2.79738041995,1.9663523643092575,43.5,-80.5,0.2621359223300971,-1.4226241800424548
EOS,43,-80,53,241,3.552423472867491,4.837594984870977,43.5,-79.5,0.21991701244813278,0.7343366867167027
EOS,43,-79,70,284,64.71442213200082,18.145295193083978,43.5,-78.5,0.24647887323943662,3.5664573898288805
EOS,43,-78,127,363,37.06916187611422,4.738176226493326,43.5,-77.5,0.349862258953168,7.823508477553761
EOS,43,-77,95,272,7.331728003168591,9.483981267363651,43.5,-76.5,0.3492647058823529,0.7730643699601758
EOS,43,-76,483,1454,25.034010641651843,33.79422606694717,43.5,-75.5,0.3321870701513067,0.7407777468274868
EOS,43,-75,1803,5187,203.00897126823824,78.32194814968568,43.5,-74.5,0.3475997686524002,2.5919806141728734
EOS,43,-74,372,1235,6.3790285960988236,60.082669436070944,43.5,-73.5,0.30121457489878545,0.10617085851829913
EOS,43,-73,92,292,51.492787699183005,11.328726571643402,43.5,-72.5,0.3150684931506849,4.545328848175493
EOS,43,-72,115,340,7.186117606018974,13.877745449102926,43.5,-71.5,0.3382352941176471,0.5178159256757007
EOS,43,-71,48,375,-4.914682015795124,5.728043536801015,43.5,-70.5,0.128,-0.8580036070291227
EOS,43,-70,4,42,3.337019596629658,0.5968465433558039,43.5,-69.5,0.09523809523809523,5.591084733216471
EOS,43,-66,7,155,7.473105467301033,1.2987687748400134,43.5,-65.5,0.04516129032258064,5.753992251793699
EOS,43,-65,2,22,14.814336770486161,0.8659905231574823,43.5,-64.5,0.09090909090909091,17.106811650168765
EOS,43,-9,73,197,-27.71366731398576,4.578172207590731,43.5,-8.5,0.37055837563451777,-6.0534348769222275
EOS,43,-8,72,204,-364.5018114932373,15.848695748537027,43.5,-7.5,0.35294117647058826,-22.99885222586117
EOS,43,-7,368,1086,-50.68463908377946,12.185719400741398,43.5,-6.5,0.3388581952117864,-4.159347299651076
EOS,43,-6,462,1391,-554.7873963385176,55.62029636896282,43.5,-5.5,0.3321351545650611,-9.97454944609212
EOS,43,-5,589,1480,-7.2997219353252305,27.661492548407203,43.5,-4.5,0.39797297297297296,-0.2638947237771362
EOS,43,-4,105,299,-322.25172025005935,28.788886276838785,43.5,-3.5,0.3511705685618729,-11.193615381686964
EOS,43,-3,343,874,192.40341496935142,128.56896752241798,43.5,-2.5,0.39244851258581237,1.4964996505537227
EOS,43,-2,176,447,84.85195763234081,18.19231213209885,43.5,-1.5,0.39373601789709173,4.664165666035736
EOS,43,-1,213,516,-139.16015252894135,59.83891586229534,43.5,-0.5,0.4127906976744186,-2.3255794414655586
EOS,43,0,51,104,-143.1033728706622,28.602657887429395,43.5,0.5,0.49038461538461536,-5.003149477711819
EOS,43,1,9,24,-42.707641751244395,2.2269122861930475,43.5,1.5,0.375,-19.177963144769382
EOS,43,2,1600,3857,-472.2057677124518,332.66862948403735,43.5,2.5,0.41483017889551466,-1.4194478404676565
EOS,43,3,940,2874,867.4300787978478,105.74187686867195,43.5,3.5,0.32707028531663185,8.203278629857955
EOS,43,4,215,849,-110.52681905747703,39.074854777099205,43.5,4.5,0.25323910482921086,-2.82859193432637
EOS,43,5,868,2849,-1403.9843379669403,238.03909707743173,43.5,5.5,0.3046683046683047,-5.898124951760501
EOS,43,6,740,2480,-1124.246386904566,126.77179907718288,43.5,6.5,0.29838709677419356,-8.86826877182746
EOS,43,7,113,462,-139.96342560012016,10.67749754272882,43.5,7.5,0.24458874458874458,-13.108261092078891
EOS,43,10,181,576,-166.78303788463643,27.44760526173978,43.5,10.5,0.3142361111111111,-6.076414911034931
EOS,43,11,409,856,-264.02884355406246,68.01165975507402,43.5,11.5,0.477803738317757,-3.882111457136797
EOS,43,12,224,455,-220.3489137110311,82.97115469981252,43.5,12.5,0.49230769230769234,-2.6557291447641984
EOS,43,13,70,139,47.920700809905455,20.382503814583284,43.5,13.5,0.5035971223021583,2.3510703712278533
EOS,43,15,32,88,142.53889751142876,12.726829057885325,43.5,15.5,0.36363636363636365,11.199875229180838
EOS,43,16,138,275,-18.316355442097972,36.681407920087736,43.5,16.5,0.5018181818181818,-0.49933621637427494
EOS,43,17,609,1300,-150.174787105203,52.38662168934253,43.5,17.5,0.4684615384615385,-2.8666629429886363
EOS,43,18,408,799,-6.664050543672061,23.101800115286764,43.5,18.5,0.5106382978723404,-0.2884645573252264
EOS,43,19,522,1173,19.084046288148976,21.33062681448672,43.5,19.5,0.44501278772378516,0.8946781758512611
EOS,43,20,435,1118,-49.137481308820924,27.10543035349637,43.5,20.5,0.389087656529517,-1.8128279340336173
EOS,43,21,311,699,4.7396209820670325,8.803964746549832,43.5,21.5,0.4449213161659514,0.5383507452053841
EOS,43,22,592,1410,62.32966731059956,43.893168175077314,43.5,22.5,0.4198581560283688,1.4200311780180532
EOS,43,23,106,274,9.397263173265355,14.045426834998139,43.5,23.5,0.38686131386861317,0.6690621284537559
EOS,43,24,10,26,-19.509122965216,3.4143593560342396,43.5,24.5,0.38461538461538464,-5.713845829009558
EOS,43,25,12,31,3.7822925866252453,6.225961066888893,43.5,25.5,0.3870967741935484,0.607503411279
EOS,43,27,27,90,36.244542417095644,3.308524553425018,43.5,27.5,0.3,10.954896006310404
EOS,43,39,545,1668,-8.38347424974382,25.085733974926402,43.5,39.5,0.32673860911270985,-0.3341929025526316
EOS,43,40,1771,3817,25.810455043265723,11.504030456229975,43.5,40.5,0.46397694524495675,2.2436010702047597
EOS,43,41,1112,2284,-48.88455758523033,41.18934597709156,43.5,41.5,0.4868651488616462,-1.1868252924535059
EOS,43,42,921,1971,57.40085831007131,47.030187161709165,43.5,42.5,0.4672754946727549,1.2205109478451255
EOS,43,43,331,741,-27.40948934772425,21.446303137408083,43.5,43.5,0.446693657219973,-1.2780519407988213
EOS,43,44,159,344,-291.5112462344671,62.95396127304723,43.5,44.5,0.4622093023255814,-4.630546519068263
EOS,43,45,147,485,-69.46829681036766,20.728069343112008,43.5,45.5,0.3030927835051546,-3.3514118300386793
EOS,43,46,298,1000,-599.3763661504837,55.38892548563058,43.5,46.5,0.298,-10.821231155783632
EOS,43,47,32,155,-292.7401082205283,12.391245791991876,43.5,47.5,0.2064516129032258,-23.624751952682455
EOS,43,51,8,42,-97.07443911646338,4.868684790890276,43.5,51.5,0.19047619047619047,-19.93853438573348
EOS,43,54,445,696,157.63357129964731,48.26081777942557,43.5,54.5,0.639367816091954,3.26628471196046
EOS,43,68,87,147,268.2913357350231,50.9144130848704,43.5,68.5,0.5918367346938775,5.269457496992102
EOS,43,73,35,61,358.66366089879006,29.050420360771348,43.5,73.5,0.5737704918032787,12.34624685097902
EOS,43,74,22,42,24.24556327490818,7.975928635364784,43.5,74.5,0.5238095238095238,3.039842052673945
EOS,43,75,13,22,-17.3092887103289,10.791120311840706,43.5,75.5,0.5909090909090909,-1.6040307410284402
EOS,43,76,361,676,34.54980492661437,33.21958189936672,43.5,76.5,0.5340236686390533,1.040043340439303
EOS,43,77,883,1762,-190.21421710349753,39.28380135798182,43.5,77.5,0.5011350737797957,-4.8420522079859545
EOS,43,78,376,852,-816.7611314628697,93.12148348802467,43.5,78.5,0.4413145539906103,-8.770920531650512
EOS,43,79,95,231,-46.835925797466935,27.523837873421954,43.5,79.5,0.41125541125541126,-1.7016495305944763
EOS,43,81,20,47,-7.618809434779029,5.953016002915717,43.5,81.5,0.425531914893617,-1.2798234426125221
EOS,43,82,5,21,5.580383334871019,3.008974967115062,43.5,82.5,0.23809523809523808,1.8545795149041622
EOS,43,87,354,790,-698.5618393422844,249.8791832437743,43.5,87.5,0.4481012658227848,-2.795598377880039
EOS,43,89,13,37,1.0762707764839814,6.091958899000053,43.5,89.5,0.35135135135135137,0.176670721902054
EOS,43,90,24,44,-16.91944525352227,2.528215463870464,43.5,90.5,0.5454545454545454,-6.6922481470863895
EOS,43,102,52,139,42.257338074641865,6.191199788305946,43.5,102.5,0.37410071942446044,6.825387569378445
EOS,43,103,759,2093,353.35252792835183,76.82994084475301,43.5,103.5,0.3626373626373626,4.599151373061138
EOS,43,104,159,377,32.03928709957227,12.768790658341329,43.5,104.5,0.4217506631299735,2.5091872798965746
EOS,43,109,7,18,17.385712741087666,3.6087920277779886,43.5,109.5,0.3888888888888889,4.817598965876797
EOS,43,111,29,82,-57.95490319011704,16.24764912162967,43.5,111.5,0.35365853658536583,-3.566971612709473
EOS,43,112,16,43,39.936843719427785,6.971355158621613,43.5,112.5,0.37209302325581395,5.728705941776198
EOS,43,115,76,158,-0.22062190241336643,2.3564565853405712,43.5,115.5,0.4810126582278481,-0.09362442906262186
EOS,43,116,733,1409,33.61678675465079,38.15256939612792,43.5,116.5,0.5202271114265437,0.8811146218126671
EOS,43,118,61,140,-35.3555688028531,25.853312496179388,43.5,118.5,0.4357142857142857,-1.367545021864334
EOS,43,119,16,48,10.545312131895416,3.098725880205589,43.5,119.5,0.3333333333333333,3.403112291815814
EOS,43,120,6,24,0.005815814150778381,0.002296665648576779,43.5,120.5,0.25,2.532285948711073
EOS,43,122,1,6,-0.000643084595929634,5.543832723531317e-05,43.5,122.5,0.16666666666666666,-11.600000000000023
EOS,43,123,3,17,-1.9489959792107951,0.16453699655966703,43.5,123.5,0.17647058823529413,-11.84533582089557
EOS,43,126,1,13,-0.01879316739871645,0.08885953558853454,43.5,126.5,0.07692307692307693,-0.21149297342424234
EOS,43,127,11,45,0.5642904106321516,3.2058181395324072,43.5,127.5,0.24444444444444444,0.17602071797948513
EOS,43,128,13,65,-1.0704230651296445,0.8471954700864461,43.5,128.5,0.2,-1.263490071565681
EOS,43,129,2,23,0.00045090255810752156,0.00023366211271391713,43.5,129.5,0.08695652173913043,1.9297204534805414
EOS,43,131,77,696,212.56579272637163,58.42291299140983,43.5,131.5,0.11063218390804598,3.638397708064062
EOS,43,132,20,393,2.5543341718862504,0.9918718811770885,43.5,132.5,0.05089058524173028,2.5752662419010552
EOS,43,134,60,544,-0.42702552653233333,0.7201634976439298,43.5,134.5,0.11029411764705882,-0.592956360506163
EOS,43,140,3,30,-0.5867552529704538,0.1825719030886489,43.5,140.5,0.1,-3.213831060771444
EOS,43,141,27,223,8.651309614972568,2.7589843813405603,43.5,141.5,0.1210762331838565,3.1356863320730333
EOS,43,142,97,1320,1.7669111102386252,2.1821219118725574,43.5,142.5,0.07348484848484849,0.809721537841291
EOS,43,143,56,944,1.2160231734337126,1.0275167297163814,43.5,143.5,0.059322033898305086,1.1834582720316031
EOS,43,144,4,46,-6.915396418123947,3.6922290654238537,43.5,144.5,0.08695652173913043,-1.8729597475096216
EOS,44,-125,26,65,-10.092934298685933,6.549127417160306,44.5,-124.5,0.4,-1.541111304727404
EOS,44,-124,181,388,253.4643336846163,64.61631480271933,44.5,-123.5,0.46649484536082475,3.9226058381458397
EOS,44,-123,288,771,-196.3995505839967,55.267830030352265,44.5,-122.5,0.3735408560311284,-3.5535961964878484
EOS,44,-122,680,1599,-1101.6488577530467,130.36232976232557,44.5,-121.5,0.4252657911194497,-8.450668684439398
EOS,44,-121,170,356,-1.504905748208671,18.24798323928689,44.5,-120.5,0.47752808988764045,-0.08246970245833485
EOS,44,-120,114,257,-14.660093617248966,1.5921522325145674,44.5,-119.5,0.44357976653696496,-9.2077210444227
EOS,44,-119,326,908,-3.810904366918348,1.5582619991832554,44.5,-118.5,0.3590308370044053,-2.445612078659294
EOS,44,-118,10,22,-94.31638960039658,8.922380820612402,44.5,-117.5,0.45454545454545453,-10.570764854881304
EOS,44,-117,81,163,-38.549983732641785,3.853629801389295,44.5,-116.5,0.49693251533742333,-10.003551383878104
EOS,44,-116,1381,3093,-13.613055905249801,4.111214812310903,44.5,-115.5,0.4464920788878112,-3.3112003450867937
EOS,44,-115,1237,2846,-19.68734901871598,5.106567642524307,44.5,-114.5,0.4346451159522136,-3.8552997623632814
EOS,44,-114,139,291,-0.2787601862444303,0.19763856919946357,44.5,-113.5,0.47766323024054985,-1.410454383340005
EOS,44,-113,85,183,-0.481213503052823,0.166516988396154,44.5,-112.5,0.4644808743169399,-2.889876328461976
EOS,44,-112,869,1992,-3.148895287079498,4.030420942310342,44.5,-111.5,0.4362449799196787,-0.781281988197111
EOS,44,-111,3752,8863,-7.367401242505352,4.720276172145802,44.5,-110.5,0.42333295723795555,-1.5607987697796477
EOS,44,-110,1895,3779,3.0584113258064645,2.0852143044124225,44.5,-109.5,0.5014554114845197,1.4667131907424125
EOS,44,-109,120,295,-337.6724671646966,50.91084448734796,44.5,-108.5,0.4067796610169492,-6.632623570968517
EOS,44,-108,368,874,-1.9327907939930242,0.8105589463647561,44.5,-107.5,0.42105263157894735,-2.3845160215198677
EOS,44,-107,84,196,-129.54612545906946,9.28400419272307,44.5,-106.5,0.42857142857142855,-13.953690968882746
EOS,44,-106,71,161,-1014.6668568064401,59.878996791088525,44.5,-105.5,0.4409937888198758,-16.94528818421099
EOS,44,-104,136,402,-604.9482465159265,63.27076923367828,44.5,-103.5,0.3383084577114428,-9.561259549123985
EOS,44,-102,5,19,-8.557087557465431,0.8264735382696752,44.5,-101.5,0.2631578947368421,-10.353734464845365
EOS,44,-101,13,37,-0.9921018683642967,0.08088015755369338,44.5,-100.5,0.35135135135135137,-12.266319680518384
EOS,44,-100,63,168,-36.46500603697325,36.9489087730927,44.5,-99.5,0.375,-0.9869034633988477
EOS,44,-99,11,22,3.253380528109094,4.4001238537582,44.5,-98.5,0.5,0.7393838528727644
EOS,44,-98,2,6,-5.794068505470104,1.7041377957264985,44.5,-97.5,0.3333333333333333,-3.4000000000000057
EOS,44,-97,37,147,-69.57432902929082,30.049702608240686,44.5,-96.5,0.25170068027210885,-2.3153084054219923
EOS,44,-94,86,276,-28.690369571639483,7.414897350656203,44.5,-93.5,0.3115942028985507,-3.8692874917682367
EOS,44,-93,72,243,-32.95956085632806,16.781644831493956,44.5,-92.5,0.2962962962962963,-1.96402445572398
EOS,44,-92,82,234,-52.974319166057455,24.425089457539695,44.5,-91.5,0.3504273504273504,-2.168848521850756
EOS,44,-91,237,497,-88.09650503143743,75.21066159551944,44.5,-90.5,0.4768611670020121,-1.1713300104341278
EOS,44,-90,277,665,-101.59862234225145,84.20404553142856,44.5,-89.5,0.41654135338345866,-1.2065764976141258
EOS,44,-89,32,78,-5.171908849279973,10.021803583537189,44.5,-88.5,0.41025641025641024,-0.5160656768184785
EOS,44,-88,8,46,-0.6286326371457162,0.7733188225095358,44.5,-87.5,0.17391304347826086,-0.812902284087317
EOS,44,-87,76,174,-13.371538698120183,24.65532629317021,44.5,-86.5,0.4367816091954023,-0.5423387441367686
EOS,44,-86,795,1455,-82.09056593293866,140.08420723535394,44.5,-85.5,0.5463917525773195,-0.5860087125668577
EOS,44,-85,1923,3408,-113.62639636317112,296.79387321999343,44.5,-84.5,0.5642605633802817,-0.3828461656920643
EOS,44,-84,65,187,19.88040008315798,14.159068259908754,44.5,-83.5,0.34759358288770054,1.4040754460834908
EOS,44,-82,12,39,4.683266708246156,3.308190436369297,44.5,-81.5,0.3076923076923077,1.4156581364723337
EOS,44,-81,27,73,4.648386471678748,1.3819695058092436,44.5,-80.5,0.3698630136986301,3.3635955439963054
EOS,44,-80,147,436,105.73132447175267,47.23200501597468,44.5,-79.5,0.33715596330275227,2.238552533096838
EOS,44,-79,100,499,13.853854828037573,10.073524940479983,44.5,-78.5,0.20040080160320642,1.3752737904451413
EOS,44,-78,23,122,-0.7941040363405034,1.1314382944337722,44.5,-77.5,0.1885245901639344,-0.7018535966540822
EOS,44,-77,49,353,43.173198766072325,8.598651406939123,44.5,-76.5,0.1388101983002833,5.020926738724575
EOS,44,-76,209,642,98.03770426990943,37.268946429218694,44.5,-75.5,0.32554517133956384,2.6305467061190733
EOS,44,-75,928,2323,79.66154670883054,34.318415032589314,44.5,-74.5,0.3994834266035299,2.321247838316037
EOS,44,-74,402,1291,11.708182270704334,27.1699981563838,44.5,-73.5,0.31138652207591017,0.4309231897372583
EOS,44,-73,87,334,21.895710930093824,11.068052536566158,44.5,-72.5,0.26047904191616766,1.9782803576108543
EOS,44,-72,263,838,134.8328813934804,48.78328869118368,44.5,-71.5,0.3138424821002387,2.763915369605821
EOS,44,-71,87,343,49.369038135810094,26.878059525886783,44.5,-70.5,0.2536443148688047,1.8367783614833433
EOS,44,-70,36,149,14.398463941834784,2.317953055574341,44.5,-69.5,0.24161073825503357,6.21171507645876
EOS,44,-69,23,201,11.231876740955464,3.426603604800058,44.5,-68.5,0.11442786069651742,3.277845364203089
EOS,44,-68,4,24,3.2197227080874065,0.29037450034063267,44.5,-67.5,0.16666666666666666,11.088173046567148
EOS,44,-66,55,1213,16.202089427794824,9.289206975415746,44.5,-65.5,0.04534212695795548,1.744184349716213
EOS,44,-65,10,73,2.920922290200705,0.7605217330583365,44.5,-64.5,0.136986301369863,3.8406822096386466
EOS,44,-64,8,202,7.693957546451898,1.2525542924218722,44.5,-63.5,0.039603960396039604,6.14261401122603
EOS,44,-63,0,144,0.0,0.0,44.5,-62.5,0.0,
EOS,44,-2,56,188,-227.39338429241639,20.98721832386794,44.5,-1.5,0.2978723404255319,-10.834851040445452
EOS,44,-1,218,592,-419.1769406609289,61.79197714469897,44.5,-0.5,0.36824324324324326,-6.783679047513523
EOS,44,0,40,88,-46.74284135981905,7.356889674541969,44.5,0.5,0.45454545454545453,-6.353614560997098
EOS,44,1,920,1981,-2717.8200762903057,187.07136584205583,44.5,1.5,0.46441191317516406,-14.528252702153031
EOS,44,2,383,746,-110.82683818871882,117.91696561291883,44.5,2.5,0.5134048257372654,-0.9398718633290271
EOS,44,3,1755,3604,-60.697893433426074,104.19200876331854,44.5,3.5,0.4869589345172031,-0.5825580498338099
EOS,44,4,552,1606,-427.4354232540268,130.55040905671294,44.5,4.5,0.3437110834371108,-3.274102519804
EOS,44,5,749,1874,-362.3568865207402,59.00681677192396,44.5,5.5,0.39967982924226253,-6.1409326302305
EOS,44,6,1615,4489,-178.04649838302538,60.2506910126146,44.5,6.5,0.3597683225662731,-2.955094711623275
EOS,44,7,290,1023,-10.234566679687406,10.728382950076776,44.5,7.5,0.28347996089931576,-0.9539710436617257
EOS,44,8,95,267,-113.30456471122271,28.124941672077227,44.5,8.5,0.35580524344569286,-4.028615100159046
EOS,44,9,35,158,-0.12039094364356384,10.675679003985495,44.5,9.5,0.22151898734177214,-0.011277122850791872
EOS,44,10,357,717,-107.51512792283744,32.700098384952206,44.5,10.5,0.497907949790795,-3.2879145089151565
EOS,44,11,61,116,-88.09828565383681,9.847234478551748,44.5,11.5,0.5258620689655172,-8.946500242857383
EOS,44,12,3,15,21.834386572458577,0.6242609849865951,44.5,12.5,0.2,34.97637542241637
EOS,44,14,47,91,-26.25381631756464,5.452565180762541,44.5,14.5,0.5164835164835165,-4.814947725923938
EOS,44,15,209,454,-13.23589248837141,10.178013322215465,44.5,15.5,0.460352422907489,-1.300439689883441
EOS,44,16,67,113,-13.881813538994686,8.144549902646528,44.5,16.5,0.5929203539823009,-1.704429797217384
EOS,44,17,187,469,-0.4357781305157209,31.57052166841059,44.5,17.5,0.39872068230277186,-0.013803323717382845
EOS,44,18,34,79,0.23131138834038545,3.4424003281446818,44.5,18.5,0.43037974683544306,0.06719479615697492
EOS,44,19,42,99,25.381079681896317,10.634032809652556,44.5,19.5,0.42424242424242425,2.3867783874860535
EOS,44,20,83,216,-59.06024837161082,24.26871917256341,44.5,20.5,0.38425925925925924,-2.433595607236676
EOS,44,21,835,2002,177.79762814270066,75.24322950443332,44.5,21.5,0.41708291708291706,2.362971782494063
EOS,44,22,499,1350,-54.59821484879354,34.974138171271825,44.5,22.5,0.36962962962962964,-1.5611025089859445
EOS,44,23,42,110,-73.81646216225884,25.408838997383967,44.5,23.5,0.38181818181818183,-2.9051489589846593
EOS,44,24,8,24,-6.189348173051982,5.393103807168893,44.5,24.5,0.3333333333333333,-1.1476412089128836
EOS,44,25,15,45,71.19895648990857,9.254945550648282,44.5,25.5,0.3333333333333333,7.69307135306931
EOS,44,27,47,138,-27.79928764047038,18.118972929541755,44.5,27.5,0.34057971014492755,-1.5342639866272734
EOS,44,28,11,27,36.70731765196715,7.071788584078252,44.5,28.5,0.4074074074074074,5.190669547815907
EOS,44,33,220,546,352.3386797383543,43.752016860807736,44.5,33.5,0.40293040293040294,8.053084292303172
EOS,44,34,250,671,27.581957720704363,5.467389814249945,44.5,34.5,0.37257824143070045,5.044812727421787
EOS,44,37,130,348,-568.4856909486809,61.117616973534346,44.5,37.5,0.3735632183908046,-9.301502890645283
EOS,44,38,214,568,-187.16073883284955,48.178630499930584,44.5,38.5,0.3767605633802817,-3.884725175679687
EOS,44,39,430,1113,10.908369258821349,38.89331181793244,44.5,39.5,0.3863432165318958,0.2804690253657405
EOS,44,40,122,455,8.103203316480958,1.4563679175470516,44.5,40.5,0.2681318681318681,5.56398092738071
EOS,44,41,31,109,51.891457201159206,13.677367943294524,44.5,41.5,0.28440366972477066,3.7939651412682474
EOS,44,42,7,20,-1.8577805267574226,1.7350337375261353,44.5,42.5,0.35,-1.070746053276349
EOS,44,44,86,226,-247.61596392991527,60.382408758123525,44.5,44.5,0.3805309734513274,-4.100796391243706
EOS,44,45,5,19,-124.56313450906917,4.319316235257446,44.5,45.5,0.2631578947368421,-28.838623459031076
EOS,44,46,88,490,-138.8534666625132,14.498516438207547,44.5,46.5,0.17959183673469387,-9.577081024414086
EOS,44,65,46,106,-83.65899340422715,28.666357933959294,44.5,65.5,0.4339622641509434,-2.918368409302579
EOS,44,66,10,22,30.755927314098617,5.803692158973206,44.5,66.5,0.45454545454545453,5.299372618609044
EOS,44,77,10,20,0.6188880813539583,9.849100461790352,44.5,77.5,0.5,0.0628370158020967
EOS,44,78,466,972,-314.2632742593278,43.24512251786728,44.5,78.5,0.4794238683127572,-7.267022405347236
EOS,44,79,49,129,11.487741908651765,4.0644737394616,44.5,79.5,0.3798449612403101,2.8263786765598558
EOS,44,80,15,34,-6.872859094924417,5.745880573967423,44.5,80.5,0.4411764705882353,-1.196136781203379
EOS,44,82,43,89,-25.51772483448487,17.329349475805795,44.5,82.5,0.48314606741573035,-1.4725148725352442
EOS,44,84,84,161,-238.87789765109952,42.502838328125215,44.5,84.5,0.5217391304347826,-5.620281069394556
EOS,44,85,27,59,-39.06851826393522,10.404606417250491,44.5,85.5,0.4576271186440678,-3.754925145381849
EOS,44,86,81,152,51.77299703877717,55.87520557112133,44.5,86.5,0.5328947368421053,0.9265826677429827
EOS,44,87,246,553,111.93905993110911,176.42227476515208,44.5,87.5,0.4448462929475588,0.6344950493361394
EOS,44,88,49,157,-213.28680767041567,41.603359535833576,44.5,88.5,0.31210191082802546,-5.126672702638561
EOS,44,89,26,67,-51.725658617011455,22.320303074310544,44.5,89.5,0.3880597014925373,-2.3174263559415946
EOS,44,103,2,7,17.30161459747367,0.6447806682288322,44.5,103.5,0.2857142857142857,26.833333333333343
EOS,44,107,0,4,0.0,0.0,44.5,107.5,0.0,
EOS,44,115,477,1109,40.097267033283,18.586870988554026,44.5,115.5,0.43011722272317404,2.1572897911636275
EOS,44,116,1582,3587,129.68763713520713,52.10495398737265,44.5,116.5,0.44103707833844435,2.488969420578247
EOS,44,117,19,47,27.157579235342403,13.528550111233976,44.5,117.5,0.40425531914893614,2.007427182665422
EOS,44,118,43,136,207.08293299655088,41.71523230607243,44.5,118.5,0.3161764705882353,4.964204237846378
EOS,44,120,33,72,28.630200268023117,12.682129396628335,44.5,120.5,0.4583333333333333,2.2575231156082296
EOS,44,122,266,664,259.8332047295253,123.76616920324732,44.5,122.5,0.4006024096385542,2.099387953931339
EOS,44,123,25,71,1.6095971310141524,0.8908223703770113,44.5,123.5,0.352112676056338,1.806866536516077
EOS,44,124,16,110,2.298100988614185,1.5673969880220575,44.5,124.5,0.14545454545454545,1.4661894887996585
EOS,44,127,4,24,-7.974572977637988,2.151790516192194,44.5,127.5,0.16666666666666666,-3.7060173458473007
EOS,44,128,3,21,1.157435507716488,0.38109787660140937,44.5,128.5,0.14285714285714285,3.0371082569086334
EOS,44,131,46,482,93.93942676999528,26.271660463279087,44.5,131.5,0.0954356846473029,3.5756943076094503
EOS,44,132,1,39,5.740455049281928,0.932390336698967,44.5,132.5,0.02564102564102564,6.156708004509596
EOS,44,133,9,116,-22.168853662696804,7.04155165314099,44.5,133.5,0.07758620689655173,-3.1482909953245963
EOS,44,134,8,69,-0.3616820315526026,0.13210725886434282,44.5,134.5,0.11594202898550725,-2.7377907517103472
EOS,44,135,2,22,-0.7361579951354391,0.04878968891710552,44.5,135.5,0.09090909090909091,-15.08839288535296
EOS,44,142,4,121,0.2277599696917681,0.3105962908696489,44.5,142.5,0.03305785123966942,0.7332990650147668
EOS,44,143,0,25,0.0,0.0,44.5,143.5,0.0,
EOS,45,-124,73,148,158.8216778392651,21.236673084793622,45.5,-123.5,0.49324324324324326,7.478651538549525
EOS,45,-123,624,1205,55.92989986032863,57.17646768195178,45.5,-122.5,0.5178423236514523,0.9781978867852196
EOS,45,-122,444,1191,-11.957196587033243,49.818619505782024,45.5,-121.5,0.37279596977329976,-0.2400146111163412
EOS,45,-121,159,292,-193.82982337078462,39.00342183958692,45.5,-120.5,0.5445205479452054,-4.969559444501227
EOS,45,-120,0,2,0.0,0.0,45.5,-119.5,0.0,
EOS,45,-119,81,184,-30.025944018381153,4.48918719101609,45.5,-118.5,0.44021739130434784,-6.688503450796185
EOS,45,-118,737,1802,-16.147124360597104,16.397082689312022,45.5,-117.5,0.40899001109877914,-0.984755926804111
EOS,45,-117,566,1212,-145.43951887209508,42.41587601272089,45.5,-116.5,0.466996699669967,-3.4288934367046084
EOS,45,-116,1534,3627,-120.45254937195479,30.442195097908392,45.5,-115.5,0.4229390681003584,-3.956762939878497
EOS,45,-115,1908,5019,-83.89855419511943,25.880270028609278,45.5,-114.5,0.38015540944411236,-3.241795935760098
EOS,45,-114,460,1252,-1.2504619029337323,0.6289260892030041,45.5,-113.5,0.36741214057507987,-1.9882493736559075
EOS,45,-113,128,327,-168.24300381423234,23.097192526653462,45.5,-112.5,0.39143730886850153,-7.284132200053534
EOS,45,-112,666,1684,-60.51280500877916,10.72934788668918,45.5,-111.5,0.39548693586698336,-5.639933167219911
EOS,45,-111,1328,3128,-150.69583938243676,20.435147080252207,45.5,-110.5,0.42455242966751916,-7.374345718708519
EOS,45,-110,658,1252,3.6514464352385256,1.0821277843640575,45.5,-109.5,0.5255591054313099,3.3743209332568793
EOS,45,-109,110,294,-119.35046409588684,28.845681063764033,45.5,-108.5,0.3741496598639456,-4.1375505689070025
EOS,45,-100,200,570,-4.153023091759717,65.09382929323209,45.5,-99.5,0.3508771929824561,-0.06380056507432286
EOS,45,-99,5,8,5.20526311861238,2.9414123366287974,45.5,-98.5,0.625,1.7696475444099824
EOS,45,-98,22,83,25.278072671448562,9.942390102209417,45.5,-97.5,0.26506024096385544,2.5424543204989734
EOS,45,-96,10,54,-1.9176376238325437,1.7571220290113643,45.5,-95.5,0.18518518518518517,-1.091351421341802
EOS,45,-95,18,80,-6.655187663712969,1.8136554942219423,45.5,-94.5,0.225,-3.6694883261542692
EOS,45,-94,314,1058,-412.5720603327091,64.01076535346846,45.5,-93.5,0.29678638941398866,-6.445354278369891
EOS,45,-93,112,406,-136.2777987990711,20.145451377963994,45.5,-92.5,0.27586206896551724,-6.764693242273932
EOS,45,-92,30,100,-32.68785853848347,7.26234249598169,45.5,-91.5,0.3,-4.501007568366531
EOS,45,-91,66,158,-40.362309003328654,34.36245646360779,45.5,-90.5,0.4177215189873418,-1.1746048786144005
EOS,45,-90,85,225,-7.473046087719176,36.65338400802127,45.5,-89.5,0.37777777777777777,-0.20388420578257566
EOS,45,-89,112,292,-84.20839403882759,26.841804656308348,45.5,-88.5,0.3835616438356164,-3.137210598060029
EOS,45,-88,246,964,-152.80157701204368,46.23364060950959,45.5,-87.5,0.2551867219917012,-3.3049869099128353
EOS,45,-87,6,171,-7.644363776812889,3.0579421769552453,45.5,-86.5,0.03508771929824561,-2.499839216850165
EOS,45,-86,51,255,-8.337798023555127,14.26909713594701,45.5,-85.5,0.2,-0.5843255494105769
EOS,45,-85,1013,2063,-10.756670645947219,128.53184943247865,45.5,-84.5,0.49103247697527874,-0.08368875647119663
EOS,45,-84,55,204,4.95287301222289,20.82037555118805,45.5,-83.5,0.2696078431372549,0.23788586329991868
EOS,45,-82,5,126,-0.8068895565492575,0.2914502623394361,45.5,-81.5,0.03968253968253968,-2.76853261366949
EOS,45,-81,81,556,0.271997437062355,13.39805005262455,45.5,-80.5,0.14568345323741008,0.02030127040830642
EOS,45,-80,112,337,193.8333219453988,42.724579481750794,45.5,-79.5,0.3323442136498516,4.536810526788028
EOS,45,-79,620,1801,77.81057320770722,77.9524215230244,45.5,-78.5,0.3442531926707385,0.9981803218867898
EOS,45,-78,89,246,-5.573899081966261,12.000590167340517,45.5,-77.5,0.3617886178861789,-0.4644687473067425
EOS,45,-77,96,276,91.30326600522092,20.886445323727543,45.5,-76.5,0.34782608695652173,4.371412396416639
EOS,45,-76,181,555,100.86927489059966,23.993842205944066,45.5,-75.5,0.3261261261261261,4.203965085075495
EOS,45,-75,97,342,41.588062617497144,20.32933303042322,45.5,-74.5,0.28362573099415206,2.0457170215697604
EOS,45,-74,72,331,19.179080459887427,7.172379933140986,45.5,-73.5,0.2175226586102719,2.6740190339426664
EOS,45,-73,96,367,26.110242771225266,22.69195735043888,45.5,-72.5,0.2615803814713896,1.1506386323575686
EOS,45,-72,155,537,20.125909558172825,31.06637355918146,45.5,-71.5,0.2886405959031657,0.647835819003237
EOS,45,-71,29,89,-4.910716569122863,10.317200824358874,45.5,-70.5,0.3258426966292135,-0.47597373092987383
EOS,45,-70,24,145,0.9471272835753004,0.9640613426910877,45.5,-69.5,0.16551724137931034,0.9824346663786794
EOS,45,-69,97,646,-48.70002171973,8.720383390048461,45.5,-68.5,0.15015479876160992,-5.584619338560913
EOS,45,-67,7,144,3.8709542114356097,2.0337150608674213,45.5,-66.5,0.04861111111111111,1.9033906400754923
EOS,45,-64,0,23,0.0,0.0,45.5,-63.5,0.0,
EOS,45,-63,0,83,0.0,0.0,45.5,-62.5,0.0,
EOS,45,-62,0,54,0.0,0.0,45.5,-61.5,0.0,
EOS,45,-2,20,44,-312.98602954134606,12.323078736182131,45.5,-1.5,0.45454545454545453,-25.398363204673775
EOS,45,-1,32,127,-76.93491792277781,3.239232266137453,45.5,-0.5,0.25196850393700787,-23.75097294721538
EOS,45,0,708,1854,-2477.089014415245,242.29708627492073,45.5,0.5,0.3818770226537217,-10.22335452934268
EOS,45,1,211,513,-1484.9941463197245,83.16901133415332,45.5,1.5,0.41130604288499023,-17.855137658825484
EOS,45,2,1245,2992,-240.86226610299963,47.965456856551306,45.5,2.5,0.4161096256684492,-5.021577649585167
EOS,45,3,1663,3699,-1689.3159338065952,220.54574139563744,45.5,3.5,0.44958096782914303,-7.659707791755217
EOS,45,4,505,1112,-850.999302167917,106.6133755170042,45.5,4.5,0.454136690647482,-7.982106354302492
EOS,45,5,713,1661,1.7775284861245575,124.34482292048023,45.5,5.5,0.4292594822396147,0.01429515475092441
EOS,45,6,795,2215,-86.12063739660053,140.1153453471301,45.5,6.5,0.35891647855530473,-0.6146410101137754
EOS,45,7,334,1171,-40.80167828430697,43.471246744953675,45.5,7.5,0.2852263023057216,-0.9385900184480769
EOS,45,8,219,902,-26.032170043558576,29.06546777583403,45.5,8.5,0.24279379157427938,-0.8956391221476423
EOS,45,9,254,771,-73.00949985307943,57.99528645625336,45.5,9.5,0.32944228274967574,-1.2588867874314493
EOS,45,10,168,543,-147.71664194710476,81.51902238913216,45.5,10.5,0.30939226519337015,-1.8120511951428633
EOS,45,11,155,424,-126.719837613018,38.004817866401275,45.5,11.5,0.36556603773584906,-3.3343098250984267
EOS,45,12,22,47,21.593850909822944,6.729740303626005,45.5,12.5,0.46808510638297873,3.2087197923801174
EOS,45,13,122,382,-59.96453779006099,19.79089184554183,45.5,13.5,0.3193717277486911,-3.029905789898439
EOS,45,14,126,278,-64.31191788733891,29.719024491846127,45.5,14.5,0.45323741007194246,-2.1639982801247015
EOS,45,15,186,619,57.36939917298852,19.663317363875564,45.5,15.5,0.30048465266558966,2.91758496856612
EOS,45,16,226,549,-26.54159937844978,40.01498591996919,45.5,16.5,0.4116575591985428,-0.6632914836339949
EOS,45,17,284,627,-103.4086384207136,59.461426345780346,45.5,17.5,0.4529505582137161,-1.7390877544607026
EOS,45,18,148,415,52.39218506711129,42.01589520940386,45.5,18.5,0.3566265060240964,1.2469610561905877
EOS,45,19,99,208,-42.27571980911582,37.608770773907665,45.5,19.5,0.47596153846153844,-1.1240920386168538
EOS,45,20,16,42,17.628183452014504,3.42501267021708,45.5,20.5,0.38095238095238093,5.1468958364166335
EOS,45,21,148,427,-2.387936359513641,19.574034022983184,45.5,21.5,0.34660421545667447,-0.12199510620599743
EOS,45,22,446,1157,-46.83356841883995,22.6924539154852,45.5,22.5,0.38547968885047534,-2.063838868782763
EOS,45,23,232,604,-33.04278508166978,18.354654661717927,45.5,23.5,0.3841059602649007,-1.800240085725323
EOS,45,24,154,378,-11.532288883741272,7.222516089748934,45.5,24.5,0.4074074074074074,-1.596713491591841
EOS,45,25,248,670,20.76555668198752,36.87431562567142,45.5,25.5,0.3701492537313433,0.5631441920926339
EOS,45,26,7,24,-4.695791421803857,0.35909547231257505,45.5,26.5,0.2916666666666667,-13.076721328628727
EOS,45,27,5,20,5.599151961434382,3.3940106553619858,45.5,27.5,0.25,1.6497154929636508
EOS,45,28,58,164,82.13307510388336,12.224415172795865,45.5,28.5,0.35365853658536583,6.718773368124945
EOS,45,29,35,110,10.546208637299394,3.13410521493235,45.5,29.5,0.3181818181818182,3.3649823200102853
EOS,45,32,19,41,81.83430299828893,3.4829145594201005,45.5,32.5,0.4634146341463415,23.495926070582165
EOS,45,33,28,53,100.79055418121409,10.659912989358908,45.5,33.5,0.5283018867924528,9.45510102022659
EOS,45,34,96,195,41.63569631185534,67.30636613037592,45.5,34.5,0.49230769230769234,0.6185996764586107
EOS,45,35,5,24,56.16705515345019,0.6264632117244884,45.5,35.5,0.20833333333333334,89.65738785975488
EOS,45,36,8,42,-48.110081893906475,2.4059220521313387,45.5,36.5,0.19047619047619047,-19.99652559453749
EOS,45,37,17,47,-27.487776979367673,5.040946953651899,45.5,37.5,0.3617021276595745,-5.452899471488038
EOS,45,38,40,105,19.05759408722196,4.845661383028429,45.5,38.5,0.38095238095238093,3.932919075602306
EOS,45,39,20,54,2.0108471393742935,3.5657813103820977,45.5,39.5,0.37037037037037035,0.5639289020668565
EOS,45,41,7,24,-3.5944324730687187,1.745913388443812,45.5,41.5,0.2916666666666667,-2.058769064296225
EOS,45,43,9,30,10.987064120890288,4.5620984478334465,45.5,43.5,0.3,2.4083356040043538
EOS,45,45,290,1050,-407.82013875128115,31.19166036320435,45.5,45.5,0.2761904761904762,-13.074653096453035
EOS,45,46,688,1761,-386.43490174254214,18.315302703441468,45.5,46.5,0.39068710959682,-21.099018017863855
EOS,45,59,9,23,1.1598661952635512,0.4272468861425489,45.5,59.5,0.391304347826087,2.7147446426948734
EOS,45,60,3,7,-1.3645828634916732,0.06958212901657261,45.5,60.5,0.42857142857142855,-19.6111111111111
EOS,45,62,37,63,46.39284435905819,23.270079362883077,45.5,62.5,0.5873015873015873,1.993669365522537
EOS,45,78,17,46,-14.010668618243159,3.717272509178163,45.5,78.5,0.3695652173913043,-3.7690722387583904
EOS,45,83,18,44,78.33429145539019,12.90967033094306,45.5,83.5,0.4090909090909091,6.0678769827012164
EOS,45,84,2,6,0.7866967403347969,0.1123852486192567,45.5,84.5,0.3333333333333333,7.0
EOS,45,85,5,12,0.4004623231939056,0.3782751380436289,45.5,85.5,0.4166666666666667,1.0586535643474346
EOS,45,90,35,85,0.34461150801063334,0.3672824842870609,45.5,90.5,0.4117647058823529,0.9382737341247442
EOS,45,91,20,48,1.6150081529787315,2.844851688877309,45.5,91.5,0.4166666666666667,0.5676950258226211
EOS,45,92,42,126,-4.772742965357728,3.9726607782439443,45.5,92.5,0.3333333333333333,-1.2013970564754457
EOS,45,93,2,8,3.572850493960142,0.2748346533815494,45.5,93.5,0.25,13.0
EOS,45,94,110,277,0.12814791611931947,0.27391916989684295,45.5,94.5,0.3971119133574007,0.4678311348839862
EOS,45,95,8,21,0.09459131772406192,0.0992766065238512,45.5,95.5,0.38095238095238093,0.9528057115986973
EOS,45,96,154,326,-0.10246364600575954,0.05068137973435892,45.5,96.5,0.4723926380368098,-2.0217217159992855
EOS,45,99,16,39,35.83854252630538,6.553546966153887,45.5,99.5,0.41025641025641024,5.468571860611556
EOS,45,100,26,62,105.3049056761187,18.556279719114443,45.5,100.5,0.41935483870967744,5.674893204355303
EOS,45,108,189,534,47.97492849543359,36.3153895195406,45.5,108.5,0.3539325842696629,1.3210633048454352
EOS,45,113,161,511,1.8676823774781355,3.0492713997878287,45.5,113.5,0.3150684931506849,0.6125011954029709
EOS,45,114,1150,3124,56.499759449189725,9.415042052272558,45.5,114.5,0.3681177976952625,6.001009781528494
EOS,45,115,139,431,9.433731342527187,2.9476895656456183,45.5,115.5,0.3225058004640371,3.2003815640813458
EOS,45,116,71,174,32.35892506504986,18.573064684271312,45.5,116.5,0.40804597701149425,1.7422501679247997
EOS,45,119,77,233,101.83690684065192,67.07862952534184,45.5,119.5,0.33047210300429186,1.5181721445602678
EOS,45,121,41,95,2.9187867979651996,2.5744649013496455,45.5,121.5,0.43157894736842106,1.1337450343312296
EOS,45,122,263,609,52.56861914234065,117.39160061513009,45.5,122.5,0.4318555008210181,0.4478056255037152
EOS,45,123,32,69,75.89574422183026,11.982418298461665,45.5,123.5,0.463768115942029,6.333925450722577
EOS,45,124,42,126,116.64778982363455,20.013532410088708,45.5,124.5,0.3333333333333333,5.8284458452138646
EOS,45,125,28,143,36.831738326958146,14.913328199203026,45.5,125.5,0.1958041958041958,2.469719557900325
EOS,45,126,1,8,0.0028137112864308205,0.001969597900501552,45.5,126.5,0.125,1.4285714285714448
EOS,45,127,11,43,1.0627045858607418,2.094267098166154,45.5,127.5,0.2558139534883721,0.5074350768301232
EOS,45,134,11,135,6.151798714034199,0.914940458329468,45.5,134.5,0.08148148148148149,6.723714814476977
EOS,45,135,16,180,9.603982550920515,1.336145214127577,45.5,135.5,0.08888888888888889,7.187828425663555
EOS,45,136,3,21,0.06699295555384369,0.1988241376866322,45.5,136.5,0.14285714285714285,0.3369457870323152
EOS,45,141,0,22,0.0,0.0,45.5,141.5,0.0,
EOS,46,-124,188,432,-1.5284922870066127,58.74324390562134,46.5,-123.5,0.4351851851851852,-0.02601988220913258
EOS,46,-123,505,1069,-138.09281953062126,168.4072271849098,46.5,-122.5,0.4724041159962582,-0.8199934280670534
EOS,46,-122,1027,2364,-59.87865499250853,44.645813803746975,46.5,-121.5,0.4344331641285956,-1.3411930456844559
EOS,46,-121,305,570,-52.64237772391276,36.5156433726922,46.5,-120.5,0.5350877192982456,-1.4416390582694962
EOS,46,-120,640,1079,-1750.2272699467305,217.54601324891135,46.5,-119.5,0.593141797961075,-8.045319901790887
EOS,46,-119,12,21,-43.89993124661018,2.3503575928816085,46.5,-118.5,0.5714285714285714,-18.677979631511118
EOS,46,-118,234,597,7.703666765034461,12.72853604158121,46.5,-117.5,0.39195979899497485,0.6052280277848409
EOS,46,-117,120,246,-17.605579368896414,13.381000512647013,46.5,-116.5,0.4878048780487805,-1.3157147219489718
EOS,46,-116,305,1005,-6.275770784760851,3.435958650093357,46.5,-115.5,0.3034825870646766,-1.8264977620118723
EOS,46,-115,1065,3096,-67.79529989255838,11.101080823224132,46.5,-114.5,0.3439922480620155,-6.107090018723809
EOS,46,-114,314,903,-29.206056180127977,6.133456763459047,46.5,-113.5,0.3477297895902547,-4.761761157937441
EOS,46,-113,166,415,-150.23512008127193,66.84429173948982,46.5,-112.5,0.4,-2.2475385133375125
EOS,46,-112,107,295,-12.141608915515159,15.224600315508708,46.5,-111.5,0.36271186440677966,-0.7974993539335791
EOS,46,-111,93,306,-0.2776646089029336,0.06392636325512738,46.5,-110.5,0.30392156862745096,-4.3435070409806675
EOS,46,-110,144,435,-6.386776558480617,0.6948236224955171,46.5,-109.5,0.3310344827586207,-9.191939294668732
EOS,46,-109,12,40,-8.379365135493206,0.46884757775812785,46.5,-108.5,0.3,-17.87225856121626
EOS,46,-106,110,297,-132.942973623284,11.396331099300387,46.5,-105.5,0.37037037037037035,-11.665418674212201
EOS,46,-104,57,172,-22.134464208372133,2.10466161742202,46.5,-103.5,0.3313953488372093,-10.516875503951287
EOS,46,-103,15,31,-83.87213949032717,7.851756197050598,46.5,-102.5,0.4838709677419355,-10.681959218478099
EOS,46,-101,91,287,-239.22636043496325,43.88867079245295,46.5,-100.5,0.3170731707317073,-5.4507542861402944
EOS,46,-100,17,62,-55.052730288849375,5.856072810068063,46.5,-99.5,0.27419354838709675,-9.400964105876533
EOS,46,-96,37,190,-66.31180443340803,10.894237773677858,46.5,-95.5,0.19473684210526315,-6.086869573714232
EOS,46,-95,43,166,-40.967148754134044,16.275493909293722,46.5,-94.5,0.25903614457831325,-2.5171063306865764
EOS,46,-94,65,233,-19.268282085297972,11.479723194741156,46.5,-93.5,0.27896995708154504,-1.6784622554422517
EOS,46,-93,111,336,-233.55712078070346,43.215583889772866,46.5,-92.5,0.33035714285714285,-5.404465235883939
EOS,46,-92,22,64,-60.10070257994992,11.099140455815284,46.5,-91.5,0.34375,-5.4148970201076025
EOS,46,-91,118,319,-102.62868598713094,47.80542001194847,46.5,-90.5,0.36990595611285265,-2.1468002155713717
EOS,46,-90,46,127,-5.406425777869856,4.085863559598452,46.5,-89.5,0.36220472440944884,-1.3232027205532007
EOS,46,-89,167,508,10.210356435541227,16.45250851966795,46.5,-88.5,0.328740157480315,0.6205957239490489
EOS,46,-88,695,2028,-83.52039311750599,60.859062465715624,46.5,-87.5,0.3427021696252465,-1.3723575377875137
EOS,46,-87,393,1881,-51.64027700782973,40.647650625984355,46.5,-86.5,0.20893141945773525,-1.2704369431579952
EOS,46,-86,521,2733,26.08479215627628,60.19562826167439,46.5,-85.5,0.1906330040248811,0.433333664080786
EOS,46,-85,94,409,0.07384334766950218,15.558133213920348,46.5,-84.5,0.22982885085574573,0.004746285859246418
EOS,46,-84,33,308,-13.682966997781975,3.6336320845845282,46.5,-83.5,0.10714285714285714,-3.7656445890136103
EOS,46,-83,33,362,-8.690073295925915,1.9899818777296072,46.5,-82.5,0.09116022099447514,-4.366910770986777
EOS,46,-82,62,991,88.45899706883783,25.640177288258386,46.5,-81.5,0.06256306760847628,3.4500150320468563
EOS,46,-81,68,632,168.02100858741449,32.060833886929196,46.5,-80.5,0.10759493670886076,5.240693650701162
EOS,46,-80,93,358,70.48423034617406,17.209701002475768,46.5,-79.5,0.25977653631284914,4.095610396487091
EOS,46,-79,81,201,38.65237172462024,15.315248127626687,46.5,-78.5,0.40298507462686567,2.5237835784649456
EOS,46,-76,34,108,10.37420720740222,7.037081095260606,46.5,-75.5,0.3148148148148148,1.4742202153090336
EOS,46,-75,602,1665,-6.436717095076368,52.186378858116505,46.5,-74.5,0.36156156156156155,-0.12334094137047547
EOS,46,-74,105,384,-12.01352617948761,7.259411200005843,46.5,-73.5,0.2734375,-1.654889886865472
EOS,46,-73,145,675,-64.18272375972342,18.334371792547056,46.5,-72.5,0.21481481481481482,-3.500677551756301
EOS,46,-72,144,813,6.63552301264844,39.354561016560154,46.5,-71.5,0.17712177121771217,0.16860874168705
EOS,46,-71,89,318,100.91799138810752,37.009501625194126,46.5,-70.5,0.279874213836478,2.7268130333159593
EOS,46,-70,161,678,-1.3541089588486643,7.328776312217388,46.5,-69.5,0.2374631268436578,-0.1847660374885922
EOS,46,-69,65,403,3.2203504739505426,3.0565565588892465,46.5,-68.5,0.16129032258064516,1.053587725895319
EOS,46,-68,9,59,-2.918818064910392,1.1800820281383106,46.5,-67.5,0.15254237288135594,-2.47340269177313
EOS,46,-65,11,165,-5.0048756984548834,2.6168215660383556,46.5,-64.5,0.06666666666666667,-1.9125781304347158
EOS,46,-62,2,22,-0.02033217202501461,0.06665412911993267,46.5,-61.5,0.09090909090909091,-0.30503994716411875
EOS,46,-61,5,182,0.3347919567894772,0.13968512314882886,46.5,-60.5,0.027472527472527472,2.396761725533004
EOS,46,-60,0,20,0.0,0.0,46.5,-59.5,0.0,
EOS,46,-54,20,410,2.183400907662973,1.1402188489606973,46.5,-53.5,0.04878048780487805,1.914896346129631
EOS,46,-2,9,24,135.26408296009447,8.143302811415571,46.5,-1.5,0.375,16.61046949776649
EOS,46,1,558,1115,-2201.4871864123556,271.18929995843183,46.5,1.5,0.5004484304932736,-8.117898408048553
EOS,46,2,65,116,-203.03348036846805,18.494311460720084,46.5,2.5,0.5603448275862069,-10.978158381277897
EOS,46,3,243,585,-286.5069057552123,48.268536944212244,46.5,3.5,0.4153846153846154,-5.935686554708524
EOS,46,4,433,1099,-1525.0652124591672,86.75255341997644,46.5,4.5,0.3939945404913558,-17.579485010385778
EOS,46,5,487,1192,-143.39595090886124,33.66435111375761,46.5,5.5,0.4085570469798658,-4.259578639264477
EOS,46,6,291,962,14.28540220191448,25.55436183013352,46.5,6.5,0.3024948024948025,0.5590201115908611
EOS,46,7,305,929,62.39137562617542,94.18071122945139,46.5,7.5,0.32831001076426264,0.6624644771918532
EOS,46,8,216,763,95.9397239664263,48.415878463859286,46.5,8.5,0.28309305373525556,1.9815756113573744
EOS,46,9,198,550,90.9267227783176,68.41857334099191,46.5,9.5,0.36,1.328977181753661
EOS,46,10,697,1851,-7.445258478309214,7.894584316630841,46.5,10.5,0.3765532144786602,-0.9430842942072237
EOS,46,11,454,1157,18.207162377227707,60.011292917076425,46.5,11.5,0.3923941227312014,0.30339560259743703
EOS,46,12,602,1530,0.7329333896810168,10.169230004589533,46.5,12.5,0.3934640522875817,0.07207363677979872
EOS,46,13,469,1277,19.93522598897752,24.758018010313194,46.5,13.5,0.36726703210649964,0.8052028228056587
EOS,46,14,175,520,79.26233138560477,38.615365172264255,46.5,14.5,0.33653846153846156,2.0526112088287456
EOS,46,15,174,606,9.713118668241709,48.10638463723519,46.5,15.5,0.2871287128712871,0.20190913828771875
EOS,46,16,49,168,-99.98404619883298,22.88205037643412,46.5,16.5,0.2916666666666667,-4.369540515556467
EOS,46,17,261,669,-24.891727897783408,64.68066883100099,46.5,17.5,0.3901345291479821,-0.38484029846415224
EOS,46,18,115,242,-35.03872586770383,14.13205405653049,46.5,18.5,0.47520661157024796,-2.4793795528621168
EOS,46,19,155,344,-70.1244728694434,40.89299088947818,46.5,19.5,0.45058139534883723,-1.71482866242211
EOS,46,20,53,103,-183.71425439754987,25.75826962328672,46.5,20.5,0.5145631067961165,-7.132243628332212
EOS,46,22,345,711,4.561781410773524,3.0908643603770547,46.5,22.5,0.48523206751054854,1.4758918150057652
EOS,46,23,67,162,-78.84147360104399,35.14170840614577,46.5,23.5,0.41358024691358025,-2.243529901558678
EOS,46,24,56,154,8.502295152185226,16.013724457436897,46.5,24.5,0.36363636363636365,0.5309380197457247
EOS,46,25,111,266,-4.798842542137178,5.446772798768519,46.5,25.5,0.41729323308270677,-0.8810432745096631
EOS,46,26,9,26,2.112884827116297,0.7085931783789341,46.5,26.5,0.34615384615384615,2.9818023819393735
EOS,46,28,69,165,75.6067698690389,15.33870737857297,46.5,28.5,0.41818181818181815,4.929148721792289
EOS,46,29,19,49,-12.389877393596386,4.58174940169375,46.5,29.5,0.3877551020408163,-2.70418050123304
EOS,46,30,31,80,94.34807579755167,11.820516889442773,46.5,30.5,0.3875,7.9817216691950685
EOS,46,31,18,41,141.00447492594145,7.749393461175023,46.5,31.5,0.43902439024390244,18.195549836562467
EOS,46,32,66,231,-48.27404946992966,11.803972068092913,46.5,32.5,0.2857142857142857,-4.0896445019908425
EOS,46,33,105,313,110.2556752513171,16.885780674103355,46.5,33.5,0.3354632587859425,6.529498243478265
EOS,46,34,23,46,11.52197577691351,5.094877006552382,46.5,34.5,0.5,2.2614826152025675
EOS,46,35,7,27,11.996311637708102,1.9111014043275798,46.5,35.5,0.25925925925925924,6.277171693005479
EOS,46,36,3,11,0.1454732292924114,0.02424138792683872,46.5,36.5,0.2727272727272727,6.001027240331876
EOS,46,38,4,10,-6.105051903345068,0.8361843535792706,46.5,38.5,0.4,-7.301083639286617
EOS,46,41,28,67,275.5256622661102,12.555952194049164,46.5,41.5,0.417910447761194,21.94382855301841
EOS,46,42,79,183,-62.858962510993706,40.73916885113921,46.5,42.5,0.43169398907103823,-1.542961338771543
EOS,46,43,14,22,-32.37804962506144,3.567625340959565,46.5,43.5,0.6363636363636364,-9.075518455744822
EOS,46,44,102,235,-566.9510876129859,65.20680155018623,46.5,44.5,0.4340425531914894,-8.694661816476824
EOS,46,45,577,1355,195.5696153033156,9.606423146493718,46.5,45.5,0.42583025830258303,20.35821369941394
EOS,46,46,926,2317,306.37341763310917,18.584044321732893,46.5,46.5,0.3996547259387139,16.485831196324924
EOS,46,47,27,86,8.563753684603189,12.8977214098146,46.5,47.5,0.313953488372093,0.6639741557827841
EOS,46,48,104,329,1.3655487659312109,35.957572958029644,46.5,48.5,0.3161094224924012,0.03797666676572151
EOS,46,73,3,22,0.7820084642157581,1.1037061529880403,46.5,73.5,0.13636363636363635,0.7085295865196032
EOS,46,74,12,41,-8.57154146949079,5.32247327486056,46.5,74.5,0.2926829268292683,-1.6104433083725254
EOS,46,80,28,83,-1.9648499411138687,9.761884182968492,46.5,80.5,0.3373493975903614,-0.20127773535173998
EOS,46,81,67,171,52.828589968226474,24.16187922453606,46.5,81.5,0.391812865497076,2.1864437561868018
EOS,46,82,17,33,-18.517246851655308,8.797153846069483,46.5,82.5,0.5151515151515151,-2.1049133817216017
EOS,46,85,21,45,-1.2668021834744256,1.4266439964860855,46.5,85.5,0.4666666666666667,-0.8879595656622392
EOS,46,86,12,22,13.595201522486544,11.57231485516127,46.5,86.5,0.5454545454545454,1.1748039776521517
EOS,46,89,24,42,-56.60053181185793,16.969468612577167,46.5,89.5,0.5714285714285714,-3.3354333658926496
EOS,46,90,35,66,10.918369302654817,1.453869994866658,46.5,90.5,0.5303030303030303,7.5098663162494095
EOS,46,91,849,1788,-39.05763739995437,9.715977752230758,46.5,91.5,0.4748322147651007,-4.01993894963241
EOS,46,95,96,242,-0.002558798169287206,0.013575453071038539,46.5,95.5,0.39669421487603307,-0.18848712863558628
EOS,46,100,767,1784,0.01955248136441996,0.01698937145239658,46.5,100.5,0.42993273542600896,1.1508654937120595
EOS,46,101,1442,3411,0.0031123460171884718,0.10772458184786755,46.5,101.5,0.42274992670771033,0.028891697361924658
EOS,46,102,445,1013,69.92776886837181,28.066561335480642,46.5,102.5,0.43928923988154,2.491497552283752
EOS,46,116,1160,2732,60.583500516391275,29.932938422252683,46.5,116.5,0.424597364568082,2.0239743810568367
EOS,46,117,1158,2685,65.02966450095984,22.45557894579003,46.5,117.5,0.4312849162011173,2.8959246456280563
EOS,46,118,254,527,3.217741926542163,4.018309063036082,46.5,118.5,0.4819734345351044,0.8007701438751353
EOS,46,122,88,231,321.2273577096523,52.12521065525912,46.5,122.5,0.38095238095238093,6.162610254645416
EOS,46,123,65,177,208.78134703429788,37.44267240648279,46.5,123.5,0.3672316384180791,5.576026859614584
EOS,46,124,278,919,492.37112210032427,109.17768075655478,46.5,124.5,0.3025027203482046,4.509814814606816
EOS,46,125,67,234,77.0076112287065,27.934707874596842,46.5,125.5,0.2863247863247863,2.756700072698286
EOS,46,127,2,14,-0.059785771310764915,0.02627184124417936,46.5,127.5,0.14285714285714285,-2.2756597360305193
EOS,46,128,5,23,6.333139972458079,3.186076333011675,46.5,128.5,0.21739130434782608,1.9877552545866362
EOS,46,129,0,6,0.0,0.0,46.5,129.5,0.0,
EOS,46,131,1,9,-0.13014131359115316,0.06932761565136314,46.5,131.5,0.1111111111111111,-1.8771929824561087
EOS,46,132,3,24,0.9792431922396695,0.9678506290985929,46.5,132.5,0.125,1.0117709931662566
EOS,46,135,32,216,1.1126730701885688,2.1030688242988926,46.5,135.5,0.14814814814814814,0.5290711636883803
EOS,46,142,6,74,3.8633725441392768,0.6534838639324025,46.5,142.5,0.08108108108108109,5.9119631828260575
EOS,47,-124,176,420,6.349044333287276,30.998189215610957,47.5,-123.5,0.41904761904761906,0.20481984573762915
EOS,47,-123,690,1498,209.73299383065864,170.04058607585134,47.5,-122.5,0.4606141522029373,1.2334290222753137
EOS,47,-122,1190,2978,-20.410775618543212,92.26491610496419,47.5,-121.5,0.39959704499664206,-0.22121925082902708
EOS,47,-121,783,1751,-1162.5045401937894,179.6505477362472,47.5,-120.5,0.4471730439748715,-6.470921212556017
EOS,47,-120,80,151,-147.269884757543,14.325489236398228,47.5,-119.5,0.5298013245033113,-10.280269129193815
EOS,47,-119,23,41,-13.468502818153247,1.5231648317882773,47.5,-118.5,0.5609756097560976,-8.84244602886511
EOS,47,-118,127,277,-617.619929696635,33.34707479154932,47.5,-117.5,0.4584837545126354,-18.520962739830775
EOS,47,-117,60,165,-45.14791276163764,9.051860659494167,47.5,-116.5,0.36363636363636365,-4.987694183547074
EOS,47,-116,64,179,-1.3922669674998451,0.5808311437432017,47.5,-115.5,0.3575418994413408,-2.3970253360164127
EOS,47,-114,1980,4523,-5.178503967868078,6.970902399278534,47.5,-113.5,0.43776254698209155,-0.7428742609284038
EOS,47,-113,1090,2271,-3.0386518737394645,3.085513571361039,47.5,-112.5,0.479964773227653,-0.9848123508330888
EOS,47,-112,75,203,-69.17937470423605,19.65130121744791,47.5,-111.5,0.3694581280788177,-3.5203457490546928
EOS,47,-111,29,76,-1.1530803141825405,1.024406240568339,47.5,-110.5,0.3815789473684211,-1.1256084437193719
EOS,47,-110,386,1029,-93.19502438786245,14.408821582590106,47.5,-109.5,0.3751214771622935,-6.467914385203309
EOS,47,-109,471,1467,-16.397886416720834,14.763931988239229,47.5,-108.5,0.3210633946830266,-1.1106720370822079
EOS,47,-108,394,1042,-326.50904708102615,62.53224266484989,47.5,-107.5,0.3781190019193858,-5.221451097332237
EOS,47,-107,111,301,7.746026856505589,9.150604352245155,47.5,-106.5,0.3687707641196013,0.8465044010568608
EOS,47,-105,24,61,-157.2650212902867,14.602795765344014,47.5,-104.5,0.39344262295081966,-10.769514537997912
EOS,47,-104,70,215,-430.7167385699802,33.778693888930356,47.5,-103.5,0.32558139534883723,-12.751136559224118
EOS,47,-102,1,2,0.7973480499789404,0.03986740249894702,47.5,-101.5,0.5,20.0
EOS,47,-101,53,175,30.01324519392977,16.8859498464084,47.5,-100.5,0.3028571428571429,1.777409353156021
EOS,47,-100,14,47,8.623372502636832,4.9087968279483025,47.5,-99.5,0.2978723404255319,1.7567181541390227
EOS,47,-96,21,112,-8.51410339359869,5.116448964803624,47.5,-95.5,0.1875,-1.66406495054827
EOS,47,-95,48,202,33.96404229637554,24.605313024294595,47.5,-94.5,0.2376237623762376,1.380354001708509
EOS,47,-94,38,155,-6.215286484608985,18.848370394438344,47.5,-93.5,0.24516129032258063,-0.3297519283918015
EOS,47,-93,224,733,36.300723977419516,81.76754327654649,47.5,-92.5,0.30559345156889495,0.44395028299488737
EOS,47,-92,368,1288,15.74604915496012,28.05065053441115,47.5,-91.5,0.2857142857142857,0.5613434574589864
EOS,47,-91,153,616,-12.055159492840048,4.847111095559632,47.5,-90.5,0.2483766233766234,-2.4870813264180396
EOS,47,-90,11,221,-2.618986867051003,1.407739566663262,47.5,-89.5,0.049773755656108594,-1.8604200159399777
EOS,47,-89,45,219,-27.246897958091907,22.05156792763711,47.5,-88.5,0.2054794520547945,-1.2355991214549202
EOS,47,-88,8,51,3.218673874849183,1.731879699972354,47.5,-87.5,0.1568627450980392,1.8584858260654957
EOS,47,-86,0,211,0.0,0.0,47.5,-85.5,0.0,
EOS,47,-85,376,1572,-63.69378481313421,25.603321481533378,47.5,-84.5,0.23918575063613232,-2.487715699663183
EOS,47,-84,76,174,0.19217900422258594,1.9047621817353062,47.5,-83.5,0.4367816091954023,0.10089396254576202
EOS,47,-83,114,429,66.16461084155048,14.266948033444933,47.5,-82.5,0.26573426573426573,4.6376149044943435
EOS,47,-82,8,44,0.20115076599282497,0.10394545741107174,47.5,-81.5,0.18181818181818182,1.9351568697931327
EOS,47,-81,203,1041,72.92073032251297,13.035101692849372,47.5,-80.5,0.19500480307396734,5.594181928209649
EOS,47,-80,27,137,79.37227355627371,12.66228641481718,47.5,-79.5,0.19708029197080293,6.268399794163059
EOS,47,-73,19,69,-51.02816702088497,13.24918897259827,47.5,-72.5,0.2753623188405797,-3.8514181604942377
EOS,47,-72,100,655,-4.026208238046334,2.068928858326798,47.5,-71.5,0.15267175572519084,-1.9460351291645879
EOS,47,-71,151,602,-12.760949246672945,5.811479118037836,47.5,-70.5,0.25083056478405313,-2.1958177922493336
EOS,47,-70,10,35,21.326909180057058,5.612519211416472,47.5,-69.5,0.2857142857142857,3.799881724533934
EOS,47,-69,49,206,-23.06749693589813,17.063072137014395,47.5,-68.5,0.23786407766990292,-1.3518958808044024
EOS,47,-68,5,24,2.641751955538432,1.0509016729800769,47.5,-67.5,0.20833333333333334,2.5137955561980676
EOS,47,-67,41,168,-1.7820113288232657,0.8372177203526564,47.5,-66.5,0.24404761904761904,-2.1284921299475594
EOS,47,-56,39,444,-34.39713572765249,5.631322902889056,47.5,-55.5,0.08783783783783784,-6.10818031940694
EOS,47,-55,20,271,1.108076602402794,0.8235234349331434,47.5,-54.5,0.07380073800738007,1.3455313539349996
EOS,47,-54,30,647,-0.48954515198782056,2.107530790357005,47.5,-53.5,0.04636785162287481,-0.23228374846418928
EOS,47,-53,4,98,0.49458746035495793,0.3911211620559728,47.5,-52.5,0.04081632653061224,1.2645377144900642
EOS,47,-5,16,53,-3.3191016355303478,0.5021557992082575,47.5,-4.5,0.3018867924528302,-6.609704877975187
EOS,47,-4,32,89,-92.16358019228167,11.69324857751979,47.5,-3.5,0.3595505617977528,-7.881777213687706
EOS,47,-3,123,259,-118.68798871011913,23.628309761953716,47.5,-2.5,0.4749034749034749,-5.023126491308761
EOS,47,-2,136,302,-286.77116057896615,41.593581877966336,47.5,-1.5,0.4503311258278146,-6.894601225264504
EOS,47,-1,107,216,-415.4069466644586,53.690771359312585,47.5,-0.5,0.49537037037037035,-7.7370269814983175
EOS,47,0,381,837,-496.6590034279097,93.83112454598673,47.5,0.5,0.4551971326164875,-5.2931157526999115
EOS,47,1,95,211,-171.86558179002947,50.53699447751665,47.5,1.5,0.45023696682464454,-3.400787553096189
EOS,47,2,77,178,-376.54444117901284,55.148344059579735,47.5,2.5,0.43258426966292135,-6.8278467395541655
EOS,47,3,474,1181,-778.4978217734756,56.895705156968475,47.5,3.5,0.40135478408128705,-13.682892577316561
EOS,47,4,582,1312,-1271.9881127631097,96.7984600937992,47.5,4.5,0.44359756097560976,-13.14058210771673
EOS,47,5,45,97,-104.78068221776655,12.155073586945832,47.5,5.5,0.4639175257731959,-8.620324794273374
EOS,47,6,770,1853,-561.6099862366007,99.42500809401714,47.5,6.5,0.4155423637344846,-5.648578732883154
EOS,47,7,458,1246,-383.779798547077,132.8821075812658,47.5,7.5,0.36757624398073835,-2.8881224532984726
EOS,47,8,570,1668,-196.4080632219244,108.41359072066155,47.5,8.5,0.34172661870503596,-1.811655364574995
EOS,47,9,360,1327,257.82943284994167,127.20350263909293,47.5,9.5,0.2712886209495102,2.0269051362639443
EOS,47,10,359,1109,146.58198112769395,54.19939772365609,47.5,10.5,0.3237150586113616,2.7044946490930504
EOS,47,11,734,1846,281.57438767689973,114.48524386017733,47.5,11.5,0.39761646803900325,2.4594819225855087
EOS,47,12,929,2069,126.76747434189883,80.70415552196037,47.5,12.5,0.4490091831802803,1.570767620601695
EOS,47,13,925,2150,85.30475124859882,39.67483482278594,47.5,13.5,0.43023255813953487,2.1500971996386697
EOS,47,14,1028,2938,34.43985888901191,20.424609081954156,47.5,14.5,0.3498978897208986,1.6861942743100384
EOS,47,15,963,2963,-66.28012728271963,60.753416412801705,47.5,15.5,0.32500843739453256,-1.0909695486483515
EOS,47,16,382,1215,-353.31752952147076,78.26616024471667,47.5,16.5,0.31440329218106994,-4.514307695902602
EOS,47,17,148,344,-168.86661013384648,34.86743000110568,47.5,17.5,0.43023255813953487,-4.8431045858123625
EOS,47,18,421,844,-86.89551368813369,38.00244476294689,47.5,18.5,0.49881516587677727,-2.286576935514909
EOS,47,19,223,446,65.06825297760105,51.05688660052469,47.5,19.5,0.5,1.2744265722017678
EOS,47,20,161,378,369.73918281534725,25.547472073003004,47.5,20.5,0.42592592592592593,14.472632820922618
EOS,47,21,274,720,1134.3751010143271,85.5783871234045,47.5,21.5,0.38055555555555554,13.255392385212309
EOS,47,22,13,37,-7.475458282605778,7.4985446267264315,47.5,22.5,0.35135135135135137,-0.9969212233480123
EOS,47,23,73,229,-63.72174050067729,23.893086120385636,47.5,23.5,0.31877729257641924,-2.6669531168813623
EOS,47,24,352,1008,-24.4625158313415,17.837169221930594,47.5,24.5,0.3492063492063492,-1.3714348687831652
EOS,47,25,223,575,-5.172780614963066,16.857488461145934,47.5,25.5,0.38782608695652177,-0.306853575898069
EOS,47,26,92,302,-0.47248166610828546,0.9330412920076866,47.5,26.5,0.304635761589404,-0.5063888063213317
EOS,47,27,20,46,0.3698252299809752,5.363466438834572,47.5,27.5,0.43478260869565216,0.06895265108833878
EOS,47,28,258,684,431.40327056895904,64.63775431881947,47.5,28.5,0.37719298245614036,6.674168604947259
EOS,47,29,11,23,22.743253444744195,3.26284097353132,47.5,29.5,0.4782608695652174,6.970383671543004
EOS,47,30,7,14,3.744800240615636,2.9913316023031373,47.5,30.5,0.5,1.2518840230659734
EOS,47,31,16,38,-19.03323767019726,5.698366015827022,47.5,31.5,0.42105263157894735,-3.3401219959077872
EOS,47,32,5,11,-0.2627264931209202,0.41326215437049474,47.5,32.5,0.45454545454545453,-0.6357380910456722
EOS,47,33,18,39,33.82461837221408,7.347380497947388,47.5,33.5,0.46153846153846156,4.6036296040015285
EOS,47,34,8,20,0.6046463970701831,0.053720050472097824,47.5,34.5,0.4,11.25550686859902
EOS,47,36,8,20,-11.774630998094354,2.4470098778086538,47.5,36.5,0.4,-4.811844490239153
EOS,47,37,49,113,-21.85326710220457,22.316228387307316,47.5,37.5,0.4336283185840708,-0.9792545013849175
EOS,47,38,63,145,20.789252381284655,20.84966116728156,47.5,38.5,0.43448275862068964,0.9971026490304935
EOS,47,39,175,457,-259.42304931330443,69.75884081325934,47.5,39.5,0.38293216630196936,-3.7188555068993474
EOS,47,40,54,161,349.5522307056398,23.490771202396193,47.5,40.5,0.33540372670807456,14.880406764592873
EOS,47,41,60,170,125.17265466831033,18.4984640048462,47.5,41.5,0.35294117647058826,6.766651254694325
EOS,47,42,144,424,46.90480588462782,30.416382364298343,47.5,42.5,0.33962264150943394,1.5420902237105947
EOS,47,43,102,213,465.8801815873943,76.50206558025316,47.5,43.5,0.4788732394366197,6.0897725839659955
EOS,47,44,222,433,150.73239151702305,27.578481327821017,47.5,44.5,0.5127020785219399,5.465579838327249
EOS,47,45,293,642,64.60759148846762,4.55524887911393,47.5,45.5,0.45638629283489096,14.183109024996863
EOS,47,46,2,2,0.0,0.3056981745031718,47.5,46.5,1.0,0.0
EOS,47,47,16,42,20.355228467234333,14.290073483388248,47.5,47.5,0.38095238095238093,1.4244313362626604
EOS,47,51,46,193,-23.799409372615237,40.51275743800583,47.5,51.5,0.23834196891191708,-0.5874546902672326
EOS,47,52,17,61,105.54516729195495,16.65078356825894,47.5,52.5,0.2786885245901639,6.338750777660315
EOS,47,67,104,171,-8.6719977808511,41.98221394135469,47.5,67.5,0.6081871345029239,-0.20656361269953716
EOS,47,80,10,22,-5.917763324901619,4.719100085824216,47.5,80.5,0.45454545454545453,-1.2540025041380427
EOS,47,84,12,22,-0.053595328417118775,0.0557096196836242,47.5,84.5,0.5454545454545454,-0.9620480039441569
EOS,47,85,13,22,23.999456827862716,7.9583584556539835,47.5,85.5,0.5909090909090909,3.015629034755578
EOS,47,86,23,45,-28.825126526145542,13.027444880983229,47.5,86.5,0.5111111111111111,-2.2126462087913286
EOS,47,87,65,111,14.298413420084424,16.45892672027866,47.5,87.5,0.5855855855855856,0.8687330384956196
EOS,47,88,40,66,-129.25737467754618,33.332856997714124,47.5,88.5,0.6060606060606061,-3.877776654020695
EOS,47,90,79,124,0.010049355325438238,0.007152093615364359,47.5,90.5,0.6370967741935484,1.4050928114041863
EOS,47,91,317,543,-1.1478838409946832,1.1897654732912688,47.5,91.5,0.583793738489871,-0.9647984134379629
EOS,47,92,863,1839,-119.09773844875309,55.99475622985035,47.5,92.5,0.4692767808591626,-2.1269444938714286
EOS,47,93,29,93,-36.398462012241154,3.209283533186848,47.5,93.5,0.3118279569892473,-11.341616169418707
EOS,47,97,1182,2752,0.020334420261859113,0.0142668660022137,47.5,97.5,0.42950581395348836,1.4252899171201265
EOS,47,98,196,504,0.0019239689980875979,0.001185805958947724,47.5,98.5,0.3888888888888889,1.622499013072016
EOS,47,99,295,769,-0.007171339704889805,0.004486648067256337,47.5,99.5,0.3836150845253576,-1.598373573632042
EOS,47,100,1051,2536,0.02563365265974226,0.021689920142035482,47.5,100.5,0.4144321766561514,1.181823284358883
EOS,47,101,203,487,0.004729587032599674,0.01738990885054657,47.5,101.5,0.41683778234086244,0.27197307779166546
EOS,47,102,145,381,2.3167540659719013,6.524370654632565,47.5,102.5,0.3805774278215223,0.3550923435545332
EOS,47,104,77,218,0.1305614826866327,0.10270718484469242,47.5,104.5,0.3532110091743119,1.271201064307817
EOS,47,105,179,414,-1.4812697042748093,0.5813920113973797,47.5,105.5,0.4323671497584541,-2.5477985167263775
EOS,47,106,180,427,7.759996090303382,20.34148563904568,47.5,106.5,0.4215456674473068,0.38148620154901536
EOS,47,107,350,805,-0.9432651914489347,1.2278142918786643,47.5,107.5,0.43478260869565216,-0.7682474440052784
EOS,47,111,62,132,1.9800205020723218,0.4044946831516093,47.5,111.5,0.4696969696969697,4.895047041521154
EOS,47,112,452,1021,20.11390116181084,3.330295437096327,47.5,112.5,0.4427032321253673,6.039674720074709
EOS,47,122,20,38,73.15865824730149,10.55267298908584,47.5,122.5,0.5263157894736842,6.932713476762355
EOS,47,123,27,94,25.365964793787267,10.572093863402042,47.5,123.5,0.2872340425531915,2.399332158939482
EOS,47,124,271,996,37.89430813952827,77.57294821496397,47.5,124.5,0.2720883534136546,0.48849900656758055
EOS,47,128,22,88,1.8564601314454467,4.0752447568427606,47.5,128.5,0.25,0.45554567693836223
EOS,47,129,29,117,9.863483337833301,10.430033127175479,47.5,129.5,0.24786324786324787,0.9456809213897863
EOS,47,130,3,18,1.1833145385270052,0.9753329890320995,47.5,130.5,0.16666666666666666,1.2132415819353166
EOS,47,132,2,5,4.505861419918695,0.8582593180797511,47.5,132.5,0.4,5.250000000000002
EOS,47,134,92,598,17.725477437135915,3.39804338390615,47.5,134.5,0.15384615384615385,5.216377613389962
EOS,47,135,158,1076,3.2983697628723134,9.090995657026431,47.5,135.5,0.14684014869888476,0.362817219071379
EOS,47,136,288,2024,15.573442660699454,13.50091386348613,47.5,136.5,0.1422924901185771,1.153510259984591
EOS,47,137,19,123,-2.588679035521063,0.5534322710023318,47.5,137.5,0.15447154471544716,-4.677499255387938
EOS,47,138,31,283,-5.72676310575582,2.365840601281444,47.5,138.5,0.10954063604240283,-2.4206039505171866
EOS,47,139,9,248,-0.0076838799280194575,0.423608908995557,47.5,139.5,0.036290322580645164,-0.018139089534823852
EOS,47,142,4,109,1.2151980609464437,0.27102599924844917,47.5,142.5,0.03669724770642202,4.483695528532941
EOS,48,-125,68,157,-2.0582579070135703,0.8623272062544683,48.5,-124.5,0.43312101910828027,-2.386864164884285
EOS,48,-124,125,208,-99.93398332386349,59.350531895907025,48.5,-123.5,0.6009615384615384,-1.683792547961229
EOS,48,-123,296,503,50.1059703136806,64.41192816467662,48.5,-122.5,0.588469184890656,0.7778989348925999
EOS,48,-122,2043,4164,46.28087123638744,230.10762319168572,48.5,-121.5,0.49063400576368876,0.20112706651980083
EOS,48,-121,2446,4769,14.833679195498657,134.87321808113225,48.5,-120.5,0.5128957852799328,0.10998239240184465
EOS,48,-120,204,438,-33.9011037374992,14.744089556618016,48.5,-119.5,0.4657534246575342,-2.2993012628767158
EOS,48,-118,133,404,-11.82300227035093,6.932470797008828,48.5,-117.5,0.3292079207920792,-1.705452877703031
EOS,48,-116,244,432,10.190389691152154,3.462156673113062,48.5,-115.5,0.5648148148148148,2.9433646866100016
EOS,48,-115,596,1481,-0.508652439095121,18.781746297762762,48.5,-114.5,0.4024307900067522,-0.027082276111657973
EOS,48,-114,2423,4924,-18.435013067034696,33.376840748539124,48.5,-113.5,0.4920796100731113,-0.5523294791716193
EOS,48,-113,235,472,-14.976072861359114,3.1804146117135614,48.5,-112.5,0.4978813559322034,-4.708842930793297
EOS,48,-112,2,3,-1.333909549683805,0.15693053525691822,48.5,-111.5,0.6666666666666666,-8.5
EOS,48,-111,8,19,-3.3422809077238083,0.25281619912065584,48.5,-110.5,0.42105263157894735,-13.220200759875809
EOS,48,-110,31,80,-412.57035316121767,24.375259315600978,48.5,-109.5,0.3875,-16.925783140167823
EOS,48,-109,46,104,-3.8905239949759514,0.8870933171494076,48.5,-108.5,0.4423076923076923,-4.385698685542791
EOS,48,-108,53,106,9.989847751950988,10.804319017435562,48.5,-107.5,0.5,0.9246161406220778
EOS,48,-107,107,243,-11.343059422272209,1.037873152786434,48.5,-106.5,0.4403292181069959,-10.929138490401149
EOS,48,-105,20,51,-4.001909606602037,1.170715854317797,48.5,-104.5,0.39215686274509803,-3.4183440771236864
EOS,48,-104,40,106,-111.25671977931856,23.04845308244466,48.5,-103.5,0.37735849056603776,-4.82707969083008
EOS,48,-103,12,18,1.4084423656273461,2.542493999178877,48.5,-102.5,0.6666666666666666,0.5539609399598254
EOS,48,-102,2,2,0.0,0.9715082274837472,48.5,-101.5,1.0,0.0
EOS,48,-101,72,186,-85.1371228743605,15.417067994282442,48.5,-100.5,0.3870967741935484,-5.522264214306791
EOS,48,-100,7,22,-0.032705774328209855,0.01743250152545371,48.5,-99.5,0.3181818181818182,-1.876137757995041
EOS,48,-97,242,865,-78.04533867034394,28.658312269163094,48.5,-96.5,0.27976878612716766,-2.7233054737254103
EOS,48,-96,497,1771,-22.87167333478469,12.508041016836772,48.5,-95.5,0.28063241106719367,-1.828557589793452
EOS,48,-95,263,1140,-10.091943514748817,3.7614723710430376,48.5,-94.5,0.2307017543859649,-2.6829769088401867
EOS,48,-94,60,235,-4.864357432522324,12.364552223218642,48.5,-93.5,0.2553191489361702,-0.393411531991255
EOS,48,-93,515,1642,20.68676300384603,41.7436290344749,48.5,-92.5,0.31364190012180265,0.4955669519475992
EOS,48,-92,1658,5565,144.9479801136196,70.00922472538063,48.5,-91.5,0.29793351302785265,2.070412587515359
EOS,48,-91,269,986,21.18938278404316,14.341660385268765,48.5,-90.5,0.27281947261663286,1.4774706843433643
EOS,48,-90,31,202,-4.384000601420158,5.378626490685922,48.5,-89.5,0.15346534653465346,-0.8150780889901648
EOS,48,-89,26,483,-1.5874100679973555,1.791248430574913,48.5,-88.5,0.053830227743271224,-0.8862031870631512
EOS,48,-88,0,17,0.0,0.0,48.5,-87.5,0.0,
EOS,48,-87,58,575,7.980247214959614,3.38534301756601,48.5,-86.5,0.10086956521739131,2.3572935367409955
EOS,48,-86,204,1614,22.30880800230574,4.238628739322793,48.5,-85.5,0.12639405204460966,5.263213500003311
EOS,48,-85,7,22,-0.10123438270410404,0.06354695319660682,48.5,-84.5,0.3181818181818182,-1.5930643030342735
EOS,48,-84,328,882,30.693351443219036,17.15319726753297,48.5,-83.5,0.37188208616780044,1.789366201793437
EOS,48,-83,55,137,-1.0183483223792291,1.5492119221951954,48.5,-82.5,0.40145985401459855,-0.6573331303416865
EOS,48,-82,43,145,-3.072652109925018,0.8462212082507746,48.5,-81.5,0.296551724137931,-3.631027064751193
EOS,48,-81,28,130,74.89599799649427,18.498012490040136,48.5,-80.5,0.2153846153846154,4.048867305977896
EOS,48,-80,37,181,49.250001269585454,10.909129998693764,48.5,-79.5,0.20441988950276244,4.514567273053172
EOS,48,-79,112,437,95.70093056909052,32.56392298455581,48.5,-78.5,0.2562929061784897,2.938863680966169
EOS,48,-78,37,136,35.945949047389405,20.300170974925773,48.5,-77.5,0.27205882352941174,1.7707214925326924
EOS,48,-73,3,21,3.6805261018237756,1.217699036437352,48.5,-72.5,0.14285714285714285,3.022525264199904
EOS,48,-72,65,240,57.85199364122763,24.77280891584838,48.5,-71.5,0.2708333333333333,2.335302138637047
EOS,48,-71,52,189,3.7541973784004217,3.2585412087442287,48.5,-70.5,0.2751322751322751,1.1521098362439333
EOS,48,-70,1,3,0.0,0.0011053821929567498,48.5,-69.5,0.3333333333333333,0.0
EOS,48,-69,17,53,-4.022166219478768,7.593313868365708,48.5,-68.5,0.32075471698113206,-0.5296984016735304
EOS,48,-67,189,614,-1.9412973188647844,2.0234602925810807,48.5,-66.5,0.30781758957654726,-0.9593948178684094
EOS,48,-66,36,131,3.6647915729449503,0.6068361924946342,48.5,-65.5,0.2748091603053435,6.0391776533291655
EOS,48,-59,0,44,0.0,0.0,48.5,-58.5,0.0,
EOS,48,-56,36,625,3.404057238966101,3.605447573282943,48.5,-55.5,0.0576,0.9441427644630911
EOS,48,-55,122,1328,-51.13805233242472,8.453766583580059,48.5,-54.5,0.09186746987951808,-6.049144109532349
EOS,48,-5,6,27,-1.9273324966133079,0.49933862287922504,48.5,-4.5,0.2222222222222222,-3.85977052105475
EOS,48,-4,5,22,-262.57100447450574,0.8570445540478436,48.5,-3.5,0.22727272727272727,-306.3679749604336
EOS,48,-2,26,69,-120.77582999738429,18.633410519366006,48.5,-1.5,0.37681159420289856,-6.4816813793620875
EOS,48,-1,245,600,-835.683892033361,82.3364487503961,48.5,-0.5,0.4083333333333333,-10.149622733508295
EOS,48,0,345,780,-574.8979144171172,92.91683451274348,48.5,0.5,0.4423076923076923,-6.187230951548079
EOS,48,1,143,332,57.31490031067404,14.387285878754854,48.5,1.5,0.4307228915662651,3.983718735672635
EOS,48,2,228,524,-25.41825072350753,108.69937577227303,48.5,2.5,0.4351145038167939,-0.23383989597842017
EOS,48,4,294,880,-1010.0522722934635,73.82979605591116,48.5,4.5,0.3340909090909091,-13.68082164995489
EOS,48,5,191,563,-758.7973749810127,51.27081579061875,48.5,5.5,0.3392539964476021,-14.799791329239065
EOS,48,6,417,1132,-652.212795171274,83.04869857103974,48.5,6.5,0.36837455830388693,-7.85337767350288
EOS,48,7,651,1784,-450.25363049819464,76.95464023835113,48.5,7.5,0.3649103139013453,-5.850896438520495
EOS,48,8,503,1276,-75.55330853941628,93.84152796205942,48.5,8.5,0.3942006269592476,-0.8051159244760256
EOS,48,9,386,1041,354.1719102436214,115.44605671770181,48.5,9.5,0.37079731027857826,3.067856281221209
EOS,48,10,353,1226,242.31515576212792,99.90681010265295,48.5,10.5,0.28792822185970635,2.425411796384573
EOS,48,11,356,1203,414.28779842521595,73.91707941364015,48.5,11.5,0.2959268495428096,5.604764172389177
EOS,48,12,17,76,85.2409473905499,9.701769896615449,48.5,12.5,0.2236842105263158,8.786123387680735
EOS,48,13,341,857,-28.29524616991229,10.85298662723831,48.5,13.5,0.39789964994165694,-2.6071391352218405
EOS,48,14,502,1330,34.14304002755673,72.44539015277621,48.5,14.5,0.3774436090225564,0.47129347989643366
EOS,48,15,368,1196,-9.392563513500889,31.09980073889481,48.5,15.5,0.3076923076923077,-0.30201362357136025
EOS,48,16,230,781,2.729942920322248,22.376202980327456,48.5,16.5,0.29449423815621,0.12200206275936713
EOS,48,17,103,408,-10.578148523811699,16.2422418243201,48.5,17.5,0.25245098039215685,-0.6512739213113212
EOS,48,18,607,1410,-63.21956633912986,49.02260704488786,48.5,18.5,0.43049645390070923,-1.2896002507831226
EOS,48,19,669,1742,-1.4472411379947698,51.57349361904921,48.5,19.5,0.3840413318025258,-0.028061723890277935
EOS,48,20,601,1671,-102.245187120426,37.35742884960656,48.5,20.5,0.35966487133453023,-2.736943902966245
EOS,48,21,121,353,-55.70155328191268,13.300893020235902,48.5,21.5,0.34277620396600567,-4.187805525325905
EOS,48,22,498,1387,-124.94349440508603,41.546637064325,48.5,22.5,0.3590483056957462,-3.0073070465761407
EOS,48,23,1204,3052,8.42316768388476,15.531040404924434,48.5,23.5,0.3944954128440367,0.5423440712454796
EOS,48,24,874,2393,-74.4841385513151,16.38149910757598,48.5,24.5,0.36523192645215213,-4.546845075788473
EOS,48,25,173,608,-42.003831391989486,14.502102441525391,48.5,25.5,0.2845394736842105,-2.89639599232974
EOS,48,26,42,166,1.1665549757904734,8.659647459764509,48.5,26.5,0.25301204819277107,0.1347116012759943
EOS,48,27,24,64,-2.4329678060365127,4.077108452051507,48.5,27.5,0.375,-0.5967385549462878
EOS,48,28,6,22,2.5309834983443675,0.43803055764801613,48.5,28.5,0.2727272727272727,5.778098021138892
EOS,48,29,97,251,50.63888036838154,13.21107918415532,48.5,29.5,0.38645418326693226,3.833061604014544
EOS,48,30,30,65,12.816423933405769,3.3252154572042305,48.5,30.5,0.46153846153846156,3.854313832698691
EOS,48,32,64,148,7.185209687014133,3.2560547840177607,48.5,32.5,0.43243243243243246,2.2067226025441897
EOS,48,33,41,98,35.78242902663561,6.966187064406987,48.5,33.5,0.41836734693877553,5.136587446734274
EOS,48,34,63,169,11.606560751235872,10.779041198369121,48.5,34.5,0.3727810650887574,1.076771165230536
EOS,48,35,120,301,74.93854104148419,19.210397417817916,48.5,35.5,0.39867109634551495,3.9009365299219487
EOS,48,36,11,21,8.251198808492752,2.471442368197977,48.5,36.5,0.5238095238095238,3.3386167181834856
EOS,48,37,213,540,167.89127181115697,55.528675337356795,48.5,37.5,0.39444444444444443,3.023505797520952
EOS,48,38,848,2012,-597.0619490309854,235.25817497182655,48.5,38.5,0.42147117296222664,-2.5379009639196886
EOS,48,39,676,1678,-710.2975367155694,177.4589187908504,48.5,39.5,0.4028605482717521,-4.002602639277388
EOS,48,40,76,238,-83.98742774835489,56.880123903943556,48.5,40.5,0.31932773109243695,-1.4765690013296886
EOS,48,42,27,71,-47.721070083042505,19.146101863907003,48.5,42.5,0.38028169014084506,-2.4924692463379814
EOS,48,43,80,225,-60.971885736580546,67.4758587112426,48.5,43.5,0.35555555555555557,-0.9036103711922323
EOS,48,44,427,957,1133.154965563851,258.1730745347966,48.5,44.5,0.44618599791013586,4.389129143717596
EOS,48,45,25,60,321.2011975443632,19.748667250724584,48.5,45.5,0.4166666666666667,16.264449315311555
EOS,48,46,211,446,208.85413181344276,27.696507705059208,48.5,46.5,0.4730941704035874,7.540811066779089
EOS,48,47,72,177,-0.7993096812499241,0.724779519950556,48.5,47.5,0.4067796610169492,-1.102831494610185
EOS,48,57,37,62,-47.355162362272345,36.53668888005566,48.5,57.5,0.5967741935483871,-1.2960989026053258
EOS,48,58,52,87,-148.79414299038137,49.73324259153153,48.5,58.5,0.5977011494252874,-2.991844795089185
EOS,48,61,754,1264,-59.08402127913941,36.75677241987894,48.5,61.5,0.5965189873417721,-1.6074322468853481
EOS,48,62,754,1440,-4.124215606873,95.1017963943866,48.5,62.5,0.5236111111111111,-0.04336632706463191
EOS,48,70,26,43,-35.333875703892325,25.46447349170464,48.5,70.5,0.6046511627906976,-1.3875753494531415
EOS,48,72,26,42,-100.81969050675072,21.710274875481602,48.5,72.5,0.6190476190476191,-4.643869830529459
EOS,48,76,20,44,0.3268103483581879,0.08369203894512087,48.5,76.5,0.45454545454545453,3.9049155986328197
EOS,48,85,164,328,0.12653629683369355,1.4715898746307645,48.5,85.5,0.5,0.08598611543548618
EOS,48,87,156,342,0.008437297162183862,0.012614324759992633,48.5,87.5,0.45614035087719296,0.668866334323613
EOS,48,88,2417,4193,-0.6759600127430898,0.4262973714500195,48.5,88.5,0.5764369186739804,-1.5856537197118081
EOS,48,89,568,1100,-0.009159031209838946,0.013086135087338031,48.5,89.5,0.5163636363636364,-0.6999034587913663
EOS,48,90,287,592,0.07135449058911845,0.015998009260610152,48.5,90.5,0.4847972972972973,4.460210606628755
EOS,48,91,274,607,-3.9567473711801027,3.817991605477376,48.5,91.5,0.4514003294892916,-1.0363426062811831
EOS,48,92,569,1268,-68.0708623266754,39.29727360547822,48.5,92.5,0.44873817034700314,-1.7322031805582057
EOS,48,93,59,112,18.2844709088066,10.142338735220198,48.5,93.5,0.5267857142857143,1.8027864564720268
EOS,48,97,491,1258,-0.020782670308215352,0.01765553934193539,48.5,97.5,0.390302066772655,-1.1771189713164076
EOS,48,98,1233,3202,-0.014196351696317467,0.03642997998846753,48.5,98.5,0.3850718301061836,-0.3896887042159106
EOS,48,99,395,976,-0.12190143723133604,0.09586684467820208,48.5,99.5,0.4047131147540984,-1.271570349900685
EOS,48,102,16,45,0.058809430511201945,0.014863330451675653,48.5,102.5,0.35555555555555557,3.9566792047317985
EOS,48,107,3106,7490,-0.9353208588461122,0.998916918061487,48.5,107.5,0.4146862483311081,-0.9363349863582346
EOS,48,108,2011,5002,-1.278551318431884,0.6300149406738068,48.5,108.5,0.4020391843262695,-2.0293984092892488
EOS,48,109,929,2148,-0.8542637929604247,0.3866948352207407,48.5,109.5,0.43249534450651766,-2.2091419774789003
EOS,48,110,239,638,0.9341759069895339,0.7661580171245677,48.5,110.5,0.37460815047021945,1.2192992647855418
EOS,48,111,360,902,2.1637225747071684,1.4641895514620833,48.5,111.5,0.3991130820399113,1.4777612451520081
EOS,48,112,970,2154,44.09867601744796,7.1278467253595315,48.5,112.5,0.4503249767873723,6.186815979158643
EOS,48,113,970,1995,48.88350020424116,9.071004950969243,48.5,113.5,0.48621553884711777,5.388983962468009
EOS,48,114,1070,2352,100.22245281849882,22.49185705611581,48.5,114.5,0.4549319727891156,4.455943880865414
EOS,48,119,30,90,76.67519297664519,29.32034808629032,48.5,119.5,0.3333333333333333,2.6150846760409765
EOS,48,122,7,21,2.209035750219895,6.755314805545551,48.5,122.5,0.3333333333333333,0.32700707721370154
EOS,48,123,3,5,0.6305967807900306,0.9458951711850465,48.5,123.5,0.6,0.6666666666666662
EOS,48,124,9,22,2.667802442200479,1.360421966700935,48.5,124.5,0.4090909090909091,1.9610110006309158
EOS,48,129,20,72,18.81062431443462,10.838976905755603,48.5,129.5,0.2777777777777778,1.7354612412215764
EOS,48,130,246,998,25.172891320199284,40.5580627318646,48.5,130.5,0.24649298597194388,0.6206630599351113
EOS,48,131,140,914,-0.3797851953802956,2.9724019790849074,48.5,131.5,0.15317286652078774,-0.12777046915344115
EOS,48,132,223,2170,-22.171049754286496,10.157114700987378,48.5,132.5,0.10276497695852535,-2.182809824145359
EOS,48,133,31,327,-2.100152613397584,1.2619042242212495,48.5,133.5,0.09480122324159021,-1.664272591443013
EOS,48,134,34,449,-0.345548980582296,1.0120175399939904,48.5,134.5,0.0757238307349666,-0.3414456439009426
EOS,48,135,164,1214,7.090960736959818,15.24958584785997,48.5,135.5,0.13509060955518945,0.4649936600051941
EOS,48,136,74,409,-6.635267442501201,3.6825193022135303,48.5,136.5,0.18092909535452323,-1.801828286008657
EOS,48,138,77,578,9.239344231384647,4.28547253837232,48.5,138.5,0.13321799307958476,2.1559686005814136
EOS,48,139,162,1647,-8.46331180848347,8.661754536637249,48.5,139.5,0.09836065573770492,-0.9770897769828951
EOS,48,142,11,392,2.7955495712087326,0.7037815909755358,48.5,142.5,0.02806122448979592,3.972183426016764
EOS,49,-126,49,114,38.05347535799564,15.817692584216555,49.5,-125.5,0.4298245614035088,2.4057538832159833
EOS,49,-125,73,195,-233.073723781265,46.81114899537888,49.5,-124.5,0.37435897435897436,-4.979021638718453
EOS,49,-124,206,451,66.30297500140135,56.0573956079065,49.5,-123.5,0.4567627494456763,1.1827694505316937
EOS,49,-123,1150,2302,153.09658202155012,191.62761002038863,49.5,-122.5,0.49956559513466553,0.7989275762780795
EOS,49,-122,308,654,-38.06949841450473,12.242879369001493,49.5,-121.5,0.4709480122324159,-3.109521646590365
EOS,49,-121,605,1194,-1.744414668376277,2.4614487457584575,49.5,-120.5,0.5067001675041876,-0.708694288833856
EOS,49,-120,182,544,-705.4354214159688,105.13251315118028,49.5,-119.5,0.33455882352941174,-6.70996440845616
EOS,49,-119,414,933,-105.82483596856457,17.224052115647503,49.5,-118.5,0.4437299035369775,-6.144015081818411
EOS,49,-118,614,1367,-353.64843410869923,97.61500538480578,49.5,-117.5,0.4491587417702999,-3.6228900742728043
EOS,49,-117,558,1035,-72.78826534512017,35.83793286165615,49.5,-116.5,0.5391304347826087,-2.0310397261499995
EOS,49,-116,99,238,-277.20275514461514,39.75811076484093,49.5,-115.5,0.41596638655462187,-6.972231572677048
EOS,49,-115,360,674,-73.6285137909164,75.7631928427018,49.5,-114.5,0.5341246290801187,-0.9718243256165645
EOS,49,-114,308,587,-24.23562059148462,15.446382873121623,49.5,-113.5,0.524701873935264,-1.5690159172253344
EOS,49,-113,123,240,-114.41784627798324,32.815052954152954,49.5,-112.5,0.5125,-3.4867487929347663
EOS,49,-112,10,20,-1.3485347873827083,0.1401191993690978,49.5,-111.5,0.5,-9.624197065460232
EOS,49,-111,190,439,-327.9578628361806,18.88445514007691,49.5,-110.5,0.4328018223234624,-17.366551505115066
EOS,49,-110,196,428,-11.834607050386499,1.72455760460823,49.5,-109.5,0.45794392523364486,-6.862401707407727
EOS,49,-109,11,22,-0.3987605515589125,0.11625201897994052,49.5,-108.5,0.5,-3.4301387198076903
EOS,49,-108,303,649,-16.10665644755128,2.5209278430314113,49.5,-107.5,0.46687211093990755,-6.38917789419274
EOS,49,-107,186,409,-15.680640041399997,2.3172724547905936,49.5,-106.5,0.4547677261613692,-6.766852127803426
EOS,49,-105,9,18,-0.43564475931486357,0.08021099624070052,49.5,-104.5,0.5,-5.4312348647006266
EOS,49,-104,13,22,-18.86202007340647,3.502887982124821,49.5,-103.5,0.5909090909090909,-5.3847054686473115
EOS,49,-103,191,484,-46.41581611731617,6.407680970597103,49.5,-102.5,0.39462809917355374,-7.243777636605851
EOS,49,-101,35,107,-1.243607116827507,0.5463841163833569,49.5,-100.5,0.32710280373831774,-2.276067476227586
EOS,49,-100,99,314,-39.72413638766859,7.473712253713379,49.5,-99.5,0.31528662420382164,-5.315181403716915
EOS,49,-97,17,67,-0.8471578440767502,0.17766829646223628,49.5,-96.5,0.2537313432835821,-4.76819928454042
EOS,49,-96,74,286,0.43930426901778974,0.5327180535583426,49.5,-95.5,0.25874125874125875,0.8246468579080692
EOS,49,-95,33,196,3.7318721704991686,2.1200181126600484,49.5,-94.5,0.1683673469387755,1.7603020220505003
EOS,49,-94,12,44,3.412005614092746,3.0055186336689217,49.5,-93.5,0.2727272727272727,1.1352468675024032
EOS,49,-93,51,168,3.939918771642281,3.3804223385075516,49.5,-92.5,0.30357142857142855,1.1655108081500094
EOS,49,-92,105,408,62.12218138031701,15.020973441315707,49.5,-91.5,0.25735294117647056,4.135696106714882
EOS,49,-91,32,85,9.521431795274765,2.172051112114509,49.5,-90.5,0.3764705882352941,4.383613139750461
EOS,49,-90,8,15,0.029097063482872075,0.03579323007139624,49.5,-89.5,0.5333333333333333,0.8129208631026756
EOS,49,-88,2,20,0.07782229976214483,0.016616540764398884,49.5,-87.5,0.1,4.683423635855662
EOS,49,-85,120,346,-0.08696811795617151,2.51403416284545,49.5,-84.5,0.3468208092485549,-0.03459305336477159
EOS,49,-84,18,64,2.942320465249908,2.5503195391422,49.5,-83.5,0.28125,1.1537065924843117
EOS,49,-83,9,42,0.1484586662104877,0.05964966257842898,49.5,-82.5,0.21428571428571427,2.488843352890559
EOS,49,-82,27,89,-0.4638950847421876,0.31751872167293,49.5,-81.5,0.30337078651685395,-1.4610007318561742
EOS,49,-81,43,186,2.0568055124191513,2.350503400611559,49.5,-80.5,0.23118279569892472,0.8750489413816663
EOS,49,-66,33,109,-0.013501058086106202,0.25340710035698827,49.5,-65.5,0.30275229357798167,-0.05327813651269649
EOS,49,-2,35,203,-3.778255236393562,21.839014426262104,49.5,-1.5,0.1724137931034483,-0.17300484182336046
EOS,49,-1,18,48,-81.83543525459216,11.286994837032015,49.5,-0.5,0.375,-7.2504184183813525
EOS,49,0,70,208,-638.7085869732384,61.85948984623023,49.5,0.5,0.33653846153846156,-10.325151218688264
EOS,49,1,116,285,-360.06703226187847,63.32938597230246,49.5,1.5,0.4070175438596491,-5.685623296890266
EOS,49,2,145,341,-113.49408131184919,122.44257753741408,49.5,2.5,0.4252199413489736,-0.9269167931160992
EOS,49,3,63,168,-82.33496347851747,26.18085789803989,49.5,3.5,0.375,-3.1448535337981314
EOS,49,4,100,295,-434.6894789287743,37.21149039925183,49.5,4.5,0.3389830508474576,-11.681592816220931
EOS,49,5,56,154,-129.9277833659327,7.023055713314594,49.5,5.5,0.36363636363636365,-18.5001783653247
EOS,49,6,289,897,-1332.9833020670967,90.22097934642407,49.5,6.5,0.3221850613154961,-14.774648997643913
EOS,49,7,893,2192,-1280.5654835819894,160.79802951217707,49.5,7.5,0.4073905109489051,-7.963813284695839
EOS,49,8,196,552,-438.9301575162631,73.46867701047667,49.5,8.5,0.35507246376811596,-5.97438494031506
EOS,49,9,415,1128,-449.8898378114553,50.82043393089247,49.5,9.5,0.3679078014184397,-8.852538300307163
EOS,49,10,627,1502,-711.4841652361744,110.73446548181019,49.5,10.5,0.4174434087882823,-6.425137486693756
EOS,49,11,479,1295,-315.15807041810217,134.2422544922303,49.5,11.5,0.3698841698841699,-2.347681597051418
EOS,49,12,581,1657,-139.21649598938083,68.93184165357614,49.5,12.5,0.35063367531683765,-2.0196253668809145
EOS,49,13,521,1431,-207.96113353130167,40.55688777709479,49.5,13.5,0.3640810621942697,-5.127640332618208
EOS,49,14,97,369,-126.43624100611768,23.630382445499993,49.5,14.5,0.26287262872628725,-5.35057954723011
EOS,49,15,132,496,46.223660593576604,12.928049874355892,49.5,15.5,0.2661290322580645,3.5754550023252896
EOS,49,16,140,448,-30.772346961150106,41.767749443902524,49.5,16.5,0.3125,-0.7367489838656465
EOS,49,17,116,484,29.652948388393753,26.59766878362662,49.5,17.5,0.2396694214876033,1.114870202709192
EOS,49,18,728,2616,-205.25874110193223,51.409666956669895,49.5,18.5,0.2782874617737003,-3.992609819373707
EOS,49,19,870,2767,-114.82378776843167,84.44040805442775,49.5,19.5,0.3144199494036863,-1.3598203800059767
EOS,49,20,1078,3857,-267.7478895079061,91.42629786485207,49.5,20.5,0.279491833030853,-2.9285653664298605
EOS,49,21,616,2308,5.834592121257011,61.22906393234223,49.5,21.5,0.2668977469670711,0.09529121868830467
EOS,49,22,1522,5134,-107.66134188034638,49.38372026694743,49.5,22.5,0.29645500584339696,-2.1800978399030058
EOS,49,23,403,1466,-148.14028273915588,23.218847743372457,49.5,23.5,0.27489768076398363,-6.380173744041229
EOS,49,24,135,555,-70.52291543016152,10.196408530213928,49.5,24.5,0.24324324324324326,-6.916446631300472
EOS,49,25,13,62,-3.9629275113501046,0.7490525311482475,49.5,25.5,0.20967741935483872,-5.290586903531587
EOS,49,26,36,116,0.5985989902204413,2.4256615641404973,49.5,26.5,0.3103448275862069,0.246777621029151
EOS,49,27,24,74,9.626503677035437,2.8354288312866593,49.5,27.5,0.32432432432432434,3.3950785753515555
EOS,49,28,78,205,-5.062552918793587,8.02370300446768,49.5,28.5,0.3804878048780488,-0.6309496894357512
EOS,49,30,24,59,1.7397558836795672,2.002582294395374,49.5,30.5,0.4067796610169492,0.8687562496425845
EOS,49,31,618,1681,26.863489344375314,43.253854382577074,49.5,31.5,0.36763831052944673,0.6210657923515851
EOS,49,32,219,495,42.56081378331193,30.827631498126557,49.5,32.5,0.44242424242424244,1.3806060250168235
EOS,49,33,171,439,-14.300778426913286,19.648504114718577,49.5,33.5,0.3895216400911162,-0.7278303907217374
EOS,49,34,303,725,62.739302404640306,39.788095024809046,49.5,34.5,0.41793103448275865,1.5768360451919226
EOS,49,35,25,66,3.536099388103978,6.684650963509021,49.5,35.5,0.3787878787878788,0.5289878869378916
EOS,49,36,480,1241,-84.09204001222817,48.499433669555636,49.5,36.5,0.38678485092667203,-1.7338767414312086
EOS,49,37,264,710,-139.70009428477636,26.187257282945605,49.5,37.5,0.37183098591549296,-5.334659249548663
EOS,49,38,99,262,-55.65704433867124,16.174884705441627,49.5,38.5,0.37786259541984735,-3.440954625163223
EOS,49,39,14,45,-45.316664952426095,2.7268023181045753,49.5,39.5,0.3111111111111111,-16.61897697957295
EOS,49,42,83,286,3.426871879141504,2.729191537363542,49.5,42.5,0.2902097902097902,1.2556362689193798
EOS,49,43,44,125,-149.81963215096764,31.850526367873513,49.5,43.5,0.352,-4.703835359596611
EOS,49,44,49,126,293.58790933818943,39.00231009828002,49.5,44.5,0.3888888888888889,7.527449235657877
EOS,49,46,459,845,6.6197235942111625,10.654504428047767,49.5,46.5,0.5431952662721894,0.6213075079104453
EOS,49,57,67,109,-521.2991607737517,59.57343207707685,49.5,57.5,0.6146788990825688,-8.75053094304334
EOS,49,72,148,302,-306.8265703189603,103.67967133805658,49.5,72.5,0.4900662251655629,-2.959370591738525
EOS,49,73,100,195,-33.42927975065341,63.55015094757837,49.5,73.5,0.5128205128205128,-0.5260299031898248
EOS,49,75,432,995,-3.37434739300274,2.278491954721849,49.5,75.5,0.43417085427135677,-1.4809564659685925
EOS,49,76,453,1017,-0.6620849851390569,2.9183244207432,49.5,76.5,0.44542772861356933,-0.22687161867029365
EOS,49,81,23,66,-107.77978358467753,19.25590718420943,49.5,81.5,0.3484848484848485,-5.597232192366455
EOS,49,82,28,70,-7.737040565914599,5.595105639197371,49.5,82.5,0.4,-1.3828229643622052
EOS,49,84,21,44,10.47092813954334,15.490637282298833,49.5,84.5,0.4772727272727273,0.6759520572796885
EOS,49,85,745,1638,0.4464815525255794,0.8099202705583948,49.5,85.5,0.4548229548229548,0.5512660551362115
EOS,49,86,987,2063,1.3435997026615853,0.9806804957913137,49.5,86.5,0.478429471643238,1.370068751675775
EOS,49,87,1071,2551,0.052169779680139146,0.07184009960622549,49.5,87.5,0.4198353586828695,0.7261930309965527
EOS,49,88,494,1053,-0.009136065861811529,0.011222943964926155,49.5,88.5,0.4691358024691358,-0.8140525240403481
EOS,49,89,462,958,0.013210636345988716,0.04694186101600247,49.5,89.5,0.4822546972860125,0.28142549230174774
EOS,49,90,41,90,-0.7024234111953954,0.8368738338331394,49.5,90.5,0.45555555555555555,-0.8393420642369475
EOS,49,91,509,974,-0.0004242562479584349,0.02039191781689005,49.5,91.5,0.5225872689938398,-0.020805117584724444
EOS,49,92,43,132,-16.934217548359783,3.849613020025409,49.5,92.5,0.32575757575757575,-4.398940220814198
EOS,49,94,1477,2565,1.4597965774766226,0.791646303000265,49.5,94.5,0.5758284600389864,1.8440010039131505
EOS,49,95,803,1478,0.5619496450534195,2.5459832078273905,49.5,95.5,0.5433017591339648,0.22072009089681233
EOS,49,104,40,112,14.54991753338776,38.87285954635657,49.5,104.5,0.35714285714285715,0.37429501464991854
EOS,49,105,21,67,45.75608254804766,17.221952710548898,49.5,105.5,0.31343283582089554,2.6568463702737297
EOS,49,107,985,2565,-0.15431079305529957,0.5664901173832879,49.5,107.5,0.3840155945419103,-0.27239803188109757
EOS,49,108,1579,3925,-1.236410156152665,1.1007368129847124,49.5,108.5,0.40229299363057325,-1.1232568417513598
EOS,49,109,656,1410,-0.7636909605354885,0.3807094807330663,49.5,109.5,0.4652482269503546,-2.0059678027060976
EOS,49,110,677,1612,0.6880440411555486,0.716085112916711,49.5,110.5,0.41997518610421836,0.9608411468757572
EOS,49,111,1293,3209,3.793755108302727,3.393564432844145,49.5,111.5,0.4029292614521658,1.1179263524762908
EOS,49,112,383,901,1.793250621165217,1.3942587755617288,49.5,112.5,0.42508324084350724,1.286167713337676
EOS,49,113,213,469,3.673267655615087,1.1015524582195473,49.5,113.5,0.4541577825159915,3.334627986353219
EOS,49,114,333,698,2.819182560382234,1.8780143581611575,49.5,114.5,0.47707736389684813,1.5011506957500653
EOS,49,115,626,1306,49.472405033365625,16.091478929552864,49.5,115.5,0.4793261868300153,3.074447367451534
EOS,49,117,38,160,228.6781226488517,16.989603362285777,49.5,117.5,0.2375,13.45988589448067
EOS,49,119,67,201,326.6571778363169,59.074390650504895,49.5,119.5,0.3333333333333333,5.529590305363989
EOS,49,120,15,52,29.497010306597133,6.626148604402308,49.5,120.5,0.28846153846153844,4.4516071201602365
EOS,49,125,1,5,-2.143065219997403,0.38964822181770964,49.5,125.5,0.2,-5.5
EOS,49,127,53,202,49.2614876124319,20.709592700044386,49.5,127.5,0.2623762376237624,2.3786796933155676
EOS,49,128,27,79,8.067728245094775,9.677081656511017,49.5,128.5,0.34177215189873417,0.8336943441689961
EOS,49,129,518,1919,7.113397942979311,85.55777748052407,49.5,129.5,0.2699322563835331,0.08314145309114146
EOS,49,130,812,3287,-5.88893847714345,27.14816147051512,49.5,130.5,0.24703376939458474,-0.2169185004862766
EOS,49,131,3,24,0.021013922204032632,0.013544885721803568,49.5,131.5,0.125,1.5514285344029115
EOS,49,132,34,209,0.021241417775420213,0.37691057889287527,49.5,132.5,0.16267942583732056,0.05635665052918932
EOS,49,133,52,331,-0.9137476541050871,0.7799370124449407,49.5,133.5,0.15709969788519637,-1.1715659592057026
EOS,49,135,114,830,-3.9874894261822194,3.202334257453646,49.5,135.5,0.13734939759036144,-1.2451821407778005
EOS,49,136,149,627,30.39490023031121,29.12283808646764,49.5,136.5,0.23763955342902712,1.0436791956905689
EOS,49,137,306,901,-5.9825163605286305,4.230056148747208,49.5,137.5,0.33962264150943394,-1.4142876950464214
EOS,49,138,205,820,10.01076148908959,5.064888124378847,49.5,138.5,0.25,1.9765019963431674
EOS,49,139,19,149,2.149114775042948,0.7323829305258946,49.5,139.5,0.12751677852348994,2.9344140687437315
EOS,49,140,14,106,0.6928662000908135,0.6866521376476643,49.5,140.5,0.1320754716981132,1.0090497969822643
EOS,49,143,3,23,-0.4843180884554718,0.24006378377745513,49.5,143.5,0.13043478260869565,-2.0174558645815823
EOS,50,-128,10,21,-0.030056770821346106,0.005071057513338792,50.5,-127.5,0.47619047619047616,-5.9271208702101035
EOS,50,-127,82,176,-3.6836680864743396,0.45116002895384605,50.5,-126.5,0.4659090909090909,-8.164881306121162
EOS,50,-125,49,72,0.1172713893502062,0.11986399525114315,50.5,-124.5,0.6805555555555556,0.9783704364642207
EOS,50,-124,342,518,10.731133755802679,5.434444437184276,50.5,-123.5,0.6602316602316602,1.974651480908829
EOS,50,-123,825,1466,68.45751132860212,28.69051039197447,50.5,-122.5,0.562755798090041,2.3860680898779543
EOS,50,-122,300,594,-2.0103782695700003,1.9424455480371272,50.5,-121.5,0.5050505050505051,-1.0349727803703535
EOS,50,-121,207,523,-351.22595098562937,61.741398258529934,50.5,-120.5,0.39579349904397704,-5.688662079127847
EOS,50,-120,98,268,-83.57200052861123,12.613008334153362,50.5,-119.5,0.3656716417910448,-6.625857869475588
EOS,50,-119,93,262,-10.627073128900781,10.849367426351215,50.5,-118.5,0.3549618320610687,-0.9795108517653739
EOS,50,-118,585,1191,-0.31113997350136163,1.103549609327841,50.5,-117.5,0.491183879093199,-0.2819447090293234
EOS,50,-117,1060,2149,-23.69933946220943,6.486813131006076,50.5,-116.5,0.4932526756630991,-3.653464187048929
EOS,50,-116,1581,3307,-0.23589871115797748,0.267593393551624,50.5,-115.5,0.4780768067735107,-0.8815565587289733
EOS,50,-115,477,869,-37.81930954824591,21.096374139291967,50.5,-114.5,0.5489067894131185,-1.7926923981599046
EOS,50,-114,15,27,-19.653110284390912,4.442103942927274,50.5,-113.5,0.5555555555555556,-4.42427969648991
EOS,50,-112,42,82,-66.57992361837722,10.636740302513457,50.5,-111.5,0.5121951219512195,-6.259429272955401
EOS,50,-111,50,113,-84.75423620267244,15.53499588012454,50.5,-110.5,0.4424778761061947,-5.455697372350573
EOS,50,-110,99,200,-18.177535027777775,5.804582227611531,50.5,-109.5,0.495,-3.131583689401445
EOS,50,-109,44,97,-21.788809334260826,4.517936052638734,50.5,-108.5,0.4536082474226804,-4.82273522254369
EOS,50,-108,238,498,-58.96299039047442,7.9004454448858565,50.5,-107.5,0.4779116465863454,-7.463248851195162
EOS,50,-107,98,209,-33.38284914216242,5.575375456765134,50.5,-106.5,0.4688995215311005,-5.987551762394015
EOS,50,-106,2,4,0.3877469486113639,0.007275655764974468,50.5,-105.5,0.5,53.29374576488427
EOS,50,-103,4,7,-0.284471425629624,0.06827314215110969,50.5,-102.5,0.5714285714285714,-4.166666666666671
EOS,50,-102,30,122,-0.20053478603169894,0.16780848489066114,50.5,-101.5,0.2459016393442623,-1.195021730649444
EOS,50,-101,530,2159,-0.10900927274920576,0.18326934118848587,50.5,-100.5,0.24548402037980546,-0.5948036482386526
EOS,50,-100,327,1289,-0.07998338471251487,0.059735736583886465,50.5,-99.5,0.25368502715283164,-1.338953686461952
EOS,50,-99,102,260,1.3027736301102997,1.7761061719297064,50.5,-98.5,0.3923076923076923,0.7334998609316583
EOS,50,-98,73,194,-0.5886368445049187,0.3701399593983498,50.5,-97.5,0.37628865979381443,-1.5903088265901588
EOS,50,-96,439,1624,-2.2937124847864725,1.7581739938918897,50.5,-95.5,0.27032019704433496,-1.3045992562483057
EOS,50,-95,345,1552,-0.9306410525119984,0.8656342106557052,50.5,-94.5,0.22229381443298968,-1.0750973575860079
EOS,50,-94,12,44,0.05353016131568562,0.012875694999776366,50.5,-93.5,0.2727272727272727,4.157458010353256
EOS,50,-91,419,1279,6.723027698171106,1.5353913151858944,50.5,-90.5,0.3275996872556685,4.378706347806278
EOS,50,-90,1479,5866,27.94747149794439,7.79576882113296,50.5,-89.5,0.2521309239686328,3.584953856274407
EOS,50,-89,282,1407,3.0490667697099436,0.7547933073162083,50.5,-88.5,0.20042643923240938,4.039604935755726
EOS,50,-88,29,91,0.881298230809108,0.12011218641482091,50.5,-87.5,0.31868131868131866,7.337292385682213
EOS,50,-87,20,63,0.06814814441245158,0.01299402611057599,50.5,-86.5,0.31746031746031744,5.244574994118644
EOS,50,-86,147,577,0.9364081370028734,0.574095746189772,50.5,-85.5,0.25476603119584057,1.6311009848404905
EOS,50,-84,29,89,-0.02454688149539879,0.019150621653249413,50.5,-83.5,0.3258426966292135,-1.2817798784737497
EOS,50,-69,12,67,-0.009396425244738268,0.003113891402982616,50.5,-68.5,0.1791044776119403,-3.0175828340506596
EOS,50,-67,6,86,-0.003988324010632888,0.004536909629634665,50.5,-66.5,0.06976744186046512,-0.8790838557994483
EOS,50,-66,63,543,-0.02240245120325104,0.030246307465888918,50.5,-65.5,0.11602209944751381,-0.7406673104978518
EOS,50,-5,93,435,56.92014972142379,6.4235692466236465,50.5,-4.5,0.21379310344827587,8.861140517998173
EOS,50,-4,250,1217,436.12689374211317,34.05861341888168,50.5,-3.5,0.20542317173377156,12.80518641138602
EOS,50,-3,19,70,-27.226358297323507,9.461348699113879,50.5,-2.5,0.2714285714285714,-2.8776402987740473
EOS,50,-2,105,468,4.414426571087755,15.30535681933227,50.5,-1.5,0.22435897435897437,0.28842362992229437
EOS,50,-1,7,42,-28.80694148061124,1.4532171767407331,50.5,-0.5,0.16666666666666666,-19.82287433817654
EOS,50,0,4,23,-22.666960627111617,1.211547618437359,50.5,0.5,0.17391304347826086,-18.70909593825723
EOS,50,1,24,79,-125.82692120511697,19.433775188787592,50.5,1.5,0.3037974683544304,-6.4746514757314575
EOS,50,3,156,471,-564.5554931819278,34.39524224319864,50.5,3.5,0.33121019108280253,-16.41376703179242
EOS,50,4,209,593,-452.93025155268316,47.7597227491317,50.5,4.5,0.3524451939291737,-9.48351928112727
EOS,50,5,145,355,-148.3204773619129,54.2686392443169,50.5,5.5,0.4084507042253521,-2.7330789831338045
EOS,50,6,710,1573,-244.47431446926552,69.8386126568772,50.5,6.5,0.45136681500317866,-3.5005608669574775
EOS,50,7,1112,2563,-1044.3071503992774,266.5001386869028,50.5,7.5,0.4338665626219274,-3.9185989003412103
EOS,50,8,331,884,-1361.0647164172308,172.9378928291297,50.5,8.5,0.3744343891402715,-7.870251534532244
EOS,50,9,1040,2980,-1872.8578285251342,237.52300547499493,50.5,9.5,0.348993288590604,-7.884953395481929
EOS,50,10,876,2191,-729.895221046608,132.36881591929657,50.5,10.5,0.3998174349612049,-5.514102517103537
EOS,50,11,918,2046,-561.5233445933575,144.86673723888055,50.5,11.5,0.44868035190615835,-3.876137167826343
EOS,50,12,578,1393,-392.87098014590185,102.82522960345345,50.5,12.5,0.4149318018664752,-3.8207644336026556
EOS,50,13,385,997,-356.2475234409876,93.10531504448653,50.5,13.5,0.38615847542627885,-3.826285569956661
EOS,50,14,547,1648,-375.36119605660974,68.61202814394268,50.5,14.5,0.33191747572815533,-5.4707783199343885
EOS,50,15,455,1543,-173.27943993245526,57.101968546910555,50.5,15.5,0.2948801036941024,-3.0345615806590325
EOS,50,16,430,1615,-196.16288114265,17.49352465674524,50.5,16.5,0.26625386996904027,-11.21345669278904
EOS,50,17,488,1552,-79.18247702147526,37.99294870250857,50.5,17.5,0.31443298969072164,-2.084136128561326
EOS,50,18,572,2095,-202.2404404259786,118.644256934921,50.5,18.5,0.2730310262529833,-1.7045952804686697
EOS,50,19,411,1495,-250.04697399881778,98.38503881897839,50.5,19.5,0.2749163879598662,-2.541514207855188
EOS,50,20,514,1718,-324.57871907051856,71.224538621211,50.5,20.5,0.2991850989522701,-4.55711929278623
EOS,50,21,409,1422,-173.01767378577506,53.44544303914701,50.5,21.5,0.2876230661040788,-3.23727644392517
EOS,50,22,374,1419,-104.30257176475278,44.19059498506774,50.5,22.5,0.26356589147286824,-2.360288921205909
EOS,50,23,451,1457,-98.78499998632765,19.3113488119785,50.5,23.5,0.3095401509951956,-5.115385825616333
EOS,50,24,59,183,-10.052837848122666,1.4714819552723233,50.5,24.5,0.3224043715846995,-6.831777863196572
EOS,50,25,204,465,-3.11842154914447,2.0773904969616304,50.5,25.5,0.43870967741935485,-1.5011243931776144
EOS,50,26,181,542,-83.7997041080115,12.025362475897351,50.5,26.5,0.3339483394833948,-6.968580304832619
EOS,50,27,283,814,-8.7993639966225,9.235869593869614,50.5,27.5,0.3476658476658477,-0.9527380077413773
EOS,50,28,82,210,77.28862219976475,37.047931878754916,50.5,28.5,0.3904761904761905,2.08617912742616
EOS,50,29,147,421,55.91759108888026,14.103887105129642,50.5,29.5,0.3491686460807601,3.964693610497123
EOS,50,30,318,992,-144.4913907353833,52.25811550955198,50.5,30.5,0.32056451612903225,-2.764956013558746
EOS,50,31,141,364,-11.541692110421225,8.795028328160571,50.5,31.5,0.3873626373626374,-1.3122973206881192
EOS,50,32,161,406,-94.21668059182349,42.50294137489286,50.5,32.5,0.39655172413793105,-2.2167096568869167
EOS,50,33,144,340,-116.45417741859906,34.9997865081105,50.5,33.5,0.4235294117647059,-3.3272825076122428
EOS,50,34,557,1460,102.69387536681818,83.56196257228466,50.5,34.5,0.3815068493150685,1.2289548043822403
EOS,50,35,243,658,-41.29192534876619,61.966406929346356,50.5,35.5,0.36930091185410335,-0.6663598455183458
EOS,50,36,154,454,-20.350675011368544,27.781539401560842,50.5,36.5,0.3392070484581498,-0.7325251029907
EOS,50,37,0,2,0.0,0.0,50.5,37.5,0.0,
EOS,50,38,21,71,-9.521862311970779,5.37212819627904,50.5,38.5,0.29577464788732394,-1.7724562713462455
EOS,50,39,10,32,-4.352869090207162,4.3988985632615965,50.5,39.5,0.3125,-0.989536136741397
EOS,50,40,24,56,1.3525078471782006,12.699830950139498,50.5,40.5,0.42857142857142855,0.10649809847770803
EOS,50,41,12,22,11.838551211875817,10.550948039022034,50.5,41.5,0.5454545454545454,1.1220367277036776
EOS,50,43,99,282,190.62286889980678,39.13820601899854,50.5,43.5,0.35106382978723405,4.870506042287024
EOS,50,44,3,3,0.0,0.7156647790968907,50.5,44.5,1.0,0.0
EOS,50,45,42,109,92.41501958727312,19.5334092279985,50.5,45.5,0.3853211009174312,4.731125965190382
EOS,50,46,77,194,17.795064944806626,7.688465358981016,50.5,46.5,0.39690721649484534,2.3145145505559093
EOS,50,55,36,65,-210.3176889238351,27.689902909121017,50.5,55.5,0.5538461538461539,-7.595465018931386
EOS,50,57,121,210,141.77679860218544,89.89072334279808,50.5,57.5,0.5761904761904761,1.5772127904847302
EOS,50,58,90,154,-604.783968857478,67.38945262299963,50.5,58.5,0.5844155844155844,-8.974460324538514
EOS,50,59,24,44,-23.38655424739671,23.33685067854897,50.5,59.5,0.5454545454545454,-1.0021298318925882
EOS,50,61,22,44,-6.443236221715866,0.9128873388566114,50.5,61.5,0.5,-7.058084768473182
EOS,50,67,15,21,0.18507203540676276,0.6957501125715366,50.5,67.5,0.7142857142857143,0.2660036010956933
EOS,50,68,1650,2674,-517.0530539087263,75.92815309141446,50.5,68.5,0.6170531039640987,-6.809767297858741
EOS,50,69,745,1340,-44.67254092307784,51.36862458810092,50.5,69.5,0.5559701492537313,-0.8696464287546027
EOS,50,72,71,131,40.493572487052404,52.480705626647435,50.5,72.5,0.5419847328244275,0.7715897109906906
EOS,50,73,45,87,-22.756511970750395,8.954565334588816,50.5,73.5,0.5172413793103449,-2.5413307201912723
EOS,50,75,324,622,18.54801152995627,3.8942237494407634,50.5,75.5,0.5209003215434084,4.762954756418372
EOS,50,80,56,142,-4.99043177860337,7.825298179497424,50.5,80.5,0.39436619718309857,-0.6377305585208867
EOS,50,81,27,60,16.267280528104052,9.997503998191423,50.5,81.5,0.45,1.6271341857974602
EOS,50,82,108,287,-48.61064532034564,8.494399075519093,50.5,82.5,0.37630662020905925,-5.722670301709958
EOS,50,83,109,205,54.91415261368781,22.946413329132817,50.5,83.5,0.5317073170731708,2.3931475401416518
EOS,50,84,331,602,0.0001283614300048191,0.00045624199914776585,50.5,84.5,0.5498338870431894,0.2813450542575891
EOS,50,86,116,281,-1.6212238782005094e-05,8.312118818923599e-06,50.5,86.5,0.4128113879003559,-1.9504339549497132
EOS,50,88,839,2234,1.2938906416736375e-05,7.403231639190886e-05,50.5,88.5,0.3755595344673232,0.1747737616129825
EOS,50,89,1551,3438,-0.00014075469664487247,0.0001634043386822417,50.5,89.5,0.4511343804537522,-0.8613889801211826
EOS,50,90,674,1391,-2.6465588126385464e-05,0.0006079890252018809,50.5,90.5,0.4845434938892883,-0.04352971357928319
EOS,50,91,425,811,-0.00021557388586696327,0.0008978810478948732,50.5,91.5,0.5240443896424167,-0.24009180990331289
EOS,50,92,175,471,-10.778443256894763,23.629252834695457,50.5,92.5,0.37154989384288745,-0.4561482892539238
EOS,50,93,894,1754,-128.6791230912841,52.06446625115042,50.5,93.5,0.5096921322690992,-2.471534471717374
EOS,50,94,834,1489,-0.3081573496348655,6.944606298302353,50.5,94.5,0.5601074546675622,-0.044373624133335864
EOS,50,95,498,948,0.5375056014315481,0.7859663399868176,50.5,95.5,0.5253164556962026,0.6838786524122181
EOS,50,99,1039,2039,0.001314384282182246,0.00039498284956737787,50.5,99.5,0.5095635115252575,3.3276996295456436
EOS,50,100,1167,2628,0.0008589277784900565,0.002131502728138985,50.5,100.5,0.4440639269406393,0.40296818162648396
EOS,50,101,103,254,-4.6110192156717085e-06,5.2810118030768946e-05,50.5,101.5,0.40551181102362205,-0.08731317761844755
EOS,50,103,55,187,0.0063522536203559025,0.0030947851933491853,50.5,103.5,0.29411764705882354,2.052566890266615
EOS,50,104,73,267,-0.0005181926250738786,0.0030884705628460092,50.5,104.5,0.27340823970037453,-0.16778292508521334
EOS,50,105,146,502,12.88295960048825,6.0610098501800325,50.5,105.5,0.2908366533864542,2.1255467189358854
EOS,50,107,167,684,0.8485108103269897,0.36021795968606013,50.5,107.5,0.24415204678362573,2.3555483215397985
EOS,50,108,50,136,0.003920018305892627,0.002317948425043235,50.5,108.5,0.36764705882352944,1.6911585536332672
EOS,50,109,341,937,0.008036094313626447,0.012443599250098341,50.5,109.5,0.3639274279615795,0.645801439930086
EOS,50,111,10,23,0.004123103097230839,0.019156553853856912,50.5,111.5,0.43478260869565216,0.2152319842433825
EOS,50,112,487,1173,-0.07931219081749831,0.08634117138186513,50.5,112.5,0.4151747655583973,-0.9185906277171129
EOS,50,113,530,1139,-1.233274170208325,0.9249249003610783,50.5,113.5,0.46532045654082527,-1.3333776285262418
EOS,50,114,294,644,30.831333539977415,9.618454076554102,50.5,114.5,0.45652173913043476,3.2054354363589184
EOS,50,115,428,987,166.48163424629445,45.302346887537716,50.5,115.5,0.4336372847011145,3.674900875656226
EOS,50,116,109,229,0.1206347892286512,0.1773999260647449,50.5,116.5,0.4759825327510917,0.6800160062334166
EOS,50,117,146,305,0.3587577863796756,0.23778149031696302,50.5,117.5,0.4786885245901639,1.5087708715318884
EOS,50,124,12,40,12.078350171868124,9.172306597901011,50.5,124.5,0.3,1.3168280020896959
EOS,50,127,59,243,11.163215082586188,8.066161734748123,50.5,127.5,0.24279835390946503,1.383956266894117
EOS,50,128,35,165,5.099265993616184,5.735665866097754,50.5,128.5,0.21212121212121213,0.889045162786907
EOS,50,129,324,1286,-1.9974021242691495,2.219175221849843,50.5,129.5,0.25194401244167963,-0.9000650803068045
EOS,50,130,233,865,-1.6481933557486963,1.3421336745995325,50.5,130.5,0.26936416184971096,-1.2280396408654946
EOS,50,132,174,849,1.4157922221052717,0.38508919733098057,50.5,132.5,0.2049469964664311,3.6765306113960174
EOS,50,133,157,662,-0.00934109576634863,0.14117882783746472,50.5,133.5,0.23716012084592145,-0.06616499024274926
EOS,50,134,655,2044,0.27486620359234376,0.27155330034242875,50.5,134.5,0.3204500978473581,1.0121998268691172
EOS,50,135,140,588,0.2771781653975524,0.11306636155125628,50.5,135.5,0.23809523809523808,2.451464446142096
EOS,50,136,22,95,0.28856920941654973,11.5529449446578,50.5,136.5,0.23157894736842105,0.024977978411468767
EOS,50,137,652,2272,-4.467928401578472,8.218979545197882,50.5,137.5,0.2869718309859155,-0.5436110866328846
EOS,50,138,186,619,-0.024196214557387005,0.23475363356597367,50.5,138.5,0.30048465266558966,-0.10307067111098434
EOS,50,139,39,235,0.08735225328485755,0.05252082892950727,50.5,139.5,0.16595744680851063,1.663192585975757
EOS,50,140,15,116,0.02548081912165991,0.04502041700195739,50.5,140.5,0.12931034482758622,0.5659836318386846
EOS,51,-126,153,221,-0.524988794867411,0.7800104159882861,51.5,-125.5,0.6923076923076923,-0.6730535696786067
EOS,51,-125,667,1011,0.08140536638724606,0.4339583852996225,51.5,-124.5,0.6597428288822947,0.1875879557691701
EOS,51,-124,969,1670,-0.24112494025610218,0.20025355981809492,51.5,-123.5,0.5802395209580838,-1.2040981467452252
EOS,51,-123,201,463,-8.624842464485106,3.433095947527392,51.5,-122.5,0.43412526997840173,-2.512263739875068
EOS,51,-122,233,448,-42.20414985823746,8.116782903334245,51.5,-121.5,0.5200892857142857,-5.199615458595137
EOS,51,-121,180,404,-7.668499937936989,2.1480057519792632,51.5,-120.5,0.44554455445544555,-3.5700555880126994
EOS,51,-120,359,659,-0.004542449153377887,0.7308871072773299,51.5,-119.5,0.5447647951441578,-0.006214980546447493
EOS,51,-119,74,152,0.8895515939824598,0.5709238158404212,51.5,-118.5,0.4868421052631579,1.5580915864807752
EOS,51,-118,800,1400,0.8570120445033251,0.9915870875885786,51.5,-117.5,0.5714285714285714,0.86428318322244
EOS,51,-117,2001,4303,-30.63742001304623,8.888283206019059,51.5,-116.5,0.46502440158029285,-3.446944623940298
EOS,51,-116,2247,3958,22.62131702875095,10.149044013472698,51.5,-115.5,0.5677109651339061,2.228911117019643
EOS,51,-115,79,146,-139.5259530955279,66.74071571176596,51.5,-114.5,0.541095890410959,-2.0905672288277604
EOS,51,-114,6,7,19.18505819390058,4.594234545714769,51.5,-113.5,0.8571428571428571,4.175898727633589
EOS,51,-113,23,51,35.93030392872925,3.9815959603111066,51.5,-112.5,0.45098039215686275,9.024095937128134
EOS,51,-110,83,176,-28.29072963539045,2.0305179849871426,51.5,-109.5,0.4715909090909091,-13.932764863232466
EOS,51,-108,42,83,6.735632321447685,1.569147786157444,51.5,-107.5,0.5060240963855421,4.2925417101355485
EOS,51,-107,34,79,1.7747172943734864,3.257384277584443,51.5,-106.5,0.43037974683544306,0.5448289618716867
EOS,51,-106,29,65,-4.126643208607088,0.7425514904112923,51.5,-105.5,0.4461538461538462,-5.557383241290619
EOS,51,-105,14,41,1.3693598687614417,0.19474039681775596,51.5,-104.5,0.34146341463414637,7.031719618210138
EOS,51,-104,32,87,-1.9779870285752985,1.5370694180898765,51.5,-103.5,0.367816091954023,-1.286856016583397
EOS,51,-103,36,88,0.09495616850649259,0.11368944856768737,51.5,-102.5,0.4090909090909091,0.8352241100893235
EOS,51,-102,293,837,-0.4025042531742579,0.24535788482628196,51.5,-101.5,0.35005973715651134,-1.6404781670629358
EOS,51,-101,24,87,0.021160539886049764,0.006020272299864182,51.5,-100.5,0.27586206896551724,3.5148808612074154
EOS,51,-99,49,123,-0.01343922552449733,0.05050070271461189,51.5,-98.5,0.3983739837398374,-0.2661195746214601
EOS,51,-98,90,295,0.165750237221641,0.26627759927712236,51.5,-97.5,0.3050847457627119,0.6224715772998247
EOS,51,-97,116,588,2.496249635106798,0.3836696121157356,51.5,-96.5,0.19727891156462585,6.506247970333897
EOS,51,-96,898,4684,9.673399992708115,2.619147672658401,51.5,-95.5,0.19171648163962426,3.6933389032202752
EOS,51,-95,562,2543,-0.2884141272947965,1.693968012889894,51.5,-94.5,0.22099882029099488,-0.170259488431995
EOS,51,-94,12,63,0.12116261839353996,0.09277779851505694,51.5,-93.5,0.19047619047619047,1.3059440979716332
EOS,51,-92,13,40,0.3822336994324944,0.13313669340254683,51.5,-91.5,0.325,2.870986875697654
EOS,51,-91,36,132,-0.6308750436475502,0.23946632049798586,51.5,-90.5,0.2727272727272727,-2.63450426905798
EOS,51,-90,366,1713,4.02812705583963,0.938539309050431,51.5,-89.5,0.2136602451838879,4.29191086297184
EOS,51,-89,96,449,2.218336390032188,0.5132628442855657,51.5,-88.5,0.21380846325167038,4.322028011047621
EOS,51,-88,61,197,2.1299352825600835,0.58473507697664,51.5,-87.5,0.3096446700507614,3.642564584243633
EOS,51,-87,27,90,0.8881722851510492,0.15337815650711378,51.5,-86.5,0.3,5.790735169710135
EOS,51,-69,75,253,-0.02227656162240016,0.052705506105372245,51.5,-68.5,0.2964426877470356,-0.4226609944293756
EOS,51,-10,7,85,-0.12619925894644002,0.11837526517633452,51.5,-9.5,0.08235294117647059,-1.066094836268799
EOS,51,-9,8,86,-1.797004347671571,0.25599461293925496,51.5,-8.5,0.09302325581395349,-7.019695950000255
EOS,51,-5,42,318,36.66503981213353,10.57879588722286,51.5,-4.5,0.1320754716981132,3.465899163100198
EOS,51,-4,543,2418,-506.2580170868318,123.89095833990436,51.5,-3.5,0.22456575682382135,-4.08631932362549
EOS,51,-3,404,1395,659.5170561206463,169.69221735650885,51.5,-2.5,0.2896057347670251,3.8865486372604665
EOS,51,-2,153,420,861.5494000707496,74.60328671027717,51.5,-1.5,0.36428571428571427,11.548410774669858
EOS,51,-1,456,1425,152.45457810161722,159.3942658902915,51.5,-0.5,0.32,0.9564621239671773
EOS,51,0,149,429,252.33966293606167,96.53047401547408,51.5,0.5,0.3473193473193473,2.6140932747891714
EOS,51,3,45,153,14.482290514884834,13.072705591461077,51.5,3.5,0.29411764705882354,1.1078265637944513
EOS,51,4,198,649,-250.11122737246203,55.30282720713822,51.5,4.5,0.3050847457627119,-4.522575788678284
EOS,51,5,376,1042,-395.33497852227816,110.43906758204358,51.5,5.5,0.36084452975047987,-3.579666029220951
EOS,51,6,182,431,-259.34383539178975,41.68384811027498,51.5,6.5,0.4222737819025522,-6.221686508061669
EOS,51,7,530,1183,88.34560072249049,148.987904657439,51.5,7.5,0.44801352493660185,0.5929716303187124
EOS,51,8,488,1035,-177.65295952091373,92.20128567799362,51.5,8.5,0.4714975845410628,-1.9267948186899904
EOS,51,9,162,363,-293.8186111251477,52.71464839489368,51.5,9.5,0.4462809917355372,-5.573756442879151
EOS,51,10,500,1215,-150.02735399655495,70.07214145496935,51.5,10.5,0.411522633744856,-2.1410413736672713
EOS,51,11,264,634,-43.67340936508621,33.78644820486361,51.5,11.5,0.416403785488959,-1.2926309714555717
EOS,51,12,246,860,-26.14590610538713,56.13089953674491,51.5,12.5,0.28604651162790695,-0.4658023712638217
EOS,51,13,301,865,38.66510998671933,49.7318663602778,51.5,13.5,0.34797687861271676,0.7774715251306596
EOS,51,14,379,1122,-351.1124602355914,69.19599542492094,51.5,14.5,0.33778966131907306,-5.074173123451278
EOS,51,15,259,716,-230.61714311544213,40.71354673227768,51.5,15.5,0.361731843575419,-5.664383519125073
EOS,51,16,329,825,-314.9620002211534,73.68351022272671,51.5,16.5,0.3987878787878788,-4.27452491431397
EOS,51,17,587,1486,119.76983531995928,75.97333260686186,51.5,17.5,0.39502018842530284,1.5764720489455237
EOS,51,18,206,591,-49.45614834973195,33.967566220370074,51.5,18.5,0.34856175972927245,-1.4559815097990005
EOS,51,19,240,750,-20.179411303399604,19.350496135228916,51.5,19.5,0.32,-1.0428368948464113
EOS,51,20,761,2301,-217.52667602365804,50.60827454651337,51.5,20.5,0.3307257714037375,-4.298243280824211
EOS,51,21,595,1770,-44.98600029741706,40.59205952527137,51.5,21.5,0.3361581920903955,-1.1082463127895779
EOS,51,22,215,599,83.05060524719113,20.792712129805516,51.5,22.5,0.3589315525876461,3.9942170472384615
EOS,51,23,487,1433,-83.57135580554751,21.647132011336527,51.5,23.5,0.33984647592463363,-3.860620231898687
EOS,51,24,160,525,-34.517720118871935,9.654899461920706,51.5,24.5,0.3047619047619048,-3.575150653304174
EOS,51,25,420,1195,-119.67003740207858,23.373737412101388,51.5,25.5,0.3514644351464435,-5.119850338530854
EOS,51,26,440,1126,2.516902318123078,35.25225093624716,51.5,26.5,0.3907637655417407,0.07139692505522087
EOS,51,27,684,1652,-1.613885085761641,3.5677011125781073,51.5,27.5,0.41404358353510895,-0.4523599468777833
EOS,51,28,926,2351,-2.419983672207703,16.5063225224202,51.5,28.5,0.39387494683113566,-0.14660949880996746
EOS,51,29,1178,3622,-175.03034617972534,61.47591803311213,51.5,29.5,0.3252346769740475,-2.8471367615112406
EOS,51,30,1205,3604,-98.9644029909847,54.96447989692887,51.5,30.5,0.3343507214206437,-1.8005155907336132
EOS,51,31,687,1838,-273.3759558469669,79.54151984992512,51.5,31.5,0.3737758433079434,-3.4368963072714567
EOS,51,32,509,1403,-772.6957272902711,122.55841232020951,51.5,32.5,0.36279401282965074,-6.304713912835634
EOS,51,33,799,2398,-379.9837249833612,140.21241402845695,51.5,33.5,0.33319432860717263,-2.7100576480071243
EOS,51,34,108,292,-1.6947390804906055,13.853584182753691,51.5,34.5,0.3698630136986301,-0.1223321747017919
EOS,51,35,48,121,40.38042342922635,15.135466512142353,51.5,35.5,0.39669421487603307,2.6679338490710776
EOS,51,36,22,59,-26.8053175700744,12.950319964469188,51.5,36.5,0.3728813559322034,-2.069857551289707
EOS,51,37,45,140,-29.719089231011438,20.611692190764387,51.5,37.5,0.32142857142857145,-1.4418558629712053
EOS,51,38,43,136,2.2084565237946654,3.7647149031254505,51.5,38.5,0.3161764705882353,0.5866198585080676
EOS,51,39,241,694,-64.33526822274791,26.942456598587814,51.5,39.5,0.3472622478386167,-2.387876843647585
EOS,51,40,24,62,-6.614775644410506,6.452313014766719,51.5,40.5,0.3870967741935484,-1.0251789752406582
EOS,51,41,148,340,-108.69502556237809,32.484333705064316,51.5,41.5,0.43529411764705883,-3.3460752665963565
EOS,51,42,27,60,-61.60593904113811,13.5119200807174,51.5,42.5,0.45,-4.559377103558712
EOS,51,43,49,89,-114.60660980335794,40.65999423323925,51.5,43.5,0.550561797752809,-2.818657797783647
EOS,51,45,75,132,-50.45858018817005,22.92624224822414,51.5,45.5,0.5681818181818182,-2.2009093178834647
EOS,51,46,59,115,-81.39165572259922,34.67704430877284,51.5,46.5,0.5130434782608696,-2.3471335964469207
EOS,51,47,65,151,102.41904152726417,33.654527052470925,51.5,47.5,0.4304635761589404,3.043247090282451
EOS,51,48,25,48,64.47099743876677,13.05486623115932,51.5,48.5,0.5208333333333334,4.9384648067007815
EOS,51,50,16,32,4.706092788498395,8.540235712676663,51.5,50.5,0.5,0.5510495198057503
EOS,51,51,26,64,9.232749270041513,7.9774720201070455,51.5,51.5,0.40625,1.1573527612219219
EOS,51,52,11,22,-0.01538463280870564,0.002504438869354475,51.5,52.5,0.5,-6.142946029531583
EOS,51,53,11,22,-19.431317136406772,2.7737572332273865,51.5,53.5,0.5,-7.005413777253171
EOS,51,54,10,22,-16.561100853607904,2.4893767520265717,51.5,54.5,0.45454545454545453,-6.652709695358772
EOS,51,55,113,190,-154.5214350442603,50.10561865755904,51.5,55.5,0.5947368421052631,-3.0839143230686137
EOS,51,56,104,184,6.503386621478766,13.70025835715217,51.5,56.5,0.5652173913043478,0.4746908015850443
EOS,51,57,153,265,7.48388555679409,4.995965724031617,51.5,57.5,0.5773584905660377,1.4979857689565543
EOS,51,58,253,374,-334.37513442334676,110.80863295136878,51.5,58.5,0.6764705882352942,-3.0175910081852186
EOS,51,59,180,305,-112.32072288802951,65.25866683028208,51.5,59.5,0.5901639344262295,-1.7211617758012359
EOS,51,60,13,22,-0.45077697131104133,0.27696587433800063,51.5,60.5,0.5909090909090909,-1.6275541973843572
EOS,51,61,24,44,-6.17719492181067,0.7925130578341526,51.5,61.5,0.5454545454545454,-7.794439297558371
EOS,51,63,313,565,-77.97372421509367,13.75411450163806,51.5,63.5,0.5539823008849557,-5.669119899053284
EOS,51,64,847,1567,25.344167368696937,48.03035520937246,51.5,64.5,0.5405232929164008,0.5276697883706547
EOS,51,71,67,151,119.40785011965367,30.978545027972526,51.5,71.5,0.44370860927152317,3.854533839850536
EOS,51,75,35,66,46.491283970796516,21.347198411644893,51.5,75.5,0.5303030303030303,2.177863487015492
EOS,51,76,10,22,22.784161951157827,9.341942278893022,51.5,76.5,0.45454545454545453,2.438910589571492
EOS,51,77,10,22,20.99225890904943,8.670395535994102,51.5,77.5,0.45454545454545453,2.4211420138680637
EOS,51,80,77,289,0.30260780354155237,0.9334227074927444,51.5,80.5,0.2664359861591695,0.3241916027031136
EOS,51,81,19,56,22.085522889687848,7.9540247647481355,51.5,81.5,0.3392857142857143,2.7766474889001915
EOS,51,82,46,168,-5.628013570380424,1.4079081105736067,51.5,82.5,0.27380952380952384,-3.997429610720455
EOS,51,83,346,1125,-10.120486339904952,10.962415896171661,51.5,83.5,0.3075555555555556,-0.923198539059193
EOS,51,84,14,48,0.009766101690424096,0.002482552091715769,51.5,84.5,0.2916666666666667,3.933895978663811
EOS,51,87,732,3042,0.5192608056584067,1.4517163212690543,51.5,87.5,0.2406311637080868,0.3576875165283544
EOS,51,88,1815,5197,-0.0002765776748058466,0.00024202291845846856,51.5,88.5,0.34923994612276316,-1.1427747279781177
EOS,51,89,259,705,-3.341154855559558e-05,6.0749350719944356e-05,51.5,89.5,0.36737588652482267,-0.5499902165147977
EOS,51,90,233,668,-43.90438468646376,21.38655774101644,51.5,90.5,0.34880239520958084,-2.052896273356851
EOS,51,91,652,1983,-0.44785420573435913,0.3955660805521412,51.5,91.5,0.32879475542107917,-1.1321855633052076
EOS,51,92,728,1758,-1.4614991632949133,1.632676371655659,51.5,92.5,0.4141069397042093,-0.8951554568115916
EOS,51,93,432,936,-0.09281888496338653,0.039186701038015755,51.5,93.5,0.46153846153846156,-2.36863227841867
EOS,51,94,648,1371,95.11566447447296,44.05255196316088,51.5,94.5,0.4726477024070022,2.159140849638264
EOS,51,95,917,2117,0.0020566631122126214,0.3644434731220774,51.5,95.5,0.43316013226263583,0.005643297970447401
EOS,51,99,45,88,5.513185541729834e-05,3.986820331653737e-05,51.5,99.5,0.5113636363636364,1.3828527706546934
EOS,51,100,1563,3675,0.00014646670586329654,0.0013527548371488594,51.5,100.5,0.4253061224489796,0.10827291231277195
EOS,51,101,1674,3832,0.00034392063449693064,0.0006392756097721424,51.5,101.5,0.43684759916492694,0.5379849148624872
EOS,51,102,164,422,9.628695194906137e-05,8.106054641259346e-05,51.5,102.5,0.3886255924170616,1.1878399074559205
EOS,51,103,1576,4787,2.58928423243025,1.5991790520798128,51.5,103.5,0.32922498433256736,1.6191334103975132
EOS,51,104,1399,5265,-1.4790162553099557,1.4376196018624137,51.5,104.5,0.26571699905033236,-1.028795276159224
EOS,51,105,941,3554,-0.5596221517744879,0.3506278152304761,51.5,105.5,0.26477208778840744,-1.596057493061795
EOS,51,106,515,2152,-5.877488718448574,19.114244181507846,51.5,106.5,0.23931226765799257,-0.30749260408291607
EOS,51,107,303,1004,54.00206827177416,52.044664881555775,51.5,107.5,0.301792828685259,1.0376100680957996
EOS,51,108,8,22,1.7253137339771158,0.44490513113809604,51.5,108.5,0.36363636363636365,3.877936245787168
EOS,51,109,172,511,-0.15608025918909146,0.2286231197339493,51.5,109.5,0.33659491193737767,-0.6826967428785129
EOS,51,113,100,228,-4.916760907666095,9.366175794761523,51.5,113.5,0.43859649122807015,-0.5249486039345991
EOS,51,114,67,141,-1.0223342003298463,1.4732575127333378,51.5,114.5,0.475177304964539,-0.693927702043825
EOS,51,117,12,24,0.0002627040465344968,0.0024079428478210787,51.5,117.5,0.5,0.10909895422651532
EOS,51,118,604,1432,-0.32281450927741184,0.2617895744294853,51.5,118.5,0.42178770949720673,-1.23310681863828
EOS,51,119,41,94,-0.06783579708969631,0.03863067455610248,51.5,119.5,0.43617021276595747,-1.756008608940542
EOS,51,126,240,707,9.726386975687165,5.968207044532665,51.5,126.5,0.33946251768033947,1.6296999924956157
EOS,51,127,260,784,10.039682709538702,6.82332297397039,51.5,127.5,0.33163265306122447,1.471377325657613
EOS,51,128,170,706,12.024030708989278,18.502777724492002,51.5,128.5,0.24079320113314448,0.6498500326831008
EOS,51,129,737,2565,-1.5759836679393815,8.374388532186916,51.5,129.5,0.28732943469785577,-0.18819089440167444
EOS,51,130,528,2513,-0.13919928630091738,7.454318823619385,51.5,130.5,0.2101074413052129,-0.018673642702248985
EOS,51,134,930,3460,-1.3647985673534386,0.8472202625664297,51.5,134.5,0.26878612716763006,-1.6109135105186725
EOS,51,135,19,89,-0.018346573806965992,0.014592197172819597,51.5,135.5,0.21348314606741572,-1.2572865888311562
EOS,51,136,258,1299,-0.3494181335261351,1.1101585244186116,51.5,136.5,0.19861431870669746,-0.31474616087745205
EOS,51,137,604,3166,-0.9655905158738958,0.4411106291429888,51.5,137.5,0.19077700568540745,-2.188998523454064
EOS,51,139,25,191,5.340492851043809,0.9233242190382146,51.5,139.5,0.13089005235602094,5.783984369658104
EOS,51,140,13,93,0.22884172789744278,0.25096200267221846,51.5,140.5,0.13978494623655913,0.9118580719820483
EOS,51,142,40,318,0.12809601233488163,0.016795577762307865,51.5,142.5,0.12578616352201258,7.626770221763427
EOS,52,-127,1159,2218,4.707426982594352,26.752963329219885,52.5,-126.5,0.5225428313796213,0.1759590862763546
EOS,52,-126,1870,3120,0.4675985278527087,5.674441450903284,52.5,-125.5,0.5993589743589743,0.08240432682203007
EOS,52,-125,430,702,-0.04527480555130742,0.025425981552792586,52.5,-124.5,0.6125356125356125,-1.7806512388637674
EOS,52,-124,90,196,-0.33772807312551745,0.21670349482971651,52.5,-123.5,0.45918367346938777,-1.5584800484685346
EOS,52,-123,52,128,0.580283665516482,1.6060303663356712,52.5,-122.5,0.40625,0.36131550042883737
EOS,52,-121,2235,3746,19.33259317667079,38.089532760712096,52.5,-120.5,0.5966364121729845,0.5075565851154684
EOS,52,-120,1390,2486,6.464319603464497,10.212873487597516,52.5,-119.5,0.5591311343523733,0.6329579634286813
EOS,52,-119,2063,3349,3.292529204083325,2.092008428558528,52.5,-118.5,0.616004777545536,1.5738603913522473
EOS,52,-118,3386,5504,0.978278442456906,1.043926250610144,52.5,-117.5,0.6151889534883721,0.9371145154029138
EOS,52,-117,588,1023,0.6546661862223193,0.20691181495706543,52.5,-116.5,0.5747800586510264,3.1639864855381203
EOS,52,-115,9,23,0.03028180167053339,0.00774829576660141,52.5,-114.5,0.391304347826087,3.9081886627329565
EOS,52,-112,8,22,-35.54055287390317,7.925192136463136,52.5,-111.5,0.36363636363636365,-4.484503626149844
EOS,52,-111,39,91,-0.180378012134937,0.6791370417745455,52.5,-110.5,0.42857142857142855,-0.2655988424127475
EOS,52,-108,30,42,-4.289835831550775,0.9622082710650939,52.5,-107.5,0.7142857142857143,-4.458323588096205
EOS,52,-107,22,42,25.42947429096054,12.281002479218058,52.5,-106.5,0.5238095238095238,2.0706350588229547
EOS,52,-106,9,25,0.07306654166019956,0.0832129923569995,52.5,-105.5,0.36,0.8780665084934124
EOS,52,-105,8,23,-0.1063872350131671,0.026224885837720206,52.5,-104.5,0.34782608695652173,-4.056728241697299
EOS,52,-104,129,323,-0.8021396851575825,1.7664312536904272,52.5,-103.5,0.3993808049535604,-0.4541018414850579
EOS,52,-103,16,66,0.026449159196537196,0.11030390071881374,52.5,-102.5,0.24242424242424243,0.23978444120449816
EOS,52,-102,21,80,-3.1088966661879724,0.9813612593639146,52.5,-101.5,0.2625,-3.167943136662084
EOS,52,-100,257,1307,-3.962076617449384,1.2655703708934296,52.5,-99.5,0.1966335118592196,-3.130664804243446
EOS,52,-99,6,66,-0.21295360491325083,0.034387425040701525,52.5,-98.5,0.09090909090909091,-6.19277554690982
EOS,52,-98,9,108,0.01695684274114722,0.0131533330943469,52.5,-97.5,0.08333333333333333,1.2891669829630492
EOS,52,-91,178,537,2.26310390888047,0.3888009295454068,52.5,-90.5,0.33147113594040967,5.820726590151245
EOS,52,-90,19,71,-0.26414200580082103,0.12435584351652582,52.5,-89.5,0.2676056338028169,-2.1240819758157876
EOS,52,-89,35,109,-0.2254211667866201,0.26776386288113163,52.5,-88.5,0.3211009174311927,-0.8418655316706843
EOS,52,-88,58,220,-1.6484942836143444,0.6594377819814875,52.5,-87.5,0.2636363636363636,-2.4998480958445035
EOS,52,-87,10,37,0.041079931274447874,0.013546979454446117,52.5,-86.5,0.2702702702702703,3.032405224543649
EOS,52,-67,25,112,-0.01674124903413515,0.018449297432921244,52.5,-66.5,0.22321428571428573,-0.9074193255869882
EOS,52,-10,2,37,-0.8243437083533414,0.08490923950104994,52.5,-9.5,0.05405405405405406,-9.708527755017144
EOS,52,-9,22,192,-208.7995580349599,4.008827117361014,52.5,-8.5,0.11458333333333333,-52.08494951820504
EOS,52,-8,17,95,-76.80090000229391,3.579645601186105,52.5,-7.5,0.17894736842105263,-21.454889270839036
EOS,52,-7,2,40,-0.5324486554360855,0.09682006886129735,52.5,-6.5,0.05,-5.499362494761925
EOS,52,-4,294,1224,-52.8588707940417,16.742252720525805,52.5,-3.5,0.24019607843137256,-3.157213767848418
EOS,52,-3,255,1112,-1532.2020821620822,118.00925936829098,52.5,-2.5,0.22931654676258992,-12.983744583806649
EOS,52,-2,160,584,-605.569689848001,59.3706263314961,52.5,-1.5,0.273972602739726,-10.19981979753423
EOS,52,-1,10,24,-20.484411436857016,6.8501924241220555,52.5,-0.5,0.4166666666666667,-2.9903410252716176
EOS,52,0,72,229,-133.3870018715843,14.395020714860003,52.5,0.5,0.314410480349345,-9.266190338572327
EOS,52,4,187,739,-710.6011857945592,55.50135175402781,52.5,4.5,0.2530446549391069,-12.803313132693024
EOS,52,5,636,1708,-349.7783180063636,98.29200926971966,52.5,5.5,0.37236533957845436,-3.5585631080808326
EOS,52,6,312,805,-258.3368016149959,81.10069561216955,52.5,6.5,0.3875776397515528,-3.1853833023872515
EOS,52,7,119,287,-53.24319900731121,27.889552035898493,52.5,7.5,0.4146341463414634,-1.9090732952174476
EOS,52,8,107,291,-34.34996868912603,54.32076220278589,52.5,8.5,0.36769759450171824,-0.6323543208192384
EOS,52,9,173,519,-565.1595878602391,74.34377342938471,52.5,9.5,0.3333333333333333,-7.60197608743999
EOS,52,10,87,286,-135.98769318155405,37.44535343985196,52.5,10.5,0.3041958041958042,-3.631630648112042
EOS,52,11,289,979,-744.9363232134338,61.838428901885166,52.5,11.5,0.29519918283963226,-12.046494977991333
EOS,52,12,619,2203,-1010.2203526115811,149.41658026370087,52.5,12.5,0.28098048116205177,-6.761099409641643
EOS,52,13,785,2624,-495.6313007248845,128.43859678641448,52.5,13.5,0.29916158536585363,-3.858896882446396
EOS,52,14,348,1106,238.0711836959215,58.20737757758387,52.5,14.5,0.31464737793851716,4.090051701411895
EOS,52,15,304,997,143.3569081053365,36.916478120132524,52.5,15.5,0.3049147442326981,3.8832769377086467
EOS,52,16,396,1353,164.33955588593457,41.77398785120474,52.5,16.5,0.2926829268292683,3.9340164619020235
EOS,52,17,188,524,-53.857527534880106,25.191338117039713,52.5,17.5,0.35877862595419846,-2.137938337560967
EOS,52,18,277,951,-56.50739132769192,34.97831674152936,52.5,18.5,0.2912723449001052,-1.6154977309300116
EOS,52,19,228,1041,114.73878493378744,32.983689579077684,52.5,19.5,0.21902017291066284,3.478652218658064
EOS,52,20,400,1545,-100.86014739602845,32.638038183926625,52.5,20.5,0.2588996763754045,-3.090263784472788
EOS,52,21,372,1311,110.03412302451498,31.83902874801115,52.5,21.5,0.2837528604118993,3.455950993209501
EOS,52,22,166,586,54.55960462708786,18.284376177524916,52.5,22.5,0.2832764505119454,2.9839467366763275
EOS,52,23,574,1881,-84.96419505500975,32.10929773067086,52.5,23.5,0.30515683147262096,-2.6460932209629675
EOS,52,24,329,1029,-6.5243416241612815,3.3043745185176663,52.5,24.5,0.3197278911564626,-1.974455857711941
EOS,52,25,277,962,-44.654585877118876,7.707708785692478,52.5,25.5,0.28794178794178793,-5.793496760024127
EOS,52,26,95,271,-2.0952449677981275,24.30785356045657,52.5,26.5,0.3505535055350554,-0.08619621484007216
EOS,52,27,312,791,-110.37128108878085,40.99901149743641,52.5,27.5,0.3944374209860936,-2.6920473703538472
EOS,52,28,102,232,-50.67997369159333,4.430663040173494,52.5,28.5,0.4396551724137931,-11.438462648156793
EOS,52,29,116,303,-25.154403963115882,26.84514838391437,52.5,29.5,0.38283828382838286,-0.937018622634562
EOS,52,30,67,167,-6.155635501281261,4.9955572326190865,52.5,30.5,0.40119760479041916,-1.2322219953936882
EOS,52,31,119,336,-1.5138409348261272,2.367739413156735,52.5,31.5,0.3541666666666667,-0.6393612939051571
EOS,52,32,245,725,-20.44103290788816,9.765582085047292,52.5,32.5,0.33793103448275863,-2.093170968189058
EOS,52,33,458,1370,-72.50734678155023,53.579595497797136,52.5,33.5,0.3343065693430657,-1.353264169090849
EOS,52,34,61,169,-1.1699373782722164,0.6325744094376639,52.5,34.5,0.3609467455621302,-1.8494857850987825
EOS,52,35,12,37,0.01007089561402219,0.0054934744474817165,52.5,35.5,0.32432432432432434,1.8332470115773136
EOS,52,38,44,113,-33.64146415288144,8.765329800894373,52.5,38.5,0.3893805309734513,-3.83801464600326
EOS,52,39,189,572,-29.97307785174882,13.808317651267004,52.5,39.5,0.3304195804195804,-2.170653848551825
EOS,52,40,30,75,-24.952579267130247,20.37108865701889,52.5,40.5,0.4,-1.2249016087087126
EOS,52,41,35,99,12.967967678306447,18.50323647492115,52.5,41.5,0.35353535353535354,0.7008486161803599
EOS,52,42,52,131,-1.5569712630913983,16.848479375735117,52.5,42.5,0.3969465648854962,-0.09241019491252848
EOS,52,44,18,38,0.033627617636069786,0.019721174703203004,52.5,44.5,0.47368421052631576,1.7051528695503202
EOS,52,47,145,314,-91.62211909019555,37.73073102445331,52.5,47.5,0.46178343949044587,-2.4283155031058157
EOS,52,48,38,87,-3.5921894767927522,2.352529928184379,52.5,48.5,0.4367816091954023,-1.526947408301458
EOS,52,49,24,59,18.133321375061538,6.107692843832801,52.5,49.5,0.4067796610169492,2.968931450665783
EOS,52,50,9,22,-0.6253015148435429,0.7587888787204355,52.5,50.5,0.4090909090909091,-0.8240783864650261
EOS,52,51,10,22,0.010925220307774222,0.12120635777546451,52.5,51.5,0.45454545454545453,0.09013735342178383
EOS,52,52,2,8,-10.903302342651914,0.5871008953735641,52.5,52.5,0.25,-18.571428571428587
EOS,52,53,2,4,-5.928055211859338,0.5736827624379999,52.5,53.5,0.5,-10.333333333333343
EOS,52,55,22,48,-31.07461797654293,18.343402490690714,52.5,55.5,0.4583333333333333,-1.6940487454447621
EOS,52,56,145,286,-22.895834604478853,9.126859402531045,52.5,56.5,0.506993006993007,-2.508621377264716
EOS,52,58,64,92,13.140590393991658,34.467676205792394,52.5,58.5,0.6956521739130435,0.3812438736958816
EOS,52,59,25,42,-1.8379965946676555,1.8454240578752372,52.5,59.5,0.5952380952380952,-0.9959751997510353
EOS,52,60,243,423,56.097651307841424,89.70632825111232,52.5,60.5,0.574468085106383,0.6253477586420536
EOS,52,63,22,44,0.01660632627997099,0.017778446507516366,52.5,63.5,0.5,0.9340707171996255
EOS,52,67,80,129,-3.2450915978403208,7.69730489345931,52.5,67.5,0.6201550387596899,-0.42158802889538616
EOS,52,68,773,1414,16.13644704084363,35.97781941159702,52.5,68.5,0.5466760961810466,0.44851097995233813
EOS,52,69,76,183,3.6085070983381273,2.283457999400362,52.5,69.5,0.41530054644808745,1.5802817916010388
EOS,52,70,198,450,28.365066321140585,9.483118510155823,52.5,70.5,0.44,2.9911116570739242
EOS,52,76,54,127,111.3113945840094,27.731003902831958,52.5,76.5,0.4251968503937008,4.013969165127917
EOS,52,77,9,21,6.666094718637554,4.160736520275507,52.5,77.5,0.42857142857142855,1.6021429586212184
EOS,52,78,74,153,134.12215400599274,49.82364691828562,52.5,78.5,0.48366013071895425,2.6919377103398867
EOS,52,79,7,19,18.323097448363253,4.69836634656636,52.5,79.5,0.3684210526315789,3.8998869174503734
EOS,52,80,47,189,5.906232877662821,3.1185774249076124,52.5,80.5,0.24867724867724866,1.8938868826826682
EOS,52,81,87,301,11.781901324042295,2.4765325602436508,52.5,81.5,0.28903654485049834,4.7574183005626
EOS,52,83,174,403,6.74441386202256,12.132312789958943,52.5,83.5,0.4317617866004963,0.5559050429036444
EOS,52,84,317,874,3.9014259374813025,5.027716913687313,52.5,84.5,0.36270022883295194,0.7759836133295754
EOS,52,85,51,138,10.49451135649303,37.273538382045174,52.5,85.5,0.3695652173913043,0.28155393375661597
EOS,52,86,5,40,-0.027591409747329435,0.03390470448940657,52.5,86.5,0.125,-0.813792957728043
EOS,52,87,37,141,-0.78678313360945,0.364337003954057,52.5,87.5,0.2624113475177305,-2.159492791208942
EOS,52,88,927,4342,-8.92783238674711,1.8365649180160397,52.5,88.5,0.2134960847535698,-4.861158077870427
EOS,52,89,352,1336,-0.08106534627070255,0.052994788711151666,52.5,89.5,0.2634730538922156,-1.5296852434406256
EOS,52,90,280,840,-0.00026532309947430676,0.0002468067178670812,52.5,90.5,0.3333333333333333,-1.0750238152642086
EOS,52,91,1093,3480,0.18776867434766972,0.0610962784242491,52.5,91.5,0.31408045977011495,3.0733242546103163
EOS,52,92,1114,3740,-0.24774081430856296,0.21260328210217305,52.5,92.5,0.2978609625668449,-1.1652727646485885
EOS,52,94,558,1454,-0.07595533679541328,0.02888027832077064,52.5,94.5,0.38376891334250346,-2.6300070917525176
EOS,52,95,64,120,3.911853077008348e-05,9.278591846537438e-05,52.5,95.5,0.5333333333333333,0.4215998657671491
EOS,52,96,334,1130,-0.07196125136361055,0.02945965010412957,52.5,96.5,0.29557522123893804,-2.442705568778063
EOS,52,97,810,2121,0.0011764147224920475,0.0011519389370603476,52.5,97.5,0.38189533239038187,1.021247467764359
EOS,52,98,389,845,9.683783422145024e-05,2.5606317482863616e-05,52.5,98.5,0.4603550295857988,3.7817946405708875
EOS,52,103,34,119,19.294656117835167,25.036376909931338,52.5,103.5,0.2857142857142857,0.7706648684531281
EOS,52,104,191,687,34.8198540071708,31.936479625996355,52.5,104.5,0.2780203784570597,1.0902846655279868
EOS,52,105,1186,4524,-0.3001129589844828,1.0671474415481126,52.5,105.5,0.26215738284703805,-0.28122914163492574
EOS,52,106,821,4438,35.20757646069094,11.48793250859673,52.5,106.5,0.18499324019828753,3.0647443684356745
EOS,52,107,434,1902,-1.0428956077899914,0.6393411506057591,52.5,107.5,0.22818086225026288,-1.6312036333057474
EOS,52,108,1236,4600,-1.4450169737474727,0.8693518717472862,52.5,108.5,0.26869565217391306,-1.6621773308466836
EOS,52,109,213,742,0.2836289632028333,0.15338120269844735,52.5,109.5,0.28706199460916443,1.8491768105408424
EOS,52,113,81,185,-40.669802631106066,19.548686977462644,52.5,113.5,0.43783783783783786,-2.080436536632542
EOS,52,114,1019,2577,-0.49243732303033494,0.401169693754038,52.5,114.5,0.3954210322079938,-1.2275037987596695
EOS,52,127,371,1028,4.004307922163769,4.291809551720176,52.5,127.5,0.36089494163424124,0.9330115593220638
EOS,52,128,118,434,1.8868563031369194,1.2820615055331792,52.5,128.5,0.271889400921659,1.4717361803576032
EOS,52,129,341,1223,-1.7904366593171854,3.7803608551098224,52.5,129.5,0.2788225674570728,-0.4736152785248253
EOS,52,130,603,2469,16.03394659463118,5.792381284767353,52.5,130.5,0.244228432563791,2.768109661012271
EOS,52,131,115,475,-1.7316315998152578,0.3991175447887965,52.5,131.5,0.24210526315789474,-4.338650661753284
EOS,52,132,150,598,-0.2980692984253785,0.246556949813573,52.5,132.5,0.2508361204013378,-1.2089267759467137
EOS,52,134,432,1396,-0.14301115194395225,0.02757590347408361,52.5,134.5,0.30945558739255014,-5.186091258201459
EOS,52,135,19,70,-1.2821287622463855e-06,1.9000000000000003e-07,52.5,135.5,0.2714285714285714,-6.748046117086238
EOS,52,136,170,960,-0.504701747649075,0.77327952871878,52.5,136.5,0.17708333333333334,-0.6526769801927872
EOS,52,137,17,109,0.003623742156895696,0.010264728124924821,52.5,137.5,0.1559633027522936,0.35302855689830914
EOS,52,138,12,65,-0.4469362503093062,0.2074022010198553,52.5,138.5,0.18461538461538463,-2.15492530026969
EOS,52,139,27,234,3.0214613091804274,1.2527305855038364,52.5,139.5,0.11538461538461539,2.4119003272880293
EOS,52,140,3,22,0.1016295326278549,0.02034050935380429,52.5,140.5,0.13636363636363635,4.996410407433927
EOS,52,142,37,455,1.8298842892019982,0.25060127218477557,52.5,142.5,0.08131868131868132,7.301975258340954
EOS,52,156,144,701,40.303359154394144,11.84369451408775,52.5,156.5,0.20542082738944364,3.402938087136105
EOS,52,157,355,1284,31.232958228865186,16.33416440906454,52.5,157.5,0.2764797507788162,1.912124639294842
EOS,52,158,10,19,-10.130369941574804,2.514529130719844,52.5,158.5,0.5263157894736842,-4.028734373291887
EOS,53,-128,168,279,77.59885978974143,31.64934090452724,53.5,-127.5,0.6021505376344086,2.451831778229587
EOS,53,-127,2785,5235,-18.30923427160418,175.10932501426785,53.5,-126.5,0.5319961795606495,-0.10455887640542472
EOS,53,-126,881,1933,34.420255819819914,13.93219877090861,53.5,-125.5,0.45576823590274185,2.470554460627692
EOS,53,-125,84,195,-7.544344586879873,1.6772444182502393,53.5,-124.5,0.4307692307692308,-4.498059140808112
EOS,53,-124,56,123,-1.9010082135552449,0.6075767781666279,53.5,-123.5,0.45528455284552843,-3.1288361930019213
EOS,53,-123,141,299,-30.637970285571235,49.99124109707066,53.5,-122.5,0.47157190635451507,-0.6128667665217563
EOS,53,-122,753,1178,-47.167497027517655,26.23911979341264,53.5,-121.5,0.6392190152801358,-1.797602107040157
EOS,53,-121,1023,1585,23.87221019628863,11.100438254231916,53.5,-120.5,0.6454258675078864,2.1505646578582267
EOS,53,-120,2934,4954,1.6854740230990055,2.4619620140296865,53.5,-119.5,0.5922486879289464,0.6846060229581925
EOS,53,-119,3452,5895,0.5995315616604616,1.370351396910605,53.5,-118.5,0.5855810008481764,0.4375020618887085
EOS,53,-118,632,1128,22.748076176119973,38.17648849375309,53.5,-117.5,0.5602836879432624,0.5958661226750148
EOS,53,-117,25,69,20.378888184542674,8.30825540577217,53.5,-116.5,0.36231884057971014,2.452848063672238
EOS,53,-116,10,21,15.16896236737872,9.269403802167943,53.5,-115.5,0.47619047619047616,1.636455018156721
EOS,53,-115,8,21,-0.0029514752406588087,0.0026293643647425924,53.5,-114.5,0.38095238095238093,-1.1225052260673465
EOS,53,-114,36,71,37.494081095268015,14.53438773391489,53.5,-113.5,0.5070422535211268,2.5796808081415374
EOS,53,-113,144,343,27.586252072298258,13.55132685582149,53.5,-112.5,0.4198250728862974,2.0356864213962584
EOS,53,-110,9,21,-0.004806970152462085,0.03731912961710513,53.5,-109.5,0.42857142857142855,-0.12880713461920673
EOS,53,-109,59,131,1.1072342513702862,0.28751040841027997,53.5,-108.5,0.45038167938931295,3.8511101476029097
EOS,53,-108,2,2,0.0,0.0925682206874402,53.5,-107.5,1.0,0.0
EOS,53,-107,851,2627,-1.6130741503229409,1.5126521066589476,53.5,-106.5,0.323943661971831,-1.066388063204962
EOS,53,-106,161,438,-5.5207247221955935,8.092083564450524,53.5,-105.5,0.3675799086757991,-0.6822377300265147
EOS,53,-105,57,163,0.5857947026769027,0.443973784664972,53.5,-104.5,0.3496932515337423,1.3194353426046326
EOS,53,-104,14,47,-5.485021186384157,0.9771795933361815,53.5,-103.5,0.2978723404255319,-5.613114747574483
EOS,53,-103,53,212,0.06799054125495436,0.021080707820366355,53.5,-102.5,0.25,3.2252494477091416
EOS,53,-94,865,3248,-3.4391816881973942,0.9948978152957227,53.5,-93.5,0.2663177339901478,-3.4568190173129834
EOS,53,-93,621,2267,-3.221421153831085,0.7642746772274308,53.5,-92.5,0.27393030436700483,-4.215004434685023
EOS,53,-91,51,205,1.2387465893246454,0.42304587292180384,53.5,-90.5,0.24878048780487805,2.9281613853578863
EOS,53,-88,409,1506,0.6389744161803066,0.30620019368265416,53.5,-87.5,0.27158034528552455,2.086786453317987
EOS,53,-10,20,233,-12.790006456586022,7.9361409751272385,53.5,-9.5,0.08583690987124463,-1.611615330003757
EOS,53,-9,3,21,-1.98982514030976,0.36262651506695237,53.5,-8.5,0.14285714285714285,-5.487257709057417
EOS,53,-8,4,57,-1.874319004560687,1.5577329944090041,53.5,-7.5,0.07017543859649122,-1.203235093105153
EOS,53,-7,40,462,-47.50281650523578,3.8286664893202085,53.5,-6.5,0.08658008658008658,-12.407144011561595
EOS,53,-5,37,114,-1.6092360835863802,1.2514230928565013,53.5,-4.5,0.32456140350877194,-1.2859248744668232
EOS,53,-4,111,608,-11.714155298150281,21.643012183001794,53.5,-3.5,0.1825657894736842,-0.5412442223430647
EOS,53,-3,423,2759,-958.6468468389949,99.43993057428574,53.5,-2.5,0.15331641899238854,-9.64046174713332
EOS,53,-2,413,2753,-492.0994032835504,62.67044744523388,53.5,-1.5,0.15001816200508536,-7.852176318249261
EOS,53,-1,11,40,-19.887956338765107,7.457799477888615,53.5,-0.5,0.275,-2.6667325124160626
EOS,53,5,50,219,-124.6057566898233,20.32589246525765,53.5,5.5,0.228310502283105,-6.130395351781361
EOS,53,6,73,283,-17.93351598672845,24.06064461335984,53.5,6.5,0.2579505300353357,-0.7453464474834037
EOS,53,7,72,250,-9.956626475475325,25.02108056506751,53.5,7.5,0.288,-0.3979295158569608
EOS,53,8,95,325,-5.011564561963581,18.070645952844753,53.5,8.5,0.2923076923076923,-0.2773317885282701
EOS,53,9,173,602,47.34643359583471,37.648967030765895,53.5,9.5,0.287375415282392,1.257575899948178
EOS,53,10,160,452,114.01473023486538,62.02635619350029,53.5,10.5,0.35398230088495575,1.8381658577392448
EOS,53,11,354,1082,-1105.968071558478,122.63532550056125,53.5,11.5,0.32717190388170053,-9.018348237298204
EOS,53,12,254,1105,-105.41486396903109,27.021808786584415,53.5,12.5,0.22986425339366515,-3.901103171944828
EOS,53,13,425,1735,-137.08460118902815,26.75886021384179,53.5,13.5,0.24495677233429394,-5.122961146084885
EOS,53,14,111,414,-5.524217114080619,28.408747912257045,53.5,14.5,0.26811594202898553,-0.1944547901633207
EOS,53,15,260,987,65.76752763584189,43.95731241191722,53.5,15.5,0.2634245187436677,1.496168078237916
EOS,53,16,679,2662,112.20627165948014,72.62423079276807,53.5,16.5,0.25507137490608567,1.5450252682146637
EOS,53,17,371,2138,-5.902264399524993,21.12842539984542,53.5,17.5,0.1735266604303087,-0.27935183468845604
EOS,53,18,382,2235,11.801146609187105,19.155181834159787,53.5,18.5,0.17091722595078299,0.6160811581616993
EOS,53,19,400,1875,203.5573035181271,58.45655265325147,53.5,19.5,0.21333333333333335,3.4821982186594926
EOS,53,20,342,1615,75.16493898972003,45.09790510059783,53.5,20.5,0.21176470588235294,1.6667057776198928
EOS,53,21,444,2302,19.61290698423014,22.493089253969476,53.5,21.5,0.19287576020851432,0.8719525700885637
EOS,53,22,354,1966,10.951533715932655,33.45382828342682,53.5,22.5,0.18006103763987794,0.327362645110428
EOS,53,23,464,2195,18.206396226857702,39.58078673350554,53.5,23.5,0.21138952164009112,0.45998065549934614
EOS,53,24,92,548,-17.035982280607872,7.735257003919255,53.5,24.5,0.1678832116788321,-2.2023808998170558
EOS,53,25,64,321,-18.581966040545847,5.279447868330259,53.5,25.5,0.19937694704049844,-3.519679804400228
EOS,53,26,263,794,-50.77523753501837,6.376296298631537,53.5,26.5,0.33123425692695213,-7.963123913472404
EOS,53,27,86,287,-247.4569241424216,70.17482010235753,53.5,27.5,0.29965156794425085,-3.526292248152244
EOS,53,28,49,160,-133.2313535558299,38.43573424843348,53.5,28.5,0.30625,-3.466340793561398
EOS,53,29,29,113,-20.05055977442921,4.265237180898771,53.5,29.5,0.25663716814159293,-4.70092492493094
EOS,53,30,89,248,-54.71049186996763,18.813097737203872,53.5,30.5,0.3588709677419355,-2.908106502937834
EOS,53,31,73,173,-0.11913938736048083,0.1551103888979169,53.5,31.5,0.42196531791907516,-0.7680941825172669
EOS,53,32,135,383,-1.8284058039684281,1.164964293518114,53.5,32.5,0.3524804177545692,-1.5694951460244033
EOS,53,33,42,109,-2.184720176061894,1.511319911031789,53.5,33.5,0.3853211009174312,-1.4455709609293572
EOS,53,34,57,148,-83.09928590017023,24.65507536838423,53.5,34.5,0.38513513513513514,-3.370473813547143
EOS,53,35,389,863,-4.776795929766909,21.246249544464195,53.5,35.5,0.4507531865585168,-0.22483007741060465
EOS,53,36,2,4,-5.724162710209336,0.7805676423012722,53.5,36.5,0.5,-7.333333333333343
EOS,53,37,12,23,-0.21240354948437484,0.5798958614998405,53.5,37.5,0.5217391304347826,-0.3662787813919125
EOS,53,40,9,20,-2.4376742623860532,5.686604047296823,53.5,40.5,0.45,-0.42866959649578956
EOS,53,41,20,55,-39.87073341307618,15.45356669066828,53.5,41.5,0.36363636363636365,-2.580034383722713
EOS,53,43,14,40,-47.657200553507764,11.643861664990316,53.5,43.5,0.35,-4.092903361845925
EOS,53,44,20,46,-18.61252623370609,16.460982608428136,53.5,44.5,0.43478260869565216,-1.1307056617735778
EOS,53,45,82,186,-52.654135644507775,71.18105544337539,53.5,45.5,0.44086021505376344,-0.7397211985202187
EOS,53,46,251,556,-88.65480992530411,75.22450449314192,53.5,46.5,0.45143884892086333,-1.1785363097125698
EOS,53,47,37,90,-1.627540937912765,0.7874173879374736,53.5,47.5,0.4111111111111111,-2.0669354815441325
EOS,53,48,46,134,-91.02750080362735,10.96907399027638,53.5,48.5,0.34328358208955223,-8.29855837277781
EOS,53,49,544,1589,73.79578853924336,93.07535082194467,53.5,49.5,0.34235368156073004,0.7928607078840502
EOS,53,50,176,493,19.644259707119232,51.245527056395346,53.5,50.5,0.35699797160243407,0.3833360848352845
EOS,53,51,67,176,-97.78826492038004,22.58504014334575,53.5,51.5,0.3806818181818182,-4.329780434292984
EOS,53,54,39,119,-20.56256907941177,5.429195917118319,53.5,54.5,0.3277310924369748,-3.787405979323337
EOS,53,55,17,37,-30.8667919321519,10.955798020017102,53.5,55.5,0.4594594594594595,-2.817393299489079
EOS,53,56,266,697,7.4338450383878705,14.087768069530153,53.5,56.5,0.381635581061693,0.5276808222351577
EOS,53,57,184,489,0.31825529729884494,0.18185694979147013,53.5,57.5,0.37627811860940696,1.7500309867936237
EOS,53,58,158,341,1.0299832065220444,13.357631147984474,53.5,58.5,0.4633431085043988,0.07710822339015239
EOS,53,59,206,364,88.13926421406131,60.408602088484,53.5,59.5,0.5659340659340659,1.4590515450921806
EOS,53,60,696,1159,-31.194738231628335,50.26091949251306,53.5,60.5,0.6005176876617774,-0.6206559399748973
EOS,53,61,41,64,-6.7007110949555155,9.146372979387726,53.5,61.5,0.640625,-0.7326085553318505
EOS,53,67,338,617,17.73619980606126,15.706650544938308,53.5,67.5,0.5478119935170178,1.1292159175068044
EOS,53,68,996,1951,73.68593198179182,46.629161730193815,53.5,68.5,0.5105074320861097,1.5802542710965768
EOS,53,69,36,81,11.828997905199554,21.332276461980708,53.5,69.5,0.4444444444444444,0.5545117477865852
EOS,53,70,394,859,25.849551528054757,11.972159936681392,53.5,70.5,0.4586728754365541,2.1591385067329876
EOS,53,75,20,44,-90.72424730207163,19.18575864143722,53.5,75.5,0.45454545454545453,-4.728728688691322
EOS,53,76,21,45,28.195788860236867,19.445736302211156,53.5,76.5,0.4666666666666667,1.449972807511061
EOS,53,77,129,310,-3.3762949123835555,27.393604720774842,53.5,77.5,0.4161290322580645,-0.12325120942637502
EOS,53,78,14,32,6.391617200112194,7.457109619456707,53.5,78.5,0.4375,0.8571172379490727
EOS,53,79,146,328,12.11136286888998,21.709772748439953,53.5,79.5,0.4451219512195122,0.5578760777106841
EOS,53,80,102,301,7.786483581162053,5.383071468738493,53.5,80.5,0.3388704318936877,1.4464759805588823
EOS,53,81,115,332,69.66400504174361,26.819515164562475,53.5,81.5,0.3463855421686747,2.5975117228738345
EOS,53,82,732,1880,4.166719996593649,5.060803937478843,53.5,82.5,0.3893617021276596,0.8233316382276997
EOS,53,83,220,516,0.3305246294486286,1.2604280369772092,53.5,83.5,0.4263565891472868,0.26223205113820003
EOS,53,84,147,275,0.6048185774113235,0.6729636704047831,53.5,84.5,0.5345454545454545,0.8987388235200411
EOS,53,85,10,24,-5.636751499998372,0.7491352548474476,53.5,85.5,0.4166666666666667,-7.52434418688015
EOS,53,86,511,1846,-134.39541169284024,34.43061053471591,53.5,86.5,0.2768147345612134,-3.90336998402428
EOS,53,87,136,685,-235.8154971324314,53.749899247814334,53.5,87.5,0.19854014598540146,-4.387273286694031
EOS,53,88,313,1194,-0.7008803561365642,4.678295674046414,53.5,88.5,0.26214405360134,-0.14981531843419155
EOS,53,89,116,274,0.060447577085629464,0.16465945239207896,53.5,89.5,0.4233576642335766,0.36710663255271053
EOS,53,90,32,89,-7.001085363602122,9.687260143489256,53.5,90.5,0.3595505617977528,-0.7227105765614755
EOS,53,91,219,641,-64.72689555768635,99.33781045141865,53.5,91.5,0.3416536661466459,-0.6515836745701292
EOS,53,92,77,237,-0.5454503450107883,3.3879208890927583,53.5,92.5,0.32489451476793246,-0.16099854833294316
EOS,53,93,8,23,0.6184987787299503,0.32028744400129494,53.5,93.5,0.34782608695652173,1.931074072099591
EOS,53,94,18,44,0.27555019805542863,0.31416999073127094,53.5,94.5,0.4090909090909091,0.8770735785873444
EOS,53,100,381,1117,-2.4439245572057096,0.6625028410876852,53.5,100.5,0.3410922112802149,-3.6889269081372063
EOS,53,101,16,44,-0.032435938670308605,0.018532919753205146,53.5,101.5,0.36363636363636365,-1.7501796318250946
EOS,53,102,0,2,0.0,0.0,53.5,102.5,0.0,
EOS,53,103,11,34,6.078606899449117,9.070414610731657,53.5,103.5,0.3235294117647059,0.6701575573245809
EOS,53,104,171,751,-0.30854860650290733,0.1371618892824373,53.5,104.5,0.22769640479360853,-2.2495214094606015
EOS,53,105,83,276,-0.1755218843187087,0.06090810081906586,53.5,105.5,0.3007246376811594,-2.8817494218070525
EOS,53,106,350,1319,-1.7375055775469037,0.9245836410961219,53.5,106.5,0.265352539802881,-1.879230283035333
EOS,53,107,595,3109,-7.829670712226781,2.7385405212567915,53.5,107.5,0.19137986490833064,-2.8590669560856194
EOS,53,108,545,2546,-2.3311549022730773,0.8512781460943643,53.5,108.5,0.21406127258444618,-2.7384174173486517
EOS,53,109,1003,3609,0.24522414316479715,0.979118642688027,53.5,109.5,0.27791632031033525,0.25045396183201063
EOS,53,114,35,96,-0.0074017967272804784,0.003095687714667623,53.5,114.5,0.3645833333333333,-2.3910023909098315
EOS,53,122,154,416,-1.0350333786553276,0.8245443675735786,53.5,122.5,0.3701923076923077,-1.2552791812782178
EOS,53,125,717,2035,-17.66417131025801,10.758458443133518,53.5,125.5,0.35233415233415233,-1.6418868375637956
EOS,53,126,141,361,-3.448204383076942,2.386184347004614,53.5,126.5,0.39058171745152354,-1.4450704059832955
EOS,53,127,540,1334,-1.1969568758141402,5.080926506010984,53.5,127.5,0.4047976011994003,-0.2355784667221779
EOS,53,128,535,1508,-11.198249759102284,4.8035636713521646,53.5,128.5,0.3547745358090186,-2.3312379152767777
EOS,53,129,132,359,-1.6961641837566623,1.2434614487750952,53.5,129.5,0.36768802228412256,-1.3640665622786408
EOS,53,130,6,21,0.033402351326804844,0.0575339641161774,53.5,130.5,0.2857142857142857,0.5805675280666567
EOS,53,132,178,541,-2.1672508915931563,0.562552228030432,53.5,132.5,0.3290203327171904,-3.8525327669236713
EOS,53,133,7,22,-0.42189556106188836,0.06537987150127801,53.5,133.5,0.3181818181818182,-6.452988532619575
EOS,53,139,220,1678,-0.49344561785756985,2.1608995159142967,53.5,139.5,0.13110846245530394,-0.22835194983547785
EOS,53,140,5,46,14.562846185853344,4.876206323551744,53.5,140.5,0.10869565217391304,2.9865114844537626
EOS,53,157,216,617,3.820481380475307e-06,2.16e-06,53.5,157.5,0.3500810372771475,1.7687413798496792
EOS,53,158,323,919,0.33703263588100274,4.606600619037716,53.5,158.5,0.3514689880304679,0.07316298150270434
EOS,54,-130,262,550,38.09566948377131,13.689886773631043,54.5,-129.5,0.4763636363636364,2.7827600120951903
EOS,54,-129,116,219,88.30404104647553,20.49173167884712,54.5,-128.5,0.5296803652968036,4.309252259906791
EOS,54,-128,29,67,-0.00491114899208462,0.08571123511257966,54.5,-127.5,0.43283582089552236,-0.0572987775247194
EOS,54,-127,127,255,15.135153626171363,4.2436841312550735,54.5,-126.5,0.4980392156862745,3.566512765335135
EOS,54,-125,28,61,-2.5907333866330395,1.4722089165710248,54.5,-124.5,0.45901639344262296,-1.7597593367843545
EOS,54,-124,211,520,-19.627529352320366,21.672175679832606,54.5,-123.5,0.40576923076923077,-0.9056556961461456
EOS,54,-122,477,866,2.828428868956946,2.746527074799566,54.5,-121.5,0.5508083140877598,1.0298201299047296
EOS,54,-121,835,1488,4.595053364948073,2.6716537209586337,54.5,-120.5,0.5611559139784946,1.7199284955609035
EOS,54,-120,265,473,-0.03841258106221292,0.024107385623397364,54.5,-119.5,0.5602536997885835,-1.5933947240190027
EOS,54,-116,19,47,-0.48117156914301484,0.38947834890479327,54.5,-115.5,0.40425531914893614,-1.2354257187750266
EOS,54,-115,63,214,-2.476265091630244,2.809119532136972,54.5,-114.5,0.29439252336448596,-0.8815093353277434
EOS,54,-113,39,112,0.07928622794595463,0.31408415869803774,54.5,-112.5,0.3482142857142857,0.2524362523554741
EOS,54,-112,300,731,52.838366819117596,18.456788949036692,54.5,-111.5,0.4103967168262654,2.862814705473206
EOS,54,-111,28,63,1.1562544699891495,1.305554191282316,54.5,-110.5,0.4444444444444444,0.8856426471684609
EOS,54,-110,467,1098,17.23286217540541,18.12215186102615,54.5,-109.5,0.42531876138433516,0.9509280303773822
EOS,54,-109,462,1076,8.185202473940292,9.184106856512072,54.5,-108.5,0.42936802973977695,0.8912355443835567
EOS,54,-107,440,1852,-2.48862802264151,2.937772526124645,54.5,-106.5,0.23758099352051837,-0.8471139274776924
EOS,54,-106,145,462,1.2141383751260502,0.4359284450240434,54.5,-105.5,0.31385281385281383,2.7851781387174337
EOS,54,-105,510,1453,2.652001673992524,3.257241402149056,54.5,-104.5,0.3509979353062629,0.8141864070138589
EOS,54,-104,567,2025,-0.3808630123566672,3.3920070405315856,54.5,-103.5,0.28,-0.1122824946427527
EOS,54,-103,64,239,-2.3705195154659187,1.0463026963680757,54.5,-102.5,0.26778242677824265,-2.265615412914888
EOS,54,-102,10,127,-0.30554599343742483,0.03136097064970436,54.5,-101.5,0.07874015748031496,-9.742874251256799
EOS,54,-91,178,786,-0.3021366168452095,0.5768437479192224,54.5,-90.5,0.22646310432569974,-0.5237754902173591
EOS,54,-88,5,21,0.0028146148701415643,0.0012722624959225852,54.5,-87.5,0.23809523809523808,2.2122910006087517
EOS,54,-87,8,44,-6.880743304738175e-05,0.0005360494593424461,54.5,-86.5,0.18181818181818182,-0.12836023215429695
EOS,54,-10,20,167,6.28828334245808,3.356782141895978,54.5,-9.5,0.11976047904191617,1.8733069578671946
EOS,54,-9,9,84,-1.500456718476328,0.18332046541672894,54.5,-8.5,0.10714285714285714,-8.184883859341346
EOS,54,-8,23,502,-11.35244194365527,6.994501956044991,54.5,-7.5,0.045816733067729085,-1.6230522223021089
EOS,54,-7,16,722,-95.9260371177628,4.295723970501149,54.5,-6.5,0.0221606648199446,-22.330586829249143
EOS,54,-6,4,294,-19.593656789929796,1.0757868332535498,54.5,-5.5,0.013605442176870748,-18.213326454899832
EOS,54,-5,7,44,6.228996721442677,1.391736451641609,54.5,-4.5,0.1590909090909091,4.475701354301186
EOS,54,-4,70,542,-29.79419899363151,7.212014941154378,54.5,-3.5,0.12915129151291513,-4.131189305171151
EOS,54,-3,667,4639,169.98388679937554,64.32912953317755,54.5,-2.5,0.14378098728174177,2.6424092480795482
EOS,54,-2,273,2107,327.9373242072284,70.88529001418107,54.5,-1.5,0.12956810631229235,4.626309974066868
EOS,54,-1,44,387,-64.88183729248672,7.207676036646113,54.5,-0.5,0.11369509043927649,-9.00176935847378
EOS,54,8,6,23,-3.3900144754554438,3.9007605571085655,54.5,8.5,0.2608695652173913,-0.869065000485005
EOS,54,9,72,271,-22.811200205898736,21.178858507063076,54.5,9.5,0.2656826568265683,-1.0770741113498294
EOS,54,10,27,88,-46.37487032384706,11.576578424783227,54.5,10.5,0.3068181818181818,-4.005922010994837
EOS,54,11,1,7,-37.325585729449315,0.5598837859417396,54.5,11.5,0.14285714285714285,-66.66666666666669
EOS,54,12,21,62,-36.83943781809715,6.07776462204003,54.5,12.5,0.3387096774193548,-6.061346582015514
EOS,54,13,6,60,55.090950272013764,5.216879459573726,54.5,13.5,0.1,10.560134789182051
EOS,54,16,56,243,72.09376081496306,11.69157534388825,54.5,16.5,0.23045267489711935,6.1662999804940695
EOS,54,17,301,1423,112.5796372537973,20.43854435395632,54.5,17.5,0.21152494729444835,5.5082023114823775
EOS,54,18,197,907,91.27099650801257,42.96657088870572,54.5,18.5,0.21719955898566704,2.1242327376887378
EOS,54,19,42,227,84.15711443123398,14.22084644020995,54.5,19.5,0.18502202643171806,5.917869571622456
EOS,54,20,154,655,201.94384476626126,40.881413646749714,54.5,20.5,0.23511450381679388,4.9397471063801355
EOS,54,21,169,824,88.83825953867762,20.381382334052354,54.5,21.5,0.20509708737864077,4.358794613761325
EOS,54,22,288,1574,-21.256271448156465,41.54494599350125,54.5,22.5,0.18297331639135958,-0.5116451818587396
EOS,54,23,188,1125,-20.43548782675225,22.651710282738126,54.5,23.5,0.1671111111111111,-0.902160921699817
EOS,54,24,206,1262,29.7804242724864,11.805255761185498,54.5,24.5,0.16323296354992076,2.522641175670371
EOS,54,25,79,509,-55.169211239480994,21.091938517747153,54.5,25.5,0.15520628683693516,-2.615653899856601
EOS,54,26,139,543,-43.99115863019135,18.562918989687176,54.5,26.5,0.2559852670349908,-2.36984057596928
EOS,54,27,12,42,-21.670549478281927,7.496587926190692,54.5,27.5,0.2857142857142857,-2.890721711216369
EOS,54,28,310,1075,-138.99088392207963,27.264141172075913,54.5,28.5,0.28837209302325584,-5.097937361930728
EOS,54,29,66,209,-37.13013171692732,10.620375001743032,54.5,29.5,0.3157894736842105,-3.496122473154994
EOS,54,30,102,266,-10.370459292777367,5.934586159713057,54.5,30.5,0.38345864661654133,-1.747461240545674
EOS,54,31,11,26,12.674239547616487,2.042497226939106,54.5,31.5,0.4230769230769231,6.205266465213345
EOS,54,34,10,21,-0.0851005168104062,0.021400439324663803,54.5,34.5,0.47619047619047616,-3.976578028112192
EOS,54,36,47,115,-20.8956609957344,18.32936331260097,54.5,36.5,0.40869565217391307,-1.1400101923545354
EOS,54,37,114,242,-193.5913812323377,51.57794774292003,54.5,37.5,0.47107438016528924,-3.7533750314621908
EOS,54,38,59,145,-54.370649351678594,26.814678114453212,54.5,38.5,0.4068965517241379,-2.027645050207506
EOS,54,39,64,158,-47.914580884545984,13.184300651978738,54.5,39.5,0.4050632911392405,-3.634214824838269
EOS,54,40,566,1454,-19.768342700031685,6.953111152187657,54.5,40.5,0.3892709766162311,-2.843093151734238
EOS,54,41,280,771,-16.287080039567225,23.240811051339538,54.5,41.5,0.3631647211413748,-0.7007965429256602
EOS,54,42,49,158,-7.0037337152073285,3.102466174552233,54.5,42.5,0.310126582278481,-2.2574730298931143
EOS,54,43,132,370,-25.41061016835979,5.065471087007488,54.5,43.5,0.3567567567567568,-5.016435733595616
EOS,54,45,188,545,-8.930808662949234,6.7143736008009425,54.5,45.5,0.344954128440367,-1.3301030288043396
EOS,54,46,202,444,5.780542599472689,10.355105667606544,54.5,46.5,0.45495495495495497,0.558231155241199
EOS,54,47,203,425,-3.2622981269813187,3.8552520767634104,54.5,47.5,0.4776470588235294,-0.8461958030303708
EOS,54,48,53,133,44.06646624475935,37.11459564557095,54.5,48.5,0.39849624060150374,1.1873082672266158
EOS,54,49,63,217,-22.985526646261675,15.238547906023037,54.5,49.5,0.2903225806451613,-1.5083803777114908
EOS,54,50,42,121,-56.84001335494375,10.217655331209192,54.5,50.5,0.34710743801652894,-5.562921385822192
EOS,54,51,8,22,-2.6655045778573956,2.4271245633522236,54.5,51.5,0.36363636363636365,-1.0982149899121507
EOS,54,52,43,133,-91.08357637980241,13.559889910033288,54.5,52.5,0.3233082706766917,-6.717132438693878
EOS,54,53,33,89,-122.20842926713192,18.886150562165216,54.5,53.5,0.3707865168539326,-6.470796092876284
EOS,54,54,139,424,-47.560128549455094,32.47441401098378,54.5,54.5,0.3278301886792453,-1.4645415474893217
EOS,54,55,52,156,-24.775231599415086,35.033614055646964,54.5,55.5,0.3333333333333333,-0.7071845787894566
EOS,54,56,83,232,-74.53760266974936,33.590025597715936,54.5,56.5,0.3577586206896552,-2.2190397697945725
EOS,54,57,852,2016,36.4005446562206,28.44753907072262,54.5,57.5,0.4226190476190476,1.2795674369486316
EOS,54,58,992,2239,56.72356253394536,51.381812349331476,54.5,58.5,0.44305493523894596,1.1039618872977217
EOS,54,59,896,1889,71.2448457361799,53.94377881220189,54.5,59.5,0.47432503970354684,1.320724044643023
EOS,54,60,344,656,-71.72032107524647,32.147002168522484,54.5,60.5,0.524390243902439,-2.2310111748296446
EOS,54,61,146,282,127.90072336782553,90.28917030984572,54.5,61.5,0.5177304964539007,1.4165677115971727
EOS,54,62,329,566,-116.24958251954138,73.83767416737558,54.5,62.5,0.5812720848056537,-1.5743938826678952
EOS,54,63,286,495,24.934989614247,49.479621693676016,54.5,63.5,0.5777777777777777,0.5039446293388686
EOS,54,64,257,554,34.98661028554696,18.84609602484948,54.5,64.5,0.463898916967509,1.8564380781789203
EOS,54,68,39,99,-11.446600920159856,34.40524883497811,54.5,68.5,0.3939393939393939,-0.33269926269280936
EOS,54,69,86,199,156.71638917539474,80.69542498380376,54.5,69.5,0.4321608040201005,1.9420727904568198
EOS,54,70,31,60,95.93341327330468,26.58679290194623,54.5,70.5,0.5166666666666667,3.6083108491916707
EOS,54,71,24,49,5.757969133755961,5.877148591978785,54.5,71.5,0.4897959183673469,0.9797215509600213
EOS,54,72,7,14,32.17450620430941,6.371172558249592,54.5,72.5,0.5,5.050013307620881
EOS,54,73,59,126,63.38916195530997,24.86664454591553,54.5,73.5,0.46825396825396826,2.5491642765980647
EOS,54,74,23,52,-28.087291318853012,15.238247597213284,54.5,74.5,0.4423076923076923,-1.843210063340191
EOS,54,75,357,842,-140.29106654818057,32.19824192984802,54.5,75.5,0.42399049881235157,-4.357103311846653
EOS,54,76,393,958,-154.22118934628082,58.85973624197836,54.5,76.5,0.4102296450939457,-2.620147475895268
EOS,54,77,571,1661,-129.81880135333446,36.200138975422504,54.5,77.5,0.3437688139674895,-3.586140965963496
EOS,54,78,329,864,-62.28434747337725,48.55965369724567,54.5,78.5,0.38078703703703703,-1.2826357424560886
EOS,54,79,187,405,65.0246363762876,37.334744101331076,54.5,79.5,0.4617283950617284,1.7416655167048356
EOS,54,80,142,360,23.243478939603822,13.298714967195902,54.5,80.5,0.39444444444444443,1.747798866051253
EOS,54,81,250,681,10.58694277508415,24.03791129886314,54.5,81.5,0.3671071953010279,0.4404269008008551
EOS,54,82,3,7,4.33261122120345,2.166305610601725,54.5,82.5,0.42857142857142855,2.0
EOS,54,83,214,701,104.94390347372226,45.26033483883994,54.5,83.5,0.30527817403708984,2.3186727152461355
EOS,54,84,450,1354,-6.453896871710767,24.329297353317763,54.5,84.5,0.33234859675036926,-0.2652726372646621
EOS,54,85,269,890,3.184751312692393,12.581175179332115,54.5,85.5,0.302247191011236,0.2531362346757705
EOS,54,86,251,828,13.905575337570228,59.768449081572655,54.5,86.5,0.3031400966183575,0.23265745642139288
EOS,54,87,240,1012,-30.599354680405067,7.92395899502491,54.5,87.5,0.23715415019762845,-3.8616245616133296
EOS,54,88,1861,4946,-0.26208858776394117,2.6917648622322266,54.5,88.5,0.37626364739183177,-0.09736682109246213
EOS,54,89,150,486,-13.638397492041761,7.636173148524597,54.5,89.5,0.30864197530864196,-1.7860251760630739
EOS,54,90,287,654,-5.6072944160979485,19.061849647501234,54.5,90.5,0.43883792048929665,-0.2941631856189252
EOS,54,91,162,478,12.322514485783636,16.598800075928132,54.5,91.5,0.3389121338912134,0.7423738119271621
EOS,54,92,23,101,3.623684083406567,1.5523335779552967,54.5,92.5,0.22772277227722773,2.3343462609239003
EOS,54,93,92,379,0.07419469125123984,0.07543080539613045,54.5,93.5,0.24274406332453827,0.9836126084243823
EOS,54,95,365,1161,0.022396582501061687,0.009343140882329435,54.5,95.5,0.3143841515934539,2.397114929886165
EOS,54,96,394,1367,0.05201613401183817,0.030717578351075542,54.5,96.5,0.288222384784199,1.6933670166748962
EOS,54,99,9,59,3.72254705363442,2.8474242479228447,54.5,99.5,0.15254237288135594,1.307338397623735
EOS,54,100,21,72,-33.49618914349295,5.242719940472577,54.5,100.5,0.2916666666666667,-6.389086108702883
EOS,54,101,257,671,-0.9398216826970047,0.8584958249025261,54.5,101.5,0.3830104321907601,-1.094730638676912
EOS,54,102,7,25,-4.929206483945764,6.686537215872964,54.5,102.5,0.28,-0.7371837357376061
EOS,54,107,620,2496,-0.07144438248779122,0.06958492686473725,54.5,107.5,0.2483974358974359,-1.0267221035766623
EOS,54,108,944,3633,-2.267577712422126,2.2884954420786254,54.5,108.5,0.25984035232590147,-0.9908596148928748
EOS,54,109,1217,3923,1.677412733837809,0.8023901169530333,54.5,109.5,0.31022176905429516,2.090520182635791
EOS,54,110,567,1786,0.0035854342178670917,0.003250274240950375,54.5,110.5,0.31746920492721165,1.1031174455047572
EOS,54,111,171,691,0.049407086894947085,0.03997496882781514,54.5,111.5,0.24746743849493488,1.2359506046836224
EOS,54,125,592,1671,-1.282888088017135,4.169274210038382,54.5,125.5,0.3542788749251945,-0.307700578898917
EOS,54,126,126,323,-0.42332322080356044,0.23477265247711548,54.5,126.5,0.39009287925696595,-1.8031198111748725
EOS,54,127,270,718,-1.1796092170478658,0.5850151619397003,54.5,127.5,0.37604456824512533,-2.0163737519839744
EOS,54,132,196,726,-4.481006629320629,0.8503202337424088,54.5,132.5,0.2699724517906336,-5.269787136075701
EOS,54,133,18,66,-0.3055383962245591,0.08174918511337019,54.5,133.5,0.2727272727272727,-3.7375099923116895
EOS,54,139,26,112,-0.79329596683457,0.3919344423533916,54.5,139.5,0.23214285714285715,-2.024052701444613
EOS,54,156,65,547,-9.552876370524782,4.318716170127072,54.5,156.5,0.11882998171846434,-2.2119713345838385
EOS,54,157,129,630,2.5082427833416654,0.5999185959163703,54.5,157.5,0.20476190476190476,4.180971885877861
EOS,54,158,268,833,140.09382940165835,69.1364704687271,54.5,158.5,0.3217286914765906,2.0263375965226316
EOS,55,-130,27,63,6.861242058566239e-07,2.7e-07,55.5,-129.5,0.42857142857142855,2.54120076243194
EOS,55,-129,283,792,0.0006704634406076959,0.00043858917033905837,55.5,-128.5,0.3573232323232323,1.5286821607778946
EOS,55,-128,16,37,3.626956206000426e-07,1.6e-07,55.5,-127.5,0.43243243243243246,2.2668476287502664
EOS,55,-127,27,59,-5.388622179154851e-07,2.7e-07,55.5,-126.5,0.4576271186440678,-1.9957859922795742
EOS,55,-123,227,459,-3.0569192878665484e-07,2.2700000000000003e-06,55.5,-122.5,0.49455337690631807,-0.13466604792363648
EOS,55,-122,218,382,-1.5062429963598545e-06,2.1800000000000003e-06,55.5,-121.5,0.5706806282722513,-0.6909371542935111
EOS,55,-117,38,129,8.025754596821783e-07,6.881023120061035e-07,55.5,-116.5,0.29457364341085274,1.1663606496864372
EOS,55,-116,41,109,8.739239770962513e-07,4.1e-07,55.5,-115.5,0.3761467889908257,2.1315218953567103
EOS,55,-115,26,64,3.9142656984215896e-07,7.848638203632672e-07,55.5,-114.5,0.40625,0.4987190894606286
EOS,55,-113,9,21,7.519149321623787e-08,9e-08,55.5,-112.5,0.42857142857142855,0.8354610357359763
EOS,55,-110,176,476,6.368943912775521e-06,1.76e-06,55.5,-109.5,0.3697478991596639,3.6187181322588184
EOS,55,-109,460,1401,1.9516097180586543e-05,7.3562807585078895e-06,55.5,-108.5,0.32833690221270523,2.6529842757857285
EOS,55,-106,87,343,4.3881942113164753e-07,8.7e-07,55.5,-105.5,0.2536443148688047,0.5043901392317788
EOS,55,-105,540,2112,1.273340386336996e-05,5.4e-06,55.5,-104.5,0.2556818181818182,2.3580377524759184
EOS,55,-104,8,22,3.2344685888695095e-07,8e-08,55.5,-103.5,0.36363636363636365,4.043085736086887
EOS,55,-103,70,238,2.850475888055666e-07,7e-07,55.5,-102.5,0.29411764705882354,0.40721084115080947
EOS,55,-102,70,260,2.12090928992859e-06,7.000000000000001e-07,55.5,-101.5,0.2692307692307692,3.0298704141836996
EOS,55,-9,1,19,0.003958916378481921,0.003864656464708626,55.5,-8.5,0.05263157894736842,1.0243902439024168
EOS,55,-8,8,87,-1.4541424318931435,0.10631764429261895,55.5,-7.5,0.09195402298850575,-13.677338710505051
EOS,55,-7,4,255,-2.634228890150237,0.17622547908985187,55.5,-6.5,0.01568627450980392,-14.948059178248146
EOS,55,-6,0,38,0.0,0.0,55.5,-5.5,0.0,
EOS,55,-5,130,1349,50.04781154073963,39.59227734638289,55.5,-4.5,0.09636767976278725,1.2640801412579503
EOS,55,-4,143,1232,-88.40123870958769,55.53688076667389,55.5,-3.5,0.11607142857142858,-1.5917573599602441
EOS,55,-3,220,1459,60.44301470288049,32.67107444423847,55.5,-2.5,0.15078821110349555,1.8500467380110783
EOS,55,-2,25,176,230.07935222138948,6.958577484436636,55.5,-1.5,0.14204545454545456,33.064135986985654
EOS,55,8,20,45,-3.5637864400190034,6.7535149278191575,55.5,8.5,0.4444444444444444,-0.5276935755837323
EOS,55,9,5,11,0.11005836303444338,1.5276435123683187,55.5,9.5,0.45454545454545453,0.07204453273513987
EOS,55,10,6,20,-1.0548680946444342,0.39707482413263256,55.5,10.5,0.3,-2.6565977758692725
EOS,55,11,3,22,-3.4434225366817657,1.3753092777533473,55.5,11.5,0.13636363636363635,-2.503744134051658
EOS,55,12,10,30,-35.519267615492005,4.863145224832367,55.5,12.5,0.3333333333333333,-7.303764533726495
EOS,55,13,28,118,36.11176411199398,11.80758168756192,55.5,13.5,0.23728813559322035,3.05835395151524
EOS,55,14,1,43,12.331201522014359,0.35841239826206156,55.5,14.5,0.023255813953488372,34.40506405974861
EOS,55,15,1,22,6.495277885850212,0.13361805285610756,55.5,15.5,0.045454545454545456,48.61078085642316
EOS,55,21,85,658,-8.11602430271848,13.160097358413035,55.5,21.5,0.12917933130699089,-0.6167146094500615
EOS,55,22,216,1096,4.517617648444013,27.89291092746717,55.5,22.5,0.19708029197080293,0.16196293245232246
EOS,55,23,99,495,64.27723735303667,11.901103098014314,55.5,23.5,0.2,5.400947863711999
EOS,55,24,105,421,19.152915215022812,11.702570282683288,55.5,24.5,0.2494061757719715,1.6366417592350688
EOS,55,25,253,1151,12.508565122334026,13.157992640580929,55.5,25.5,0.21980886185925283,0.9506438758565661
EOS,55,26,428,1690,-8.94489707732403,49.464950076416464,55.5,26.5,0.2532544378698225,-0.1808330355838914
EOS,55,27,289,1119,-34.39658457045979,35.73407132204614,55.5,27.5,0.258266309204647,-0.9625711064509688
EOS,55,28,127,384,-17.051631450874716,6.53989481715724,55.5,28.5,0.3307291666666667,-2.6073250300815562
EOS,55,29,203,630,-104.04309220806584,17.31486852372296,55.5,29.5,0.32222222222222224,-6.008887221148532
EOS,55,30,23,60,-37.12014324671415,6.6453093780608565,55.5,30.5,0.38333333333333336,-5.58591649160299
EOS,55,31,45,101,-2.010461598090298,1.57713638370496,55.5,31.5,0.44554455445544555,-1.2747544339617503
EOS,55,32,262,649,-2.17953664839934,2.636902605321655,55.5,32.5,0.4036979969183359,-0.8265518203064142
EOS,55,33,159,410,-19.471195209920605,27.131856165244137,55.5,33.5,0.3878048780487805,-0.7176506867548257
EOS,55,34,100,306,-19.4078812565672,6.61296867555515,55.5,34.5,0.32679738562091504,-2.9348212896136143
EOS,55,35,5,20,-0.028738958769638098,0.022707667707099956,55.5,35.5,0.25,-1.2656059239695652
EOS,55,36,120,350,-63.30475489618046,26.204566191386537,55.5,36.5,0.34285714285714286,-2.415790989777529
EOS,55,37,449,1413,-394.66012971981905,174.37597037141595,55.5,37.5,0.3177636234961076,-2.2632713032604435
EOS,55,38,232,696,-58.38064756302797,75.43116956343941,55.5,38.5,0.3333333333333333,-0.7739591988419118
EOS,55,39,376,1006,-8.158128819256936,3.078911297202498,55.5,39.5,0.37375745526838966,-2.649679718499659
EOS,55,40,859,2361,-6.565279928212603,15.12155034672148,55.5,40.5,0.3638288860652266,-0.4341671176352648
EOS,55,41,78,279,-24.80846783057634,14.913480169214129,55.5,41.5,0.27956989247311825,-1.663492863442325
EOS,55,42,275,896,-22.777805136212407,24.703786776955532,55.5,42.5,0.30691964285714285,-0.9220369873601831
EOS,55,43,88,275,-10.219845555727609,10.50621934837312,55.5,43.5,0.32,-0.9727424506237959
EOS,55,44,34,91,-35.36431210760955,13.53558829142626,55.5,44.5,0.37362637362637363,-2.612691177228705
EOS,55,45,30,91,-3.635504599060063,15.527594390840264,55.5,45.5,0.32967032967032966,-0.23413186276971848
EOS,55,46,63,155,-20.284081241404728,40.59472588628829,55.5,46.5,0.4064516129032258,-0.49967282198735324
EOS,55,47,32,58,-12.36916353813452,16.71367543001695,55.5,47.5,0.5517241379310345,-0.7400624470617698
EOS,55,48,85,226,-92.44812838198254,42.212910237131965,55.5,48.5,0.37610619469026546,-2.190043943017743
EOS,55,49,87,240,-82.4283626963645,29.88744690284242,55.5,49.5,0.3625,-2.7579593186504407
EOS,55,50,233,589,-106.06189037180428,33.37064231458614,55.5,50.5,0.39558573853989815,-3.178299337841788
EOS,55,51,105,259,-42.065269245716024,42.610805779783995,55.5,51.5,0.40540540540540543,-0.9871972255843424
EOS,55,52,113,241,-44.66193021863519,14.520385773958877,55.5,52.5,0.46887966804979253,-3.075808791439461
EOS,55,53,3,5,-1.999305083976437,1.845512385209019,55.5,53.5,0.6,-1.0833333333333333
EOS,55,54,9,23,0.06655456978279464,0.031709447395500745,55.5,54.5,0.391304347826087,2.0988877211476753
EOS,55,55,123,307,11.300945292684075,15.909320040097189,55.5,55.5,0.4006514657980456,0.7103349020700849
EOS,55,57,302,591,8.786321519592649,14.197071920260079,55.5,57.5,0.5109983079526227,0.618882651925855
EOS,55,58,155,308,-10.185277434461735,9.781661749349299,55.5,58.5,0.5032467532467533,-1.041262486421521
EOS,55,59,447,1017,76.5254997683631,48.13281913905698,55.5,59.5,0.43952802359882004,1.5898819378785798
EOS,55,60,472,1040,229.63404840371547,124.21054957076434,55.5,60.5,0.45384615384615384,1.84874834864884
EOS,55,61,365,734,256.0127659326689,123.02978897575427,55.5,61.5,0.49727520435967304,2.0809006344237644
EOS,55,62,317,588,109.95582207905517,65.10627836683261,55.5,62.5,0.5391156462585034,1.6888666475377967
EOS,55,63,223,421,36.82806749255787,33.914486845143884,55.5,63.5,0.5296912114014252,1.0859096191169755
EOS,55,64,62,159,-0.3373636152741315,0.27077497265557954,55.5,64.5,0.389937106918239,-1.2459187493049861
EOS,55,65,324,700,61.670329410159106,29.861112811610525,55.5,65.5,0.46285714285714286,2.065238820777657
EOS,55,66,175,353,5.149842455803125,2.309951310179477,55.5,66.5,0.49575070821529743,2.229416019770129
EOS,55,67,1057,2385,20.472712487335123,28.035375293510732,55.5,67.5,0.4431865828092243,0.7302457082525263
EOS,55,68,1848,4731,10.701902616840478,66.78200260573574,55.5,68.5,0.3906150919467343,0.16025129824305864
EOS,55,69,1767,3932,155.78268635571072,89.93218814760353,55.5,69.5,0.44938962360122076,1.7322239074182024
EOS,55,70,1744,3847,197.13374955863253,104.87539914133987,55.5,70.5,0.4533402651416688,1.8796948681259054
EOS,55,71,35,84,47.413355611782436,16.253052346788863,55.5,71.5,0.4166666666666667,2.9171970039922965
EOS,55,72,125,300,-2.299979972654069,9.482160370210867,55.5,72.5,0.4166666666666667,-0.24255864516694747
EOS,55,73,22,49,72.48435307630072,17.966076666396866,55.5,73.5,0.4489795918367347,4.034512065278724
EOS,55,75,264,803,10.95502116688802,8.760612324426129,55.5,75.5,0.3287671232876712,1.2504857835500258
EOS,55,76,56,184,-4.132531839112422,3.315799105941425,55.5,76.5,0.30434782608695654,-1.24631550557678
EOS,55,77,76,272,-0.08756165687992992,0.6324002605871196,55.5,77.5,0.27941176470588236,-0.13845923592542134
EOS,55,78,212,616,17.11712991268124,29.518028442003377,55.5,78.5,0.34415584415584416,0.5798873033242293
EOS,55,79,291,682,29.410895994492538,18.94244452211542,55.5,79.5,0.42668621700879766,1.5526452227512209
EOS,55,80,132,307,13.478177893397442,6.397771011210969,55.5,80.5,0.42996742671009774,2.106699015919655
EOS,55,82,271,820,16.818056109695128,29.311548058232294,55.5,82.5,0.3304878048780488,0.5737689485483075
EOS,55,83,203,601,7.5675348954772454,16.670099140541105,55.5,83.5,0.33777038269550747,0.453958601666217
EOS,55,84,76,199,-11.507599106275464,31.734672440393414,55.5,84.5,0.38190954773869346,-0.3626191235434981
EOS,55,85,245,652,19.16556783150947,27.08575317007049,55.5,85.5,0.37576687116564417,0.7075885138275294
EOS,55,86,227,777,10.175462407667847,8.609006489983997,55.5,86.5,0.29214929214929214,1.1819554811006725
EOS,55,87,103,366,1.398344823176519,10.586290139701902,55.5,87.5,0.2814207650273224,0.13209016612271832
EOS,55,88,19,70,-2.3684078768676162,3.583546319590953,55.5,88.5,0.2714285714285714,-0.6609117521154185
EOS,55,89,126,351,-45.92150789382366,63.958576683901455,55.5,89.5,0.358974358974359,-0.7179882710770552
EOS,55,90,417,1387,11.907374722911937,48.38554893940266,55.5,90.5,0.300648882480173,0.2460936164602484
EOS,55,91,47,179,0.723313869566575,0.43969164880153966,55.5,91.5,0.26256983240223464,1.6450480047508287
EOS,55,92,137,549,44.22930493950104,14.893603693947778,55.5,92.5,0.2495446265938069,2.9696845604582744
EOS,55,93,14,59,3.136473526211616,1.8808672631902854,55.5,93.5,0.23728813559322035,1.6675677160181943
EOS,55,94,1,3,19.14544625515342,0.8702475570524282,55.5,94.5,0.3333333333333333,22.0
EOS,55,98,10,44,-0.013789965171603927,0.011710111595774064,55.5,98.5,0.22727272727272727,-1.177611763886216
EOS,55,101,90,243,0.005578917919094246,0.2942575857507238,55.5,101.5,0.37037037037037035,0.018959300250020905
EOS,55,107,578,1460,-0.2720093762340136,0.1275741545173581,55.5,107.5,0.3958904109589041,-2.1321667955636205
EOS,55,108,547,1706,1.8085618641314177e-06,5.47e-06,55.5,108.5,0.32063305978898005,0.3306328819253049
EOS,55,109,1331,4555,-38.94429382235931,21.289960989628636,55.5,109.5,0.2922063666300768,-1.8292327468956355
EOS,55,110,1295,3731,0.144641500745428,0.10163356536761765,55.5,110.5,0.34709193245778613,1.423166649937418
EOS,55,111,663,2354,6.554928929167947e-06,6.63e-06,55.5,111.5,0.2816482582837723,0.9886770632229182
EOS,55,113,20,66,7.199593203629331e-07,2.0000000000000002e-07,55.5,113.5,0.30303030303030304,3.599796601814665
EOS,55,121,40,115,4.842502410548599e-07,4.0000000000000003e-07,55.5,121.5,0.34782608695652173,1.2106256026371496
EOS,55,122,630,1709,0.00010763041709042075,0.0006821041999959511,55.5,122.5,0.36863662960795784,0.15779175247866767
EOS,55,128,1108,2618,4.366067243669534e-06,1.108e-05,55.5,128.5,0.4232238349885409,0.3940493902228821
EOS,55,129,1099,2501,-8.924554597988226e-07,1.099e-05,55.5,129.5,0.43942423030787686,-0.08120613828924683
EOS,55,130,449,1168,1.214217440294028e-05,4.49e-06,55.5,130.5,0.3844178082191781,2.704270468360864
EOS,55,158,177,498,1.4543630894575186,0.7505863193633608,55.5,158.5,0.35542168674698793,1.9376360212521506
EOS,56,-131,6,16,-1.1033314758585447e-07,6.000000000000001e-08,56.5,-130.5,0.375,-1.8388857930975742
EOS,56,-129,55,110,2.693243492961817e-06,5.5e-07,56.5,-128.5,0.5,4.896806350839667
EOS,56,-128,328,595,1.2512775819888064e-06,3.28e-06,56.5,-127.5,0.5512605042016807,0.3814870676795142
EOS,56,-124,665,1226,-5.815553601549499e-07,6.650000000000001e-06,56.5,-123.5,0.5424143556280587,-0.08745193385788719
EOS,56,-123,36,92,-1.4802389344266077e-06,3.6e-07,56.5,-122.5,0.391304347826087,-4.111774817851688
EOS,56,-120,51,106,-3.668813324818359e-05,4.732929406036578e-05,56.5,-119.5,0.4811320754716981,-0.7751675569339783
EOS,56,-113,36,90,7.689614370737259e-07,1.7423031129156897e-06,56.5,-112.5,0.4,0.4413476801903275
EOS,56,-112,45,111,8.831044012254112e-07,4.738318044920241e-07,56.5,-111.5,0.40540540540540543,1.8637507926935206
EOS,56,-111,124,366,-7.403867901948587e-05,2.7714904624947077e-05,56.5,-110.5,0.33879781420765026,-2.671439069389446
EOS,56,-110,474,1440,6.595420007252065e-06,4.76401708290066e-06,56.5,-109.5,0.32916666666666666,1.3844240884283987
EOS,56,-109,175,560,3.5782592927773436e-06,1.7500000000000002e-06,56.5,-108.5,0.3125,2.0447195958727677
EOS,56,-103,151,580,4.39690458158138e-06,1.5100000000000002e-06,56.5,-102.5,0.2603448275862069,2.911857338795616
EOS,56,-99,522,1375,1.4335068462662786e-05,5.22e-06,56.5,-98.5,0.37963636363636366,2.7461816978281197
EOS,56,-98,420,1272,1.2636229425309628e-05,4.2000000000000004e-06,56.5,-97.5,0.330188679245283,3.0086260536451492
EOS,56,-6,16,176,0.5857591051493088,0.3463390155200034,56.5,-5.5,0.09090909090909091,1.6912882433122158
EOS,56,-5,121,1576,-23.518984650906773,2.9712737407075833,56.5,-4.5,0.07677664974619289,-7.915455357979211
EOS,56,-4,52,1789,22.980974571548973,6.2992946826391645,56.5,-3.5,0.029066517607602014,3.6481821742495177
EOS,56,-3,1,148,-4.399053634399723e-06,1.336837620269371e-06,56.5,-2.5,0.006756756756756757,-3.29064171122991
EOS,56,8,1,14,-4.882959114877873,0.4068491686518077,56.5,8.5,0.07142857142857142,-12.001890359168558
EOS,56,9,30,174,13.568753221929255,6.551274379084596,56.5,9.5,0.1724137931034483,2.0711624085305376
EOS,56,10,18,84,63.6267599917345,10.57606710949084,56.5,10.5,0.21428571428571427,6.016107815223354
EOS,56,12,12,42,1.4544617865557719,1.6747294659475882,56.5,12.5,0.2857142857142857,0.868475664953333
EOS,56,13,40,186,14.802375508997574,8.487827837510057,56.5,13.5,0.21505376344086022,1.7439533167227763
EOS,56,14,29,198,39.001700110439245,13.356436084781384,56.5,14.5,0.14646464646464646,2.9200678880857023
EOS,56,15,25,171,54.22396210807437,19.933956009491716,56.5,15.5,0.14619883040935672,2.720180684770007
EOS,56,16,6,99,-6.40919984804156,2.074159860697604,56.5,16.5,0.06060606060606061,-3.0900221190694275
EOS,56,21,55,303,-66.867508423156,18.43213844529915,56.5,21.5,0.18151815181518152,-3.627767262143671
EOS,56,22,65,263,31.007365253443304,16.18020098555811,56.5,22.5,0.24714828897338403,1.9163770141742622
EOS,56,23,38,163,9.72349693998446,10.503601959206117,56.5,23.5,0.2331288343558282,0.9257297618234747
EOS,56,24,20,99,2.6733668246568496,6.03806493975235,56.5,24.5,0.20202020202020202,0.44275224783629064
EOS,56,25,52,283,-12.411271868889493,5.462593604573867,56.5,25.5,0.18374558303886926,-2.2720474498592482
EOS,56,26,80,453,-34.75625103117347,5.62140187567882,56.5,26.5,0.17660044150110377,-6.182844030694111
EOS,56,27,18,67,-14.898197817304618,3.3363767492457455,56.5,27.5,0.26865671641791045,-4.46538234049037
EOS,56,28,437,1301,4.135940582863648,28.51064074175621,56.5,28.5,0.3358954650269024,0.14506656024766984
EOS,56,29,203,615,0.9649523780649123,3.1559481627511676,56.5,29.5,0.3300813008130081,0.3057567261256041
EOS,56,30,68,220,0.8634170479065428,0.4480506957322448,56.5,30.5,0.3090909090909091,1.9270521307761144
EOS,56,31,152,447,-0.6073705338950893,1.7880338862200413,56.5,31.5,0.3400447427293065,-0.33968625459279705
EOS,56,32,449,1329,-0.7342410326487909,4.18889273243605,56.5,32.5,0.3378480060195636,-0.1752828443095016
EOS,56,33,74,216,-1.222004358994603,1.051611086406076,56.5,33.5,0.3425925925925926,-1.1620306925166157
EOS,56,34,83,260,-17.977352132451596,20.669543430478928,56.5,34.5,0.3192307692307692,-0.8697508095869464
EOS,56,35,168,514,-91.99951773908774,44.10733177634584,56.5,35.5,0.32684824902723736,-2.085810091745922
EOS,56,36,639,1845,-76.11293240340973,52.01221787128937,56.5,36.5,0.3463414634146341,-1.4633664073268426
EOS,56,37,102,320,1.8688608807587186,32.296381963862004,56.5,37.5,0.31875,0.057865951760475154
EOS,56,38,111,340,-6.036077927080658,3.2455109091150534,56.5,38.5,0.3264705882352941,-1.8598236444463232
EOS,56,39,21,62,-3.9238489691918197,7.478170948337459,56.5,39.5,0.3387096774193548,-0.5247070435136505
EOS,56,40,36,125,9.343671112484595,14.002426096442802,56.5,40.5,0.288,0.6672894431385912
EOS,56,41,137,424,-65.46993529661987,45.0548517751514,56.5,41.5,0.3231132075471698,-1.4531162065153607
EOS,56,42,230,839,7.4146727033542765,15.519491514493847,56.5,42.5,0.27413587604290823,0.47776518299131265
EOS,56,43,176,529,-93.69098208446702,59.84835668761583,56.5,43.5,0.332703213610586,-1.565472926407921
EOS,56,44,191,712,17.124532874800998,12.216238372544327,56.5,44.5,0.26825842696629215,1.4017844407234172
EOS,56,45,633,2249,-24.161023042877005,12.428553781307164,56.5,45.5,0.28145842596709647,-1.9439931200374858
EOS,56,46,26,84,3.041903605615933,7.179704593576345,56.5,46.5,0.30952380952380953,0.42368088630519884
EOS,56,47,39,103,-26.026003288865564,16.378289397889798,56.5,47.5,0.3786407766990291,-1.5890550384473479
EOS,56,48,160,491,0.4095792614554309,0.42930445357851466,56.5,48.5,0.3258655804480652,0.9540531388419984
EOS,56,50,63,193,-52.0463170578246,19.200595160616455,56.5,50.5,0.32642487046632124,-2.7106616551439022
EOS,56,51,91,317,29.94384540816206,24.95150622936254,56.5,51.5,0.2870662460567823,1.2000816757476793
EOS,56,52,92,242,12.377234620460722,14.328843171551707,56.5,52.5,0.38016528925619836,0.8637985964585276
EOS,56,53,175,442,-40.28758946202002,29.365726766845214,56.5,53.5,0.39592760180995473,-1.3719255028792925
EOS,56,54,214,560,-76.63354843329009,34.421705695509516,56.5,54.5,0.3821428571428571,-2.2263146722356444
EOS,56,55,24,64,-0.26323921459915156,0.1941683609798367,56.5,55.5,0.375,-1.3557266141134472
EOS,56,56,233,690,73.78720168577497,37.46475264659461,56.5,56.5,0.33768115942028987,1.9695099119380393
EOS,56,57,91,238,9.623881206203514,6.425875000965301,56.5,57.5,0.38235294117647056,1.497676379443703
EOS,56,58,35,105,1.6692177870606801,0.7765603535865456,56.5,58.5,0.3333333333333333,2.1495016830969984
EOS,56,59,283,743,75.93325514345878,30.22871857513659,56.5,59.5,0.38088829071332436,2.511957460410333
EOS,56,60,249,675,171.8006912349366,125.71737107947256,56.5,60.5,0.3688888888888889,1.366562868438701
EOS,56,61,281,672,38.53316794882821,43.48652422507453,56.5,61.5,0.4181547619047619,0.886094454212779
EOS,56,62,196,351,109.08428757893061,47.73370782545364,56.5,62.5,0.5584045584045584,2.2852674252294776
EOS,56,63,491,953,5.080213665987359,35.17585438914255,56.5,63.5,0.5152151101783841,0.1444233197518417
EOS,56,64,204,461,24.39247798212215,9.61862980267829,56.5,64.5,0.44251626898047725,2.535961824347383
EOS,56,65,234,569,25.374172127413136,8.218339546419024,56.5,65.5,0.4112478031634446,3.08750593524326
EOS,56,66,66,117,0.3100463275230586,0.3761850361569019,56.5,66.5,0.5641025641025641,0.8241857004480696
EOS,56,67,69,135,1.9566137844476348,3.948117804854722,56.5,67.5,0.5111111111111111,0.495581408954344
EOS,56,68,60,152,0.8516541419155989,0.8615322808617637,56.5,68.5,0.39473684210526316,0.9885342207534185
EOS,56,69,119,357,4.386598134842794,3.8810272139296655,56.5,69.5,0.3333333333333333,1.1302672960134237
EOS,56,70,210,742,0.3350065188000756,3.684502766736882,56.5,70.5,0.2830188679245283,0.09092312857638819
EOS,56,72,165,436,-0.7863339227809664,0.4439711715968501,56.5,72.5,0.37844036697247707,-1.7711373464919478
EOS,56,73,158,397,-0.6030515818221772,2.823687961408496,56.5,73.5,0.3979848866498741,-0.21356877603478766
EOS,56,74,32,105,44.26363427982582,30.370382243967498,56.5,74.5,0.3047619047619048,1.45746055891733
EOS,56,75,23,86,11.841955015235373,2.6155335593075297,56.5,75.5,0.26744186046511625,4.527548489330248
EOS,56,76,45,111,0.18033818044963204,0.07835947605977155,56.5,76.5,0.40540540540540543,2.301421468311918
EOS,56,77,51,200,0.026092612954333565,0.06667826738666664,56.5,77.5,0.255,0.39132110021729793
EOS,56,79,361,1264,0.16294701631044833,0.5518574878304242,56.5,79.5,0.28560126582278483,0.29527010125577746
EOS,56,80,178,537,0.01644039823016953,0.29781887029577325,56.5,80.5,0.33147113594040967,0.05520267474603626
EOS,56,83,21,91,-13.491896599436085,5.188628303288723,56.5,83.5,0.23076923076923078,-2.600281964866221
EOS,56,84,415,1592,-109.57255265798146,28.665154382168406,56.5,84.5,0.26067839195979897,-3.822500001121317
EOS,56,85,157,547,-23.76519780473057,4.941275756574891,56.5,85.5,0.2870201096892139,-4.80952672457279
EOS,56,86,56,203,-28.297858069454744,6.795400236719315,56.5,86.5,0.27586206896551724,-4.16426657499079
EOS,56,87,241,628,-7.592508489674978,22.868057943720437,56.5,87.5,0.3837579617834395,-0.33201369824934696
EOS,56,88,7,21,-4.50880465453889,5.374334192684237,56.5,88.5,0.3333333333333333,-0.8389512994328598
EOS,56,89,354,1088,8.271791815687058,11.640955042480062,56.5,89.5,0.32536764705882354,0.7105767340825314
EOS,56,90,287,886,-11.883629765803574,36.959278506773394,56.5,90.5,0.3239277652370203,-0.32153305599906945
EOS,56,91,317,838,4.338890797175506,2.0876580195873453,56.5,91.5,0.37828162291169454,2.0783532343257773
EOS,56,92,358,819,1.5097396097868714,16.155931526208025,56.5,92.5,0.4371184371184371,0.09344800746015688
EOS,56,93,563,1208,192.55038365937253,100.77680927344169,56.5,93.5,0.46605960264900664,1.9106616397917302
EOS,56,94,16,72,44.17744426810969,12.42060935433195,56.5,94.5,0.2222222222222222,3.556785581755848
EOS,56,95,6,24,0.00018645108048450117,5.568164156888322e-05,56.5,95.5,0.25,3.3485198214539764
EOS,56,96,8,23,6.394021982111974,4.512551164093752,56.5,96.5,0.34782608695652173,1.4169417142544631
EOS,56,97,10,47,-29.294081933816873,9.462143483533271,56.5,97.5,0.2127659574468085,-3.095924510635103
EOS,56,99,50,118,-60.17281353373008,41.34961334966803,56.5,99.5,0.423728813559322,-1.455220706053184
EOS,56,101,88,354,-93.5027227571469,37.208878029120775,56.5,101.5,0.24858757062146894,-2.512914328778441
EOS,56,104,24,79,-28.0578783788001,5.526618832395068,56.5,104.5,0.3037974683544304,-5.076861500622194
EOS,56,105,66,210,-70.96248080553727,43.18702716671803,56.5,105.5,0.3142857142857143,-1.6431434498048598
EOS,56,106,203,669,-0.09083465215205044,0.025711717246949612,56.5,106.5,0.3034379671150972,-3.532811569123291
EOS,56,109,585,1779,4.516083534258637e-06,5.85e-06,56.5,109.5,0.3288364249578415,0.7719800913262628
EOS,56,110,480,1471,2.4496556331781453e-06,4.8e-06,56.5,110.5,0.3263086335825969,0.5103449235787803
EOS,56,114,122,443,8.981822972933537e-07,1.22e-06,56.5,114.5,0.27539503386004516,0.7362149977814375
EOS,56,115,37,135,3.7569561197754184e-06,2.0970266941744e-06,56.5,115.5,0.2740740740740741,1.7915633264051192
EOS,56,116,639,1299,-1.0229440829530122e-06,6.39e-06,56.5,116.5,0.49191685912240185,-0.16008514600203635
EOS,56,117,269,572,-1.116358181535566e-06,2.69e-06,56.5,117.5,0.47027972027972026,-0.4150030414630357
EOS,56,123,840,1788,1.377218799822371e-05,8.400000000000001e-06,56.5,123.5,0.4697986577181208,1.6395461902647273
EOS,56,124,198,486,5.359939972518364e-06,1.98e-06,56.5,124.5,0.4074074074074074,2.7070403901607896
EOS,56,128,351,863,-9.681953659467604e-07,3.5100000000000003e-06,56.5,128.5,0.406720741599073,-0.2758391355973676
EOS,56,129,634,1480,2.079866677956763e-07,6.34e-06,56.5,129.5,0.4283783783783784,0.032805468106573546
EOS,56,130,647,1563,7.2424878968284895e-06,6.47e-06,56.5,130.5,0.41394753678822777,1.1193953472687002
EOS,56,131,31,67,-4.699330916502475e-07,3.1e-07,56.5,131.5,0.4626865671641791,-1.5159131988717662
EOS,56,160,27,108,0.223251944127567,0.13740229945119928,56.5,160.5,0.25,1.6248050070432676
EOS,57,-136,10,41,-0.016460119726150815,0.00606641086727982,57.5,-135.5,0.24390243902439024,-2.71332095472319
EOS,57,-132,117,297,-2.458327235952279e-06,1.17e-06,57.5,-131.5,0.3939393939393939,-2.1011343897028025
EOS,57,-131,1177,2662,-1.267067286805127e-05,1.177e-05,57.5,-130.5,0.44214876033057854,-1.0765227585430135
EOS,57,-130,1329,2688,9.615471555616495e-06,1.329e-05,57.5,-129.5,0.49441964285714285,0.7235117799560945
EOS,57,-129,3284,6615,3.428531168305435e-05,3.2840000000000004e-05,57.5,-128.5,0.49644746787603933,1.0440107089846025
EOS,57,-128,1531,3010,1.7569753816485968e-05,1.531e-05,57.5,-127.5,0.5086378737541528,1.1475998573798802
EOS,57,-126,447,969,1.1262123272776515e-05,4.47e-06,57.5,-125.5,0.4613003095975232,2.5194906650506743
EOS,57,-125,1178,2360,3.8367569378494115e-05,1.178e-05,57.5,-124.5,0.49915254237288137,3.257009285101368
EOS,57,-124,976,1906,1.7414090297183697e-05,9.760000000000001e-06,57.5,-123.5,0.5120671563483735,1.7842305632360342
EOS,57,-121,73,143,-1.6487240330278968e-06,7.3e-07,57.5,-120.5,0.5104895104895105,-2.2585260726409544
EOS,57,-120,476,946,6.7377749986961665e-06,4.76e-06,57.5,-119.5,0.5031712473572939,1.4154989493059174
EOS,57,-118,47,116,9.033708458328332e-06,1.2429173039638852e-05,57.5,-117.5,0.4051724137931034,0.7268149240112936
EOS,57,-114,269,621,-3.47224342465927e-06,2.69e-06,57.5,-113.5,0.4331723027375201,-1.2907968121409925
EOS,57,-113,408,1005,3.2405273434779793e-06,4.08e-06,57.5,-112.5,0.4059701492537313,0.7942468979112695
EOS,57,-111,1033,2584,1.905119524291171e-05,1.1704509042038188e-05,57.5,-110.5,0.39976780185758515,1.627679997041054
EOS,57,-109,346,971,8.529700378804968e-06,3.4600000000000003e-06,57.5,-108.5,0.35633367662203913,2.4652313233540366
EOS,57,-101,314,865,8.780380913193129e-06,3.14e-06,57.5,-100.5,0.3630057803468208,2.796299653883162
EOS,57,-100,1190,3332,-4.159947231138986e-06,1.1900000000000001e-05,57.5,-99.5,0.35714285714285715,-0.3495753975747047
EOS,57,-99,740,2370,8.606456325361454e-07,7.4e-06,57.5,-98.5,0.31223628691983124,0.11630346385623586
EOS,57,-98,614,2918,-4.485696047331894e-06,6.1400000000000005e-06,57.5,-97.5,0.21041809458533242,-0.7305693888162692
EOS,57,-97,538,2319,-1.852760735720865e-05,5.38e-06,57.5,-96.5,0.2319965502371712,-3.4437931890722395
EOS,57,-96,381,1731,-7.979962011436752e-06,3.81e-06,57.5,-95.5,0.22010398613518198,-2.0944782182248693
EOS,57,-7,14,86,-0.19980921562247264,0.6490841174356602,57.5,-6.5,0.16279069767441862,-0.3078325447429832
EOS,57,-6,104,663,9.813585928093307,3.900923391687426,57.5,-5.5,0.1568627450980392,2.5157084471346756
EOS,57,-5,87,1120,5.734488236493238,1.3723675451104953,57.5,-4.5,0.07767857142857143,4.178536760741839
EOS,57,-4,104,1306,22.266420472076483,2.8695300686093015,57.5,-3.5,0.07963246554364471,7.759605210503249
EOS,57,-3,18,276,9.028880609874848,2.3989477480549564,57.5,-2.5,0.06521739130434782,3.763683730583702
EOS,57,8,5,22,-21.61909052292625,4.0240078969845,57.5,8.5,0.22727272727272727,-5.372526862864038
EOS,57,10,1,20,2.430470744471171,0.10322328183227278,57.5,10.5,0.05,23.54576120162926
EOS,57,11,10,44,0.26084464438251054,2.592716701195823,57.5,11.5,0.22727272727272727,0.10060668960176125
EOS,57,12,55,278,-43.447362414651806,14.952187139733738,57.5,12.5,0.19784172661870503,-2.905752985073025
EOS,57,13,29,182,23.431105904517224,5.345891109480226,57.5,13.5,0.15934065934065933,4.383012190982581
EOS,57,14,46,262,67.7170638191822,22.9113704581127,57.5,14.5,0.17557251908396945,2.9556094840762452
EOS,57,15,9,83,45.33993626765284,5.587359181317322,57.5,15.5,0.10843373493975904,8.114734491968552
EOS,57,16,9,49,5.7161135707788535,1.9115505160041364,57.5,16.5,0.1836734693877551,2.990302125380235
EOS,57,18,0,16,0.0,0.0,57.5,18.5,0.0,
EOS,57,21,15,91,-7.761842809459652,1.3381285463449029,57.5,21.5,0.16483516483516483,-5.800521056561509
EOS,57,22,37,261,-55.14267017396065,9.831539359243806,57.5,22.5,0.1417624521072797,-5.6087524200484875
EOS,57,24,92,443,-119.17771393672534,17.273888409566595,57.5,24.5,0.2076749435665914,-6.899298589350765
EOS,57,25,240,1143,-106.79507507105805,28.940766092445887,57.5,25.5,0.2099737532808399,-3.6901260571306604
EOS,57,26,113,396,-17.180340870467738,6.622485950042825,57.5,26.5,0.28535353535353536,-2.594243460849719
EOS,57,27,95,348,-6.884698279524429,2.0838605158511303,57.5,27.5,0.27298850574712646,-3.3038191506366
EOS,57,28,121,385,-220.60596150373271,50.8923466192692,57.5,28.5,0.3142857142857143,-4.334757112972374
EOS,57,29,84,323,-9.434242449693969,2.3131898860364495,57.5,29.5,0.26006191950464397,-4.078455688676356
EOS,57,30,246,942,-122.94472769600702,20.063885612881705,57.5,30.5,0.2611464968152866,-6.12766290977418
EOS,57,32,90,234,-2.3276440353006764,1.1626508117233736,57.5,32.5,0.38461538461538464,-2.0020147165686466
EOS,57,33,383,988,-0.22155811943196113,51.65755910999397,57.5,33.5,0.3876518218623482,-0.004288977707216081
EOS,57,34,514,1385,-9.321560595568178,25.290710107419763,57.5,34.5,0.3711191335740072,-0.3685764676426949
EOS,57,35,304,848,-86.68454272189477,28.24361277540176,57.5,35.5,0.3584905660377358,-3.069173317564778
EOS,57,36,171,553,-7.96105636194346,2.742948109528907,57.5,36.5,0.3092224231464738,-2.9023722083137575
EOS,57,37,111,391,-7.164575600534037,22.424100957105058,57.5,37.5,0.28388746803069054,-0.3195033599892863
EOS,57,38,250,667,-131.02754873711802,45.12650128541468,57.5,38.5,0.3748125937031484,-2.9035609897696055
EOS,57,39,106,324,-4.150466640516987,24.921346768701788,57.5,39.5,0.3271604938271605,-0.1665426302614381
EOS,57,40,148,467,-10.363058928639408,36.421241960043574,57.5,40.5,0.3169164882226981,-0.28453337588016203
EOS,57,42,116,362,-0.7881654928393274,1.1020765110462116,57.5,42.5,0.32044198895027626,-0.7151640425501079
EOS,57,44,78,237,-1.6088436213625177,0.746364770981634,57.5,44.5,0.3291139240506329,-2.1555728296855894
EOS,57,45,145,426,-1.9617518555076143,1.4872654033993562,57.5,45.5,0.3403755868544601,-1.319032804114015
EOS,57,46,43,129,-1.0134774297858713,0.28453638458856295,57.5,46.5,0.3333333333333333,-3.5618553010412026
EOS,57,47,89,275,-1.0809915609341088,0.5830799621353246,57.5,47.5,0.3236363636363636,-1.853933647411512
EOS,57,48,44,128,-46.538953699001354,21.766818693590395,57.5,48.5,0.34375,-2.1380686977792274
EOS,57,50,54,133,-2.1591491359333066,1.1098771768339974,57.5,50.5,0.40601503759398494,-1.9453946625809813
EOS,57,51,329,753,3.7584358808641256,8.141692218627126,57.5,51.5,0.43691899070385126,0.4616283421111543
EOS,57,52,592,1374,-26.356098490807057,43.00542740547002,57.5,52.5,0.43085880640465796,-0.6128551692397487
EOS,57,53,210,574,65.934766178633,38.566004152453814,57.5,53.5,0.36585365853658536,1.70966029869179
EOS,57,54,80,261,0.11395951510472013,26.960570104722134,57.5,54.5,0.3065134099616858,0.004226895598352357
EOS,57,55,104,370,24.68741425255766,16.524413100964694,57.5,55.5,0.2810810810810811,1.4939964343493937
EOS,57,56,22,55,-10.794659080041582,7.140124903543363,57.5,56.5,0.4,-1.5118305668132803
EOS,57,57,67,165,-46.600339815926795,22.739395583859853,57.5,57.5,0.40606060606060607,-2.0493218319753033
EOS,57,59,95,244,35.612993004906976,25.24920893237131,57.5,59.5,0.38934426229508196,1.4104597534241379
EOS,57,60,171,487,62.26439027148568,41.195164746092345,57.5,60.5,0.351129363449692,1.5114489929887196
EOS,57,61,163,476,-12.755745707908108,40.496720738215785,57.5,61.5,0.34243697478991597,-0.3149821880730905
EOS,57,62,574,1089,-3.651393922120087,32.15320005870693,57.5,62.5,0.527089072543618,-0.11356237996383528
EOS,57,63,39,83,19.30449212439515,9.494469703777872,57.5,63.5,0.46987951807228917,2.0332354230077585
EOS,57,64,596,1239,19.00717970372855,15.007400904042953,57.5,64.5,0.48103309120258275,1.2665204205085283
EOS,57,65,399,795,100.23820704675893,75.69348422333415,57.5,65.5,0.5018867924528302,1.324264671857427
EOS,57,66,293,583,0.1053118483143671,0.9544475630463359,57.5,66.5,0.5025728987993139,0.11033801372831886
EOS,57,67,203,635,-0.1624694286750784,0.5228610416581211,57.5,67.5,0.31968503937007875,-0.31073156294040927
EOS,57,68,65,178,-0.3267284031598302,0.14996811676507074,57.5,68.5,0.3651685393258427,-2.17865243764886
EOS,57,69,225,763,-2.7177319492424514,1.2794375773393594,57.5,69.5,0.2948885976408912,-2.1241614263777384
EOS,57,70,24,88,-0.13319448009282647,0.04187594384160358,57.5,70.5,0.2727272727272727,-3.180692012498553
EOS,57,76,175,472,0.2671066243756435,0.27952640510146404,57.5,76.5,0.3707627118644068,0.955568488346164
EOS,57,77,63,259,0.0974031334196535,0.11243810690476662,57.5,77.5,0.24324324324324326,0.8662822249591278
EOS,57,82,144,469,-0.1877375664119933,0.4211693067896097,57.5,82.5,0.3070362473347548,-0.44575320040065375
EOS,57,83,6,22,-0.3712387034593072,0.19075917424727296,57.5,83.5,0.2727272727272727,-1.9461119231837645
EOS,57,84,231,911,-2.37499781372562,2.173843580220599,57.5,84.5,0.2535675082327113,-1.092533904157266
EOS,57,85,129,469,0.6024125738523544,0.43040376060317975,57.5,85.5,0.27505330490405117,1.3996452377835098
EOS,57,86,104,329,-11.624459265134824,3.016157691563893,57.5,86.5,0.3161094224924012,-3.8540621724282205
EOS,57,87,173,596,-1.7974715135084374,0.7661902493582402,57.5,87.5,0.2902684563758389,-2.3459858892931575
EOS,57,88,20,65,-0.06501318791619069,0.0713270893150365,57.5,88.5,0.3076923076923077,-0.911479615115673
EOS,57,89,72,211,-0.1807089020877777,0.3160082487311876,57.5,89.5,0.3412322274881517,-0.5718486869040489
EOS,57,90,123,349,0.48454244084896275,0.5011556094651942,57.5,90.5,0.3524355300859599,0.9668502790301796
EOS,57,92,87,202,0.19921081603164772,0.27106302708817276,57.5,92.5,0.4306930693069307,0.7349243390794401
EOS,57,93,46,95,0.5434548628900528,0.27762201689836075,57.5,93.5,0.4842105263157895,1.9575351730443455
EOS,57,101,126,444,0.5084414948490236,0.7423101402983862,57.5,101.5,0.28378378378378377,0.6849448326876493
EOS,57,102,89,318,-22.26945528143754,13.277614731394646,57.5,102.5,0.279874213836478,-1.6772180645354826
EOS,57,103,161,529,5.0145697435584315,21.242357566390588,57.5,103.5,0.30434782608695654,0.23606465185824882
EOS,57,109,34,92,-0.01765504762976865,0.00820699828304954,57.5,109.5,0.3695652173913043,-2.1512186332770162
EOS,57,110,87,208,-0.00516407894839718,0.017851591609004257,57.5,110.5,0.4182692307692308,-0.2892783490404544
EOS,57,116,1392,2974,0.00015751254968218714,0.00012440197098155214,57.5,116.5,0.46805648957632817,1.2661579912230254
EOS,57,117,1343,2750,-8.215500382130445e-06,1.343e-05,57.5,117.5,0.4883636363636364,-0.6117275042539423
EOS,57,119,1921,4772,4.704753941239406e-06,1.921e-05,57.5,119.5,0.4025565800502934,0.2449117095908072
EOS,57,120,2474,5966,0.0006853506347649772,0.0006126262849406332,57.5,120.5,0.414683204827355,1.11870915697225
EOS,57,121,1575,4078,2.077711169119605e-05,1.7229902283847623e-05,57.5,121.5,0.38621873467385975,1.20587519005687
EOS,57,123,525,1466,1.5932703392536344e-05,5.2500000000000006e-06,57.5,123.5,0.3581173260572988,3.0348006461973984
EOS,57,124,304,953,0.002409704064859516,0.0006818489069861936,57.5,124.5,0.31899265477439664,3.534073370463449
EOS,57,125,2781,6866,5.3901886840681204e-05,2.781e-05,57.5,125.5,0.4050393242062336,1.938219591538339
EOS,57,126,893,2221,1.5566848173348385e-05,8.930000000000001e-06,57.5,126.5,0.4020711391265196,1.7432080821218794
EOS,57,127,448,949,8.7087371113414e-06,4.48e-06,57.5,127.5,0.4720758693361433,1.9439145337815624
EOS,57,128,2311,4597,3.662136136306677e-05,2.311e-05,57.5,128.5,0.5027191646726126,1.5846543212058315
EOS,57,129,913,1672,2.725247352987962e-06,9.13e-06,57.5,129.5,0.5460526315789473,0.29849368597896625
EOS,57,130,869,1948,-6.507146371845538e-06,8.69e-06,57.5,130.5,0.44609856262833675,-0.7488085583251481
EOS,57,131,45,110,0.0003054416739650023,0.00010826897596833054,57.5,131.5,0.4090909090909091,2.8211375533314933
EOS,58,-157,4,22,2.0741135056709825e-07,4e-08,58.5,-156.5,0.18181818181818182,5.1852837641774565
EOS,58,-156,49,204,0.007289129752934224,0.00571811007383401,58.5,-155.5,0.24019607843137256,1.274744567490783
EOS,58,-136,217,479,3.265176736712771,1.0087620227602023,58.5,-135.5,0.453027139874739,3.2368156840188185
EOS,58,-131,273,640,-2.4085007218324926e-06,2.73e-06,58.5,-130.5,0.4265625,-0.8822346966419387
EOS,58,-130,63,147,-2.7250108358283564e-07,6.3e-07,58.5,-129.5,0.42857142857142855,-0.4325414025124375
EOS,58,-129,337,775,5.007557756190459e-07,3.37e-06,58.5,-128.5,0.43483870967741933,0.14859221828458336
EOS,58,-128,628,1315,1.0698945277807267e-05,6.28e-06,58.5,-127.5,0.47756653992395437,1.7036537066572082
EOS,58,-127,21,46,6.623727328079007e-07,2.1e-07,58.5,-126.5,0.45652173913043476,3.154155870513813
EOS,58,-126,340,743,-1.5331688418679744e-07,3.4e-06,58.5,-125.5,0.4576043068640646,-0.045093201231411015
EOS,58,-125,1964,4402,3.4868259900622513e-05,1.9640000000000002e-05,58.5,-124.5,0.4461608359836438,1.7753696487078672
EOS,58,-124,455,1016,2.038984324979112e-06,4.5500000000000005e-06,58.5,-123.5,0.4478346456692913,0.44812842307233225
EOS,58,-120,126,476,-4.757975026071207e-05,3.2179735892896266e-05,58.5,-119.5,0.2647058823529412,-1.4785624847597143
EOS,58,-119,60,236,-1.3360172092345634e-05,6.1898719766590355e-06,58.5,-118.5,0.2542372881355932,-2.1583923129144824
EOS,58,-114,3376,7907,-2.2414710356902016e-05,3.38008934673262e-05,58.5,-113.5,0.4269634501074997,-0.6631395817560061
EOS,58,-113,2708,6798,3.90516483714311e-05,2.7137006326555536e-05,58.5,-112.5,0.3983524566048838,1.4390551375306353
EOS,58,-112,1909,4788,3.524562921055201e-05,1.948045858829129e-05,58.5,-111.5,0.3987050960735171,1.8092812882616818
EOS,58,-111,16,42,3.4880519565631226e-06,9.418922539406933e-07,58.5,-110.5,0.38095238095238093,3.7032388173591984
EOS,58,-110,67,151,6.967083280905744e-07,9.441125675856378e-07,58.5,-109.5,0.44370860927152317,0.7379504860021662
EOS,58,-109,155,375,-8.100473629788145e-07,1.55e-06,58.5,-108.5,0.41333333333333333,-0.5226112019218158
EOS,58,-100,231,601,-6.83749676263944e-06,2.31e-06,58.5,-99.5,0.3843594009983361,-2.959955308501922
EOS,58,-99,176,664,-6.569702057276656e-06,1.76e-06,58.5,-98.5,0.26506024096385544,-3.7327852598162816
EOS,58,-98,22,132,-1.1379158476921402e-06,2.2e-07,58.5,-97.5,0.16666666666666666,-5.1723447622370005
EOS,58,-97,46,199,-9.407981635528507e-07,4.6000000000000004e-07,58.5,-96.5,0.23115577889447236,-2.0452133990279364
EOS,58,-96,130,657,-2.1345319339274487e-06,1.3e-06,58.5,-95.5,0.197869101978691,-1.6419476414826528
EOS,58,-7,12,300,1.8098939293758363,1.7144489335112785,58.5,-6.5,0.04,1.055670947089151
EOS,58,-5,80,1294,41.246941642266854,5.799447345718619,58.5,-4.5,0.061823802163833076,7.112219351852031
EOS,58,-4,35,843,32.741779946658845,5.079727821042122,58.5,-3.5,0.04151838671411625,6.445577617570416
EOS,58,5,20,81,0.9599225741165637,2.002040302705436,58.5,5.5,0.24691358024691357,0.47947215289291756
EOS,58,6,9,50,-17.630729639381517,4.522240113933309,58.5,6.5,0.18,-3.8986717191464733
EOS,58,7,7,39,-0.4323335137813885,0.17850638093272678,58.5,7.5,0.1794871794871795,-2.421949913064009
EOS,58,8,3,56,4.052553618046941,0.44587734008060265,58.5,8.5,0.05357142857142857,9.088942751193295
EOS,58,11,18,109,20.889596057458824,2.157729854328946,58.5,11.5,0.1651376146788991,9.681284251385348
EOS,58,12,34,173,8.42164722284584,5.0993909349023605,58.5,12.5,0.19653179190751446,1.6515006067106113
EOS,58,13,55,228,40.94785802585545,30.45824805957475,58.5,13.5,0.2412280701754386,1.3443930834683457
EOS,58,14,22,142,-5.448363503353832,6.839995960111729,58.5,14.5,0.15492957746478872,-0.7965448422961985
EOS,58,15,43,188,73.51106713306585,23.753721224243378,58.5,15.5,0.22872340425531915,3.094717936574899
EOS,58,16,21,125,13.104704628952366,4.5700495404400785,58.5,16.5,0.168,2.867519162098718
EOS,58,17,6,70,27.696352110038276,1.5284886702097134,58.5,17.5,0.08571428571428572,18.120089896536985
EOS,58,22,3,35,-0.2627555607851982,0.07274193879501223,58.5,22.5,0.08571428571428572,-3.6121605381683173
EOS,58,23,8,42,6.04349801784777,4.833091888805919,58.5,23.5,0.19047619047619047,1.2504413648425166
EOS,58,24,91,505,9.602544075404111,4.224706485523444,58.5,24.5,0.1801980198019802,2.2729494009367492
EOS,58,25,80,453,5.299639971511583,2.626831104009217,58.5,25.5,0.17660044150110377,2.0175031289308913
EOS,58,26,194,810,-108.70159309685587,23.501796873128733,58.5,26.5,0.23950617283950618,-4.62524604751146
EOS,58,27,245,995,-134.22327354771426,40.511114289319536,58.5,27.5,0.24623115577889448,-3.3132456586883183
EOS,58,28,74,311,-27.247945041496422,11.479917366073494,58.5,28.5,0.2379421221864952,-2.3735314612997174
EOS,58,29,78,322,-90.14124272423702,17.938010831432944,58.5,29.5,0.2422360248447205,-5.025152653285373
EOS,58,30,126,509,-63.00948877529152,12.16233316276116,58.5,30.5,0.2475442043222004,-5.180707347190181
EOS,58,31,68,200,-45.133754396607024,15.420305768621745,58.5,31.5,0.34,-2.9269039845142477
EOS,58,33,16,44,0.33032154268796865,0.3503046037011883,58.5,33.5,0.36363636363636365,0.9429551858522952
EOS,58,34,65,186,-23.442350212657445,8.59281152233752,58.5,34.5,0.34946236559139787,-2.728135040750943
EOS,58,35,208,780,-38.88463164682648,15.214529858577306,58.5,35.5,0.26666666666666666,-2.555756372905928
EOS,58,36,69,268,-7.688858717819398,2.7740677521041945,58.5,36.5,0.2574626865671642,-2.7716910345780925
EOS,58,37,93,345,-4.672632443707861,1.7674370500721943,58.5,37.5,0.26956521739130435,-2.643733446414399
EOS,58,38,48,221,-8.124635916177876,7.937429567976746,58.5,38.5,0.2171945701357466,-1.023585261021579
EOS,58,39,111,510,-1.3517594443676932,1.208070199789569,58.5,39.5,0.21764705882352942,-1.1189411381914338
EOS,58,40,78,368,12.352668302394042,5.868979171938162,58.5,40.5,0.21195652173913043,2.1047388209276465
EOS,58,45,44,112,-1.1620866769079707,0.4536557335085548,58.5,45.5,0.39285714285714285,-2.5616047391717944
EOS,58,46,9,22,0.23958625841048192,0.08482500858997441,58.5,46.5,0.4090909090909091,2.8244766772567
EOS,58,47,32,83,-0.1740739537930685,0.42389535373070614,58.5,47.5,0.3855421686746988,-0.41065312997899683
EOS,58,48,21,67,-33.91673486390463,6.044284946108566,58.5,48.5,0.31343283582089554,-5.611372588537693
EOS,58,49,161,370,-170.2570906935512,61.97737294137547,58.5,49.5,0.43513513513513513,-2.7470846635367674
EOS,58,50,74,171,-0.04257162017724757,30.892644831993152,58.5,50.5,0.4327485380116959,-0.001378050354988039
EOS,58,52,224,576,95.78554109149071,32.37987716449404,58.5,52.5,0.3888888888888889,2.9581811136863663
EOS,58,53,233,526,7.073096927881199,3.5571297059032347,58.5,53.5,0.4429657794676806,1.9884281745877979
EOS,58,54,46,137,6.144903712479598,5.005326267555629,58.5,54.5,0.3357664233576642,1.2276729595652285
EOS,58,55,109,311,60.73623384140386,38.56387258279956,58.5,55.5,0.3504823151125402,1.5749516263180923
EOS,58,56,151,359,89.54027123764287,55.05243890244797,58.5,56.5,0.4206128133704735,1.6264542138869957
EOS,58,57,126,265,51.651821895270295,40.53040727555826,58.5,57.5,0.47547169811320755,1.274396813831643
EOS,58,58,324,784,50.21149801361263,24.737982849849416,58.5,58.5,0.413265306122449,2.0297329138910887
EOS,58,59,175,433,135.49741093614975,49.09708224898425,58.5,59.5,0.40415704387990764,2.759785403315958
EOS,58,60,70,160,29.10524565046486,11.35842379738936,58.5,60.5,0.4375,2.5624370220412502
EOS,58,61,28,86,0.13655257574249385,0.3978229570998684,58.5,61.5,0.32558139534883723,0.3432496121841809
EOS,58,62,765,2186,-8.92556122441468,5.014901036989627,58.5,62.5,0.34995425434583716,-1.7798080477720786
EOS,58,63,204,568,-2.403807704726287,1.3249851495444436,58.5,63.5,0.3591549295774648,-1.8142148276550605
EOS,58,64,62,173,-6.348573686314084,4.299825049420576,58.5,64.5,0.3583815028901734,-1.4764725572194122
EOS,58,65,37,68,-0.10606689444378109,0.09857976236266942,58.5,65.5,0.5441176470588235,-1.0759499911712804
EOS,58,67,272,840,-11.771533876975145,5.027320791350221,58.5,67.5,0.3238095238095238,-2.34151238115314
EOS,58,68,46,133,-38.37575369316027,12.126199347279748,58.5,68.5,0.3458646616541353,-3.164697577049898
EOS,58,69,101,336,-1.15788522995424,0.19474728333606628,58.5,69.5,0.3005952380952381,-5.9455783419383135
EOS,58,78,313,829,0.15576266866743388,0.9060919196686114,58.5,78.5,0.3775633293124246,0.17190603435068882
EOS,58,79,90,260,-0.28362452962797446,0.3111760790424714,58.5,79.5,0.34615384615384615,-0.911459937732757
EOS,58,82,14,45,0.44181380387508895,4.418760885137926,58.5,82.5,0.3111111111111111,0.09998590450121138
EOS,58,89,112,324,-0.1664855843884855,0.5225964173431807,58.5,89.5,0.345679012345679,-0.31857391069552066
EOS,58,90,476,1046,-4.794984960115866,2.552973143394284,58.5,90.5,0.45506692160611856,-1.878196397217377
EOS,58,91,141,347,0.6144470513409875,0.6015569530903508,58.5,91.5,0.40634005763688763,1.0214278933763743
EOS,58,92,74,199,-111.92210460225505,40.97061042664224,58.5,92.5,0.37185929648241206,-2.731765610440471
EOS,58,97,54,115,-85.14537937859943,47.70210093445641,58.5,97.5,0.46956521739130436,-1.7849398183864227
EOS,58,99,22,48,-20.741521031378763,21.979006348555703,58.5,99.5,0.4583333333333333,-0.943696939818289
EOS,58,102,28,95,-20.41265252550286,12.304891717572325,58.5,102.5,0.29473684210526313,-1.6589054982379108
EOS,58,119,309,684,-2.4690645988051894e-06,3.09e-06,58.5,119.5,0.4517543859649123,-0.7990500319757894
EOS,58,120,754,1777,0.0002781155103953177,0.00043710664713931483,58.5,120.5,0.42431063590320767,0.6362646558121927
EOS,58,121,1528,4448,0.20493517353540225,0.1380131574570531,58.5,121.5,0.3435251798561151,1.484895913631814
EOS,58,122,2630,7538,0.14388954475439017,0.16372991847721818,58.5,122.5,0.3488989121782966,0.8788225517525763
EOS,58,123,1114,3341,-0.00023577119653220042,0.008426412384246766,58.5,123.5,0.3334331038611194,-0.027980021126544463
EOS,58,124,1004,2932,-0.21464029794602707,0.26075329223753435,58.5,124.5,0.3424283765347885,-0.8231546996173669
EOS,58,125,417,1079,5.74389274887457e-06,4.17e-06,58.5,125.5,0.386468952734013,1.3774323138787938
EOS,58,126,536,1344,2.150621097067762e-06,5.36e-06,58.5,126.5,0.39880952380952384,0.40123527930368696
EOS,58,131,1254,2963,0.0005543015429024544,0.0014786219248173777,58.5,131.5,0.4232197097536281,0.37487712957517205
EOS,58,132,518,1242,3.694482570783087e-05,0.001457474175470685,58.5,132.5,0.4170692431561997,0.02534852852257207
EOS,58,160,149,418,-1.284325168188155,1.2961520198788625,58.5,160.5,0.35645933014354064,-0.9908754131387976
EOS,58,161,203,675,-0.00013236698014413008,0.0008495429839377993,58.5,161.5,0.30074074074074075,-0.15580963252804822
EOS,59,-162,605,1608,0.07982088813766773,0.023015869447580686,59.5,-161.5,0.3762437810945274,3.4680805050385834
EOS,59,-161,2477,5982,0.3055078153494703,0.06939781858492186,59.5,-160.5,0.4140755600133735,4.402268278441944
EOS,59,-160,2542,5976,-3.605788891012859,0.7670153178439731,59.5,-159.5,0.4253681392235609,-4.701065033679486
EOS,59,-159,1104,3138,4.436127554709155,0.7871338846619764,59.5,-158.5,0.35181644359464626,5.635797976876815
EOS,59,-158,13,43,0.0034033845865718343,0.0004128681012596529,59.5,-157.5,0.3023255813953488,8.243273278289534
EOS,59,-156,271,814,63.0953506372748,11.3871939959027,59.5,-155.5,0.33292383292383293,5.5409041647992945
EOS,59,-155,153,369,102.78097892351511,12.475266985487739,59.5,-154.5,0.4146341463414634,8.238779902913375
EOS,59,-152,55,149,77.82996400342248,20.608627422514957,59.5,-151.5,0.3691275167785235,3.7765719379444516
EOS,59,-151,291,691,17.16957540663589,9.187976078758481,59.5,-150.5,0.4211287988422576,1.8687004906695313
EOS,59,-139,143,326,0.4473258906736627,0.3624399487475352,59.5,-138.5,0.4386503067484663,1.2342069140542133
EOS,59,-138,1427,3496,2.7320016995360477,0.7711160899063588,59.5,-137.5,0.4081807780320366,3.5429188098873814
EOS,59,-137,507,1203,2.2152471413690567e-06,5.070000000000001e-06,59.5,-136.5,0.42144638403990026,0.43693237502348253
EOS,59,-136,11,25,2.7569048017332877e-07,1.1e-07,59.5,-135.5,0.44,2.506277092484807
EOS,59,-135,150,335,-1.330158480647646e-06,1.5e-06,59.5,-134.5,0.44776119402985076,-0.886772320431764
EOS,59,-134,604,1388,-1.8997371958980992e-06,6.040000000000001e-06,59.5,-133.5,0.43515850144092216,-0.3145260258109435
EOS,59,-130,21,59,6.221525907330443e-07,2.1e-07,59.5,-129.5,0.3559322033898305,2.962631384443068
EOS,59,-127,37,89,-3.9105414640157393e-07,3.7e-07,59.5,-126.5,0.4157303370786517,-1.0569030983826322
EOS,59,-126,475,1045,-5.763629132984922e-06,4.75e-06,59.5,-125.5,0.45454545454545453,-1.213395606944194
EOS,59,-125,134,340,-1.0261813144490355e-06,1.34e-06,59.5,-124.5,0.3941176470588235,-0.7658069510813696
EOS,59,-116,743,2317,-3.5329368795534608e-06,7.43e-06,59.5,-115.5,0.320673284419508,-0.47549621528310376
EOS,59,-115,1373,4232,4.011469236226323e-06,1.6789178497025826e-05,59.5,-114.5,0.3244328922495274,0.23893183558307798
EOS,59,-114,2612,8505,3.861526575328398e-05,2.8099043002460493e-05,59.5,-113.5,0.30711346266901823,1.3742555484862111
EOS,59,-113,2471,8228,5.075933174003647e-05,2.4710000000000002e-05,59.5,-112.5,0.30031599416626154,2.0542020129516985
EOS,59,-112,1351,3834,2.8566784282947038e-05,1.3510000000000001e-05,59.5,-111.5,0.3523735002608242,2.1144918048073307
EOS,59,-111,7,44,-3.197834987983953e-07,7e-08,59.5,-110.5,0.1590909090909091,-4.568335697119933
EOS,59,-110,93,263,1.2931336846271033e-06,9.699221348211542e-07,59.5,-109.5,0.35361216730038025,1.3332345331674966
EOS,59,-109,422,1130,1.2025752584525626e-05,4.22e-06,59.5,-108.5,0.3734513274336283,2.8497044039160246
EOS,59,-108,54,125,1.6982462783976013e-06,5.4e-07,59.5,-107.5,0.432,3.1449005155511136
EOS,59,-99,111,252,-1.3977098983309818e-06,1.11e-06,59.5,-98.5,0.44047619047619047,-1.2591981066044882
EOS,59,-98,973,3068,-2.5201028114441732e-05,9.73e-06,59.5,-97.5,0.31714471968709257,-2.5900337219364573
EOS,59,-97,2523,6666,3.0455173200406593e-06,2.523e-05,59.5,-96.5,0.3784878487848785,0.12071015933573759
EOS,59,-96,489,1188,6.746933880980397e-06,4.89e-06,59.5,-95.5,0.4116161616161616,1.3797410799550915
EOS,59,5,26,108,6.158168511169885,6.757935227365168,59.5,5.5,0.24074074074074073,0.9112500052136302
EOS,59,6,442,777,4.467185112884919e-05,2.6102267521147157e-05,59.5,6.5,0.5688545688545689,1.711416492557882
EOS,59,7,404,803,3.534847714745062e-06,4.04e-06,59.5,7.5,0.5031133250311333,0.8749623056299658
EOS,59,8,456,916,-2.112855967777532,0.20945871800407279,59.5,8.5,0.4978165938864629,-10.087219037292346
EOS,59,9,10,222,60.84505660168605,6.9017090512819035,59.5,9.5,0.04504504504504504,8.81594053727676
EOS,59,10,44,556,-27.917095598470137,16.634161816203786,59.5,10.5,0.07913669064748201,-1.6782989072088585
EOS,59,11,33,296,43.91130379894582,10.074761198387474,59.5,11.5,0.11148648648648649,4.35854537236814
EOS,59,12,20,427,-58.958029172203126,8.245106949198593,59.5,12.5,0.0468384074941452,-7.150668819151426
EOS,59,13,9,222,-30.424519636084298,2.9013350584957065,59.5,13.5,0.04054054054054054,-10.486386102492727
EOS,59,14,7,102,-5.35731654091793,2.790700370572433,59.5,14.5,0.06862745098039216,-1.919703239161798
EOS,59,15,66,623,-177.0391535547972,18.683339489276104,59.5,15.5,0.10593900481540931,-9.47577672912353
EOS,59,16,73,332,-19.09806616519027,26.43159852157314,59.5,16.5,0.21987951807228914,-0.7225467710400743
EOS,59,17,83,555,36.875438959328044,27.48489006017729,59.5,17.5,0.14954954954954955,1.341662232542697
EOS,59,18,13,389,37.47680004901481,4.506382516703486,59.5,18.5,0.033419023136246784,8.316382355492957
EOS,59,23,10,76,-6.807168444956017,1.2433192531401132,59.5,23.5,0.13157894736842105,-5.4749964080133955
EOS,59,24,37,142,-6.49582546923799,2.1438056608806826,59.5,24.5,0.2605633802816901,-3.0300439950184117
EOS,59,25,84,463,15.2633492725956,7.166727896210386,59.5,25.5,0.18142548596112312,2.129751470076956
EOS,59,26,21,88,-2.178569582606257,0.3675699910321674,59.5,26.5,0.23863636363636365,-5.926951698338187
EOS,59,27,49,193,-10.028446027568876,3.5416050484395365,59.5,27.5,0.2538860103626943,-2.831610495921193
EOS,59,28,57,165,-56.72270522506987,15.537086621524537,59.5,28.5,0.34545454545454546,-3.6507941679676432
EOS,59,29,41,164,-55.24214497479778,12.806214292182062,59.5,29.5,0.25,-4.313698311961093
EOS,59,30,502,1819,-280.1480895479698,62.803696995145735,59.5,30.5,0.2759758108851017,-4.460694241767697
EOS,59,31,7,22,-17.00680749721436,6.282229702455851,59.5,31.5,0.3181818181818182,-2.707129204550743
EOS,59,32,78,285,-12.577062043360034,4.917738569207724,59.5,32.5,0.2736842105263158,-2.557488948703158
EOS,59,33,27,96,-5.415358088188004,5.300143128417597,59.5,33.5,0.28125,-1.0217380846099537
EOS,59,34,14,48,-0.03349775866964541,0.020450778346479126,59.5,34.5,0.2916666666666667,-1.637969866091307
EOS,59,35,19,65,-3.022719924550863,0.5804340826509983,59.5,35.5,0.2923076923076923,-5.207688547070306
EOS,59,36,27,132,-0.5912008541671654,1.4346122640194576,59.5,36.5,0.20454545454545456,-0.41209800654481715
EOS,59,37,118,551,2.1440534879943396,6.3703589476771425,59.5,37.5,0.21415607985480944,0.33656713940368105
EOS,59,38,301,1273,2.557390220743353,24.23094819954304,59.5,38.5,0.23644933228593873,0.10554230893826853
EOS,59,39,4,20,1.909881476541727,1.0710536205371852,59.5,39.5,0.2,1.783180076067367
EOS,59,40,81,325,3.3995590120093797,1.346964989943777,59.5,40.5,0.24923076923076923,2.5238659040063682
EOS,59,41,31,161,47.669338329654174,5.270188345071581,59.5,41.5,0.19254658385093168,9.045091979346843
EOS,59,42,15,53,0.633354186417485,0.2525301419349109,59.5,42.5,0.2830188679245283,2.5080340175024753
EOS,59,43,74,258,2.386459139909569,1.116009273755786,59.5,43.5,0.2868217054263566,2.1383864776304655
EOS,59,44,109,281,-1.0386676337188603,1.4390542545470293,59.5,44.5,0.3879003558718861,-0.721771003724805
EOS,59,46,7,18,0.03431329307492051,0.11792663920036732,59.5,46.5,0.3888888888888889,0.29097151676322536
EOS,59,47,86,238,0.13120397379399243,1.573302903779191,59.5,47.5,0.36134453781512604,0.0833939691326004
EOS,59,50,60,166,-0.9012233376991016,1.301268073132198,59.5,50.5,0.3614457831325301,-0.6925731571434204
EOS,59,54,77,200,6.387253223076996,6.817489170461234,59.5,54.5,0.385,0.9368923167126747
EOS,59,55,78,211,0.8845156128044185,2.4451518488014394,59.5,55.5,0.3696682464454976,0.36174261047958595
EOS,59,56,335,1030,143.6554320116956,48.13712380885603,59.5,56.5,0.32524271844660196,2.9842961241748847
EOS,59,57,95,258,34.75889811003333,37.81959061196746,59.5,57.5,0.3682170542635659,0.9190712418508935
EOS,59,58,277,686,7.604600592900182,7.37366894341378,59.5,58.5,0.4037900874635568,1.031318418450651
EOS,59,60,79,193,52.60051248863776,25.987684202298123,59.5,60.5,0.40932642487046633,2.024055397902143
EOS,59,62,67,149,-0.5364700626863368,0.3733940050589726,59.5,62.5,0.44966442953020136,-1.4367398924940118
EOS,59,63,143,389,-3.103974933185249,1.068000066643651,59.5,63.5,0.3676092544987147,-2.906343389041118
EOS,59,67,88,271,-5.910504168127399,1.8847784197836004,59.5,67.5,0.3247232472324723,-3.135914601996562
EOS,59,73,29,65,0.031886099993419646,0.03648979148554596,59.5,73.5,0.4461538461538462,0.8738361797997698
EOS,59,74,2237,5048,3.443130810996786,7.400546479561044,59.5,74.5,0.4431458003169572,0.4652535891107615
EOS,59,75,864,2049,1.4684662506540735,2.849513242559099,59.5,75.5,0.4216691068814056,0.5153393318977065
EOS,59,88,332,1083,-6.435943263677235,2.547384427340765,59.5,88.5,0.30655586334256696,-2.5264907779921413
EOS,59,89,224,540,0.5038430196991692,1.4579181988147973,59.5,89.5,0.4148148148148148,0.3455907334916076
EOS,59,90,70,149,-1.4378231103370194,0.8851499671282739,59.5,90.5,0.4697986577181208,-1.624383622813436
EOS,59,109,1802,4247,-4.250304563219002,3.391908024750217,59.5,109.5,0.42429950553331763,-1.2530718793685445
EOS,59,110,1615,3539,-1.9087332877586656,2.3272452821864875,59.5,110.5,0.4563435998869737,-0.8201685066755737
EOS,59,121,176,482,0.0017148422988528958,0.012839248286028873,59.5,121.5,0.3651452282157676,0.1335625155499886
EOS,59,122,504,1644,-0.034626211788238104,0.0950262101574588,59.5,122.5,0.30656934306569344,-0.3643859071182818
EOS,59,124,764,1805,-0.20440735427540738,0.13649244573287644,59.5,124.5,0.4232686980609418,-1.4975726545001935
EOS,59,125,2133,5175,-0.4682925980315345,0.3562509547245757,59.5,125.5,0.4121739130434783,-1.3145020155625415
EOS,59,126,1605,3967,-0.07873387910523982,0.1372235687633129,59.5,126.5,0.4045878497605243,-0.5737635292159049
EOS,59,127,281,667,-0.016650252122526552,0.015735374686478374,59.5,127.5,0.42128935532233885,-1.058141445899877
EOS,59,128,607,1923,-0.021174081139972357,0.01501815914304247,59.5,128.5,0.3156526261050442,-1.409898572674386
EOS,59,129,444,1278,-0.00025631668898026106,0.002906272481826777,59.5,129.5,0.3474178403755869,-0.08819430751350256
EOS,59,130,152,421,-4.234515638970655e-05,0.0007195714172069762,59.5,130.5,0.36104513064133015,-0.05884774655734619
EOS,59,131,8,22,3.994235207274802e-05,1.159610446705508e-05,59.5,131.5,0.36363636363636365,3.4444629389313954
EOS,59,142,5,88,0.00035634615205437485,0.0003944277376340368,59.5,142.5,0.056818181818181816,0.9034510457908127
EOS,59,143,20,415,0.0037058072096586006,0.00045109974018431456,59.5,143.5,0.04819277108433735,8.215050640783891
SOS,23,-111,169,285,-3.1544755327781644,2.632647849281894,23.5,-110.5,0.5929824561403508,-1.1982140086220072
SOS,23,-110,182,346,128.21064665274213,10.780868875958816,23.5,-109.5,0.5260115606936416,11.892422413062647
SOS,23,-105,41,133,5.547086462347938,2.0665159962493997,23.5,-104.5,0.3082706766917293,2.6842697914826505
SOS,23,-104,37,93,33.382358190539605,8.429230790180917,23.5,-103.5,0.3978494623655914,3.9603089559994262
SOS,23,-101,45,187,77.61268942017168,5.490851413694361,23.5,-100.5,0.24064171122994651,14.134909793152138
SOS,23,-100,78,231,7.044388811556683,1.0305445344676065,23.5,-99.5,0.33766233766233766,6.835598633489344
SOS,23,-99,47,146,3.8747600198885723,0.09951516375187866,23.5,-98.5,0.3219178082191781,38.936377872517184
SOS,23,86,1,2,0.7319891911507335,0.012620503295702301,23.5,86.5,0.5,58.0
SOS,23,90,25,82,-23.926665026836766,4.449666562084318,23.5,90.5,0.3048780487804878,-5.377181569225045
SOS,23,95,103,226,42.91600299884347,12.948523035990338,23.5,95.5,0.4557522123893805,3.3143550719691124
SOS,23,100,12,23,-3.250646408244162,0.5996055784701331,23.5,100.5,0.5217391304347826,-5.421307814610468
SOS,23,102,12,22,-0.02983093792935937,0.1466008747437879,23.5,102.5,0.5454545454545454,-0.20348403774189233
SOS,23,104,8,15,-0.0005530235433138594,0.0003394723808005651,23.5,104.5,0.5333333333333333,-1.6290678552690636
SOS,23,105,11,23,0.0009035327383156031,0.00028045947994848053,23.5,105.5,0.4782608695652174,3.2216159656346046
SOS,23,106,33,72,0.003456173449745662,0.003669661499456689,23.5,106.5,0.4583333333333333,0.9418235034096102
SOS,23,107,21,65,0.002335629946052838,0.0008407929244508283,23.5,107.5,0.3230769230769231,2.777889630289618
SOS,23,108,10,69,0.0004733452591494554,0.00015707776745665925,23.5,108.5,0.14492753623188406,3.013445294096508
SOS,23,109,4,22,-0.0004421214458047078,0.00047403811243018623,23.5,109.5,0.18181818181818182,-0.9326706739636278
SOS,23,111,11,69,0.0002762417537152146,0.00027616317719558747,23.5,111.5,0.15942028985507245,1.000284529314969
SOS,23,112,9,70,-0.10665308427264014,0.041466004508887266,23.5,112.5,0.12857142857142856,-2.5720607889718807
SOS,23,113,32,283,-0.031166357043924692,0.0049250034403272025,23.5,113.5,0.11307420494699646,-6.32818990312301
SOS,23,114,46,195,0.04174538911811725,0.012681373759834247,23.5,114.5,0.2358974358974359,3.291866473515476
SOS,23,115,13,43,2.480141789876581,0.5250054144904083,23.5,115.5,0.3023255813953488,4.724030879346088
SOS,23,116,13,95,0.07248817640675193,0.010518170508283187,23.5,116.5,0.1368421052631579,6.891709575316982
SOS,23,120,81,236,0.1375524255169598,0.08410319453126522,23.5,120.5,0.3432203389830508,1.635519628993699
SOS,23,121,295,1013,6.163349939244659,2.1636721336511697,23.5,121.5,0.2912142152023692,2.848560021357803
SOS,24,-111,12,44,0.0030140386517790723,0.00029775154929767567,24.5,-110.5,0.2727272727272727,10.12266320322586
SOS,24,-105,17,48,-16.380673403803897,8.631449633520477,24.5,-104.5,0.3541666666666667,-1.8977893748217092
SOS,24,-102,32,95,395.3882318075218,21.96164746398879,24.5,-101.5,0.3368421052631579,18.00357793994519
SOS,24,-100,30,54,194.6047831295678,11.827808603885801,24.5,-99.5,0.5555555555555556,16.453156256319037
SOS,24,47,2,6,-1.2280000061704043e-06,2.0000000100495186e-08,24.5,47.5,0.3333333333333333,-61.4
SOS,24,55,1,5,2.1500000108032324e-07,1.0000000050247593e-08,24.5,55.5,0.2,21.5
SOS,24,67,116,239,10.587887877450857,15.370997965136402,24.5,67.5,0.48535564853556484,0.6888224109758966
SOS,24,68,32,69,8.984252789917635,1.1814211174582088,24.5,68.5,0.463768115942029,7.604615032823333
SOS,24,69,2127,4161,-168.97786509634307,17.191220212906202,24.5,69.5,0.5111751982696467,-9.829311881508211
SOS,24,70,1298,2693,0.00345339018592205,0.008664077392879633,24.5,70.5,0.48199034533976975,0.39858718122256587
SOS,24,71,26,59,-0.00018133712691340088,1.4509469654952755e-05,24.5,71.5,0.4406779661016949,-12.497846663299793
SOS,24,80,11,22,9.220959674359158,3.658031469144836,24.5,80.5,0.5,2.520743671052892
SOS,24,90,5,19,-7.695751780809896,3.4916786793216006,24.5,90.5,0.2631578947368421,-2.2040263402201448
SOS,24,91,19,42,7.413477364212784,2.1978712216030303,24.5,91.5,0.4523809523809524,3.373026268029353
SOS,24,93,67,174,10.887986248752433,9.528708416950534,24.5,93.5,0.3850574712643678,1.1426507950840317
SOS,24,97,4,17,-0.1394951943751768,0.017401489162278017,24.5,97.5,0.23529411764705882,-8.016279128430384
SOS,24,98,37,75,78.0585453453126,10.649454002864264,24.5,98.5,0.49333333333333335,7.3298166576725965
SOS,24,99,33,57,42.509194332584364,19.85410953406818,24.5,99.5,0.5789473684210527,2.1410778589511525
SOS,24,101,22,42,-4.252707490846311,1.2531230410322474,24.5,101.5,0.5238095238095238,-3.3936870934423062
SOS,24,102,374,767,293.0678703270432,109.59726697666082,24.5,102.5,0.4876140808344198,2.6740435999143406
SOS,24,103,39,75,15.286003689393759,11.145945401860363,24.5,103.5,0.52,1.3714407471296586
SOS,24,104,24,47,0.367587745674087,0.04206440554834989,24.5,104.5,0.5106382978723404,8.738688705622437
SOS,24,105,25,48,1.6630013392874747,0.759866739515035,24.5,105.5,0.5208333333333334,2.1885434021613337
SOS,24,108,27,221,0.02472431954883215,0.006297397044848219,24.5,108.5,0.12217194570135746,3.9261173104939684
SOS,24,109,44,231,0.002339354580645532,0.001121727353769697,24.5,109.5,0.19047619047619047,2.0854930324947993
SOS,24,110,40,202,0.00820624679196418,0.002891229042399135,24.5,110.5,0.19801980198019803,2.8383246956991885
SOS,24,111,26,118,0.012693545330846651,0.019302377040518626,24.5,111.5,0.22033898305084745,0.6576156555330449
SOS,24,112,20,91,-0.002937856518130956,0.0007336217807313306,24.5,112.5,0.21978021978021978,-4.0045928232968695
SOS,24,113,100,373,-0.055920584544901245,0.014159340032627643,24.5,113.5,0.2680965147453083,-3.9493778958653687
SOS,24,114,74,270,-0.0022956897717350384,0.0024365079205243,24.5,114.5,0.2740740740740741,-0.9422049287822714
SOS,24,115,46,166,0.03650389034294884,0.01001947176658402,24.5,115.5,0.27710843373493976,3.6432948955146625
SOS,24,116,69,255,-1.9044782516556986,2.119443811937213,24.5,116.5,0.27058823529411763,-0.8985745415515254
SOS,24,117,15,78,2.6778333751181846,0.3152606200180339,24.5,117.5,0.19230769230769232,8.494030668863761
SOS,24,118,3,28,3.1816011401198887,0.2899031459246071,24.5,118.5,0.10714285714285714,10.97470374104634
SOS,24,120,40,134,7.903042506824166,1.5791431697845608,24.5,120.5,0.29850746268656714,5.004639641320401
SOS,24,121,556,1553,9.992837300884435,4.134201996312837,24.5,121.5,0.3580167417900837,2.4171139460037825
SOS,25,-112,32,57,43.755712975966716,5.300778857316484,25.5,-111.5,0.5614035087719298,8.254581855564904
SOS,25,-104,181,491,790.2677958597623,102.9518374597686,25.5,-103.5,0.36863543788187375,7.676092193775387
SOS,25,-102,16,47,17.02947937214246,6.061325531074269,25.5,-101.5,0.3404255319148936,2.809530569648232
SOS,25,-101,909,2303,1504.4547614785113,155.12209916293267,25.5,-100.5,0.39470256187581415,9.698519873034373
SOS,25,-100,102,225,179.0473084337198,14.616557358307473,25.5,-99.5,0.4533333333333333,12.249622400445505
SOS,25,-99,0,7,0.0,0.0,25.5,-98.5,0.0,
SOS,25,-98,13,282,-7.846539855702386,0.2611657865943412,25.5,-97.5,0.04609929078014184,-30.044287033240366
SOS,25,-82,4,22,71.40905925343114,2.256094057302699,25.5,-81.5,0.18181818181818182,31.651632174770725
SOS,25,-81,15,289,12.589850667101876,0.8581209449404839,25.5,-80.5,0.05190311418685121,14.671417521425331
SOS,25,7,2,11,-0.8545311152174612,0.01594770354993707,25.5,7.5,0.18181818181818182,-53.58333333333333
SOS,25,8,9,19,1.0713280119189803,0.058585473189760526,25.5,8.5,0.47368421052631576,18.286581187949256
SOS,25,39,5,11,17.04002141756236,0.26270291753687436,25.5,39.5,0.45454545454545453,64.86422601367012
SOS,25,49,10,16,48.02652044592314,1.9933880949327891,25.5,49.5,0.625,24.092910240613456
SOS,25,66,22,59,-28.09554858409502,1.7965050922841868,25.5,66.5,0.3728813559322034,-15.63900303136498
SOS,25,67,291,709,1.771623830878752,25.063595245914637,25.5,67.5,0.4104372355430183,0.07068514367137836
SOS,25,68,6,14,-29.338352821338205,0.6021121190746421,25.5,68.5,0.42857142857142855,-48.72573046100939
SOS,25,69,45,122,116.27318241051769,6.001721192852852,25.5,69.5,0.36885245901639346,19.373306202391003
SOS,25,71,42,92,-0.6840345369219438,38.31793603321309,25.5,71.5,0.45652173913043476,-0.01785154963276307
SOS,25,72,6,12,-12.340296632142609,0.48490185368583494,25.5,72.5,0.5,-25.4490605435751
SOS,25,95,1003,1630,9.648612767526508,1.046877818922047,25.5,95.5,0.6153374233128834,9.216560512726813
SOS,25,97,44,64,0.01354257390475553,0.07311016475444862,25.5,97.5,0.6875,0.1852351714736286
SOS,25,98,27,48,19.305772341679717,13.369828595883211,25.5,98.5,0.5625,1.4439805419513216
SOS,25,99,12,23,5.448002516642043,3.3923437450930867,25.5,99.5,0.5217391304347826,1.6059700684880176
SOS,25,100,77,157,116.64918489985924,23.469600732725663,25.5,100.5,0.49044585987261147,4.970224514182099
SOS,25,101,26,58,40.7505800660167,7.985556101487807,25.5,101.5,0.4482758620689655,5.103035974967901
SOS,25,102,87,165,70.10614801626728,26.876491358887233,25.5,102.5,0.5272727272727272,2.608456106867734
SOS,25,103,20,33,3.6466933383120224,1.2599285016835213,25.5,103.5,0.6060606060606061,2.8943653020304696
SOS,25,104,12,28,1.883623086464651,0.1451368900295964,25.5,104.5,0.42857142857142855,12.978251677299559
SOS,25,105,18,35,0.9577865236606861,0.10993960107258827,25.5,105.5,0.5142857142857142,8.711933773784589
SOS,25,107,5,23,0.0008075555834556343,0.00020608084495221668,25.5,107.5,0.21739130434782608,3.918634862172075
SOS,25,109,14,92,0.3870144921033265,0.057170833387055864,25.5,109.5,0.15217391304347827,6.769439400737353
SOS,25,110,41,202,0.2235729347475654,0.215746443027784,25.5,110.5,0.20297029702970298,1.0362763418480716
SOS,25,111,30,138,-0.03086953434367633,0.07250558508411342,25.5,111.5,0.21739130434782608,-0.4257538823783673
SOS,25,112,38,174,-1.184407024125818,0.25547776572469216,25.5,112.5,0.21839080459770116,-4.636047370956572
SOS,25,113,43,162,-0.5876698570551059,0.2477040998971115,25.5,113.5,0.2654320987654321,-2.3724672191506135
SOS,25,114,36,112,-0.7687525729220503,0.15766347647899415,25.5,114.5,0.32142857142857145,-4.8759077884754936
SOS,25,115,54,187,-5.9161986384288765,1.7344471349889035,25.5,115.5,0.2887700534759358,-3.410999689227615
SOS,25,116,136,500,-27.167824272926328,5.92532952638895,25.5,116.5,0.272,-4.58503179476047
SOS,25,117,78,287,-33.636557766051354,9.659243279645853,25.5,117.5,0.27177700348432055,-3.48231810631905
SOS,25,118,36,132,2.339707755103554,0.538489638329779,25.5,118.5,0.2727272727272727,4.34494480220747
SOS,25,119,13,186,-0.06910506614087386,0.2872952830826133,25.5,119.5,0.06989247311827956,-0.24053672374774884
SOS,25,121,0,193,0.0,0.0,25.5,121.5,0.0,
SOS,26,-110,24,46,-0.5472202551363345,7.352607524322833,26.5,-109.5,0.5217391304347826,-0.07442533187390998
SOS,26,-109,168,321,16.433981936738544,47.625008332181835,26.5,-108.5,0.5233644859813084,0.34507042648921793
SOS,26,-106,33,71,77.16553505466445,19.258671159754318,26.5,-105.5,0.4647887323943662,4.006794363669318
SOS,26,-104,946,2046,-171.0932572784176,157.83359644416464,26.5,-103.5,0.46236559139784944,-1.084010382662374
SOS,26,-103,130,364,616.7253846009457,36.15572182344798,26.5,-102.5,0.35714285714285715,17.057476756029867
SOS,26,-102,164,411,819.7255693864403,58.33424733732383,26.5,-101.5,0.39902676399026765,14.052218153193822
SOS,26,-101,67,134,203.0084592772735,22.270272965550408,26.5,-100.5,0.5,9.115670005091747
SOS,26,-100,65,187,31.934533027427754,1.0433387191782706,26.5,-99.5,0.34759358288770054,30.608020617292212
SOS,26,-99,117,446,57.88906495733953,2.3017012177502347,26.5,-98.5,0.2623318385650224,25.15055581971772
SOS,26,-98,9,181,1.2903470053460826,0.16920384115434284,26.5,-97.5,0.049723756906077346,7.625991210028533
SOS,26,-83,60,258,9.59376645482153,1.3342886998973467,26.5,-82.5,0.23255813953488372,7.190172903030375
SOS,26,-82,223,1006,-37.246384196933406,20.503196707018596,26.5,-81.5,0.2216699801192843,-1.8166135129642165
SOS,26,-81,73,237,47.652990284692976,18.093571505703725,26.5,-80.5,0.3080168776371308,2.6336972924152144
SOS,26,32,8,19,-1.1115546709497317,0.5288316398516111,26.5,32.5,0.42105263157894735,-2.101906518417906
SOS,26,67,2,6,0.8573647290876225,0.029564301003021466,26.5,67.5,0.3333333333333333,29.0
SOS,26,68,119,320,115.20964954598456,39.206830950271055,26.5,68.5,0.371875,2.9385096105347954
SOS,26,71,25,44,90.03276510190307,21.8150238191775,26.5,71.5,0.5681818181818182,4.1270990968506585
SOS,26,72,22,39,-47.00668535626633,5.140871675775932,26.5,72.5,0.5641025641025641,-9.143718871210966
SOS,26,73,39,88,-129.88879472342384,17.866201348694297,26.5,73.5,0.4431818181818182,-7.270084568531766
SOS,26,74,4,5,-0.11240648011620707,1.8596899352894802,26.5,74.5,0.8,-0.06044366750778259
SOS,26,75,14,21,-6.003660238542462,6.447013699301934,26.5,75.5,0.6666666666666666,-0.9312311899061922
SOS,26,78,11,27,-0.38399168869749306,0.0375415230394327,26.5,78.5,0.4074074074074074,-10.228452593523112
SOS,26,89,20,34,-0.014596976310768357,0.00404883227927973,26.5,89.5,0.5882352941176471,-3.6052311639258856
SOS,26,90,717,1245,-0.027830603536156504,0.03308743292830008,26.5,90.5,0.5759036144578313,-0.8411230812757508
SOS,26,91,363,618,-11.78198082256173,19.754796821286057,26.5,91.5,0.587378640776699,-0.5964111364520078
SOS,26,92,76,133,0.2614411887204996,0.12877089353288199,26.5,92.5,0.5714285714285714,2.030281700683702
SOS,26,93,159,272,-32.312105406547985,9.50025020270493,26.5,93.5,0.5845588235294118,-3.4011846758886435
SOS,26,101,212,404,249.31950525298166,92.14847524782297,26.5,101.5,0.5247524752475248,2.7056281135685083
SOS,26,103,17,25,-2.0063472780597813,3.386420568879789,26.5,103.5,0.68,-0.5924684300873684
SOS,26,104,68,138,3.8969173058304727,3.1941660581005147,26.5,104.5,0.4927536231884058,1.2200108682351554
SOS,26,105,19,46,-0.01012148767847306,0.0024451207533860986,26.5,105.5,0.41304347826086957,-4.139463322805808
SOS,26,106,76,195,-1.187442919622805,1.079648283076504,26.5,106.5,0.38974358974358975,-1.099842363699348
SOS,26,107,29,115,-2.5627717819281806,0.4017706764480041,26.5,107.5,0.25217391304347825,-6.378692951375326
SOS,26,109,6,23,-0.0094577383751831,0.4214358066418604,26.5,109.5,0.2608695652173913,-0.02244170577375824
SOS,26,110,8,46,0.703444216734539,0.23954613011350423,26.5,110.5,0.17391304347826086,2.9365709911540874
SOS,26,111,28,108,-0.07721874326874491,0.03177552591738064,26.5,111.5,0.25925925925925924,-2.4301326583711282
SOS,26,112,33,147,-1.321674664099778,0.14297620007016454,26.5,112.5,0.22448979591836735,-9.244018678991159
SOS,26,113,24,119,-0.9598108470541952,0.19701994081025898,26.5,113.5,0.20168067226890757,-4.8716431601131465
SOS,26,114,32,113,-0.1451594200948472,0.044658758741423554,26.5,114.5,0.2831858407079646,-3.2504132265593744
SOS,26,115,6,39,0.022869956148954734,0.04591902397022207,26.5,115.5,0.15384615384615385,0.4980497007903657
SOS,26,116,33,139,-10.301776624414757,2.0232957531392386,26.5,116.5,0.23741007194244604,-5.0915821912990555
SOS,26,117,86,350,1.9738643759149324,11.480808176738677,26.5,117.5,0.24571428571428572,0.17192730211399132
SOS,26,118,58,224,-15.39238558686352,2.707823070802606,26.5,118.5,0.25892857142857145,-5.684413340307784
SOS,26,119,22,241,2.0565158469094444,0.5259917978262139,26.5,119.5,0.0912863070539419,3.909786911903351
SOS,27,-111,34,63,27.869149082993367,22.513540902364795,27.5,-110.5,0.5396825396825397,1.237883867484658
SOS,27,-110,35,73,20.138660268694686,8.7507498128522,27.5,-109.5,0.4794520547945205,2.3013639630191567
SOS,27,-109,165,327,-19.69414300389957,19.156399623054444,27.5,-108.5,0.5045871559633027,-1.028071213350444
SOS,27,-102,102,242,265.3845524237523,34.75501079351839,27.5,-101.5,0.4214876033057851,7.635864480100954
SOS,27,-100,86,240,113.27632796548764,5.741156735804864,27.5,-99.5,0.35833333333333334,19.730575766907226
SOS,27,-99,15,113,3.650159968785425,0.9326970636648014,27.5,-98.5,0.13274336283185842,3.9135536188384985
SOS,27,-98,9,98,-3.3894124574669524,0.14651228642828962,27.5,-97.5,0.09183673469387756,-23.133981047561488
SOS,27,-83,216,1069,489.6654892521818,52.22478351935475,27.5,-82.5,0.20205799812909261,9.376113336510231
SOS,27,-82,341,1251,396.91950023759944,66.37128231954448,27.5,-81.5,0.27258193445243806,5.980289763374329
SOS,27,-81,162,597,-109.1192925921266,27.632220313195948,27.5,-80.5,0.271356783919598,-3.948987499206351
SOS,27,-16,28,66,-2.247852717719677,0.399374870874593,27.5,-15.5,0.42424242424242425,-5.628428030028763
SOS,27,30,3,5,-71.00662457794195,2.8689545284016953,27.5,30.5,0.6,-24.749999999999996
SOS,27,36,18,42,0.16689532393710274,0.051572021889995046,27.5,36.5,0.42857142857142855,3.2361601857126407
SOS,27,55,12,29,77.85695244368372,3.3023494549545998,27.5,55.5,0.41379310344827586,23.57623065205075
SOS,27,56,12,51,-37.824721579491424,2.5573309761344447,27.5,56.5,0.23529411764705882,-14.790702467721133
SOS,27,57,14,63,-28.653469572506577,4.0146713769528555,27.5,57.5,0.2222222222222222,-7.137189294495786
SOS,27,66,44,117,-81.77679985240998,3.836206368143163,27.5,66.5,0.37606837606837606,-21.31710132476329
SOS,27,68,37,250,-285.20718351343737,11.163183131063269,27.5,68.5,0.148,-25.548912005197213
SOS,27,69,141,502,-70.71676235040948,22.639387182076796,27.5,69.5,0.28087649402390436,-3.123616455766731
SOS,27,70,15,35,0.3435052947965754,0.06725240315968119,27.5,70.5,0.42857142857142855,5.107702902169478
SOS,27,71,64,105,1.2910347609765407,0.15573316969610035,27.5,71.5,0.6095238095238096,8.290043562947329
SOS,27,73,49,93,40.06146094013811,34.92066807389978,27.5,73.5,0.5268817204301075,1.1472134741339794
SOS,27,74,40,73,-144.91239287565372,27.753803058066637,27.5,74.5,0.547945205479452,-5.2213526403018475
SOS,27,76,2,2,0.0,0.3447853410952699,27.5,76.5,1.0,0.0
SOS,27,83,66,154,-54.01611778492695,12.87268416553814,27.5,83.5,0.42857142857142855,-4.196181393895701
SOS,27,84,527,1442,179.2286011068727,71.05659568098045,27.5,84.5,0.3654646324549237,2.522335884363883
SOS,27,85,145,378,56.07803129559881,12.113933264179051,27.5,85.5,0.3835978835978836,4.629217453378398
SOS,27,86,151,604,-12.751446290958848,4.9781823918262535,27.5,86.5,0.25,-2.5614662716849472
SOS,27,87,397,1575,-47.681858109215504,7.1281116686492885,27.5,87.5,0.25206349206349205,-6.689269237872472
SOS,27,88,27,129,-3.631154559293684,0.2694720616978487,27.5,88.5,0.20930232558139536,-13.475068756349195
SOS,27,89,497,2911,-1.6631378675601454,0.4243063384091592,27.5,89.5,0.17073170731707318,-3.9196630288289005
SOS,27,90,1087,3209,-2.925692604391548,1.9904757302563343,27.5,90.5,0.3387348083515114,-1.4698459066440244
SOS,27,91,613,2327,-2.7427092321461144,1.1337116816371249,27.5,91.5,0.26342930812204557,-2.419229929946151
SOS,27,92,32,123,-0.06873304992541164,0.0207591720265877,27.5,92.5,0.2601626016260163,-3.3109726070664327
SOS,27,97,241,642,-0.36906987543343406,0.7502551640632981,27.5,97.5,0.37538940809968846,-0.4919258048616325
SOS,27,98,185,552,6.620255765948652,1.2106564917119187,27.5,98.5,0.3351449275362319,5.468318892493886
SOS,27,99,9,48,-23.679835092561802,7.586501150445659,27.5,99.5,0.1875,-3.121311738174687
SOS,27,102,9,15,-3.736362590268207,3.5872663136711385,27.5,102.5,0.6,-1.041562645078471
SOS,27,105,5,13,0.06849730571215751,0.2684793684138931,27.5,105.5,0.38461538461538464,0.25513061251902497
SOS,27,109,35,107,0.6924465313546181,0.3294996265354152,27.5,109.5,0.32710280373831774,2.1015093055961103
SOS,27,110,13,44,-0.17365167936216494,0.04585540029618085,27.5,110.5,0.29545454545454547,-3.7869406490957584
SOS,27,111,4,15,0.0252263645797337,0.01946268074314661,27.5,111.5,0.26666666666666666,1.2961402857423254
SOS,27,112,38,168,0.39577175690299,0.20986174800475976,27.5,112.5,0.2261904761904762,1.885868962141751
SOS,27,113,63,310,-0.27243680956733163,0.37423306544014734,27.5,113.5,0.2032258064516129,-0.7279870079008387
SOS,27,114,28,104,-0.6159441339341036,0.2160130724356919,27.5,114.5,0.2692307692307692,-2.8514206431533125
SOS,27,115,13,37,-0.0014426525305448689,0.0006191655104185179,27.5,115.5,0.35135135135135137,-2.329994979161104
SOS,27,116,29,91,-0.07146967433924356,0.3210627380079737,27.5,116.5,0.31868131868131866,-0.222603453713363
SOS,27,117,201,1076,49.51374367689646,18.055093939526383,27.5,117.5,0.18680297397769516,2.742369762391571
SOS,27,118,45,224,-1.3997837380998175,4.220770285410971,27.5,118.5,0.20089285714285715,-0.33164177234144887
SOS,27,119,21,160,30.8086465957327,4.919402199253067,27.5,119.5,0.13125,6.262680981931199
SOS,27,120,7,163,-0.6363675310714216,0.352409410353817,27.5,120.5,0.04294478527607362,-1.805762026707835
SOS,28,-110,163,301,6.975409053010087,12.00668589040686,28.5,-109.5,0.5415282392026578,0.5809604012863634
SOS,28,-109,138,298,23.285497675142068,14.59040343300272,28.5,-108.5,0.46308724832214765,1.5959461149971703
SOS,28,-107,89,164,116.03479358373218,61.00726660819878,28.5,-106.5,0.5426829268292683,1.901983157661062
SOS,28,-106,41,96,61.69175861681491,29.596254311227895,28.5,-105.5,0.4270833333333333,2.0844448073758772
SOS,28,-104,172,453,259.73155668129186,12.420453954551018,28.5,-103.5,0.37969094922737306,20.911599337005136
SOS,28,-103,301,661,28.957054031220846,2.6828640847578775,28.5,-102.5,0.45537065052950076,10.79333619460419
SOS,28,-101,121,328,1162.051392685897,27.578423499555257,28.5,-100.5,0.36890243902439024,42.13625164994065
SOS,28,-100,13,44,344.2002517773648,8.78366154821216,28.5,-99.5,0.29545454545454547,39.186420137900676
SOS,28,-99,3,42,4.555253552318291,0.1855293602642204,28.5,-98.5,0.07142857142857142,24.552736805813147
SOS,28,-98,5,192,-3.0595704746906245,0.0849297687077053,28.5,-97.5,0.026041666666666668,-36.02471219744466
SOS,28,-97,0,168,0.0,0.0,28.5,-96.5,0.0,
SOS,28,-96,0,54,0.0,0.0,28.5,-95.5,0.0,
SOS,28,-83,250,1467,-18.66562345257452,42.41407433808605,28.5,-82.5,0.17041581458759372,-0.4400808869195001
SOS,28,-82,384,2131,347.2495054989779,63.47343214235511,28.5,-81.5,0.18019709056780855,5.470785079341286
SOS,28,-81,21,325,-9.896016187676652,4.9398774560600724,28.5,-80.5,0.06461538461538462,-2.00329183784439
SOS,28,-18,3,39,-0.11466344247012202,0.0005263966204961477,28.5,-17.5,0.07692307692307693,-217.8270870395171
SOS,28,-17,134,239,-60.38356005871892,2.617984303681579,28.5,-16.5,0.5606694560669456,-23.064905306652776
SOS,28,-16,6,14,-0.341043469646982,0.021747452024035635,28.5,-15.5,0.42857142857142855,-15.681996643563359
SOS,28,30,3,5,-19.215024881378476,2.9945493321628796,28.5,30.5,0.6,-6.416666666666666
SOS,28,48,6,28,95.96882231300152,3.237135231517316,28.5,48.5,0.21428571428571427,29.646219712612638
SOS,28,52,10,27,2.646780574705769,5.5525438358598445,28.5,52.5,0.37037037037037035,0.47667891563721426
SOS,28,53,42,130,63.05544314912894,17.734341119072713,28.5,53.5,0.3230769230769231,3.5555560099898407
SOS,28,56,66,148,0.7952329610158226,1.1699322850134117,28.5,56.5,0.44594594594594594,0.6797256313058377
SOS,28,57,9,20,141.39132837481873,4.890676259179631,28.5,57.5,0.45,28.910383939119274
SOS,28,69,40,220,-9.146570799933153,2.467028264197976,28.5,69.5,0.18181818181818182,-3.7075257436933655
SOS,28,70,30,111,17.63745003082353,5.590608877781329,28.5,70.5,0.2702702702702703,3.154835263278706
SOS,28,71,131,350,-8.976608362593389,1.5652282092252403,28.5,71.5,0.3742857142857143,-5.735015705496803
SOS,28,72,40,64,2.937912918360465,0.3638423450566246,28.5,72.5,0.625,8.074686628086786
SOS,28,73,16,26,12.64964178720852,8.368388884552814,28.5,73.5,0.6153846153846154,1.5115982253834377
SOS,28,74,1,6,-5.317573350321658,0.5016578632378925,28.5,74.5,0.16666666666666666,-10.599999999999994
SOS,28,77,8,16,-3.4944067510741643,0.7634087053378582,28.5,77.5,0.5,-4.5773734654069225
SOS,28,80,114,272,165.72235625824723,26.685162120788686,28.5,80.5,0.41911764705882354,6.2102810358848695
SOS,28,81,289,874,7.158511595459785,41.91604660849179,28.5,81.5,0.3306636155606407,0.17078212700549722
SOS,28,82,156,504,-5.859455455410037,1.4950120195145604,28.5,82.5,0.30952380952380953,-3.9193366868800417
SOS,28,83,532,1807,-12.032575148718124,11.32557916668878,28.5,83.5,0.29441062534587714,-1.0624247088492205
SOS,28,84,491,1917,-35.65245658258442,5.411980850195488,28.5,84.5,0.25612936880542514,-6.587690823277138
SOS,28,85,215,1056,-42.74277345074819,3.8387757898014154,28.5,85.5,0.20359848484848486,-11.134480311224252
SOS,28,89,60,380,-0.12385722327508318,0.02494519852712017,28.5,89.5,0.15789473684210525,-4.965172882485856
SOS,28,90,27,183,-0.10211448974300932,0.008547842661000315,28.5,90.5,0.14754098360655737,-11.946229451427376
SOS,28,97,368,1731,-29.549465283077495,7.998283903707292,28.5,97.5,0.21259387637203928,-3.6944756698847607
SOS,28,98,49,296,0.6959808551275634,0.7716465122899652,28.5,98.5,0.16554054054054054,0.9019425916436092
SOS,28,105,29,102,-19.11087674175893,2.5219705674457775,28.5,105.5,0.28431372549019607,-7.577755659977508
SOS,28,106,9,25,-3.9765384640094155,5.614550013758362,28.5,106.5,0.36,-0.7082559518153679
SOS,28,108,41,130,2.894248702071239,3.7542053574327046,28.5,108.5,0.3153846153846154,0.7709351051724185
SOS,28,109,38,154,2.542443173880085,3.650856886092142,28.5,109.5,0.24675324675324675,0.6963962853667219
SOS,28,110,21,66,-0.07210661756499229,0.20708682918506127,28.5,110.5,0.3181818181818182,-0.3481950921202954
SOS,28,111,31,81,-0.18451535328426855,0.39496128990315804,28.5,111.5,0.38271604938271603,-0.4671732597630277
SOS,28,112,25,70,-1.0618228838223882,0.27730423326652454,28.5,112.5,0.35714285714285715,-3.82909006225607
SOS,28,113,18,76,-0.2503232040260454,0.09504781997206446,28.5,113.5,0.23684210526315788,-2.633655396826755
SOS,28,114,19,86,-1.1603415914477686,0.40443070492076494,28.5,114.5,0.22093023255813954,-2.8690739286847666
SOS,28,115,13,51,0.9377455589458941,0.27415288384210346,28.5,115.5,0.2549019607843137,3.420520498649879
SOS,28,116,5,29,-0.15056176930367476,0.01978758882413001,28.5,116.5,0.1724137931034483,-7.608899226775521
SOS,28,117,74,266,-4.037117664665964,1.7279669850519856,28.5,117.5,0.2781954887218045,-2.3363395826364752
SOS,28,118,11,41,-0.005091313549009316,0.0012724983836545078,28.5,118.5,0.2682926829268293,-4.001037340721403
SOS,28,119,34,200,17.0766139955031,2.2203684803056696,28.5,119.5,0.17,7.690891915900476
SOS,28,120,40,327,-2.1859320583816193,0.5865423694300599,28.5,120.5,0.12232415902140673,-3.72681015440654
SOS,28,121,31,341,0.874543177788774,0.5562200188229421,28.5,121.5,0.09090909090909091,1.5722971992979662
SOS,29,-112,29,67,-2.338325787492195,26.227497190809817,29.5,-111.5,0.43283582089552236,-0.08915550616516892
SOS,29,-111,121,249,-37.890492461008016,58.384764393626746,29.5,-110.5,0.4859437751004016,-0.6489791104671158
SOS,29,-105,410,897,-93.81097202633538,29.416132644188934,29.5,-104.5,0.45707915273132665,-3.1890994360493354
SOS,29,-104,1225,3065,898.189306670207,107.53615937428998,29.5,-103.5,0.399673735725938,8.352439885303811
SOS,29,-103,656,1504,26.753617715041674,4.527138981648495,29.5,-102.5,0.43617021276595747,5.909608214700693
SOS,29,-102,10,23,129.68966838978616,7.481103091652499,29.5,-101.5,0.43478260869565216,17.335634437987547
SOS,29,-101,149,337,407.14273516837494,30.529967923244296,29.5,-100.5,0.4421364985163205,13.335838943295867
SOS,29,-99,59,681,316.7941729199533,8.855487665463531,29.5,-98.5,0.08663729809104258,35.773769315432844
SOS,29,-98,8,190,-6.733857683932437,0.6462306761501123,29.5,-97.5,0.042105263157894736,-10.420207415793174
SOS,29,-97,8,173,-2.5977741193024393,0.2501638318237487,29.5,-96.5,0.046242774566473986,-10.384291367637367
SOS,29,-96,6,1202,-0.20934946812975108,0.04004133203554239,29.5,-95.5,0.004991680532445923,-5.228334260806399
SOS,29,-95,0,252,0.0,0.0,29.5,-94.5,0.0,
SOS,29,-94,0,72,0.0,0.0,29.5,-93.5,0.0,
SOS,29,-93,0,106,0.0,0.0,29.5,-92.5,0.0,
SOS,29,-92,0,156,0.0,0.0,29.5,-91.5,0.0,
SOS,29,-91,0,393,0.0,0.0,29.5,-90.5,0.0,
SOS,29,-90,0,141,0.0,0.0,29.5,-89.5,0.0,
SOS,29,-86,0,46,0.0,0.0,29.5,-85.5,0.0,
SOS,29,-84,2,23,0.014193480000995962,0.11313119190528706,29.5,-83.5,0.08695652173913043,0.1254603594460375
SOS,29,-83,152,787,313.29088422983125,40.92648690990888,29.5,-82.5,0.193138500635324,7.654966450442613
SOS,29,-82,166,1068,160.19802373856308,43.29275068586973,29.5,-81.5,0.15543071161048688,3.7003429257926532
SOS,29,-81,7,46,-3.8056676007908976,2.622053502401657,29.5,-80.5,0.15217391304347827,-1.4514073024463898
SOS,29,27,1,2,2.5522094101745463,0.01849427108822135,29.5,27.5,0.5,138.0
SOS,29,47,0,3,0.0,0.0,29.5,47.5,0.0,
SOS,29,50,0,14,0.0,0.0,29.5,50.5,0.0,
SOS,29,51,163,470,173.0314747727376,25.852025644803575,29.5,51.5,0.3468085106382979,6.693149587197553
SOS,29,52,274,651,78.88935085897138,52.210550397042304,29.5,52.5,0.42089093701996927,1.5109848538091721
SOS,29,53,365,1073,-121.76323542008798,44.471983721967014,29.5,53.5,0.3401677539608574,-2.737976254473731
SOS,29,54,9,27,18.514682772795908,6.822514016269041,29.5,54.5,0.3333333333333333,2.713762511684929
SOS,29,67,76,164,-17.09054182486632,0.8797741763213504,29.5,67.5,0.4634146341463415,-19.426055327434106
SOS,29,70,10,23,214.14332516432762,9.669732989368887,29.5,70.5,0.43478260869565216,22.14573302073195
SOS,29,71,49,104,1.056633527302837,3.4777845630139037,29.5,71.5,0.47115384615384615,0.30382374415600416
SOS,29,72,91,194,12.492149427677282,1.861652786210654,29.5,72.5,0.4690721649484536,6.710246679835894
SOS,29,73,7,31,-57.319119088572705,6.797254958528951,29.5,73.5,0.22580645161290322,-8.432686347398333
SOS,29,75,9,15,-63.5470535893128,4.650901263621402,29.5,75.5,0.6,-13.663384790893666
SOS,29,79,22,39,127.35497426793334,19.982072900659595,29.5,79.5,0.5641025641025641,6.37346159735657
SOS,29,81,51,151,0.22459995399920613,0.03523605701790361,29.5,81.5,0.33774834437086093,6.374151168080067
SOS,29,82,619,2159,-39.179313302880345,7.735317254842414,29.5,82.5,0.2867068087077351,-5.064991132503785
SOS,29,83,317,1093,-5.299552287380512,2.295172923845184,29.5,83.5,0.2900274473924977,-2.308999131316862
SOS,29,84,76,192,1.41200733644572,0.15212360248418955,29.5,84.5,0.3958333333333333,9.28197408809374
SOS,29,88,7,24,-23.444191759722617,5.416362184220978,29.5,88.5,0.2916666666666667,-4.328401787461806
SOS,29,91,56,164,35.29428015848266,55.87004164430959,29.5,91.5,0.34146341463414637,0.6317210282959832
SOS,29,102,3,22,1.2938105135263305,1.0373053386767757,29.5,102.5,0.13636363636363635,1.2472802995275838
SOS,29,103,87,648,23.01139878988825,12.635731733943263,29.5,103.5,0.13425925925925927,1.8211370163924039
SOS,29,104,20,69,11.512105659679978,2.916876809839236,29.5,104.5,0.2898550724637681,3.9467232969343224
SOS,29,105,15,31,0.7478794161702196,0.42132096727082136,29.5,105.5,0.4838709677419355,1.775082358266517
SOS,29,106,26,83,-14.20969884948711,2.645398064818731,29.5,106.5,0.3132530120481928,-5.371478507700803
SOS,29,107,8,23,3.057287582708633,1.1996850916510775,29.5,107.5,0.34782608695652173,2.548408414829106
SOS,29,108,32,115,29.47571372886712,9.202274710632778,29.5,108.5,0.2782608695652174,3.203089959356394
SOS,29,109,34,140,-39.16809143762776,12.751309559422573,29.5,109.5,0.24285714285714285,-3.071691676458793
SOS,29,110,114,415,53.67012446950608,33.50154159517062,29.5,110.5,0.2746987951807229,1.602019546385377
SOS,29,111,30,86,4.2386078844117545,1.3383758683654017,29.5,111.5,0.3488372093023256,3.16697871248119
SOS,29,112,30,112,-4.770213922326422,27.587480766315707,29.5,112.5,0.26785714285714285,-0.17291226997975293
SOS,29,113,74,286,122.43855071889374,32.50867425298112,29.5,113.5,0.25874125874125875,3.7663347870196775
SOS,29,114,21,81,-0.5225827530336746,0.7455464109225429,29.5,114.5,0.25925925925925924,-0.700939264648901
SOS,29,115,20,89,-3.91828777597245,1.3133420017246225,29.5,115.5,0.2247191011235955,-2.983448158078496
SOS,29,116,30,151,-3.4626538035762127,0.9562090235956757,29.5,116.5,0.1986754966887417,-3.621231046905874
SOS,29,117,25,107,-4.280889126907254,2.06240962967874,29.5,117.5,0.2336448598130841,-2.0756735545179184
SOS,29,118,10,37,-7.444731128940548,1.9586113073326494,29.5,118.5,0.2702702702702703,-3.801025298418814
SOS,29,119,39,127,-8.783848330451233,1.4326856795832783,29.5,119.5,0.30708661417322836,-6.1310365948560115
SOS,29,120,111,405,-15.393518930004406,4.256956845937542,29.5,120.5,0.2740740740740741,-3.6160852663316523
SOS,29,121,25,213,0.08610233090580179,0.8541553890329492,29.5,121.5,0.11737089201877934,0.10080405978973501
SOS,30,-116,86,202,7.106045778766532,0.3653528080500225,30.5,-115.5,0.42574257425742573,19.449818428092122
SOS,30,-113,56,106,21.724039614164525,26.525266569949423,30.5,-112.5,0.5283018867924528,0.818994205275048
SOS,30,-111,49,94,45.375486605818935,25.954328285268648,30.5,-110.5,0.5212765957446809,1.7482820632878213
SOS,30,-108,11,27,4.164258304301576,7.125902220929644,30.5,-107.5,0.4074074074074074,0.5843833068703415
SOS,30,-105,117,358,5.778265266916858,1.441485251937412,30.5,-104.5,0.3268156424581006,4.008549694941829
SOS,30,-104,41,96,9.423986651988717,1.092496620057349,30.5,-103.5,0.4270833333333333,8.62610142582777
SOS,30,-102,26,61,80.41652993367678,9.107309023148494,30.5,-101.5,0.4262295081967213,8.829889238333536
SOS,30,-101,28,63,60.98199429019454,12.000690108258144,30.5,-100.5,0.4444444444444444,5.0815406230872044
SOS,30,-100,19,113,21.088378367389318,1.214003591975851,30.5,-99.5,0.168141592920354,17.37093572603598
SOS,30,-99,30,219,237.15284888080538,5.606148301274918,30.5,-98.5,0.136986301369863,42.30227887957824
SOS,30,-98,46,619,18.838457887391574,3.188582758927417,30.5,-97.5,0.07431340872374798,5.908097519077252
SOS,30,-97,43,546,5.644051265572482,1.7264665799229724,30.5,-96.5,0.07875457875457875,3.269134387660314
SOS,30,-96,18,646,-1.1552935451168966,0.368243284073981,30.5,-95.5,0.02786377708978328,-3.1373105636457317
SOS,30,-95,4,418,0.2330930804307981,0.23119787988672996,30.5,-94.5,0.009569377990430622,1.0081973093568013
SOS,30,-94,6,397,-2.0438779248924845,0.5532222668625961,30.5,-93.5,0.015113350125944584,-3.694496854733656
SOS,30,-93,6,159,-4.9680349275193,0.3406259685958566,30.5,-92.5,0.03773584905660377,-14.5850151942283
SOS,30,-92,21,538,-8.995658847201373,2.076466850855807,30.5,-91.5,0.03903345724907063,-4.3321947776309795
SOS,30,-91,3,517,-0.34368558285357076,0.04595003416083421,30.5,-90.5,0.005802707930367505,-7.479550105460276
SOS,30,-90,0,510,0.0,0.0,30.5,-89.5,0.0,
SOS,30,-89,4,605,0.5000868823763576,0.1822222786821362,30.5,-88.5,0.006611570247933884,2.7443783822322634
SOS,30,-88,11,327,0.8710599965747985,0.3929133775393957,30.5,-87.5,0.03363914373088685,2.216926290547237
SOS,30,-87,4,256,0.33890584140526364,0.09537223666853967,30.5,-86.5,0.015625,3.553506274400484
SOS,30,-86,9,208,-4.13506658458844,2.0427698903638314,30.5,-85.5,0.04326923076923077,-2.024244925527053
SOS,30,-85,26,532,47.9889086656061,5.324291427217387,30.5,-84.5,0.04887218045112782,9.01320097173688
SOS,30,-84,38,279,54.77638239410679,2.6191089088148565,30.5,-83.5,0.13620071684587814,20.91412930930506
SOS,30,-83,268,1819,-632.5939107135571,104.64397363554625,30.5,-82.5,0.14733369983507422,-6.045201541340101
SOS,30,-82,97,684,-21.758935800037165,4.528443644263286,30.5,-81.5,0.14181286549707603,-4.804947904696082
SOS,30,-10,45,124,22.123730125436488,0.7821370108517887,30.5,-9.5,0.3629032258064516,28.28625908054469
SOS,30,-8,929,2532,-1370.553056380963,95.37568052036035,30.5,-7.5,0.3669036334913112,-14.370047468110949
SOS,30,-7,545,1138,-676.2117456458476,32.67497786376648,30.5,-6.5,0.4789103690685413,-20.69509422363538
SOS,30,-6,27,50,11.713207127679567,0.5780974426257094,30.5,-5.5,0.54,20.261648407366007
SOS,30,27,13,24,-88.99298637817309,2.9646236804529034,30.5,27.5,0.5416666666666666,-30.018307876626587
SOS,30,30,1,2,91.72404690939739,0.5627242141680822,30.5,30.5,0.5,163.0
SOS,30,31,13,31,-70.90780650045895,12.377262534702616,30.5,31.5,0.41935483870967744,-5.728876340923685
SOS,30,32,16,45,143.74442613301767,6.847526455253295,30.5,32.5,0.35555555555555557,20.99216805840007
SOS,30,35,4,13,1.6753753461526983,1.799717074635967,30.5,35.5,0.3076923076923077,0.9309104023984328
SOS,30,46,13,38,-84.68809555951897,2.2230431886057693,30.5,46.5,0.34210526315789475,-38.095569170040726
SOS,30,47,18,53,63.38047637354856,6.662240900578033,30.5,47.5,0.33962264150943394,9.513387059907952
SOS,30,48,9,31,4.317390261735063,0.17798547086675442,30.5,48.5,0.2903225806451613,24.256981430620243
SOS,30,49,1,7,0.6760068573477316,0.1448586122887996,30.5,49.5,0.14285714285714285,4.666666666666668
SOS,30,50,14,82,-0.463424984898513,2.0813220938503774,30.5,50.5,0.17073170731707318,-0.22265894657428636
SOS,30,51,112,360,-5.360068714684411,1.1822487918244162,30.5,51.5,0.3111111111111111,-4.533790816070862
SOS,30,61,7,13,-2.687429142146567,0.4759807501181541,30.5,61.5,0.5384615384615384,-5.646087875359368
SOS,30,67,280,541,-14.603903817984607,6.164600552934595,30.5,67.5,0.5175600739371534,-2.368994339954852
SOS,30,70,7,14,-8.856027770530815,0.40473639494539315,30.5,70.5,0.5,-21.880977053535467
SOS,30,71,18,70,-104.57231066303268,3.843187974508125,30.5,71.5,0.2571428571428571,-27.20978296056843
SOS,30,75,1,2,-0.12311220681010937,0.003847256462815918,30.5,75.5,0.5,-32.0
SOS,30,76,39,74,4.680045588609749,1.1993571461911658,30.5,76.5,0.527027027027027,3.9021284055982064
SOS,30,77,35,92,7.524638669147664,0.7217398018245362,30.5,77.5,0.3804347826086957,10.42569448175867
SOS,30,78,79,193,125.53130162718176,16.015488264939737,30.5,78.5,0.40932642487046633,7.838118922792274
SOS,30,79,33,158,-18.256446613617168,2.912218204398805,30.5,79.5,0.2088607594936709,-6.268914391799844
SOS,30,102,466,1211,0.06267032022234124,1.7778370829509638,30.5,102.5,0.38480594549958713,0.03525087918535098
SOS,30,103,281,959,-2.220067195061059,1.1986013017390227,30.5,103.5,0.2930135557872784,-1.8522149040218923
SOS,30,104,49,174,0.7718601628057074,0.39185842473010735,30.5,104.5,0.28160919540229884,1.9697424225020206
SOS,30,106,1,3,-0.0002659749945388423,2.955277717098248e-05,30.5,106.5,0.3333333333333333,-9.0
SOS,30,107,5,17,-1.0530021797659923,0.16979424954038258,30.5,107.5,0.29411764705882354,-6.201636289900113
SOS,30,108,23,91,35.254195082749185,8.203408528448982,30.5,108.5,0.25274725274725274,4.297505721004814
SOS,30,109,12,56,0.01816377275436845,0.12210260065706946,30.5,109.5,0.21428571428571427,0.14875827915723278
SOS,30,110,4,12,0.0010902079898626096,0.0034479797140227753,30.5,110.5,0.3333333333333333,0.3161874721677693
SOS,30,111,25,113,-2.3122519689919048,0.3271559216758061,30.5,111.5,0.22123893805309736,-7.067736867325366
SOS,30,112,30,91,2.373544133832635,0.36419281852346674,30.5,112.5,0.32967032967032966,6.517273304442426
SOS,30,113,61,226,1.9079622000395742,0.7062751492378194,30.5,113.5,0.26991150442477874,2.7014432011356506
SOS,30,114,31,143,-1.6407751559795574,0.45397225166535304,30.5,114.5,0.21678321678321677,-3.614263096390877
SOS,30,115,33,112,0.12271958243539838,0.31193957644436765,30.5,115.5,0.29464285714285715,0.3934081844766645
SOS,30,116,5,18,-0.003557555718619556,0.0012066024014151244,30.5,116.5,0.2777777777777778,-2.9484076232959526
SOS,30,117,58,230,-17.546113900074765,4.622599467284874,30.5,117.5,0.25217391304347825,-3.7957244672077626
SOS,30,118,66,266,-8.533181083864608,3.1039182049566802,30.5,118.5,0.24812030075187969,-2.7491642886200673
SOS,30,119,86,332,-77.45995133105538,20.08163037158545,30.5,119.5,0.25903614457831325,-3.857254112228732
SOS,30,120,98,369,-5.582157887268771,1.7370773582861758,30.5,120.5,0.26558265582655827,-3.2135344235769696
SOS,30,121,23,101,-15.351962098185496,3.8965536378504404,30.5,121.5,0.22772277227722773,-3.939882143302025
SOS,30,122,1,18,-0.00146200131602071,0.00017416458630448162,30.5,122.5,0.05555555555555555,-8.394366197183047
SOS,30,130,0,64,0.0,0.0,30.5,130.5,0.0,
SOS,31,-117,42,92,-0.835996884457812,0.20711300775511687,31.5,-116.5,0.45652173913043476,-4.036428679777878
SOS,31,-116,21,52,-2.4937828526184527,0.09481133417513408,31.5,-115.5,0.40384615384615385,-26.30258158810395
SOS,31,-114,434,913,2192.8590909693758,74.77296312960274,31.5,-113.5,0.47535596933187296,29.32689837593475
SOS,31,-113,145,291,1222.7127982245245,27.47312878092082,31.5,-112.5,0.49828178694158076,44.50577172970769
SOS,31,-112,293,502,155.08309130187376,51.08057796588858,31.5,-111.5,0.5836653386454184,3.036048092592799
SOS,31,-111,408,751,74.9527945137641,72.03958673669,31.5,-110.5,0.5432756324900133,1.040438985133578
SOS,31,-110,301,569,3.999381997368193,8.484612028742916,31.5,-109.5,0.5289982425307557,0.47136887153115276
SOS,31,-109,765,1270,3.93900903315211,7.25180303113912,31.5,-108.5,0.6023622047244095,0.5431765060686385
SOS,31,-108,174,402,-196.52177965592887,16.4926696810705,31.5,-107.5,0.43283582089552236,-11.915704580046686
SOS,31,-107,185,373,187.11577639258968,115.7924688570281,31.5,-106.5,0.4959785522788204,1.6159580863901113
SOS,31,-105,107,265,-47.409671880761216,9.014262539121878,31.5,-104.5,0.4037735849056604,-5.259406598709917
SOS,31,-104,21,69,-27.464223611897292,6.509595788052532,31.5,-103.5,0.30434782608695654,-4.219036712280062
SOS,31,-103,141,490,839.3178186989788,85.08396369101601,31.5,-102.5,0.28775510204081634,9.864582963564992
SOS,31,-101,55,176,82.37186963582879,4.169383318732639,31.5,-100.5,0.3125,19.756367630133663
SOS,31,-100,33,133,3.7270585082304653,6.388484160317666,31.5,-99.5,0.24812030075187969,0.5834026374176904
SOS,31,-99,33,155,7.416209077505952,4.13587535130239,31.5,-98.5,0.2129032258064516,1.793141341933959
SOS,31,-98,99,918,6.390805132954223,6.595616145244178,31.5,-97.5,0.10784313725490197,0.9689474026717525
SOS,31,-97,22,236,-16.65730289757122,5.659407008683219,31.5,-96.5,0.09322033898305085,-2.9432947430736025
SOS,31,-96,24,176,-19.385028406450484,3.7050253426842152,31.5,-95.5,0.13636363636363635,-5.232090637308954
SOS,31,-95,37,334,-3.146886426398782,2.6159168894902445,31.5,-94.5,0.11077844311377245,-1.202976455040208
SOS,31,-94,5,171,-3.140818565689598,0.45037576745350305,31.5,-93.5,0.029239766081871343,-6.9737734413383095
SOS,31,-93,10,228,-7.529017813622069,3.1185029027404947,31.5,-92.5,0.043859649122807015,-2.4143052126088063
SOS,31,-92,9,366,-17.64195046898898,5.32037386174916,31.5,-91.5,0.02459016393442623,-3.3159230774787884
SOS,31,-91,0,176,0.0,0.0,31.5,-90.5,0.0,
SOS,31,-90,0,452,0.0,0.0,31.5,-89.5,0.0,
SOS,31,-89,9,287,-10.084827660398371,2.3201003478926006,31.5,-88.5,0.0313588850174216,-4.346720463862112
SOS,31,-88,22,319,-58.62672205791202,8.080890779030232,31.5,-87.5,0.06896551724137931,-7.25498260786389
SOS,31,-87,10,139,-3.262085108160175,1.7616812186748727,31.5,-86.5,0.07194244604316546,-1.8516886446765313
SOS,31,-86,53,450,-0.4073334243048843,1.445999042331811,31.5,-85.5,0.11777777777777777,-0.28169688387069775
SOS,31,-85,99,468,200.5148785053025,30.546338973226703,31.5,-84.5,0.21153846153846154,6.564285123695186
SOS,31,-84,89,413,33.86941022848823,6.112163829853609,31.5,-83.5,0.21549636803874092,5.54131256480071
SOS,31,-83,188,896,78.13161108713359,43.12655585778386,31.5,-82.5,0.20982142857142858,1.8116821418520883
SOS,31,-82,147,940,26.290070718518695,29.905669167064207,31.5,-81.5,0.15638297872340426,0.8790998981381278
SOS,31,-9,33,113,56.52292723228698,2.7171005496162617,31.5,-8.5,0.2920353982300885,20.802663059440242
SOS,31,-8,424,1427,-272.2881052975456,36.43028342820899,31.5,-7.5,0.29712683952347585,-7.474224180389036
SOS,31,-7,733,2086,89.12752395289863,48.0047144846263,31.5,-6.5,0.3513902205177373,1.8566410593159985
SOS,31,-6,1224,3081,135.3834592422077,25.883913928448653,31.5,-5.5,0.39727361246348586,5.230409111096973
SOS,31,-5,55,126,3.3475005483867033,1.7955733527319537,31.5,-4.5,0.4365079365079365,1.8643073218331638
SOS,31,16,4,8,0.5812855266313278,0.09462787642835568,31.5,16.5,0.5,6.142857142857143
SOS,31,29,8,17,-6.153909874287777,1.3641961069931767,31.5,29.5,0.47058823529411764,-4.51101556641413
SOS,31,30,4,14,3.023131475574592,0.05607317840636228,31.5,30.5,0.2857142857142857,53.91403807478079
SOS,31,31,1,7,-0.004304157833472043,0.0011738612273105575,31.5,31.5,0.14285714285714285,-3.666666666666666
SOS,31,34,209,607,-34.63513420375604,20.833867156995154,31.5,34.5,0.3443163097199341,-1.6624438440909894
SOS,31,35,697,1716,-419.6435130751814,150.08341005470092,31.5,35.5,0.40617715617715616,-2.796068618924862
SOS,31,36,69,163,-77.86171446309356,9.435055324090678,31.5,36.5,0.4233128834355828,-8.252385575767425
SOS,31,37,2,3,-0.05086708433613096,0.20346833734452396,31.5,37.5,0.6666666666666666,-0.24999999999999986
SOS,31,44,16,35,-43.02074282216476,3.2444977377157174,31.5,44.5,0.45714285714285713,-13.259600190830596
SOS,31,45,6,22,-222.23714632443648,2.670909666332742,31.5,45.5,0.2727272727272727,-83.20653787949944
SOS,31,46,12,57,-144.87232044628445,2.6213210297079375,31.5,46.5,0.21052631578947367,-55.266912676630774
SOS,31,47,52,273,-113.5072721441972,13.611880422946298,31.5,47.5,0.19047619047619047,-8.338838471784673
SOS,31,48,7,90,0.2911718540880319,0.15796201782031527,31.5,48.5,0.07777777777777778,1.8433029541268922
SOS,31,49,3,16,0.09493575466870068,0.031478051758523584,31.5,49.5,0.1875,3.0159348932067913
SOS,31,50,123,381,-1.7075954386847778,2.4382066564859475,31.5,50.5,0.3228346456692913,-0.7003489364375047
SOS,31,51,138,416,-16.789856760090224,3.815193634618895,31.5,51.5,0.3317307692307692,-4.400787579361587
SOS,31,61,3,8,-1.512701671856521,0.2103757291985889,31.5,61.5,0.375,-7.190476190476194
SOS,31,70,4,21,-5.558157113600548,0.5033971880212839,31.5,70.5,0.19047619047619047,-11.04129551348536
SOS,31,71,4,30,-0.10760476204667148,0.044752401644179596,31.5,71.5,0.13333333333333333,-2.4044466462877825
SOS,31,72,5,25,-0.9814942036945102,0.9789472244076537,31.5,72.5,0.2,-1.002601753417706
SOS,31,74,2,10,-0.1657710979830323,0.0038829236089843455,31.5,74.5,0.2,-42.69234079173475
SOS,31,75,7,18,0.053575200380566415,0.00873705616506526,31.5,75.5,0.3888888888888889,6.131951010545695
SOS,31,92,18,48,-28.9868866999304,16.270127112037677,31.5,92.5,0.375,-1.781601735519574
SOS,31,102,32,125,0.322096857329754,0.4761875571700317,31.5,102.5,0.256,0.6764075467321446
SOS,31,103,257,783,-1.701571527629131,3.5167379453711303,31.5,103.5,0.3282247765006386,-0.48384939511026315
SOS,31,104,29,144,2.2017388839156338,0.3147539677657142,31.5,104.5,0.2013888888888889,6.995110814788804
SOS,31,105,10,40,0.8615896236790453,0.11800183237994122,31.5,105.5,0.25,7.301493598039283
SOS,31,106,18,66,-0.23582989208761895,0.49878552313328894,31.5,106.5,0.2727272727272727,-0.4728082134504911
SOS,31,107,36,137,-3.061757161121964,2.0296843545893077,31.5,107.5,0.26277372262773724,-1.5084893147050389
SOS,31,109,11,44,-0.7571155163170782,0.2812057426252197,31.5,109.5,0.25,-2.692389953522866
SOS,31,110,212,744,0.47717675614261085,0.15269346920465354,31.5,110.5,0.2849462365591398,3.125063295949191
SOS,31,111,14,68,-0.34208590833712693,0.19008774877879264,31.5,111.5,0.20588235294117646,-1.7996210199491411
SOS,31,112,14,54,0.3406636602023998,0.08478898972334092,31.5,112.5,0.25925925925925924,4.017781805325852
SOS,31,113,4,26,-0.00017051519804439739,0.0008117327477732417,31.5,113.5,0.15384615384615385,-0.210063224025589
SOS,31,114,12,56,0.14566214612242648,0.06920308312436496,31.5,114.5,0.21428571428571427,2.1048505289953168
SOS,31,115,17,46,0.26806381550486513,0.20826967729641566,31.5,115.5,0.3695652173913043,1.2870995863855335
SOS,31,117,23,70,-0.367699540910427,0.19512713347977173,31.5,117.5,0.32857142857142857,-1.8844100989601498
SOS,31,118,58,173,-0.17487004936906048,0.568315495014951,31.5,118.5,0.3352601156069364,-0.30769889419337415
SOS,31,119,98,430,-4.281736007691334,1.0386253930444012,31.5,119.5,0.22790697674418606,-4.122502719811983
SOS,31,120,23,113,-0.5184698703328249,0.1422260192787006,31.5,120.5,0.20353982300884957,-3.6453939508554436
SOS,31,121,3,23,-0.017112261685617903,0.0026944702963738187,31.5,121.5,0.13043478260869565,-6.35088154753361
SOS,31,130,4,110,-7.9310589911910165,0.59625900655926,31.5,130.5,0.03636363636363636,-13.301365520594073
SOS,31,131,2,85,-0.01304292294118255,0.0015310581567009596,31.5,131.5,0.023529411764705882,-8.518894520170761
SOS,32,-118,100,206,40.363814148897255,3.0366800242022145,32.5,-117.5,0.4854368932038835,13.292086695733275
SOS,32,-117,209,537,-146.47282070809084,62.905030939004696,32.5,-116.5,0.3891992551210428,-2.328475457712069
SOS,32,-116,17,39,-15.779865221410887,14.148016179496148,32.5,-115.5,0.4358974358974359,-1.1153411913876432
SOS,32,-115,57,129,53.64750560050312,3.9172338356961034,32.5,-114.5,0.4418604651162791,13.695252275122302
SOS,32,-114,536,1130,3012.789465419755,97.74028618705829,32.5,-113.5,0.4743362831858407,30.824438754494622
SOS,32,-113,350,730,723.7532197895077,20.661306428982655,32.5,-112.5,0.4794520547945205,35.029402534501045
SOS,32,-112,472,948,693.6227335070091,38.488590793850925,32.5,-111.5,0.4978902953586498,18.021515446541752
SOS,32,-111,660,1357,229.25298119351098,94.35422432396156,32.5,-110.5,0.4863669859985262,2.4297055360911006
SOS,32,-110,195,403,6.037633334262433,1.357760135173936,32.5,-109.5,0.4838709677419355,4.44675990836112
SOS,32,-109,151,289,118.97601881427843,67.93320434736663,32.5,-108.5,0.5224913494809689,1.7513676847320752
SOS,32,-108,609,1374,-727.5195887392194,51.1088699882753,32.5,-107.5,0.4432314410480349,-14.234703074165346
SOS,32,-107,351,752,-323.1344277238711,73.4547386023491,32.5,-106.5,0.46675531914893614,-4.399095740755072
SOS,32,-106,70,182,-206.65071495085,29.697502501878112,32.5,-105.5,0.38461538461538464,-6.958521678305477
SOS,32,-105,126,369,44.51850841733183,12.954913254837564,32.5,-104.5,0.34146341463414637,3.4364188737973937
SOS,32,-104,67,250,-133.28664113291785,28.238409089571682,32.5,-103.5,0.268,-4.72004781537569
SOS,32,-103,68,245,-11.536469421993607,24.518488219147407,32.5,-102.5,0.27755102040816326,-0.4705212376423904
SOS,32,-102,83,320,31.592521491084412,35.31027303048556,32.5,-101.5,0.259375,0.8947119005227917
SOS,32,-101,126,328,387.215296420774,23.97710847806501,32.5,-100.5,0.38414634146341464,16.14937417391302
SOS,32,-100,65,220,42.869248937187145,4.400734752296906,32.5,-99.5,0.29545454545454547,9.741384416502745
SOS,32,-99,72,288,9.014765668126953,4.19613194754608,32.5,-98.5,0.25,2.14835133423267
SOS,32,-98,383,1740,-18.50616663514768,14.328523014398748,32.5,-97.5,0.22011494252873562,-1.2915613574791214
SOS,32,-97,199,1391,0.9820128468882763,3.8584750600778226,32.5,-96.5,0.1430625449317038,0.2545080197741306
SOS,32,-96,66,403,-8.983004005979929,1.9226833646438612,32.5,-95.5,0.16377171215880892,-4.672118233905795
SOS,32,-95,96,719,-13.03560980786871,7.098561540693604,32.5,-94.5,0.13351877607788595,-1.8363734304675754
SOS,32,-94,45,332,-2.377930104332549,0.7638135753379452,32.5,-93.5,0.1355421686746988,-3.113233622851553
SOS,32,-93,42,354,-78.61845757154907,17.980426457002324,32.5,-92.5,0.11864406779661017,-4.372446769243996
SOS,32,-92,14,339,-33.08232663859825,6.5743190213028235,32.5,-91.5,0.04129793510324484,-5.032053742965819
SOS,32,-91,73,1041,-210.2191048616796,31.431474454177476,32.5,-90.5,0.07012487992315082,-6.688171920415268
SOS,32,-90,11,243,-13.660414764925077,1.1853975913321646,32.5,-89.5,0.04526748971193416,-11.523909669474977
SOS,32,-89,8,136,-4.046002021450642,0.4754408481450696,32.5,-88.5,0.058823529411764705,-8.510000849182608
SOS,32,-88,8,113,-29.245195064529586,2.982655680359364,32.5,-87.5,0.07079646017699115,-9.805085869316969
SOS,32,-87,45,672,-53.94105320831246,7.301142237250693,32.5,-86.5,0.06696428571428571,-7.388029359721722
SOS,32,-86,47,468,-38.38760055879552,7.696943663351357,32.5,-85.5,0.10042735042735043,-4.987382295855472
SOS,32,-85,62,456,-9.574678250402064,5.595642538015645,32.5,-84.5,0.13596491228070176,-1.7110954077844802
SOS,32,-84,126,862,11.315296364862718,11.419775648805444,32.5,-83.5,0.14617169373549885,0.9908510213198755
SOS,32,-83,102,750,46.14467411072716,7.954146886684259,32.5,-82.5,0.136,5.801335425170013
SOS,32,-82,161,1310,-1.1198411140732019,15.464231251593043,32.5,-81.5,0.12290076335877863,-0.07241492291819174
SOS,32,-81,58,717,-24.220337045347478,9.531099361018928,32.5,-80.5,0.08089260808926081,-2.5411902790989465
SOS,32,-80,16,189,24.39217644914152,2.281308584734676,32.5,-79.5,0.08465608465608465,10.692186323394042
SOS,32,-17,3,22,54.626394258597436,1.1613507013986977,32.5,-16.5,0.13636363636363635,47.036949469963695
SOS,32,-9,4,5,0.17849031167807328,0.025051271814466425,32.5,-8.5,0.8,7.125
SOS,32,-8,32,82,8.614046312986492,1.4258065901460157,32.5,-7.5,0.3902439024390244,6.041525107626508
SOS,32,-7,9,12,0.6890759349351302,0.1708571857350638,32.5,-6.5,0.75,4.03305211876562
SOS,32,-6,197,603,-47.96083522866102,13.398362619286766,32.5,-5.5,0.32669983416252074,-3.579604209220463
SOS,32,-5,392,936,-61.152765553280844,10.639814797314434,32.5,-4.5,0.4188034188034188,-5.7475404147745355
SOS,32,-4,24,55,8.791573674428259,0.9452072405885953,32.5,-3.5,0.43636363636363634,9.301212789010808
SOS,32,12,23,41,-39.84135329311819,0.48751168392485034,32.5,12.5,0.5609756097560976,-81.72389423031697
SOS,32,13,43,71,-70.08187600042237,3.120654613441973,32.5,13.5,0.6056338028169014,-22.457427905847137
SOS,32,14,55,122,10.340278907013433,0.7511082628138988,32.5,14.5,0.45081967213114754,13.766695720102113
SOS,32,15,21,57,-15.101482967420688,0.16339353352647978,32.5,15.5,0.3684210526315789,-92.42399403139979
SOS,32,20,43,100,4.688610294624003,0.6948579589183835,32.5,20.5,0.43,6.74758090404879
SOS,32,21,6,8,1.827282389285717,0.08780990886727702,32.5,21.5,0.75,20.80952380952381
SOS,32,22,7,14,1.3665830336280393,0.26063678942428525,32.5,22.5,0.5,5.243246882555045
SOS,32,34,44,126,0.10884729331469974,0.09144063576557959,32.5,34.5,0.3492063492063492,1.1903601982136744
SOS,32,35,302,860,68.60810738217411,15.813626982481642,32.5,35.5,0.3511627906976744,4.338543425754146
SOS,32,36,247,601,9.193705245355842,26.192048251674482,32.5,36.5,0.41098169717138106,0.35101131293800514
SOS,32,44,37,88,-118.13327812370609,5.200227724063424,32.5,44.5,0.42045454545454547,-22.71694325559218
SOS,32,45,88,343,-62.986021106983586,14.285486849417778,32.5,45.5,0.2565597667638484,-4.4090916726125196
SOS,32,46,29,86,61.37519129737545,6.712178476584727,32.5,46.5,0.3372093023255814,9.14385568135313
SOS,32,48,8,72,63.455580812463666,3.061761660337198,32.5,48.5,0.1111111111111111,20.72518629862103
SOS,32,50,31,110,79.21438269887842,19.564630553997812,32.5,50.5,0.2818181818181818,4.048856556746576
SOS,32,51,20,56,-51.10526702108139,13.100146761500007,32.5,51.5,0.35714285714285715,-3.901121716534852
SOS,32,52,3,9,-2.916299536482823,0.5440813125261259,32.5,52.5,0.3333333333333333,-5.360043562133531
SOS,32,70,11,40,25.793079625209778,0.590763453882709,32.5,70.5,0.275,43.66058776264581
SOS,32,71,38,107,189.8889364476092,32.44335998021087,32.5,71.5,0.35514018691588783,5.852936827857341
SOS,32,72,128,266,45.170540716055946,22.79740382240103,32.5,72.5,0.48120300751879697,1.9813896822615729
SOS,32,73,29,67,3.577898019479516,0.41909914808425364,32.5,73.5,0.43283582089552236,8.537115944602762
SOS,32,74,8,21,0.1515975731456591,0.03024507738416471,32.5,74.5,0.38095238095238093,5.012305679370833
SOS,32,97,5,24,-37.35901026307709,4.938939944283422,32.5,97.5,0.20833333333333334,-7.564175852415111
SOS,32,103,136,566,-4.692825920550016,0.8812546587845702,32.5,103.5,0.24028268551236748,-5.325164382134875
SOS,32,104,476,1652,0.8403941932960636,1.766734138064053,32.5,104.5,0.288135593220339,0.4756766596568674
SOS,32,105,122,867,-0.058037319015820876,7.632727446753571,32.5,105.5,0.14071510957324107,-0.007603745767249412
SOS,32,108,9,43,0.44379730579246646,0.07084326439802202,32.5,108.5,0.20930232558139536,6.264495426115027
SOS,32,109,4,19,0.00409881764438482,0.0004998486191025719,32.5,109.5,0.21052631578947367,8.200117971204634
SOS,32,110,38,228,-5.956146486594231,4.2378949787579545,32.5,110.5,0.16666666666666666,-1.4054492894346955
SOS,32,111,32,206,-3.4295186523246004,4.52454671004196,32.5,111.5,0.1553398058252427,-0.757980604932863
SOS,32,112,2,6,-0.07871682279421609,0.0038968724155552525,32.5,112.5,0.3333333333333333,-20.199999999999996
SOS,32,113,11,55,2.241354553349246,0.39264666867270415,32.5,113.5,0.2,5.7083243846837695
SOS,32,114,8,60,-0.19908455140471226,0.08145357124342856,32.5,114.5,0.13333333333333333,-2.4441476090684464
SOS,32,116,10,40,-0.12239404560957343,0.04337789527652902,32.5,116.5,0.25,-2.821576400360729
SOS,32,117,0,2,0.0,0.0,32.5,117.5,0.0,
SOS,32,118,14,36,-0.33692807180922174,0.09980336902401943,32.5,118.5,0.3888888888888889,-3.375918820216721
SOS,32,119,5,17,-0.06623144937963465,0.014915592822013823,32.5,119.5,0.29411764705882354,-4.440416828882865
SOS,32,120,7,21,-0.04527229390197601,0.26131927111239794,32.5,120.5,0.3333333333333333,-0.1732451407401317
SOS,32,129,1,68,-0.010592948940515575,0.001698788378382221,32.5,129.5,0.014705882352941176,-6.235590657032503
SOS,32,130,37,586,-2.00252838093224,1.6831446285464726,32.5,130.5,0.06313993174061433,-1.1897541940062395
SOS,32,131,57,865,9.478530982588365,1.9847603688825202,32.5,131.5,0.06589595375722543,4.775655102346216
SOS,33,-118,680,1408,339.3816225231025,95.66437917124907,33.5,-117.5,0.48295454545454547,3.547627920268782
SOS,33,-117,409,1189,175.54829188227023,74.90646230583148,33.5,-116.5,0.343986543313709,2.3435667161203497
SOS,33,-116,119,424,234.65441851343954,6.995712942793805,33.5,-115.5,0.2806603773584906,33.54260250989201
SOS,33,-115,396,883,612.3579369039918,30.890330224340612,33.5,-114.5,0.44847112117780297,19.823612517469073
SOS,33,-114,583,1293,807.7997998772738,31.513626902005942,33.5,-113.5,0.4508894044856922,25.633349102887767
SOS,33,-113,359,832,3267.5014985873468,92.20254900782048,33.5,-112.5,0.43149038461538464,35.43829898141105
SOS,33,-112,530,1380,3879.570032512621,102.60767839555666,33.5,-111.5,0.38405797101449274,37.80974380452041
SOS,33,-111,169,452,1093.090577045886,81.28071848755324,33.5,-110.5,0.37389380530973454,13.448338023897687
SOS,33,-110,419,876,27.23746200653079,44.64120850241532,33.5,-109.5,0.478310502283105,0.6101416812015092
SOS,33,-109,975,2165,3.218355403568178,8.672913317096477,33.5,-108.5,0.4503464203233256,0.37108123716906016
SOS,33,-108,411,910,-1.0074497688410842,2.3661267544293616,33.5,-107.5,0.45164835164835165,-0.4257801349632474
SOS,33,-107,165,343,-16.149178349512617,1.9767881129757772,33.5,-106.5,0.48104956268221577,-8.1694028022064
SOS,33,-106,182,490,14.793866635155295,3.4384308487731743,33.5,-105.5,0.37142857142857144,4.302505208279445
SOS,33,-105,36,116,158.81063438099955,8.227036076858413,33.5,-104.5,0.3103448275862069,19.303505283964085
SOS,33,-104,8,24,-0.3452982673723888,0.70434888402181,33.5,-103.5,0.3333333333333333,-0.4902375444974748
SOS,33,-103,24,59,77.47463028083459,6.973522011513213,33.5,-102.5,0.4067796610169492,11.10982802562676
SOS,33,-102,92,241,134.20048835438558,13.209830840060045,33.5,-101.5,0.3817427385892116,10.15913753773516
SOS,33,-99,93,352,3.793463841121598,2.1192514618842613,33.5,-98.5,0.26420454545454547,1.7900017573887939
SOS,33,-98,216,877,-5.788317862771036,16.794169101134568,33.5,-97.5,0.24629418472063855,-0.34466235441085286
SOS,33,-97,163,1046,-9.79418903424491,4.307369699693296,33.5,-96.5,0.15583173996175909,-2.273821314883257
SOS,33,-96,37,275,-4.8178387129186655,1.2294079489061178,33.5,-95.5,0.13454545454545455,-3.9188283410770217
SOS,33,-95,49,417,-11.734724285905608,5.09821274091966,33.5,-94.5,0.11750599520383694,-2.3017329566731255
SOS,33,-94,31,271,-53.92487851273997,9.371610096160405,33.5,-93.5,0.11439114391143912,-5.754067653202225
SOS,33,-93,62,542,-46.31655186355932,14.299315617067744,33.5,-92.5,0.11439114391143912,-3.2390747294419895
SOS,33,-92,13,431,-76.98969263220076,6.413332691954119,33.5,-91.5,0.030162412993039442,-12.004631028854714
SOS,33,-91,3,80,-13.61367075170517,1.7739393252965245,33.5,-90.5,0.0375,-7.674259518109259
SOS,33,-90,24,280,-20.336254766611923,1.8613391654036486,33.5,-89.5,0.08571428571428572,-10.925604072915867
SOS,33,-89,56,601,-64.60440494164482,5.559717401854239,33.5,-88.5,0.09317803660565724,-11.62008790592457
SOS,33,-88,46,464,-60.10209359993792,5.776172350742991,33.5,-87.5,0.09913793103448276,-10.405176637813963
SOS,33,-87,151,1482,-127.20615117167468,12.926864878171022,33.5,-86.5,0.101889338731444,-9.84044873761167
SOS,33,-86,84,677,-31.074548722631164,5.172027246628935,33.5,-85.5,0.1240768094534712,-6.008195092724073
SOS,33,-85,150,1762,-86.09035870191451,8.193608363136507,33.5,-84.5,0.0851305334846765,-10.507014112273142
SOS,33,-84,85,930,-48.77322597870993,11.352116674285577,33.5,-83.5,0.0913978494623656,-4.296399286415841
SOS,33,-83,107,906,9.260770411121495,9.069964071230991,33.5,-82.5,0.11810154525386314,1.0210371660121258
SOS,33,-82,430,3144,375.79021734144607,82.92499828297872,33.5,-81.5,0.13676844783715011,4.531687972534829
SOS,33,-81,133,1807,43.75787487468541,10.193512697910752,33.5,-80.5,0.07360265633646929,4.2927179443896675
SOS,33,-80,63,1010,12.318031812451053,3.862215131478437,33.5,-79.5,0.062376237623762376,3.1893696733914902
SOS,33,-79,26,439,-25.440344113474445,5.116440782368993,33.5,-78.5,0.05922551252847381,-4.972273733948146
SOS,33,-7,9,20,0.2197966362363629,5.987518990077787,33.5,-6.5,0.45,0.03670913388343298
SOS,33,-6,8,22,1.3989528763369496,0.16702499425021877,33.5,-5.5,0.36363636363636365,8.375709770965116
SOS,33,-5,16,38,-60.528121508625986,9.370723120289817,33.5,-4.5,0.42105263157894735,-6.459279687558838
SOS,33,-1,0,5,0.0,0.0,33.5,-0.5,0.0,
SOS,33,1,3,13,189.2537571339371,2.8627575142462205,33.5,1.5,0.23076923076923078,66.10890241039806
SOS,33,6,6,12,-255.1328369874569,5.5031930109445515,33.5,6.5,0.5,-46.360873856333576
SOS,33,10,13,37,30.650001537868484,1.1782724706845222,33.5,10.5,0.35135135135135137,26.01266031452151
SOS,33,35,167,337,-4.490902803296947,28.692625863329283,33.5,35.5,0.49554896142433236,-0.15651766501568481
SOS,33,36,263,614,480.9119719408137,55.81843477240664,33.5,36.5,0.42833876221498374,8.615647749738557
SOS,33,43,4,9,-5.8387821872531145,0.2461605948855774,33.5,43.5,0.4444444444444444,-23.719402327440548
SOS,33,44,103,237,201.5482347875263,10.538586121136047,33.5,44.5,0.4345991561181435,19.124788892060565
SOS,33,46,82,243,-68.87487704874914,36.078164215903925,33.5,46.5,0.3374485596707819,-1.9090460544660368
SOS,33,47,81,271,17.092594189495685,15.268587447274323,33.5,47.5,0.2988929889298893,1.1194613940890108
SOS,33,48,141,452,22.242789378962197,24.19720144627261,33.5,48.5,0.31194690265486724,0.9192298302904993
SOS,33,49,264,867,23.27613870010838,35.759297928543205,33.5,49.5,0.3044982698961938,0.6509115124860793
SOS,33,50,197,455,37.792620514376814,8.849288187190833,33.5,50.5,0.432967032967033,4.27069609610871
SOS,33,70,418,889,1117.083926213128,112.64698885105506,33.5,70.5,0.4701912260967379,9.91667808972832
SOS,33,71,145,340,198.9413148972462,24.844908774896,33.5,71.5,0.4264705882352941,8.007327243570407
SOS,33,72,99,258,303.6732329018143,37.58545739565985,33.5,72.5,0.38372093023255816,8.079540703870235
SOS,33,73,47,118,3.885399311160122,0.3678035960317019,33.5,73.5,0.3983050847457627,10.563788263846202
SOS,33,74,10,24,47.22795708088654,6.212828290398239,33.5,74.5,0.4166666666666667,7.601683947048093
SOS,33,103,132,543,-0.001556027260522272,0.15872896538765868,33.5,103.5,0.2430939226519337,-0.009803045441152068
SOS,33,104,30,109,-0.12513266030137737,0.553919155403267,33.5,104.5,0.27522935779816515,-0.22590419392569602
SOS,33,106,2,21,-12.227375090810895,1.8625056007184337,33.5,106.5,0.09523809523809523,-6.565013864170055
SOS,33,107,0,11,0.0,0.0,33.5,107.5,0.0,
SOS,33,109,10,67,0.3831186208722247,1.9472469341603933,33.5,109.5,0.14925373134328357,0.19674886330603794
SOS,33,110,5,24,0.5264919169791118,0.4037279855748338,33.5,110.5,0.20833333333333334,1.3040758525309681
SOS,33,111,11,46,-3.479199537067264,1.431425262432823,33.5,111.5,0.2391304347826087,-2.430584137626636
SOS,33,112,0,4,0.0,0.0,33.5,112.5,0.0,
SOS,33,119,2,10,0.041827855762072534,0.004588421355193217,33.5,119.5,0.2,9.115957869634483
SOS,33,126,0,120,0.0,0.0,33.5,126.5,0.0,
SOS,33,129,12,106,7.535664279292907,2.0071901327480433,33.5,129.5,0.11320754716981132,3.7543350559300688
SOS,33,130,84,875,-43.666502196659586,9.409193747725547,33.5,130.5,0.096,-4.640833568467537
SOS,33,131,62,805,-28.389958638275253,10.811710325247509,33.5,131.5,0.07701863354037267,-2.6258526897431773
SOS,33,132,7,135,-0.18205420947695278,0.017342116900891984,33.5,132.5,0.05185185185185185,-10.49780776576295
SOS,33,133,14,244,-2.9094238307592875,2.0189980385191197,33.5,133.5,0.05737704918032787,-1.4410236044078928
SOS,33,134,7,62,-0.052183546821681887,0.013037463436772997,33.5,134.5,0.11290322580645161,-4.002584327446309
SOS,33,135,0,24,0.0,0.0,33.5,135.5,0.0,
SOS,34,-121,157,387,319.2746621721347,49.20822441634722,34.5,-120.5,0.40568475452196384,6.488237809004749
SOS,34,-120,565,1510,602.7744431585155,103.59609624038538,34.5,-119.5,0.3741721854304636,5.818505378424993
SOS,34,-119,639,1570,83.84133037792344,101.3381562133923,34.5,-118.5,0.4070063694267516,0.8273421730840947
SOS,34,-118,339,873,349.08031241980734,103.78938214064597,34.5,-117.5,0.38831615120274915,3.3633528326314277
SOS,34,-117,376,1066,175.4170477556137,51.749320002007295,34.5,-116.5,0.3527204502814259,3.3897459473633567
SOS,34,-116,759,1673,960.6270148134514,35.531863934465065,34.5,-115.5,0.4536760310818888,27.035649370526436
SOS,34,-115,378,1147,1083.3919266014234,36.94026941240972,34.5,-114.5,0.3295553618134263,29.32820858738698
SOS,34,-114,304,793,1514.4388267059478,38.13861270143678,34.5,-113.5,0.3833543505674653,39.7088074115736
SOS,34,-113,313,668,1047.7204752117032,102.37854146188988,34.5,-112.5,0.468562874251497,10.233789818169212
SOS,34,-112,525,1243,1246.406027084253,45.46436069214801,34.5,-111.5,0.4223652453740949,27.415012728849728
SOS,34,-111,21,47,177.11221751541427,20.05366356738383,34.5,-110.5,0.44680851063829785,8.831913277107006
SOS,34,-110,116,259,125.47799002032212,9.39778757073537,34.5,-109.5,0.44787644787644787,13.351864901805136
SOS,34,-109,374,814,8.472594848983158,4.78970473098092,34.5,-108.5,0.4594594594594595,1.7689179865682434
SOS,34,-108,376,897,-88.35411191297598,13.926493680857075,34.5,-107.5,0.41917502787068006,-6.344318529683089
SOS,34,-107,455,1158,-314.1268861763066,73.38831611566381,34.5,-106.5,0.39291882556131263,-4.28033919842535
SOS,34,-104,24,65,-57.07807946030831,2.6697928305088423,34.5,-103.5,0.36923076923076925,-21.379216697285706
SOS,34,-103,28,74,82.40224111791585,13.352769853104647,34.5,-102.5,0.3783783783783784,6.171172125666237
SOS,34,-102,30,78,80.77155279225089,4.24405141222324,34.5,-101.5,0.38461538461538464,19.03170931427026
SOS,34,-101,81,229,-1.8211141263484834,21.931705157679538,34.5,-100.5,0.3537117903930131,-0.0830356834206668
SOS,34,-100,32,144,52.22494557724846,6.165610793812969,34.5,-99.5,0.2222222222222222,8.470360410951473
SOS,34,-99,122,522,-0.32290412751674746,45.60595878639443,34.5,-98.5,0.23371647509578544,-0.007080305646662099
SOS,34,-98,89,357,0.2657473173525225,2.1586482284474426,34.5,-97.5,0.24929971988795518,0.12310820904045817
SOS,34,-97,37,225,-19.66706081889946,4.626685532239766,34.5,-96.5,0.16444444444444445,-4.250788319598348
SOS,34,-96,89,542,-114.78327446186412,43.247324027259374,34.5,-95.5,0.16420664206642066,-2.6541127582718107
SOS,34,-95,72,594,-36.666341214884675,13.805133793463128,34.5,-94.5,0.12121212121212122,-2.6559931807576223
SOS,34,-94,142,982,-123.55799418472132,35.5487375377566,34.5,-93.5,0.1446028513238289,-3.475735082110564
SOS,34,-93,183,1079,-89.27993127240168,16.37212656494265,34.5,-92.5,0.1696014828544949,-5.453166448369343
SOS,34,-92,77,1043,-358.8519128070649,38.78426928642783,34.5,-91.5,0.0738255033557047,-9.25251189230582
SOS,34,-91,4,54,-3.6146900664487656,0.22300444393833896,34.5,-90.5,0.07407407407407407,-16.20904948175935
SOS,34,-90,48,488,-20.03680169437016,1.3748146567144832,34.5,-89.5,0.09836065573770492,-14.574183942913356
SOS,34,-89,82,492,-93.98839773936402,13.543195766491175,34.5,-88.5,0.16666666666666666,-6.939898038830085
SOS,34,-88,61,423,-16.177377889793856,5.259870089516713,34.5,-87.5,0.14420803782505912,-3.075623088493477
SOS,34,-87,111,927,-34.97701219268747,6.012291959740032,34.5,-86.5,0.11974110032362459,-5.817583781177495
SOS,34,-86,105,970,-79.36556005004486,15.753954613439529,34.5,-85.5,0.10824742268041238,-5.037818249288274
SOS,34,-85,211,1737,-84.38237123450334,13.488506389348588,34.5,-84.5,0.12147380541162925,-6.255872132820963
SOS,34,-84,77,1009,-4.6032817801000965,3.701034455555395,34.5,-83.5,0.07631318136769079,-1.2437824709225265
SOS,34,-83,44,2405,-34.36093314087038,8.874962818670793,34.5,-82.5,0.018295218295218296,-3.87167065856132
SOS,34,-82,79,1529,-22.938945521550124,10.868291847014179,34.5,-81.5,0.051667756703727925,-2.110630248473875
SOS,34,-81,266,2192,-1.0640151101219597,57.21622967846882,34.5,-80.5,0.12135036496350365,-0.018596386306844712
SOS,34,-80,390,2661,32.54857044722982,33.001082395921415,34.5,-79.5,0.14656144306651633,0.9862879664593207
SOS,34,-79,79,1248,5.883290974879637,7.154853460282354,34.5,-78.5,0.06330128205128205,0.8222797304708829
SOS,34,-78,62,918,37.68238938737497,8.50025640800221,34.5,-77.5,0.06753812636165578,4.4330885538817935
SOS,34,-77,0,138,0.0,0.0,34.5,-76.5,0.0,
SOS,34,-7,10,24,6.029927192901795,0.1343961104197533,34.5,-6.5,0.4166666666666667,44.866828169868874
SOS,34,-5,43,113,20.51604610861412,6.878767729559361,34.5,-4.5,0.3805309734513274,2.9825176419975343
SOS,34,-4,62,165,129.38237496623373,15.205510134489185,34.5,-3.5,0.37575757575757573,8.508913796503823
SOS,34,-3,50,136,167.19657330278466,10.439340824510358,34.5,-2.5,0.36764705882352944,16.016008684209883
SOS,34,-2,73,194,46.56326534580806,3.4055568783148877,34.5,-1.5,0.37628865979381443,13.672731658749493
SOS,34,0,20,50,-1.3906683577030008,0.3959201764880449,34.5,0.5,0.4,-3.5124968119552076
SOS,34,2,31,88,366.47071257146,18.353229388291613,34.5,2.5,0.3522727272727273,19.967641923837604
SOS,34,3,61,146,553.1452840708821,30.81392863210707,34.5,3.5,0.4178082191780822,17.951144454022113
SOS,34,4,13,29,-94.4441448015344,7.010491994163922,34.5,4.5,0.4482758620689655,-13.47182835101403
SOS,34,5,16,38,43.33682660984927,3.363023337491635,34.5,5.5,0.42105263157894735,12.88626996034251
SOS,34,8,6,12,9.433866409803718,0.13676888941313825,34.5,8.5,0.5,68.97669821173152
SOS,34,9,4,23,38.546607687727686,3.8517158840202064,34.5,9.5,0.17391304347826086,10.00764564376303
SOS,34,10,10,33,2.8772623356545233,0.10819288026975205,34.5,10.5,0.30303030303030304,26.59382325787783
SOS,34,32,73,143,-1225.5070096152565,33.160380546733194,34.5,32.5,0.5104895104895105,-36.95696458875493
SOS,34,33,4,15,-0.0649053930774686,0.05208230032578909,34.5,33.5,0.26666666666666666,-1.246208264064136
SOS,34,35,41,76,31.565150907591832,12.775674112663365,34.5,35.5,0.5394736842105263,2.470722924616883
SOS,34,36,57,113,370.5755438607098,20.442931153261988,34.5,36.5,0.504424778761062,18.127319467178204
SOS,34,43,37,135,-39.99893448498744,1.2842770675039277,34.5,43.5,0.2740740740740741,-31.14509750043879
SOS,34,44,13,66,-12.750964156746733,0.6840123195566947,34.5,44.5,0.19696969696969696,-18.641424711488494
SOS,34,45,5,32,-0.08765092636990272,0.035411634874656706,34.5,45.5,0.15625,-2.475201347809911
SOS,34,46,58,171,-45.98737788610736,21.902531221180777,34.5,46.5,0.3391812865497076,-2.0996375908203433
SOS,34,47,268,736,-114.96474227276933,42.51193278615376,34.5,47.5,0.3641304347826087,-2.7042934709901885
SOS,34,48,101,253,99.44242796773185,26.805706578984307,34.5,48.5,0.39920948616600793,3.709748432660036
SOS,34,49,25,72,11.931048973362849,5.628518624704373,34.5,49.5,0.3472222222222222,2.119749399246148
SOS,34,50,315,761,90.95428230597747,37.79526752192319,34.5,50.5,0.41392904073587383,2.4064992330910036
SOS,34,51,3,10,14.165071628602174,1.3588876615259733,34.5,51.5,0.3,10.424019607842636
SOS,34,61,248,554,-272.46022560276856,116.50060570569764,34.5,61.5,0.44765342960288806,-2.338702223497912
SOS,34,62,92,254,-25.045675769292725,28.89136974370237,34.5,62.5,0.36220472440944884,-0.8668912547752113
SOS,34,70,13,38,-38.445045093432526,2.7432928684255264,34.5,70.5,0.34210526315789475,-14.014196419173249
SOS,34,71,20,44,26.456386431585614,9.499223672954175,34.5,71.5,0.45454545454545453,2.785110377694466
SOS,34,72,19,49,-34.500595611079184,6.48748223111043,34.5,72.5,0.3877551020408163,-5.318025449940059
SOS,34,73,61,164,0.8766334338937967,1.3299833559648433,34.5,73.5,0.3719512195121951,0.6591311311996371
SOS,34,74,24,60,62.26327440522562,15.679134284172315,34.5,74.5,0.4,3.9710913419549447
SOS,34,100,3,24,17.02881616963235,2.7977633870466176,34.5,100.5,0.125,6.086581963462018
SOS,34,102,19,48,-32.105286055312746,18.446984690837823,34.5,102.5,0.3958333333333333,-1.7404083427932087
SOS,34,104,2,17,7.901231969727279,1.5289720963609863,34.5,104.5,0.11764705882352941,5.1676757139862275
SOS,34,108,2,21,0.09315860610745756,0.021949653742958875,34.5,108.5,0.09523809523809523,4.24419479224548
SOS,34,109,15,70,-3.204106050556078,10.641438256917406,34.5,109.5,0.21428571428571427,-0.30109708605162155
SOS,34,110,5,28,0.001663367556275705,0.3022923369970725,34.5,110.5,0.17857142857142858,0.005502513139431032
SOS,34,111,7,45,0.7356578207768758,0.05830485647768879,34.5,111.5,0.15555555555555556,12.617436440451337
SOS,34,112,0,4,0.0,0.0,34.5,112.5,0.0,
SOS,34,113,5,43,0.023507702740178937,0.033081042343633404,34.5,113.5,0.11627906976744186,0.7106094933765925
SOS,34,117,3,11,-0.027995197159085425,0.0031048277810445946,34.5,117.5,0.2727272727272727,-9.016666666666666
SOS,34,119,5,26,0.15958977526354487,0.007689052043691191,34.5,119.5,0.19230769230769232,20.755455205233922
SOS,34,126,8,68,-4.129559101614422,3.858834653857096,34.5,126.5,0.11764705882352941,-1.0701570479281157
SOS,34,127,1,24,0.16723936688359345,0.023975669123296184,34.5,127.5,0.041666666666666664,6.9753784982415254
SOS,34,128,0,48,0.0,0.0,34.5,128.5,0.0,
SOS,34,131,20,206,0.4872207420529415,2.965650002085175,34.5,131.5,0.0970873786407767,0.16428801163669762
SOS,34,132,30,328,-68.85096687808365,8.802595341263478,34.5,132.5,0.09146341463414634,-7.821666702697837
SOS,34,133,17,133,-9.067255227231355,1.4064809690771058,34.5,133.5,0.12781954887218044,-6.446767092185427
SOS,34,134,0,143,0.0,0.0,34.5,134.5,0.0,
SOS,34,135,36,763,-18.209555025224304,4.766815207235421,34.5,135.5,0.047182175622542594,-3.8200673266260687
SOS,34,136,82,1117,8.828599994166856,4.465010212425587,34.5,136.5,0.07341092211280215,1.977285509806433
SOS,34,137,0,40,0.0,0.0,34.5,137.5,0.0,
SOS,34,138,0,22,0.0,0.0,34.5,138.5,0.0,
SOS,35,-122,25,97,36.00940544816454,2.639363590473507,35.5,-121.5,0.25773195876288657,13.643215197078773
SOS,35,-121,173,496,312.38893052953154,42.616206264683555,35.5,-120.5,0.3487903225806452,7.330284835523033
SOS,35,-120,222,752,721.0663969070035,121.03395150797611,35.5,-119.5,0.29521276595744683,5.957554784613352
SOS,35,-119,446,1360,178.91738921896598,58.686675837618886,35.5,-118.5,0.32794117647058824,3.048688423144214
SOS,35,-118,254,866,-227.53308025889024,26.68716152436801,35.5,-117.5,0.29330254041570436,-8.525937839104024
SOS,35,-117,150,561,-63.017144594535054,12.657378177572593,35.5,-116.5,0.26737967914438504,-4.97868861232211
SOS,35,-116,1597,3179,2443.6267884410536,81.39171418671977,35.5,-115.5,0.5023592324630387,30.023041200915838
SOS,35,-115,451,1482,736.933162725353,33.23815299235754,35.5,-114.5,0.30431848852901483,22.171303047278116
SOS,35,-114,223,563,116.99563498679399,3.0746306799117042,35.5,-113.5,0.3960923623445826,38.05193116402319
SOS,35,-113,20,37,4.738554481532283,0.4935980102697284,35.5,-112.5,0.5405405405405406,9.600027518228615
SOS,35,-112,123,249,69.06152796078116,31.32992540728259,35.5,-111.5,0.4939759036144578,2.2043310688741036
SOS,35,-110,104,246,192.8272859278685,36.73496990345465,35.5,-109.5,0.42276422764227645,5.249147785737931
SOS,35,-109,9,22,0.0849279007083179,0.0033818139682957327,35.5,-108.5,0.4090909090909091,25.11312020841802
SOS,35,-108,130,338,-287.52390624358196,38.676897571209686,35.5,-107.5,0.38461538461538464,-7.433996113938804
SOS,35,-107,378,1044,-312.3678304356289,93.88158981350745,35.5,-106.5,0.3620689655172414,-3.3272533097930794
SOS,35,-106,306,799,69.48804196133912,29.862527476246527,35.5,-105.5,0.3829787234042553,2.326931034776337
SOS,35,-104,8,23,0.0013361354951759137,0.0007525028000632261,35.5,-103.5,0.34782608695652173,1.7755887354354696
SOS,35,-102,250,678,-238.99582915904978,62.28869956674151,35.5,-101.5,0.3687315634218289,-3.8369051019112854
SOS,35,-101,58,164,-0.788529945779274,10.690673532129368,35.5,-100.5,0.35365853658536583,-0.07375867791766855
SOS,35,-100,108,321,51.268564286196465,45.149007567724794,35.5,-99.5,0.3364485981308411,1.135541334087846
SOS,35,-99,35,127,-0.11284095948335382,1.384116077934241,35.5,-98.5,0.2755905511811024,-0.0815256475105514
SOS,35,-98,197,817,-20.733476636502193,16.92244225043835,35.5,-97.5,0.24112607099143207,-1.2252059324336073
SOS,35,-97,98,476,-17.90312627497566,6.040209318825582,35.5,-96.5,0.20588235294117646,-2.9639910357372554
SOS,35,-96,71,570,-39.29341566794132,9.879534572378367,35.5,-95.5,0.12456140350877193,-3.9772537238545187
SOS,35,-95,41,453,-9.592290017939755,4.234090482442507,35.5,-94.5,0.09050772626931568,-2.2654900875916755
SOS,35,-94,27,432,-5.146328628500958,2.858763354616807,35.5,-93.5,0.0625,-1.8001939965369327
SOS,35,-93,49,372,-19.194653682082738,6.009137923694776,35.5,-92.5,0.13172043010752688,-3.194244153790486
SOS,35,-92,49,395,-49.42568658243845,18.18568879104052,35.5,-91.5,0.1240506329113924,-2.717834179961819
SOS,35,-91,49,318,-208.50276976623195,21.42419418883088,35.5,-90.5,0.1540880503144654,-9.732117246908222
SOS,35,-90,77,534,-166.36388854923825,15.046395103248635,35.5,-89.5,0.1441947565543071,-11.056727369422791
SOS,35,-89,66,390,-45.172655682002436,6.852259079491191,35.5,-88.5,0.16923076923076924,-6.592374158356648
SOS,35,-88,57,290,-51.325774557259756,8.797829403201742,35.5,-87.5,0.19655172413793104,-5.833913367151796
SOS,35,-87,99,538,-46.47745769145446,11.406435320039243,35.5,-86.5,0.18401486988847585,-4.074669814661656
SOS,35,-86,97,648,-53.48671152936654,13.423203316724647,35.5,-85.5,0.14969135802469136,-3.9846458604053727
SOS,35,-85,322,1857,-89.19553538802587,24.907730258181257,35.5,-84.5,0.17339795368874528,-3.58103827460266
SOS,35,-84,320,2422,-14.554376542125569,15.665483227791203,35.5,-83.5,0.13212221304706853,-0.929072938925083
SOS,35,-83,152,1724,-2.928132485448314,22.947534035871627,35.5,-82.5,0.08816705336426914,-0.12760118280557084
SOS,35,-82,77,3544,-1.6367882187223313,13.121705919670209,35.5,-81.5,0.02172686230248307,-0.12473898049099617
SOS,35,-81,237,3898,-17.681721123633277,22.062237053285603,35.5,-80.5,0.0608004104669061,-0.8014473365020814
SOS,35,-80,174,2121,-40.249923306636916,18.022600999442272,35.5,-79.5,0.08203677510608204,-2.2333026907649174
SOS,35,-79,225,2937,-3.081819121961094,11.936343698131394,35.5,-78.5,0.07660878447395301,-0.25818786723136544
SOS,35,-78,47,1108,-0.033939252998115,0.698652678538796,35.5,-77.5,0.042418772563176894,-0.04857814768433664
SOS,35,-77,13,322,20.71138465403062,2.3394408061067113,35.5,-76.5,0.040372670807453416,8.853134732012489
SOS,35,-76,0,93,0.0,0.0,35.5,-75.5,0.0,
SOS,35,-6,3,8,3.0442898227917965,0.23247304101319177,35.5,-5.5,0.375,13.095238095238093
SOS,35,-4,69,250,-49.97989766967298,12.163668410104684,35.5,-3.5,0.276,-4.10894937156897
SOS,35,-3,28,83,-1.4659352004399635,0.7257844792880268,35.5,-2.5,0.3373493975903614,-2.019794088016325
SOS,35,-2,4,7,-6.016309614509761,0.12490608196214037,35.5,-1.5,0.5714285714285714,-48.166666666666664
SOS,35,-1,34,106,-12.575083248909978,2.1630948106636336,35.5,-0.5,0.32075471698113206,-5.813468363438015
SOS,35,0,13,46,0.05090757179393911,0.08599029882868325,35.5,0.5,0.2826086956521739,0.5920152911127945
SOS,35,1,23,54,26.20829767423716,6.178093514015542,35.5,1.5,0.42592592592592593,4.242133534363208
SOS,35,2,35,109,242.78524806413333,16.891967279949082,35.5,2.5,0.3211009174311927,14.37282253987797
SOS,35,3,44,108,426.8808245197818,22.403562954170074,35.5,3.5,0.4074074074074074,19.054148904485952
SOS,35,4,125,349,1111.8417786258979,75.97810418235923,35.5,4.5,0.35816618911174786,14.633713101833987
SOS,35,5,158,388,183.30858613579986,76.29059355565742,35.5,5.5,0.4072164948453608,2.402767858950632
SOS,35,6,113,255,-218.0980921882165,34.935024599079675,35.5,6.5,0.44313725490196076,-6.242963750309254
SOS,35,7,84,192,81.07457587615502,35.97609210753154,35.5,7.5,0.4375,2.2535681650420885
SOS,35,8,68,155,422.1913143980462,20.10868824166069,35.5,8.5,0.43870967741935485,20.995467696563146
SOS,35,9,17,40,31.525426997550603,1.3579552256170229,35.5,9.5,0.425,23.21536557527233
SOS,35,10,90,261,1576.3386071551326,25.686294619890703,35.5,10.5,0.3448275862068966,61.36885956040008
SOS,35,11,5,16,1.8346958130391688,0.1016048703627076,35.5,11.5,0.3125,18.057164056109695
SOS,35,23,19,73,-51.82950546740447,2.9037087679170384,35.5,23.5,0.2602739726027397,-17.84941590563992
SOS,35,24,14,96,3.415787428074923,1.7955021771629527,35.5,24.5,0.14583333333333334,1.9024134147651994
SOS,35,25,6,66,-50.59441166298706,1.8382946573632921,35.5,25.5,0.09090909090909091,-27.522471144835823
SOS,35,32,13,29,-352.6216882432823,4.305807246358245,35.5,32.5,0.4482758620689655,-81.8944434964017
SOS,35,33,24,112,-5.737616916854021,0.7263568725272026,35.5,33.5,0.21428571428571427,-7.899170688495335
SOS,35,36,3,4,0.0012491136342254183,3.2028554723728675e-05,35.5,36.5,0.75,39.0
SOS,35,38,1,8,-2.056060464174269,0.18691458765220625,35.5,38.5,0.125,-11.0
SOS,35,43,18,68,-21.07495793894667,17.476836336933395,35.5,43.5,0.2647058823529412,-1.2058794585384682
SOS,35,44,92,332,1086.4833848598225,79.7465854081815,35.5,44.5,0.27710843373493976,13.624199447520873
SOS,35,45,5,26,5.489491480539407,3.8112713654798336,35.5,45.5,0.19230769230769232,1.4403307857477337
SOS,35,46,40,98,-46.476738833759434,12.329819748588509,35.5,46.5,0.40816326530612246,-3.769458092773821
SOS,35,47,55,147,-70.1884063705167,29.84154935328658,35.5,47.5,0.3741496598639456,-2.3520362679421853
SOS,35,50,73,228,50.29331181248645,27.210540609730515,35.5,50.5,0.3201754385964912,1.8483025579617303
SOS,35,51,250,793,-30.44220138741628,41.86567551168431,35.5,51.5,0.31525851197982346,-0.7271398589739738
SOS,35,59,6,17,-10.29218202943475,3.4378093833819006,35.5,59.5,0.35294117647058826,-2.993819866565711
SOS,35,60,86,230,100.93019254422997,29.586733714194747,35.5,60.5,0.3739130434782609,3.411332711451246
SOS,35,61,2335,4404,-1354.0079077795692,502.87395070940477,35.5,61.5,0.5301998183469573,-2.6925393647244382
SOS,35,62,1157,2771,-63.26573480560638,170.98696815274153,35.5,62.5,0.41753879465896787,-0.370003255155045
SOS,35,63,8,23,9.78903119408043,2.06404211835465,35.5,63.5,0.34782608695652173,4.7426508921648125
SOS,35,71,29,79,-62.5671654307708,10.386675577933216,35.5,71.5,0.3670886075949367,-6.02379124690257
SOS,35,74,4,22,0.16649331985606053,0.46054778362816545,35.5,74.5,0.18181818181818182,0.3615114995113797
SOS,35,75,20,152,-29.58624188535473,3.4225082837500187,35.5,75.5,0.13157894736842105,-8.644607823399419
SOS,35,102,25,72,8.244463040830455,22.37300029963314,35.5,102.5,0.3472222222222222,0.3685005555989575
SOS,35,103,39,115,121.86290035523592,22.308893023178847,35.5,103.5,0.3391304347826087,5.462525649686915
SOS,35,104,41,153,-37.46376243994202,19.135698931536496,35.5,104.5,0.2679738562091503,-1.9577943075912452
SOS,35,105,21,99,16.28502922337149,15.624327363897317,35.5,105.5,0.21212121212121213,1.0422867393959525
SOS,35,106,4,50,24.14013514350504,2.4886628192442286,35.5,106.5,0.08,9.700042511518719
SOS,35,107,4,19,22.130965280049438,1.7464793046624125,35.5,107.5,0.21052631578947367,12.671759247858517
SOS,35,108,0,1,0.0,0.0,35.5,108.5,0.0,
SOS,35,110,14,45,16.424403665057948,1.5142826140719972,35.5,110.5,0.3111111111111111,10.846326512916725
SOS,35,111,7,41,0.0338511442027447,0.02641066300974626,35.5,111.5,0.17073170731707318,1.2817226205284094
SOS,35,112,67,311,23.61796736111488,6.156737469190225,35.5,112.5,0.21543408360128619,3.836117339630736
SOS,35,113,0,14,0.0,0.0,35.5,113.5,0.0,
SOS,35,126,11,89,5.090130338995882,3.6880813684036506,35.5,126.5,0.12359550561797752,1.380156734773749
SOS,35,127,104,732,58.36712134677262,19.669358611384506,35.5,127.5,0.14207650273224043,2.9674135542472686
SOS,35,128,70,495,-10.144120490830488,14.31880133141609,35.5,128.5,0.1414141414141414,-0.7084476036813105
SOS,35,129,21,315,-24.96127219007183,4.500943290088142,35.5,129.5,0.06666666666666667,-5.545786867619701
SOS,35,133,19,119,-54.21613952405646,3.9506064553416222,35.5,133.5,0.15966386554621848,-13.72349793302006
SOS,35,134,116,943,-13.266359401621324,4.27903313567748,35.5,134.5,0.12301166489925769,-3.1003170531702184
SOS,35,135,64,478,-55.729471822799326,12.261225617867309,35.5,135.5,0.13389121338912133,-4.5451795407458455
SOS,35,136,122,1236,-10.930781369098273,5.937699118558967,35.5,136.5,0.09870550161812297,-1.8409119678922174
SOS,35,137,45,537,2.037551487828103,0.32945841470418996,35.5,137.5,0.08379888268156424,6.184548328072162
SOS,35,138,195,1428,0.8700200980041696,5.2594536642173715,35.5,138.5,0.13655462184873948,0.1654202420155045
SOS,35,139,75,1032,4.962221683391424,2.2660842899132745,35.5,139.5,0.07267441860465117,2.1897780702505703
SOS,35,140,0,34,0.0,0.0,35.5,140.5,0.0,
SOS,36,-122,407,1034,393.61922741924025,48.34589244629594,36.5,-121.5,0.39361702127659576,8.141730507022581
SOS,36,-121,33,97,56.7590718154641,8.242244742428309,36.5,-120.5,0.3402061855670103,6.886360887015093
SOS,36,-120,57,159,-21.57541639230391,3.4352718431000917,36.5,-119.5,0.3584905660377358,-6.280555769011168
SOS,36,-119,2195,5036,-1234.4604539533073,109.44604909908968,36.5,-118.5,0.4358617950754567,-11.27916872390394
SOS,36,-118,660,1944,110.99266234292519,30.78756188075589,36.5,-117.5,0.3395061728395062,3.6051137395294166
SOS,36,-117,417,1165,12.163672633870426,15.785721037512866,36.5,-116.5,0.3579399141630901,0.7705490680447806
SOS,36,-116,1109,2769,330.7383638419464,23.104775320354445,36.5,-115.5,0.40050559768869626,14.314718894954076
SOS,36,-115,567,2099,317.9237711282481,40.831710873457745,36.5,-114.5,0.27012863268222964,7.786197647057483
SOS,36,-114,1397,3462,328.4873899010603,16.54286519520279,36.5,-113.5,0.40352397458116696,19.856741019464828
SOS,36,-113,1007,2384,473.33769852689477,22.959732726144694,36.5,-112.5,0.4223993288590604,20.615993407793287
SOS,36,-112,764,1618,861.0133995971623,43.57021283960786,36.5,-111.5,0.4721878862793572,19.761514656050775
SOS,36,-109,52,154,-25.418098796462452,21.529853124038787,36.5,-108.5,0.33766233766233766,-1.1805978726386346
SOS,36,-108,50,123,67.9313145220462,22.303426451469413,36.5,-107.5,0.4065040650406504,3.045779296282553
SOS,36,-107,204,689,16.414773824609632,27.694499539431217,36.5,-106.5,0.2960812772133527,0.5927088085212879
SOS,36,-106,360,1183,127.10965193402,29.573057337096895,36.5,-105.5,0.3043110735418428,4.298157288410343
SOS,36,-105,43,107,31.241101903608342,26.361261828786585,36.5,-104.5,0.40186915887850466,1.1851140551053954
SOS,36,-103,11,41,7.586947137086931,1.1087424018803502,36.5,-102.5,0.2682926829268293,6.842840252361589
SOS,36,-102,25,64,-4.305234862921458,6.032940096909434,36.5,-101.5,0.390625,-0.713621351076725
SOS,36,-101,62,161,-45.0331488651408,32.51939938581137,36.5,-100.5,0.38509316770186336,-1.3848087515659757
SOS,36,-100,79,212,-63.01659358554712,27.132204367318604,36.5,-99.5,0.37264150943396224,-2.3225755169916136
SOS,36,-99,16,47,12.743377023433007,8.933124622459385,36.5,-98.5,0.3404255319148936,1.4265307562590142
SOS,36,-98,51,220,-2.400618190139437,1.3428125223054632,36.5,-97.5,0.2318181818181818,-1.7877538005214877
SOS,36,-97,139,730,-283.3752214291517,47.93863249570772,36.5,-96.5,0.19041095890410958,-5.911207864649127
SOS,36,-96,121,784,-29.81831004091388,9.48093720639368,36.5,-95.5,0.15433673469387754,-3.1450804273658983
SOS,36,-95,73,585,-8.81384776053799,6.693136354966868,36.5,-94.5,0.12478632478632479,-1.316848677974023
SOS,36,-94,37,475,1.0461856384201356,4.342641239418018,36.5,-93.5,0.07789473684210527,0.2409099855921648
SOS,36,-93,173,750,-95.30623683082622,43.059928132197236,36.5,-92.5,0.23066666666666666,-2.2133394309955388
SOS,36,-92,44,296,-7.882937977302213,6.032090800440843,36.5,-91.5,0.14864864864864866,-1.3068334410228215
SOS,36,-91,54,203,-133.66264025798952,32.16845573458115,36.5,-90.5,0.2660098522167488,-4.155084140837445
SOS,36,-90,10,80,-68.43862410248843,6.263443286879687,36.5,-89.5,0.125,-10.926677383005904
SOS,36,-89,92,527,-172.41702567235725,25.31529193560952,36.5,-88.5,0.174573055028463,-6.810785595951531
SOS,36,-88,98,524,-90.74595681004845,12.966651192103907,36.5,-87.5,0.18702290076335878,-6.998411190802184
SOS,36,-87,186,837,-58.6429577743094,6.573028181896482,36.5,-86.5,0.2222222222222222,-8.921756632023058
SOS,36,-86,29,137,-22.94564875838118,7.054817042356313,36.5,-85.5,0.2116788321167883,-3.252479634924355
SOS,36,-85,296,1315,-114.65101360180735,41.16872672287845,36.5,-84.5,0.22509505703422053,-2.78490550299417
SOS,36,-84,129,641,-21.161577824806972,18.22432363907783,36.5,-83.5,0.20124804992199688,-1.1611721918409572
SOS,36,-83,166,1802,-115.76463052472964,21.444623535161643,36.5,-82.5,0.09211986681465038,-5.398305562926593
SOS,36,-82,69,888,-92.50822956616523,13.158939771881418,36.5,-81.5,0.0777027027027027,-7.030067100378463
SOS,36,-81,73,1522,-67.71250383690167,8.917552553011571,36.5,-80.5,0.047963206307490146,-7.593171269176799
SOS,36,-80,115,2142,-235.315397948318,22.88657035740529,36.5,-79.5,0.05368814192343604,-10.281811310019119
SOS,36,-79,58,986,-11.25015209331174,2.3546509091585577,36.5,-78.5,0.058823529411764705,-4.777842885140039
SOS,36,-78,81,654,-41.33029672555729,6.189121539722247,36.5,-77.5,0.12385321100917432,-6.677893859459107
SOS,36,-77,102,848,-64.4852016253869,20.80504528895392,36.5,-76.5,0.12028301886792453,-3.0994982577434818
SOS,36,-6,458,1503,192.54301462355684,126.84625445385711,36.5,-5.5,0.3047238855622089,1.517924320686964
SOS,36,-5,81,250,-8.89031503131148,8.98849802501688,36.5,-4.5,0.324,-0.9890768186818157
SOS,36,-4,173,350,86.35563930904607,17.725766803685108,36.5,-3.5,0.4942857142857143,4.8717576094419295
SOS,36,-3,40,228,-772.8645973986303,15.539017712226267,36.5,-2.5,0.17543859649122806,-49.737030468182816
SOS,36,1,8,25,0.283143503544125,0.39119231531847765,36.5,1.5,0.32,0.7237961801821492
SOS,36,2,97,239,-379.8501704845974,28.227259643116966,36.5,2.5,0.40585774058577406,-13.456856077675305
SOS,36,3,29,91,248.68802906707657,7.3683282284398395,36.5,3.5,0.31868131868131866,33.75094341036616
SOS,36,4,159,354,30.754920997334196,89.83690665308971,36.5,4.5,0.4491525423728814,0.34234171837745997
SOS,36,5,18,52,-0.013387514498667357,0.04708832605863644,36.5,5.5,0.34615384615384615,-0.28430644321475007
SOS,36,6,40,134,-238.48882630464394,9.599383965108258,36.5,6.5,0.29850746268656714,-24.844180331935952
SOS,36,7,19,51,-1.4626855192648596,2.2847551775554895,36.5,7.5,0.37254901960784315,-0.6401935461767153
SOS,36,10,4,15,-24.396759173535404,1.5754207386180736,36.5,10.5,0.26666666666666666,-15.48586899708819
SOS,36,14,3,3,0.0,0.08615267030770146,36.5,14.5,1.0,0.0
SOS,36,22,1,7,-58.94438469792147,0.6710935639232046,36.5,22.5,0.14285714285714285,-87.83333333333333
SOS,36,28,3,29,-24.372801933022913,0.5310977813566234,36.5,28.5,0.10344827586206896,-45.89136461983632
SOS,36,30,3,67,-19.292334186963277,0.7157195471539469,36.5,30.5,0.04477611940298507,-26.955158991645668
SOS,36,31,11,38,-11.235582776041674,1.1137148781328332,36.5,31.5,0.2894736842105263,-10.088383478254658
SOS,36,33,3,22,-0.3243607731373549,0.08808143468597696,36.5,33.5,0.13636363636363635,-3.682510103221501
SOS,36,34,5,14,-2.9350039298754274,0.07841198254676596,36.5,34.5,0.35714285714285715,-37.430553782069616
SOS,36,36,38,133,83.45941547415492,6.77449250176553,36.5,36.5,0.2857142857142857,12.319655745785267
SOS,36,37,71,261,-27.286515177283302,15.938951281582709,36.5,37.5,0.2720306513409962,-1.711939179387077
SOS,36,40,7,27,-12.344631525495416,3.3438825921457482,36.5,40.5,0.25925925925925924,-3.6917060289410295
SOS,36,42,6,20,-14.665296343598982,1.1776433773147823,36.5,42.5,0.3,-12.453087773514453
SOS,36,43,26,86,3.0224362005735967,13.120703587003648,36.5,43.5,0.3023255813953488,0.23035625952006017
SOS,36,44,47,138,154.00358510754182,38.27308089034334,36.5,44.5,0.34057971014492755,4.023809464118641
SOS,36,45,2,17,3.4091256340703473,0.9524642959421227,36.5,45.5,0.11764705882352941,3.5792686913247884
SOS,36,46,20,59,-18.323055984818637,10.56670521071996,36.5,46.5,0.3389830508474576,-1.734036827887451
SOS,36,47,491,1346,-310.4611728398628,92.53652782520865,36.5,47.5,0.36478454680534916,-3.3550121247934643
SOS,36,48,28,89,-21.86539111044872,7.01302552233417,36.5,48.5,0.3146067415730337,-3.1178256860487203
SOS,36,49,22,66,6.359891035639228,1.3273010639305256,36.5,49.5,0.3333333333333333,4.791596427117851
SOS,36,50,19,69,0.9193103256614967,3.1234558736128424,36.5,50.5,0.2753623188405797,0.2943247360809192
SOS,36,52,50,172,-2.838882593684728,6.10160588046184,36.5,52.5,0.29069767441860467,-0.4652681030702443
SOS,36,55,237,712,-965.4361593396643,105.04358591998255,36.5,55.5,0.33286516853932585,-9.190814944903822
SOS,36,57,13,45,18.516535512274324,5.246255850342554,36.5,57.5,0.28888888888888886,3.5294762665959736
SOS,36,60,261,565,117.81524673711095,6.791416376974101,36.5,60.5,0.46194690265486726,17.347669498892255
SOS,36,61,82,147,8.976214314593623,5.130923591124226,36.5,61.5,0.5578231292517006,1.7494344156910087
SOS,36,67,16,49,25.622069293834894,9.729616120776335,36.5,67.5,0.32653061224489793,2.6334100930377184
SOS,36,73,5,22,-2.9648822641509107,0.26133854949326607,36.5,73.5,0.22727272727272727,-11.344986301867062
SOS,36,74,18,90,-23.704260589026788,4.9354135006068125,36.5,74.5,0.2,-4.802892520781153
SOS,36,81,24,68,-18.784466393784125,22.90242700677837,36.5,81.5,0.35294117647058826,-0.8201954486406413
SOS,36,94,5,16,-0.02846793339323624,0.012997265123091961,36.5,94.5,0.3125,-2.1903018153148137
SOS,36,100,11,24,11.84449228316482,8.246171846256166,36.5,100.5,0.4583333333333333,1.4363625333059635
SOS,36,101,32,82,18.424194775970467,13.746094163086491,36.5,101.5,0.3902439024390244,1.3403221713296902
SOS,36,102,102,293,88.0250213511198,26.158339595489586,36.5,102.5,0.34812286689419797,3.3650844324346076
SOS,36,103,179,521,196.07197537660937,80.11575843316356,36.5,103.5,0.3435700575815739,2.4473584125173335
SOS,36,104,42,155,30.204378455622344,9.727085853455524,36.5,104.5,0.2709677419354839,3.105182673482039
SOS,36,105,16,66,83.4498278593281,9.2791576391119,36.5,105.5,0.24242424242424243,8.993254679453317
SOS,36,106,12,55,41.74531901968468,1.6813770005493573,36.5,106.5,0.21818181818181817,24.82805403312
SOS,36,107,79,167,309.3494567540502,55.58552580827113,36.5,107.5,0.47305389221556887,5.565287946021714
SOS,36,108,28,72,144.85372777295683,21.01269915419872,36.5,108.5,0.3888888888888889,6.893627834766407
SOS,36,109,61,155,92.9355916724378,20.002683876983777,36.5,109.5,0.3935483870967742,4.64615609805116
SOS,36,111,39,155,3.265490537180406,5.525589323914933,36.5,111.5,0.25161290322580643,0.590975974824487
SOS,36,113,15,55,10.270493520320194,5.151315532405575,36.5,113.5,0.2727272727272727,1.9937612937338458
SOS,36,114,0,5,0.0,0.0,36.5,114.5,0.0,
SOS,36,117,21,99,2.748671934831207,15.963990470549682,36.5,117.5,0.21212121212121213,0.17217950235575172
SOS,36,118,14,61,-0.22390854178479264,0.033500066359325675,36.5,118.5,0.22950819672131148,-6.683823828380611
SOS,36,120,2,24,0.17361878852257262,0.02846983106753087,36.5,120.5,0.08333333333333333,6.098342772415692
SOS,36,126,3,45,-2.649967683281886,0.430124968541386,36.5,126.5,0.06666666666666667,-6.160925026669104
SOS,36,127,77,582,-11.864035853246595,27.949760823454017,36.5,127.5,0.1323024054982818,-0.4244771870566742
SOS,36,128,64,496,-4.666294983253448,11.412280039591865,36.5,128.5,0.12903225806451613,-0.4088836732944671
SOS,36,129,20,137,-2.8811936424992393,2.1784203584156208,36.5,129.5,0.145985401459854,-1.3226068290119866
SOS,36,136,26,430,-5.943802025307528,2.1991633182190187,36.5,136.5,0.06046511627906977,-2.70275607821664
SOS,36,137,299,1871,-36.57850727363233,15.980504838325448,36.5,137.5,0.15980758952431853,-2.2889456649646927
SOS,36,138,143,904,-29.634705057938096,14.531663905000322,36.5,138.5,0.1581858407079646,-2.0393194648371162
SOS,36,139,88,528,-26.965727494166643,17.278066768514027,36.5,139.5,0.16666666666666666,-1.5606912425704087
SOS,36,140,8,165,-15.8586388671427,1.1990788418443854,36.5,140.5,0.048484848484848485,-13.225684845501435
SOS,37,-123,110,424,-275.06972659570107,31.260993257298313,37.5,-122.5,0.25943396226415094,-8.799135853800237
SOS,37,-122,182,896,634.8812087455224,39.51136171661983,37.5,-121.5,0.203125,16.068320127738588
SOS,37,-121,79,232,517.3899019163584,30.665126726026266,37.5,-120.5,0.34051724137931033,16.872257093176678
SOS,37,-120,1441,3249,-508.65239695478164,60.657895987383654,37.5,-119.5,0.44352108341028007,-8.385592488413662
SOS,37,-119,820,1835,-508.6858865369857,71.03648092521398,37.5,-118.5,0.44686648501362397,-7.160910561891737
SOS,37,-118,326,1002,-8.153315046769652,10.675630428894348,37.5,-117.5,0.3253493013972056,-0.7637314818150813
SOS,37,-117,181,479,37.89409075283683,6.593033972079361,37.5,-116.5,0.3778705636743215,5.7475952517935385
SOS,37,-116,620,2093,193.68489697641579,19.24579703061139,37.5,-115.5,0.296225513616818,10.063750369410547
SOS,37,-115,5,21,-0.37156903171984634,0.1620032827809502,37.5,-114.5,0.23809523809523808,-2.2935895207892587
SOS,37,-114,274,676,1407.8272369085105,99.11703752019615,37.5,-113.5,0.40532544378698226,14.203685583537046
SOS,37,-113,403,1187,66.80499907104391,9.451507501320634,37.5,-112.5,0.33951137320977254,7.068184526300109
SOS,37,-112,1186,3452,2194.8892252055,102.08698492358795,37.5,-111.5,0.34356894553881806,21.500186599186698
SOS,37,-111,381,1269,140.42662868573385,23.131441294143947,37.5,-110.5,0.30023640661938533,6.070811883273562
SOS,37,-110,226,782,280.73073126179605,10.231511865319645,37.5,-109.5,0.289002557544757,27.437854244527692
SOS,37,-109,209,898,292.7621598161276,11.306422156562244,37.5,-108.5,0.23273942093541203,25.893439654224174
SOS,37,-108,415,2123,5.787785721003196,23.400054021205865,37.5,-107.5,0.19547809703250119,0.24734069911796455
SOS,37,-107,326,1243,-13.947681299943955,17.832954240611144,37.5,-106.5,0.26226870474658087,-0.7821295962382261
SOS,37,-106,616,1707,-37.47290823888125,41.27702245407546,37.5,-105.5,0.36086701816051553,-0.9078394227823328
SOS,37,-105,80,179,-17.361755741812914,13.275782581983593,37.5,-104.5,0.44692737430167595,-1.3077764444089606
SOS,37,-104,31,72,-28.406255703922067,7.086137287837225,37.5,-103.5,0.4305555555555556,-4.008708066195539
SOS,37,-103,6,24,-22.58862185867215,2.2337304522270363,37.5,-102.5,0.25,-10.112510144700414
SOS,37,-102,42,96,-20.37396374916182,1.7263538127397449,37.5,-101.5,0.4375,-11.801731255094278
SOS,37,-101,40,107,1.9022943012386124,0.5846919547968568,37.5,-100.5,0.37383177570093457,3.253498334690681
SOS,37,-100,20,79,23.818843173441312,1.8277310080062883,37.5,-99.5,0.25316455696202533,13.031919395744783
SOS,37,-99,20,74,1.765558609489438,0.39502310730075274,37.5,-98.5,0.2702702702702703,4.469507167704044
SOS,37,-98,224,645,56.57481429550231,13.89040105571928,37.5,-97.5,0.34728682170542635,4.07294318346611
SOS,37,-97,185,556,19.374464937088227,8.493107666714598,37.5,-96.5,0.3327338129496403,2.2811985550376144
SOS,37,-96,42,221,-7.262051461402344,1.2148519410270304,37.5,-95.5,0.19004524886877827,-5.977725528645934
SOS,37,-95,98,612,-10.51927654689336,5.816009036709571,37.5,-94.5,0.16013071895424835,-1.8086761008274983
SOS,37,-94,69,539,-4.196833714039259,3.2603100861791217,37.5,-93.5,0.1280148423005566,-1.287249863695537
SOS,37,-93,123,815,-280.1150040250272,26.821029378087445,37.5,-92.5,0.150920245398773,-10.443857320922916
SOS,37,-92,256,1214,-81.51135465628295,60.954506321698474,37.5,-91.5,0.21087314662273476,-1.337249033337945
SOS,37,-91,105,529,-93.56935059050909,15.194583589867458,37.5,-90.5,0.19848771266540643,-6.15807271302295
SOS,37,-90,47,367,-203.65156682087775,21.013341559450204,37.5,-89.5,0.12806539509536785,-9.691536505258524
SOS,37,-89,43,281,-85.48993976981066,7.9949107287499945,37.5,-88.5,0.15302491103202848,-10.693044947004308
SOS,37,-88,37,157,-57.50533083776414,8.783814085149375,37.5,-87.5,0.2356687898089172,-6.546738157287196
SOS,37,-87,57,303,-55.20338754392648,9.397359716927767,37.5,-86.5,0.18811881188118812,-5.874350797116645
SOS,37,-86,45,261,-11.816088524810208,2.419891906523569,37.5,-85.5,0.1724137931034483,-4.882899311723915
SOS,37,-85,16,87,-1.0254097076467357,0.16774616858303915,37.5,-84.5,0.1839080459770115,-6.112865148029468
SOS,37,-84,30,162,-34.73226824861079,14.949345003513816,37.5,-83.5,0.18518518518518517,-2.3233304362463394
SOS,37,-83,24,140,-19.6011393082159,3.2034932493481354,37.5,-82.5,0.17142857142857143,-6.118676639073439
SOS,37,-82,95,610,-151.624374474083,26.549133552194053,37.5,-81.5,0.1557377049180328,-5.71108560571283
SOS,37,-81,81,968,-55.96022377669618,7.013024600591417,37.5,-80.5,0.08367768595041322,-7.979470622700651
SOS,37,-80,50,793,-86.83286746754032,6.232476127360109,37.5,-79.5,0.06305170239596469,-13.932322514056725
SOS,37,-79,9,114,-0.4721173313687599,1.5253826705561866,37.5,-78.5,0.07894736842105263,-0.3095074701462394
SOS,37,-78,107,1094,-30.68056421927767,3.5664673662861053,37.5,-77.5,0.09780621572212066,-8.602508047403354
SOS,37,-77,23,299,-7.335372859552653,0.8842562495582877,37.5,-76.5,0.07692307692307693,-8.295528432190205
SOS,37,-26,0,23,0.0,0.0,37.5,-25.5,0.0,
SOS,37,-9,2,9,112.58519239888426,1.7840787539304992,37.5,-8.5,0.2222222222222222,63.10550593736298
SOS,37,-8,14,63,134.79351314826494,7.127281258133003,37.5,-7.5,0.2222222222222222,18.912332524333998
SOS,37,-7,254,976,852.5044059100876,26.30686054921363,37.5,-6.5,0.26024590163934425,32.4061628074267
SOS,37,-6,253,1035,126.75579752437378,27.932528174614852,37.5,-5.5,0.24444444444444444,4.537927849995682
SOS,37,-5,114,307,137.9450907471157,30.903855343774136,37.5,-4.5,0.3713355048859935,4.463685492072626
SOS,37,-4,533,1136,-752.5813265613114,80.84658941485478,37.5,-3.5,0.46919014084507044,-9.308757883397266
SOS,37,-3,675,1542,-496.84558948584674,89.86276931088804,37.5,-2.5,0.4377431906614786,-5.528936992437506
SOS,37,-2,121,548,-817.3152363515187,35.02945734148575,37.5,-1.5,0.2208029197080292,-23.332226599570063
SOS,37,-1,7,26,-1.2356365874142483,0.3591683262521618,37.5,-0.5,0.2692307692307692,-3.440271586049443
SOS,37,12,21,62,-12.203152710708197,1.4312725880932415,37.5,12.5,0.3387096774193548,-8.526085675241907
SOS,37,13,48,140,25.583375625470627,18.578020149634735,37.5,13.5,0.34285714285714286,1.377077612114315
SOS,37,14,370,994,-42.32481929247697,68.6785160560788,37.5,14.5,0.3722334004024145,-0.6162745167341273
SOS,37,15,74,224,-6.407781474817213,10.387982440736671,37.5,15.5,0.33035714285714285,-0.6168456205402288
SOS,37,21,1,17,32.655961089362194,0.37987026722961137,37.5,21.5,0.058823529411764705,85.9660887058144
SOS,37,22,20,61,22.23510298199852,1.7929581116415618,37.5,22.5,0.32786885245901637,12.401351062039556
SOS,37,23,14,109,-17.327804225854308,1.5817304643305612,37.5,23.5,0.12844036697247707,-10.954966485511795
SOS,37,26,1,28,-1.4114263050429916,0.007127515743178928,37.5,26.5,0.03571428571428571,-198.02499999999782
SOS,37,27,17,93,-30.38665244717013,2.3682332134284643,37.5,27.5,0.1827956989247312,-12.830937542329169
SOS,37,28,11,29,221.08763106218186,6.55760391977436,37.5,28.5,0.3793103448275862,33.71469728378917
SOS,37,29,15,52,6.218973445867399,2.540228375569944,37.5,29.5,0.28846153846153844,2.4481946212698555
SOS,37,30,31,132,3.071274742580931,12.485158166500904,37.5,30.5,0.23484848484848486,0.24599405963646576
SOS,37,32,31,104,-41.708023123338755,9.527436234953088,37.5,32.5,0.2980769230769231,-4.377675388718476
SOS,37,33,12,24,13.450482174837427,8.494968185763245,37.5,33.5,0.5,1.5833469744335418
SOS,37,35,14,34,10.452190775619828,0.6311874562851926,37.5,35.5,0.4117647058823529,16.559566689007777
SOS,37,36,43,122,-17.543126457180794,5.062696200770534,37.5,36.5,0.3524590163934426,-3.465174634518018
SOS,37,37,161,553,-397.3253682673384,48.68553047976991,37.5,37.5,0.2911392405063291,-8.161056567565538
SOS,37,38,15,60,-23.363014034231004,10.109500158598104,37.5,38.5,0.25,-2.3109959609982123
SOS,37,40,7,22,-0.12087653817043834,0.008482719433492658,37.5,40.5,0.3181818181818182,-14.249739027460546
SOS,37,41,32,81,3.600554667774226,7.5751700448870585,37.5,41.5,0.3950617283950617,0.47531007837962114
SOS,37,42,10,26,-6.292155448344323,1.0735037031607004,37.5,42.5,0.38461538461538464,-5.8613262626094595
SOS,37,45,28,109,-151.04130385353588,14.018532559430236,37.5,45.5,0.25688073394495414,-10.774401900713261
SOS,37,46,8,19,36.84118926456991,4.308713316184059,37.5,46.5,0.42105263157894735,8.55039232389629
SOS,37,47,7,20,-11.099648301121272,3.578152383202217,37.5,47.5,0.35,-3.1020613748114885
SOS,37,48,28,75,-15.213170919690976,8.39891414758272,37.5,48.5,0.37333333333333335,-1.8113259228955754
SOS,37,49,81,242,52.821677015726976,30.996910466366046,37.5,49.5,0.3347107438016529,1.7040948991688196
SOS,37,50,41,113,-4.121655625565989,3.3650001843003086,37.5,50.5,0.36283185840707965,-1.2248604457128769
SOS,37,54,12,26,22.61452884765841,4.9333843307133485,37.5,54.5,0.46153846153846156,4.583978731774265
SOS,37,55,220,544,-400.60005133512846,51.26373686006925,37.5,55.5,0.40441176470588236,-7.814491800092845
SOS,37,56,276,782,-359.5530736928497,60.543238946640365,37.5,56.5,0.35294117647058826,-5.93878160383426
SOS,37,57,193,528,-180.59082278991764,35.11210809947688,37.5,57.5,0.36553030303030304,-5.143263465647857
SOS,37,58,465,1269,540.6709898089017,138.87903285892583,37.5,58.5,0.3664302600472813,3.8931073948226484
SOS,37,59,57,131,483.99465680834743,46.40683162749658,37.5,59.5,0.4351145038167939,10.429383774641815
SOS,37,60,15,51,49.150309014309116,10.479987031766619,37.5,60.5,0.29411764705882354,4.689920785715306
SOS,37,61,1,2,-3.801870677635797,0.31682255646964974,37.5,61.5,0.5,-12.0
SOS,37,62,10,15,12.418460954460896,7.99841022047347,37.5,62.5,0.6666666666666666,1.5526161589803753
SOS,37,64,190,395,58.09028686139145,19.47021821697473,37.5,64.5,0.4810126582278481,2.983545752494267
SOS,37,65,23,46,12.882612403765908,12.486570623996192,37.5,65.5,0.5,1.0317174179921442
SOS,37,66,278,737,111.20921837920598,7.678120873722417,37.5,66.5,0.37720488466757124,14.483910869364944
SOS,37,68,98,367,159.00417647305736,8.572079398892448,37.5,68.5,0.2670299727520436,18.54907882603157
SOS,37,69,71,204,-21.92024966246047,6.948129512346728,37.5,69.5,0.3480392156862745,-3.1548418352750183
SOS,37,70,259,745,68.9197894052322,26.001469032924216,37.5,70.5,0.3476510067114094,2.650611368071661
SOS,37,71,0,9,0.0,0.0,37.5,71.5,0.0,
SOS,37,73,21,54,-0.8330635252584656,0.4634243703909685,37.5,73.5,0.3888888888888889,-1.7976256288715473
SOS,37,78,1,7,0.016575927364367526,0.004143981841091882,37.5,78.5,0.14285714285714285,4.0
SOS,37,79,25,100,-37.300063847170335,22.546295116571688,37.5,79.5,0.25,-1.6543766350221558
SOS,37,97,11,27,8.11435508408233,8.927701959468815,37.5,97.5,0.4074074074074074,0.9088962782271377
SOS,37,104,8,24,-11.206267504841403,3.531383091124786,37.5,104.5,0.3333333333333333,-3.173336683013929
SOS,37,105,54,157,46.01886172314271,12.247197193307434,37.5,105.5,0.34394904458598724,3.757501491711919
SOS,37,106,30,96,113.86222824393488,16.169369117897073,37.5,106.5,0.3125,7.041847298662161
SOS,37,107,41,117,179.71620314723663,21.56445447552563,37.5,107.5,0.3504273504273504,8.333909088736922
SOS,37,108,60,139,36.6998814638633,21.639285928814115,37.5,108.5,0.4316546762589928,1.695983942566008
SOS,37,109,30,72,44.90233689236563,11.277858780941646,37.5,109.5,0.4166666666666667,3.981459403290782
SOS,37,110,132,310,204.9955612542528,28.68730884922178,37.5,110.5,0.4258064516129032,7.145862385757173
SOS,37,111,91,279,50.071335075493295,14.398293788383736,37.5,111.5,0.32616487455197135,3.477588095604069
SOS,37,112,106,332,29.481806252945375,25.386752604583823,37.5,112.5,0.3192771084337349,1.161306714259395
SOS,37,113,34,107,0.351287721962337,0.046216348555549236,37.5,113.5,0.3177570093457944,7.60094063987142
SOS,37,117,2,5,0.027453073968181974,0.004900198508362208,37.5,117.5,0.4,5.602441191174846
SOS,37,118,46,155,0.28551353090639986,0.18498882080543066,37.5,118.5,0.2967741935483871,1.5434096485576285
SOS,37,119,3,10,0.0750017782895935,0.007348942253611712,37.5,119.5,0.3,10.205792303339043
SOS,37,121,1,11,-0.016736709976909733,0.0023085117209529216,37.5,121.5,0.09090909090909091,-7.250000000000456
SOS,37,122,3,21,-0.04914349019167782,0.013460126542860773,37.5,122.5,0.14285714285714285,-3.65104221235895
SOS,37,126,1,23,-0.06509925046825217,0.2597257497590575,37.5,126.5,0.043478260869565216,-0.2506461162539466
SOS,37,127,27,381,-14.812168714463137,12.113092442119004,37.5,127.5,0.07086614173228346,-1.2228230557342274
SOS,37,128,105,784,15.282747172464344,12.016949127890998,37.5,128.5,0.13392857142857142,1.271765987341456
SOS,37,129,8,61,-4.684141441078713,4.643883160243284,37.5,129.5,0.13114754098360656,-1.0086690985639097
SOS,37,136,3,23,-2.491290837490632,0.18471021688407774,37.5,136.5,0.13043478260869565,-13.487563814914154
SOS,37,137,2,39,-0.1249966560346076,0.008778108664174056,37.5,137.5,0.05128205128205128,-14.239588596659132
SOS,37,138,18,193,-4.444551547726395,2.550451059582578,37.5,138.5,0.09326424870466321,-1.7426531401287961
SOS,37,139,133,987,-25.394068423278636,5.679089744690927,37.5,139.5,0.1347517730496454,-4.471503280436477
SOS,37,140,60,411,-6.985046059898921,3.2010619828349722,37.5,140.5,0.145985401459854,-2.1821027200831393
SOS,38,-124,70,126,-0.9620194977188306,0.144900043785227,38.5,-123.5,0.5555555555555556,-6.639193975294791
SOS,38,-123,201,889,309.83277690541206,39.35253679459662,38.5,-122.5,0.22609673790776152,7.8732605860355696
SOS,38,-122,105,576,399.2282357241172,13.581518241405323,38.5,-121.5,0.18229166666666666,29.394963701996822
SOS,38,-121,271,704,-39.2874582186445,66.55613418214378,38.5,-120.5,0.3849431818181818,-0.5902905675249519
SOS,38,-120,1106,2546,-312.5576579074662,35.48939758185186,38.5,-119.5,0.4344069128043991,-8.807071384815451
SOS,38,-119,41,139,-12.274667224663732,1.3179820865164933,38.5,-118.5,0.2949640287769784,-9.313227660860266
SOS,38,-118,148,445,-14.179475096189881,0.7996091136312548,38.5,-117.5,0.3325842696629214,-17.733008359292967
SOS,38,-117,470,1599,59.94924340505119,8.522722821778931,38.5,-116.5,0.2939337085678549,7.0340482330197505
SOS,38,-116,461,1571,128.2712893425694,11.927722751626703,38.5,-115.5,0.2934436664544876,10.754046854842912
SOS,38,-115,363,1002,-28.81815483904825,2.3863331264223513,38.5,-114.5,0.36227544910179643,-12.076333568001518
SOS,38,-114,194,570,23.34560343286839,14.095259045238024,38.5,-113.5,0.34035087719298246,1.6562734574754427
SOS,38,-113,27,82,-29.36842124058623,16.023497639810465,38.5,-112.5,0.32926829268292684,-1.8328346220503213
SOS,38,-112,224,664,0.2572280851171844,39.97429452096692,38.5,-111.5,0.3373493975903614,0.0064348373923713825
SOS,38,-111,378,1130,37.9345717655342,33.708980375917,38.5,-110.5,0.3345132743362832,1.125355063917511
SOS,38,-110,506,1529,91.85191158368448,23.978595089805033,38.5,-109.5,0.33093525179856115,3.8305793662922776
SOS,38,-109,253,1085,-207.19268280467293,26.874249167888483,38.5,-108.5,0.23317972350230415,-7.709710567551165
SOS,38,-108,623,2027,-251.07249192339998,30.173741178213657,38.5,-107.5,0.30735076467686234,-8.320893668455067
SOS,38,-107,281,877,114.90284894602664,27.766650342936934,38.5,-106.5,0.3204104903078677,4.1381602579676935
SOS,38,-106,374,1008,-6.722279365949992,93.07085316925472,38.5,-105.5,0.37103174603174605,-0.07222754640193466
SOS,38,-105,244,667,-47.557650932787254,81.28721370338384,38.5,-104.5,0.3658170914542729,-0.5850569698000058
SOS,38,-103,23,65,-23.225833797547985,1.0502156339051476,38.5,-102.5,0.35384615384615387,-22.11529998956926
SOS,38,-101,22,45,-143.2314278439289,18.482179518842326,38.5,-100.5,0.4888888888888889,-7.749704394868931
SOS,38,-100,82,244,133.36933929507694,21.228908699904284,38.5,-99.5,0.3360655737704918,6.282439723134627
SOS,38,-99,67,208,174.31049741903075,38.287998333507275,38.5,-98.5,0.32211538461538464,4.552614526899544
SOS,38,-98,15,47,0.8630303431591622,0.09057348784378483,38.5,-97.5,0.3191489361702128,9.5285095418613
SOS,38,-97,160,415,-19.549021384852406,23.499031567443794,38.5,-96.5,0.3855421686746988,-0.8319075332421851
SOS,38,-96,127,456,19.894883917153372,15.300312004556616,38.5,-95.5,0.27850877192982454,1.3002926941116257
SOS,38,-95,143,822,-88.04776021904324,13.366274540988197,38.5,-94.5,0.17396593673965938,-6.5873074766675925
SOS,38,-94,33,116,-33.76664192007004,6.947957026472087,38.5,-93.5,0.28448275862068967,-4.859938222331735
SOS,38,-93,147,683,-160.33370252071575,32.93258008784021,38.5,-92.5,0.21522693997071743,-4.868543615260689
SOS,38,-92,132,644,-170.85249062243614,27.025594434902644,38.5,-91.5,0.20496894409937888,-6.321877249877838
SOS,38,-91,196,861,-85.6563874574429,16.165360231753766,38.5,-90.5,0.22764227642276422,-5.298761439858747
SOS,38,-88,10,35,-18.528313492750232,3.256099989911962,38.5,-87.5,0.2857142857142857,-5.690339224887009
SOS,38,-87,16,88,-17.02007087941016,1.4830614431512195,38.5,-86.5,0.18181818181818182,-11.476308657344495
SOS,38,-86,76,470,-31.550324760342452,7.145371187634902,38.5,-85.5,0.16170212765957448,-4.41549136242781
SOS,38,-85,9,111,-0.8159960928942354,0.049203054792104406,38.5,-84.5,0.08108108108108109,-16.5842567365386
SOS,38,-84,43,326,-7.300446544674599,9.64204940979035,38.5,-83.5,0.13190184049079753,-0.757146767704993
SOS,38,-83,136,906,-65.79493814083801,18.216487114532253,38.5,-82.5,0.15011037527593818,-3.611834582988831
SOS,38,-82,122,720,-125.57320425389977,19.731278192169587,38.5,-81.5,0.16944444444444445,-6.364169773032436
SOS,38,-81,181,1332,-77.30550517410066,9.663481312055566,38.5,-80.5,0.13588588588588588,-7.9997573004729725
SOS,38,-80,274,2059,-82.04232325073437,14.194835615913734,38.5,-79.5,0.1330743079164643,-5.779730422433161
SOS,38,-79,240,1265,-118.00965549433641,17.73572806474253,38.5,-78.5,0.18972332015810275,-6.653781286201151
SOS,38,-78,161,924,-51.53174642406971,12.537560231674565,38.5,-77.5,0.17424242424242425,-4.110189340816186
SOS,38,-77,88,581,-10.090560132952296,1.5179195538782695,38.5,-76.5,0.1514629948364888,-6.6476251044866075
SOS,38,-76,68,280,-55.09917029320576,13.309361875757785,38.5,-75.5,0.24285714285714285,-4.139880695074167
SOS,38,-29,0,40,0.0,0.0,38.5,-28.5,0.0,
SOS,38,-10,21,155,72.47298550240299,6.339806014260412,38.5,-9.5,0.13548387096774195,11.431420037046282
SOS,38,-9,13,62,32.06766316600411,1.3679772117232099,38.5,-8.5,0.20967741935483872,23.441664737681705
SOS,38,-8,135,452,2209.2489676099854,47.26067800124542,38.5,-7.5,0.29867256637168144,46.74602779824206
SOS,38,-7,220,640,988.2687415944781,74.74070991133442,38.5,-6.5,0.34375,13.222629846128974
SOS,38,-6,131,500,13.978788100922177,42.5185354408151,38.5,-5.5,0.262,0.3287692757051887
SOS,38,-5,222,685,323.4804503341941,25.192753543008205,38.5,-4.5,0.32408759124087594,12.840218112004285
SOS,38,-4,119,337,-573.097513475024,42.20630263074696,38.5,-3.5,0.35311572700296734,-13.57848183217847
SOS,38,-3,410,937,-165.2720321186762,9.548913757551997,38.5,-2.5,0.4375667022411953,-17.30794060088423
SOS,38,-2,391,860,-1305.3383696168398,152.20312246942612,38.5,-1.5,0.45465116279069767,-8.576291658399127
SOS,38,-1,369,930,3170.4963584291345,156.58654428334248,38.5,-0.5,0.3967741935483871,20.247565797812992
SOS,38,0,12,53,4.048031962951619,2.475480900006298,38.5,0.5,0.22641509433962265,1.6352507357020285
SOS,38,1,4,9,60.611135442874314,1.5019163429393951,38.5,1.5,0.4444444444444444,40.35586650868481
SOS,38,12,3,6,6.326598457226117,0.24713275223539521,38.5,12.5,0.5,25.599999999999998
SOS,38,13,46,126,-28.146109355476938,9.932022782166774,38.5,13.5,0.36507936507936506,-2.8338748281985486
SOS,38,14,14,43,18.253417552455126,1.8948307690738442,38.5,14.5,0.32558139534883723,9.633270606734467
SOS,38,15,75,581,65.1598626708272,9.329091534615259,38.5,15.5,0.12908777969018934,6.984588202297497
SOS,38,16,126,585,-194.84144236365594,17.914431159746343,38.5,16.5,0.2153846153846154,-10.876228255657033
SOS,38,20,4,18,-129.3078890767885,2.318700987147169,38.5,20.5,0.2222222222222222,-55.76738432146158
SOS,38,21,91,382,217.18546766617408,23.18767817222997,38.5,21.5,0.23821989528795812,9.366417200247318
SOS,38,22,154,659,-9.074894844728341,11.082301265587983,38.5,22.5,0.2336874051593323,-0.818863756475119
SOS,38,23,46,232,-0.719915943723703,4.654653742439775,38.5,23.5,0.19827586206896552,-0.15466584273706968
SOS,38,26,4,79,8.944913748157315,0.27928856809879,38.5,26.5,0.05063291139240506,32.02749689702057
SOS,38,27,40,140,-23.42934133997378,6.610547061514292,38.5,27.5,0.2857142857142857,-3.544236372867872
SOS,38,28,7,38,60.82941891471681,2.125794171471099,38.5,28.5,0.18421052631578946,28.614914713319322
SOS,38,29,7,23,27.978397686752064,4.230600954374761,38.5,29.5,0.30434782608695654,6.613338858589413
SOS,38,30,21,77,8.40237590555196,10.894158680066294,38.5,30.5,0.2727272727272727,0.7712735009933626
SOS,38,32,9,23,7.8400130190729325,4.615790351937265,38.5,32.5,0.391304347826087,1.698520171260042
SOS,38,34,13,41,50.943329881038224,7.9139860886459275,38.5,34.5,0.3170731707317073,6.437126539068071
SOS,38,35,57,198,147.4502246413812,27.4184676424687,38.5,35.5,0.2878787878787879,5.377770434296419
SOS,38,38,17,62,-75.50577345140273,8.919564065613196,38.5,38.5,0.27419354838709675,-8.465186515391872
SOS,38,41,0,2,0.0,0.0,38.5,41.5,0.0,
SOS,38,42,21,62,-110.85496579215247,18.325578728714667,38.5,42.5,0.3387096774193548,-6.0491931760087825
SOS,38,43,14,32,-3.868518738429973,5.990564085732249,38.5,43.5,0.4375,-0.645768692741914
SOS,38,45,408,1422,653.6167089225481,178.0266283722433,38.5,45.5,0.2869198312236287,3.6714547419045296
SOS,38,46,388,958,-153.93034034821952,141.0664137491531,38.5,46.5,0.40501043841336115,-1.091190569442995
SOS,38,47,12,26,-6.3489004692488935,5.4827312454797585,38.5,47.5,0.46153846153846156,-1.1579813390421514
SOS,38,48,934,1970,-160.53962876442256,279.00589957194234,38.5,48.5,0.47411167512690355,-0.5753986887400101
SOS,38,55,157,542,41.294308411748645,21.8118407492146,38.5,55.5,0.2896678966789668,1.8932060290801256
SOS,38,56,356,903,231.88730663777517,45.06293310101504,38.5,56.5,0.39424141749723146,5.145854712074921
SOS,38,57,90,254,115.20821336525788,49.10132757454246,38.5,57.5,0.3543307086614173,2.346336016889894
SOS,38,58,67,148,-87.8549521809827,43.27061828030572,38.5,58.5,0.4527027027027027,-2.03036045410447
SOS,38,64,33,66,17.819344364530004,6.474700966003135,38.5,64.5,0.5,2.7521493978014515
SOS,38,65,11,21,-11.630437665072995,5.832258028604063,38.5,65.5,0.5238095238095238,-1.9941569128169578
SOS,38,67,207,596,-10.702793403882369,1.3680571841420441,38.5,67.5,0.34731543624161076,-7.823352362711695
SOS,38,68,84,382,-17.119568598398715,5.191592196101837,38.5,68.5,0.2198952879581152,-3.297556501308621
SOS,38,69,88,306,-172.40230722517856,31.88312564301618,38.5,69.5,0.2875816993464052,-5.407321388608658
SOS,38,70,27,83,1.953710150549978,3.086947217630452,38.5,70.5,0.3253012048192771,0.63289392814745
SOS,38,71,235,880,-36.134626461416474,6.9141869439215,38.5,71.5,0.26704545454545453,-5.22615699495711
SOS,38,72,7,44,0.06451549569754085,0.04470271777949144,38.5,72.5,0.1590909090909091,1.4432119321196852
SOS,38,76,17,45,7.014890077267612,14.207252476928506,38.5,76.5,0.37777777777777777,0.4937541645479489
SOS,38,77,8,24,63.26000170354386,5.6562212491567845,38.5,77.5,0.3333333333333333,11.184145548227008
SOS,38,85,18,46,27.966838531092375,12.033790252381312,38.5,85.5,0.391304347826087,2.324025759511484
SOS,38,100,6,10,-1.4758014731432694,0.6687791707775381,38.5,100.5,0.6,-2.2067096847939633
SOS,38,101,12,46,-30.054900644185878,4.2922532711466275,38.5,101.5,0.2608695652173913,-7.002126562805798
SOS,38,105,46,92,69.87962756091682,18.477177588999044,38.5,105.5,0.5,3.781942735806241
SOS,38,106,113,250,1.3998992098002752,5.6662332786320455,38.5,106.5,0.452,0.24705993222683587
SOS,38,109,134,304,-23.911612475942885,32.69473066276628,38.5,109.5,0.4407894736842105,-0.7313598243882807
SOS,38,110,106,281,-41.1040393801072,42.00501021537407,38.5,110.5,0.37722419928825623,-0.9785508721305558
SOS,38,111,113,330,96.64080898694056,52.726263198663005,38.5,111.5,0.3424242424242424,1.8328780217709626
SOS,38,112,74,205,17.849749162326553,28.1225768791377,38.5,112.5,0.36097560975609755,0.6347124319026438
SOS,38,113,8,32,-0.94567963728423,1.0867477571448785,38.5,113.5,0.25,-0.8701923984354336
SOS,38,114,3,19,0.3193262848071964,0.057605943996648534,38.5,114.5,0.15789473684210525,5.543287075128472
SOS,38,117,26,83,-0.25887881707296295,1.236224886591336,38.5,117.5,0.3132530120481928,-0.2094107794470745
SOS,38,118,1,10,-0.01109442788389282,0.0024206024473948373,38.5,118.5,0.1,-4.5833333333332575
SOS,38,121,1,24,0.10352190546632643,0.006139318499268409,38.5,121.5,0.041666666666666664,16.862116777075926
SOS,38,128,78,746,20.079304543184314,9.779653174280437,38.5,128.5,0.10455764075067024,2.0531714351579446
SOS,38,138,0,19,0.0,0.0,38.5,138.5,0.0,
SOS,38,139,9,62,-0.506502590467679,0.08036428022129433,38.5,139.5,0.14516129032258066,-6.302583549220537
SOS,38,140,154,1499,-10.712269816041202,8.864713978316782,38.5,140.5,0.1027351567711808,-1.2084168583716934
SOS,38,141,2,81,-0.04217043434409168,0.030057702124405793,38.5,141.5,0.024691358024691357,-1.4029826421711318
SOS,39,-124,154,388,-122.13777410193826,36.6312825440199,39.5,-123.5,0.39690721649484534,-3.3342478237054625
SOS,39,-123,176,458,-142.14910128205923,23.11424001748433,39.5,-122.5,0.38427947598253276,-6.149849667327726
SOS,39,-122,166,583,444.153672304777,33.139551213824014,39.5,-121.5,0.2847341337907376,13.40252526170301
SOS,39,-121,94,300,-160.61041357106998,38.36104204333021,39.5,-120.5,0.31333333333333335,-4.18681049877776
SOS,39,-120,200,580,515.9717434621087,75.72207732743465,39.5,-119.5,0.3448275862068966,6.814019922234338
SOS,39,-119,226,745,-18.35381958924599,8.20810397224084,39.5,-118.5,0.30335570469798656,-2.2360608066512264
SOS,39,-118,271,978,-20.318003841533137,3.3232328447431407,39.5,-117.5,0.2770961145194274,-6.113927248183405
SOS,39,-117,85,221,-9.36212845244318,0.7816279212102575,39.5,-116.5,0.38461538461538464,-11.977730322052777
SOS,39,-115,166,425,-17.5964755473961,1.455724082523542,39.5,-114.5,0.3905882352941176,-12.087782127566422
SOS,39,-114,436,1361,-82.52687947983642,24.991832271696296,39.5,-113.5,0.3203526818515797,-3.302154023068553
SOS,39,-113,6,38,-11.215359710699794,0.3551986338893027,39.5,-112.5,0.15789473684210525,-31.57489539837321
SOS,39,-112,92,360,-173.6005132819512,18.84834256865187,39.5,-111.5,0.25555555555555554,-9.210386146667325
SOS,39,-111,142,458,19.997423061534043,3.4469697055399275,39.5,-110.5,0.31004366812227074,5.801450192438428
SOS,39,-110,366,1349,34.788179073391916,7.017433919931805,39.5,-109.5,0.2713120830244626,4.957393182511077
SOS,39,-109,128,667,290.2947278718287,21.9875057461648,39.5,-108.5,0.191904047976012,13.202712996332643
SOS,39,-108,343,1344,-77.31159377038954,16.08043570168167,39.5,-107.5,0.2552083333333333,-4.807804664291801
SOS,39,-107,906,2632,-648.0521956434718,122.32782419741422,39.5,-106.5,0.34422492401215804,-5.297667966346208
SOS,39,-106,415,1239,-92.72808762801426,105.50493019587331,39.5,-105.5,0.33494753833736884,-0.8788981468056666
SOS,39,-105,244,755,482.73924927635585,118.4484843573706,39.5,-104.5,0.32317880794701986,4.075520694886095
SOS,39,-103,22,68,-16.593618921989684,9.637921423849436,39.5,-102.5,0.3235294117647059,-1.721700996744805
SOS,39,-102,18,44,-0.06483689033602802,3.4092188790131077,39.5,-101.5,0.4090909090909091,-0.01901810726649409
SOS,39,-100,50,167,-2.300326903640994,1.009568033958218,39.5,-99.5,0.2994011976047904,-2.278525890545575
SOS,39,-99,7,25,0.4020640665532029,0.05904836681517889,39.5,-98.5,0.28,6.809063285554731
SOS,39,-98,6,21,0.3058548270192254,0.037979554281898587,39.5,-97.5,0.2857142857142857,8.053144193032267
SOS,39,-97,212,585,0.31272874430744435,4.206458904770183,39.5,-96.5,0.3623931623931624,0.07434489469344527
SOS,39,-96,62,206,-1.6133992055451094,0.9213389106982905,39.5,-95.5,0.30097087378640774,-1.7511462794101473
SOS,39,-95,92,675,-2.4778810452234348,0.2606879521869343,39.5,-94.5,0.1362962962962963,-9.505161341121719
SOS,39,-93,30,144,-0.7498125728585517,0.13597703349320434,39.5,-92.5,0.20833333333333334,-5.51425894208837
SOS,39,-92,27,120,-18.895562562045498,4.081752586703497,39.5,-91.5,0.225,-4.629276802224292
SOS,39,-91,8,24,-18.755012125423356,3.8459622032057275,39.5,-90.5,0.3333333333333333,-4.876546137086443
SOS,39,-88,6,44,-27.08174228062885,2.220805878646946,39.5,-87.5,0.13636363636363635,-12.194556282933087
SOS,39,-87,14,165,-15.242400587492874,1.0938764588216539,39.5,-86.5,0.08484848484848485,-13.934298032076036
SOS,39,-86,3,22,0.1551299303280802,0.015288439997959036,39.5,-85.5,0.13636363636363635,10.146877663698168
SOS,39,-85,77,518,-1.7145262520394338,7.44072031447449,39.5,-84.5,0.14864864864864866,-0.23042476797631445
SOS,39,-84,4,21,0.029245805890705412,0.013852203856720369,39.5,-83.5,0.19047619047619047,2.111274580796533
SOS,39,-83,73,514,-13.216837593686677,13.835348894571721,39.5,-82.5,0.14202334630350194,-0.955294853378962
SOS,39,-82,49,403,8.63917624662545,5.2811167308839755,39.5,-81.5,0.12158808933002481,1.635861634359176
SOS,39,-81,84,526,65.93635910456813,19.12021558115123,39.5,-80.5,0.1596958174904943,3.448515463893012
SOS,39,-80,129,774,-9.16224297706697,18.31556943314069,39.5,-79.5,0.16666666666666666,-0.5002434136985421
SOS,39,-79,119,658,-20.420778201826362,16.804687566117682,39.5,-78.5,0.18085106382978725,-1.215183449348954
SOS,39,-78,121,649,-34.415465378543594,6.760706227719762,39.5,-77.5,0.1864406779661017,-5.090513360488254
SOS,39,-77,117,893,-24.876046708105946,2.9692555736659108,39.5,-76.5,0.13101903695408734,-8.37787320455996
SOS,39,-76,130,673,-114.84588576063808,11.582258610691678,39.5,-75.5,0.19316493313521546,-9.915672721607416
SOS,39,-75,399,1390,-2.066838546065765,99.3662939007171,39.5,-74.5,0.2870503597122302,-0.020800197581393835
SOS,39,-10,16,58,-150.7281783938915,5.896883702723321,39.5,-9.5,0.27586206896551724,-25.560649657086106
SOS,39,-9,113,455,104.97644947858025,61.966714033179514,39.5,-8.5,0.24835164835164836,1.6940780403874822
SOS,39,-8,150,578,154.2110846538384,15.591740504792991,39.5,-7.5,0.25951557093425603,9.89056254537029
SOS,39,-7,366,1141,1233.6290433041688,43.8324583849811,39.5,-6.5,0.32077125328659073,28.144190144873633
SOS,39,-6,451,1349,549.7063184526608,49.19571067944653,39.5,-5.5,0.33432171979243885,11.173866803845614
SOS,39,-5,129,395,75.10140352578067,9.744460914466382,39.5,-4.5,0.3265822784810127,7.707086537161539
SOS,39,-4,173,651,965.4841609943969,106.9667091899067,39.5,-3.5,0.26574500768049153,9.026024716533948
SOS,39,-3,90,253,41.653683150206476,55.40922698786929,39.5,-2.5,0.3557312252964427,0.7517463320563142
SOS,39,-2,211,585,1117.8201660925588,105.6069468591207,39.5,-1.5,0.3606837606837607,10.584721927277446
SOS,39,-1,402,1320,3328.186201540117,79.64655387362158,39.5,-0.5,0.30454545454545456,41.7869454442572
SOS,39,2,1,16,-15.002580644821169,0.2117299687777181,39.5,2.5,0.0625,-70.85714285714286
SOS,39,3,2,3,-0.00023839689406646158,0.00011919844703323079,39.5,3.5,0.6666666666666666,-2.0
SOS,39,8,8,124,12.814662498902292,2.369108921147302,39.5,8.5,0.06451612903225806,5.409064304521913
SOS,39,9,6,34,-11.035910329414627,0.492484231175371,39.5,9.5,0.17647058823529413,-22.40865723370704
SOS,39,15,13,47,-2.840408296759019,1.1109200850719323,39.5,15.5,0.2765957446808511,-2.5568070421331
SOS,39,16,306,808,-72.35049811009846,23.268523316837328,39.5,16.5,0.3787128712871287,-3.109372138701425
SOS,39,18,0,59,0.0,0.0,39.5,18.5,0.0,
SOS,39,20,75,253,-37.70106875857576,7.998342475785016,39.5,20.5,0.2964426877470356,-4.713610210204896
SOS,39,21,263,1279,-15.32156988470743,61.09977257771973,39.5,21.5,0.20562939796716184,-0.2507631246125865
SOS,39,22,68,353,76.80122197877645,9.371558527456276,39.5,22.5,0.19263456090651557,8.195138701184916
SOS,39,26,7,33,-20.962186136292996,0.6490008532049909,39.5,26.5,0.21212121212121213,-32.299165760375296
SOS,39,27,17,81,5.7410493622465,4.961739379313649,39.5,27.5,0.20987654320987653,1.1570638688081702
SOS,39,29,14,39,17.60019275366723,3.4606954456559613,39.5,29.5,0.358974358974359,5.085738699069829
SOS,39,30,51,159,113.5508859456397,13.301390248332337,39.5,30.5,0.32075471698113206,8.53676824945995
SOS,39,32,54,147,-16.60630797109282,18.43548305265888,39.5,32.5,0.3673469387755102,-0.9007796499640813
SOS,39,33,47,127,94.13598653592948,23.939763134566746,39.5,33.5,0.3700787401574803,3.9322020859933255
SOS,39,34,6,19,-4.66241848256701,3.394500771166622,39.5,34.5,0.3157894736842105,-1.3735211145539468
SOS,39,36,15,42,0.22632565752595113,0.11488212458663216,39.5,36.5,0.35714285714285715,1.9700685231955284
SOS,39,41,13,42,-6.588089666418378,10.320229097963402,39.5,41.5,0.30952380952380953,-0.6383666102643472
SOS,39,44,100,344,193.8789740798941,28.301272580922845,39.5,44.5,0.29069767441860467,6.850539088852948
SOS,39,45,1073,3095,682.5730394865219,179.83043507179042,39.5,45.5,0.34668820678513734,3.795648045971922
SOS,39,46,705,1611,406.02835601765963,126.3270194148454,39.5,46.5,0.4376163873370577,3.214105405940932
SOS,39,47,93,234,105.85317819107155,32.82118704924965,39.5,47.5,0.3974358974358974,3.2251477690990926
SOS,39,48,75,228,73.76540284752166,44.028319805718084,39.5,48.5,0.32894736842105265,1.6754080821849016
SOS,39,49,10,40,-170.03402935399654,9.096724655851641,39.5,49.5,0.25,-18.69178586653372
SOS,39,52,2,7,-23.3491486492833,0.31481998178808945,39.5,52.5,0.2857142857142857,-74.16666666666667
SOS,39,54,232,558,3.9730154474018713,12.29614798606234,39.5,54.5,0.4157706093189964,0.32311057510899155
SOS,39,55,15,31,57.117236423380575,8.787234347198389,39.5,55.5,0.4838709677419355,6.5000242586669055
SOS,39,62,20,53,-0.2782885103593107,3.113545269157688,39.5,62.5,0.37735849056603776,-0.08937994674944826
SOS,39,64,224,453,-60.86561154215426,14.021580613986492,39.5,64.5,0.49448123620309054,-4.340852377330482
SOS,39,65,1502,3020,750.2995739624265,209.00803733674115,39.5,65.5,0.49735099337748345,3.589812064277648
SOS,39,66,6,13,-16.315218117325312,1.9112836624756033,39.5,66.5,0.46153846153846156,-8.536262009477397
SOS,39,67,28,85,-28.968644360987042,3.127753888851883,39.5,67.5,0.32941176470588235,-9.261804282056437
SOS,39,68,212,907,-28.25365167515756,6.777761879124745,39.5,68.5,0.23373759647188533,-4.168581336883162
SOS,39,69,23,81,33.018694865713755,12.927025458611611,39.5,69.5,0.2839506172839506,2.55423762964106
SOS,39,70,57,154,-3.9003831926380186,1.0356960080755746,39.5,70.5,0.37012987012987014,-3.7659536796760618
SOS,39,72,35,102,-0.7956847735436658,0.30695563555281646,39.5,72.5,0.3431372549019608,-2.592181675083649
SOS,39,75,2,10,-1.6371224733849434,1.3278057997989756,39.5,75.5,0.2,-1.2329532478565743
SOS,39,76,18,73,-41.10547657918045,12.678013419729481,39.5,76.5,0.2465753424657534,-3.2422647948307297
SOS,39,78,24,64,2.682243029698586,17.2050642653802,39.5,78.5,0.375,0.15589846037923608
SOS,39,79,23,78,-23.04926270288191,5.307927245009257,39.5,79.5,0.2948717948717949,-4.342422501090954
SOS,39,88,3,24,15.881736943492868,2.0737992762028856,39.5,88.5,0.125,7.65828068595541
SOS,39,106,256,514,364.44421556768134,68.65384947261153,39.5,106.5,0.4980544747081712,5.308430894513369
SOS,39,107,11,23,16.8042630992785,2.8471374152256654,39.5,107.5,0.4782608695652174,5.902160889535635
SOS,39,109,30,106,-157.78443463671167,16.373494804412836,39.5,109.5,0.2830188679245283,-9.636576462233771
SOS,39,110,187,479,178.23268810720148,109.31888529042101,39.5,110.5,0.3903966597077244,1.6303924764115665
SOS,39,111,151,389,99.25353151507134,39.58534900910768,39.5,111.5,0.38817480719794345,2.5073299591784672
SOS,39,112,88,261,94.48223481206827,19.054342028810982,39.5,112.5,0.3371647509578544,4.958567169058217
SOS,39,113,98,289,17.225571012124803,21.731825245938236,39.5,113.5,0.3391003460207612,0.7926426251446289
SOS,39,114,28,83,0.7302340659753331,1.5669037892499245,39.5,114.5,0.3373493975903614,0.4660363137706723
SOS,39,115,6,48,-0.19058608820433903,0.03445766242680459,39.5,115.5,0.125,-5.531021978324398
SOS,39,116,9,92,-0.33232212174310816,0.06537778605361211,39.5,116.5,0.09782608695652174,-5.083104549771573
SOS,39,118,2,11,0.01766155567431959,0.004275111812240606,39.5,118.5,0.18181818181818182,4.131250000000136
SOS,39,121,2,24,0.2144308304553142,0.01911049692400546,39.5,121.5,0.08333333333333333,11.220578476217383
SOS,39,140,37,368,3.2882734381499104,2.842542222032322,39.5,140.5,0.10054347826086957,1.1568072455222513
SOS,39,141,16,296,-5.096560579290937,3.649180426959907,39.5,141.5,0.05405405405405406,-1.396631567361778
SOS,40,-125,57,198,-119.97527998696945,12.154662297138824,40.5,-124.5,0.2878787878787879,-9.87072096731238
SOS,40,-124,330,866,-383.1407519314777,25.89852714020665,40.5,-123.5,0.3810623556581986,-14.793920513598001
SOS,40,-123,392,1208,335.5554415158041,56.98984142294439,40.5,-122.5,0.32450331125827814,5.887986931311373
SOS,40,-122,317,961,359.52898012689,34.182081815424155,40.5,-121.5,0.3298647242455775,10.51805393446393
SOS,40,-121,210,703,45.27258891065547,10.220098895854678,40.5,-120.5,0.29871977240398295,4.429760354767042
SOS,40,-120,523,1650,-172.91887294228212,53.100505088968085,40.5,-119.5,0.31696969696969696,-3.2564449745357873
SOS,40,-119,60,160,-183.81505555293708,24.734115641252398,40.5,-118.5,0.375,-7.431640500878232
SOS,40,-118,56,211,-6.599864114393218,0.6261673217041028,40.5,-117.5,0.26540284360189575,-10.540096689223272
SOS,40,-117,19,58,-138.23856990039124,18.314632647573795,40.5,-116.5,0.3275862068965517,-7.5479848578182756
SOS,40,-116,237,634,-7.2519322623557185,1.3437207502292685,40.5,-115.5,0.37381703470031546,-5.396904275771866
SOS,40,-115,187,663,-41.566252643884695,2.5884712586368424,40.5,-114.5,0.28205128205128205,-16.058224523526132
SOS,40,-114,13,42,-2.9718434134868312,0.17118551876642327,40.5,-113.5,0.30952380952380953,-17.360366898451318
SOS,40,-113,93,294,-71.29138181965784,24.33746469528081,40.5,-112.5,0.3163265306122449,-2.9292854745663663
SOS,40,-112,236,948,-924.5637664970634,122.5732918193354,40.5,-111.5,0.2489451476793249,-7.542946369261314
SOS,40,-111,644,1966,-5.540513228129977,0.5764524975693648,40.5,-110.5,0.3275686673448627,-9.611395997921381
SOS,40,-110,150,499,-16.531978659653866,1.2267641469455188,40.5,-109.5,0.30060120240480964,-13.476085603590809
SOS,40,-109,255,1000,-9.874645849392309,1.1852256694200076,40.5,-108.5,0.255,-8.331447845054255
SOS,40,-108,101,354,-0.6928631397880413,0.0644512440102191,40.5,-107.5,0.2853107344632768,-10.750190324925056
SOS,40,-107,277,1048,-108.10852765409932,25.733460382709303,40.5,-106.5,0.2643129770992366,-4.201087846185624
SOS,40,-106,608,2191,-13.815005178578266,12.231479806001936,40.5,-105.5,0.2774988589685075,-1.1294631064835918
SOS,40,-105,54,182,-3.212451378048958,6.18430622583259,40.5,-104.5,0.2967032967032967,-0.5194521844067428
SOS,40,-104,7,21,-34.89301793824378,2.5369710541732235,40.5,-103.5,0.3333333333333333,-13.75381003297064
SOS,40,-101,9,21,5.685254173017544,1.6906455814067964,40.5,-100.5,0.42857142857142855,3.362771142303409
SOS,40,-97,1,2,-0.05899559343122407,0.014748898357806017,40.5,-96.5,0.5,-4.0
SOS,40,-94,19,109,27.93834434306328,3.1613648959097134,40.5,-93.5,0.1743119266055046,8.837431066312815
SOS,40,-93,26,136,-24.220808869773148,10.671680819867984,40.5,-92.5,0.19117647058823528,-2.2696339291445167
SOS,40,-92,13,50,-28.558268784982015,4.642479146605803,40.5,-91.5,0.26,-6.151512561098193
SOS,40,-91,16,73,-86.57782730419463,10.675165518634014,40.5,-90.5,0.2191780821917808,-8.110209359570948
SOS,40,-90,17,67,-114.27350576253394,12.36948638636306,40.5,-89.5,0.2537313432835821,-9.238338779249283
SOS,40,-84,0,3,0.0,0.0,40.5,-83.5,0.0,
SOS,40,-83,25,212,-16.1910572708549,2.099423603854479,40.5,-82.5,0.1179245283018868,-7.71214405760162
SOS,40,-82,110,653,-24.51336956485615,12.472699949385541,40.5,-81.5,0.16845329249617153,-1.9653619235876658
SOS,40,-81,305,1928,8.781035057946427,15.740764869040444,40.5,-80.5,0.15819502074688796,0.5578531368076854
SOS,40,-80,222,1537,76.02074195469592,11.73886014956779,40.5,-79.5,0.14443721535458687,6.475990086439092
SOS,40,-79,80,707,-49.998785470822156,13.242608783886684,40.5,-78.5,0.11315417256011315,-3.775599376737579
SOS,40,-78,44,221,-1.5023965125092955,3.5964764643978127,40.5,-77.5,0.19909502262443438,-0.41774123294891463
SOS,40,-77,171,910,-156.72007502025446,21.72774137876129,40.5,-76.5,0.1879120879120879,-7.212902265738822
SOS,40,-76,204,1270,-65.39742801425612,8.028323246993521,40.5,-75.5,0.16062992125984252,-8.14583892579891
SOS,40,-75,312,1581,-75.03758584164225,16.502407217589692,40.5,-74.5,0.19734345351043645,-4.547069094359804
SOS,40,-74,2,22,-0.008803712346212994,0.012300651018479325,40.5,-73.5,0.09090909090909091,-0.7157110898428982
SOS,40,-73,12,241,-1.4287360499831105,0.5274886075185599,40.5,-72.5,0.04979253112033195,-2.7085628573178995
SOS,40,-9,228,587,432.9365457911173,75.60963780182723,40.5,-8.5,0.38841567291311757,5.725943919025818
SOS,40,-8,396,1028,821.1024048392567,39.82934551036485,40.5,-7.5,0.3852140077821012,20.61551336879437
SOS,40,-7,297,845,1111.8469034707894,33.012468824990435,40.5,-6.5,0.3514792899408284,33.6796047991758
SOS,40,-6,500,1166,4.494955900472787,6.676577450664009,40.5,-5.5,0.4288164665523156,0.6732425308757181
SOS,40,-5,847,2590,129.2536237550823,65.75832114176202,40.5,-4.5,0.327027027027027,1.9655858226130327
SOS,40,-4,329,1285,1255.3224230959115,137.4941868366047,40.5,-3.5,0.25603112840466924,9.130003616718072
SOS,40,-3,179,379,-235.6988188479313,16.8274294387665,40.5,-2.5,0.47229551451187335,-14.006822593172538
SOS,40,-2,282,621,-275.22407223537886,50.55689940017357,40.5,-1.5,0.45410628019323673,-5.443847931751011
SOS,40,-1,565,1314,-678.8158476157737,123.47577166667422,40.5,-0.5,0.4299847792998478,-5.497563112610085
SOS,40,0,315,887,1035.043159241101,74.35545211636747,40.5,0.5,0.3551296505073281,13.920205308162767
SOS,40,8,9,44,-16.728154050879418,0.9879588505677472,40.5,8.5,0.20454545454545456,-16.932035217120937
SOS,40,9,24,139,1.3863481127470187,14.70405922536684,40.5,9.5,0.17266187050359713,0.0942833602271778
SOS,40,14,175,645,-25.70390282827087,15.565711652106717,40.5,14.5,0.2713178294573643,-1.6513156226167156
SOS,40,15,290,908,15.103347976368918,33.15584171330348,40.5,15.5,0.31938325991189426,0.45552600072610544
SOS,40,16,75,336,131.87854679863509,33.31674163779059,40.5,16.5,0.22321428571428573,3.958326664485328
SOS,40,17,31,295,-7.791256829185054,3.214342174553968,40.5,17.5,0.10508474576271186,-2.4239039921959127
SOS,40,18,29,423,-44.632139151277094,2.004174129046917,40.5,18.5,0.06855791962174941,-22.269591501264344
SOS,40,19,10,73,-75.89282682103685,2.8639080084991564,40.5,19.5,0.136986301369863,-26.49974321654585
SOS,40,20,363,1102,-215.09512350818463,34.3928381740479,40.5,20.5,0.3294010889292196,-6.254067268879566
SOS,40,21,214,747,-102.04263136402312,43.34738562211684,40.5,21.5,0.28647925033467203,-2.3540665694024834
SOS,40,22,129,439,-64.7721712670506,11.891110658118478,40.5,22.5,0.2938496583143508,-5.447108611576864
SOS,40,23,215,1410,-177.45298447170651,95.86985884654443,40.5,23.5,0.1524822695035461,-1.8509778423242427
SOS,40,26,0,2,0.0,0.0,40.5,26.5,0.0,
SOS,40,27,2,7,-0.00394604153390928,0.00023441830894510574,40.5,27.5,0.2857142857142857,-16.833333333333332
SOS,40,28,12,28,8.291388573954706,1.6012747968082992,40.5,28.5,0.42857142857142855,5.177992303682858
SOS,40,29,97,266,70.4825209979288,20.32557847070608,40.5,29.5,0.36466165413533835,3.4676760171677588
SOS,40,30,31,85,5.966272279044152,1.481342837176066,40.5,30.5,0.36470588235294116,4.027610711925309
SOS,40,31,8,26,7.0157315035044885,1.8515428009298598,40.5,31.5,0.3076923076923077,3.789127369878315
SOS,40,32,43,101,69.38012335962888,9.450846168905173,40.5,32.5,0.42574257425742573,7.341154656384189
SOS,40,33,14,45,39.43235236711463,5.4515770597435464,40.5,33.5,0.3111111111111111,7.233200949922849
SOS,40,36,5,23,12.071476782806968,1.0639188707465945,40.5,36.5,0.21739130434782608,11.346238058862449
SOS,40,39,33,68,-17.03215603600112,5.649691894665248,40.5,39.5,0.4852941176470588,-3.0147052889882056
SOS,40,43,55,241,-38.75073787200795,12.392858470406432,40.5,43.5,0.22821576763485477,-3.1268603578861898
SOS,40,44,645,1829,32.218498659329526,40.227398045840644,40.5,44.5,0.35265172225259706,0.8009093360354882
SOS,40,45,997,2894,-267.55365559951105,68.14548170576245,40.5,45.5,0.3445058742225294,-3.926212698220408
SOS,40,46,535,1208,-1386.0238200476133,150.73051789974588,40.5,46.5,0.44288079470198677,-9.195376220822698
SOS,40,47,334,1009,325.4334785594994,144.94428590719522,40.5,47.5,0.33102081268582756,2.2452315144583737
SOS,40,48,351,969,164.12787917669118,23.756291444070197,40.5,48.5,0.3622291021671827,6.908817378465826
SOS,40,49,100,356,11.881669808634614,7.76750103258284,40.5,49.5,0.2808988764044944,1.5296644002741426
SOS,40,50,7,158,35.92737766896914,0.7031067635705908,40.5,50.5,0.04430379746835443,51.098040198787096
SOS,40,52,17,132,-564.6617646772612,8.784433383813852,40.5,52.5,0.12878787878787878,-64.27981635306197
SOS,40,53,48,279,-167.7246699787858,6.516025067466537,40.5,53.5,0.17204301075268819,-25.740335287567884
SOS,40,55,1,3,-0.0714485557908567,0.047632370527237795,40.5,55.5,0.3333333333333333,-1.5
SOS,40,56,5,33,-2.2486443911478586,0.2479839495865543,40.5,56.5,0.15151515151515152,-9.067701336706916
SOS,40,57,21,126,-267.8669182806064,5.71210492105971,40.5,57.5,0.16666666666666666,-46.89460750152182
SOS,40,59,72,318,61.54153448068246,9.216157742593053,40.5,59.5,0.22641509433962265,6.677569568526848
SOS,40,62,15,33,-12.626428074806286,5.049787877908309,40.5,62.5,0.45454545454545453,-2.500387814316732
SOS,40,63,181,315,-170.04665267450255,90.4001074431,40.5,63.5,0.5746031746031746,-1.8810448071816066
SOS,40,64,13,23,5.152258902599341,2.2767061870048955,40.5,64.5,0.5652173913043478,2.2630319766369844
SOS,40,65,101,192,29.99450286318477,11.686936337622924,40.5,65.5,0.5260416666666666,2.5664983530906724
SOS,40,66,156,340,-7.111245493509159,4.61962262665401,40.5,66.5,0.4588235294117647,-1.5393563648422577
SOS,40,67,60,145,-24.52690446048476,27.49767196413863,40.5,67.5,0.41379310344827586,-0.8919629448075377
SOS,40,69,60,172,189.24627563568848,25.703425607591615,40.5,69.5,0.3488372093023256,7.362686924492811
SOS,40,70,69,266,123.98885403661792,23.304642633437833,40.5,70.5,0.2593984962406015,5.320349940003669
SOS,40,71,16,52,29.29132309442162,4.215872240002661,40.5,71.5,0.3076923076923077,6.947867825900514
SOS,40,72,60,282,-7.597707666336383,23.886688752250965,40.5,72.5,0.2127659574468085,-0.31807287084194175
SOS,40,73,17,71,-16.13562875875629,5.617730399161032,40.5,73.5,0.23943661971830985,-2.8722682671219024
SOS,40,75,8,55,-0.0018242175229039915,0.0005504681371619034,40.5,75.5,0.14545454545454545,-3.313938445755042
SOS,40,97,9,23,-5.022181047057255,1.998696964474929,40.5,97.5,0.391304347826087,-2.5127276101990854
SOS,40,106,9,24,-4.306691424257778,2.007382383510725,40.5,106.5,0.375,-2.145426531404433
SOS,40,107,26,65,-12.993181985100657,5.073422276058795,40.5,107.5,0.4,-2.561029080195981
SOS,40,108,44,100,14.71772840626831,8.386326558314957,40.5,108.5,0.44,1.7549672438734016
SOS,40,109,154,414,200.45641605379856,66.72578730068933,40.5,109.5,0.3719806763285024,3.0041821035467597
SOS,40,110,104,278,69.16218217441023,25.865925375761066,40.5,110.5,0.37410071942446044,2.673872330862829
SOS,40,111,190,504,29.07370946875945,90.64722333357358,40.5,111.5,0.376984126984127,0.32073469434105917
SOS,40,113,201,523,567.2435687529361,70.63456136696698,40.5,113.5,0.384321223709369,8.030680134133512
SOS,40,114,82,258,41.94946612442318,8.405584835081687,40.5,114.5,0.3178294573643411,4.9906659616761235
SOS,40,115,81,281,61.7692082849431,15.358303125276947,40.5,115.5,0.28825622775800713,4.021877142357108
SOS,40,116,28,235,-1.880882669635517,1.3559356176260828,40.5,116.5,0.11914893617021277,-1.3871474760199087
SOS,40,117,40,276,-7.6813016584322185,4.122106461709012,40.5,117.5,0.14492753623188406,-1.8634408717448738
SOS,40,118,3,27,0.37521635373612905,0.11615173598228468,40.5,118.5,0.1111111111111111,3.230398156023743
SOS,40,120,4,26,0.6934939069822881,0.09058661036638793,40.5,120.5,0.15384615384615385,7.65558954217817
SOS,40,122,1,19,-0.21818237887295056,0.010501753699967087,40.5,122.5,0.05263157894736842,-20.775804223406453
SOS,40,123,0,2,0.0,0.0,40.5,123.5,0.0,
SOS,40,124,5,38,-0.17894799171850545,0.4462369887505323,40.5,124.5,0.13157894736842105,-0.4010155953668509
SOS,40,140,38,538,-42.67896764466375,10.691991088587955,40.5,140.5,0.07063197026022305,-3.9916763202521692
SOS,40,141,8,140,-0.1791408503795735,0.5191035976333259,40.5,141.5,0.05714285714285714,-0.3450965302423341
SOS,41,-125,11,21,-26.799122767022737,1.2543788114658565,41.5,-124.5,0.5238095238095238,-21.36445746855809
SOS,41,-124,859,2258,-422.0565156165137,38.891999632076576,41.5,-123.5,0.3804251550044287,-10.852013771706874
SOS,41,-123,281,822,37.81256371946705,13.858053447003007,41.5,-122.5,0.3418491484184915,2.728562410591982
SOS,41,-122,169,467,-70.34670263045238,53.10903190307842,41.5,-121.5,0.3618843683083512,-1.3245713602694158
SOS,41,-121,153,386,-14.731341470855337,1.3418829513768584,41.5,-120.5,0.3963730569948187,-10.978112104144428
SOS,41,-120,1282,4019,-446.6282145102614,41.90863567212084,41.5,-119.5,0.3189848220950485,-10.657188127156687
SOS,41,-119,370,1096,-376.1619696076083,36.58555356829398,41.5,-118.5,0.3375912408759124,-10.281707748536032
SOS,41,-118,105,342,-3.660970378967063,0.6444089935419122,41.5,-117.5,0.30701754385964913,-5.681128624299615
SOS,41,-117,47,236,-3.7393813444426516,0.24756253180661,41.5,-116.5,0.19915254237288135,-15.104795209332273
SOS,41,-116,176,504,-2.59186047329403,0.24805821290931823,41.5,-115.5,0.3492063492063492,-10.448597701707731
SOS,41,-115,3,21,-0.14315994310089455,0.007049891435205631,41.5,-114.5,0.14285714285714285,-20.306687615923387
SOS,41,-114,8,38,-5.375769281149616,2.039768740612498,41.5,-113.5,0.21052631578947367,-2.6354797846031257
SOS,41,-113,78,251,-147.67426497166335,19.27091809123477,41.5,-112.5,0.3107569721115538,-7.663063289072453
SOS,41,-112,132,623,-195.43354935490999,22.025363692164024,41.5,-111.5,0.21187800963081863,-8.873113383568757
SOS,41,-111,13,44,-0.5698243304051058,0.03562071149751033,41.5,-110.5,0.29545454545454547,-15.996994626144204
SOS,41,-110,43,236,-59.300265317933416,5.310126934382491,41.5,-109.5,0.18220338983050846,-11.167391297931259
SOS,41,-109,98,360,-70.44947918891634,7.819206419250202,41.5,-108.5,0.2722222222222222,-9.009799129420076
SOS,41,-108,55,293,-5.937725999630434,1.9279503905676925,41.5,-107.5,0.18771331058020477,-3.079812649059942
SOS,41,-107,132,439,-1.433442789375782,0.2312093928886962,41.5,-106.5,0.30068337129840544,-6.19976018909335
SOS,41,-106,121,348,-12.87087215204864,18.96477288526416,41.5,-105.5,0.34770114942528735,-0.6786726226523625
SOS,41,-105,71,169,35.11773700026249,27.501110298769643,41.5,-104.5,0.42011834319526625,1.276957061687564
SOS,41,-104,22,65,-1.0003763551746672,3.495420442780786,41.5,-103.5,0.3384615384615385,-0.2861962878430775
SOS,41,-103,79,218,15.398208069815906,20.618831124769645,41.5,-102.5,0.3623853211009174,0.7468031517711912
SOS,41,-102,15,44,2.2552896497319153,2.462480512438983,41.5,-101.5,0.3409090909090909,0.9158609127420652
SOS,41,-101,11,28,-5.077389194883683,0.8077006384405715,41.5,-100.5,0.39285714285714285,-6.286226546368223
SOS,41,-100,13,40,0.14915821339146573,0.7791259182331748,41.5,-99.5,0.325,0.19144301312644313
SOS,41,-96,2,3,-0.5738722398160124,0.04990193389704456,41.5,-95.5,0.6666666666666666,-11.5
SOS,41,-94,6,23,-10.785598109182407,2.09908056811204,41.5,-93.5,0.2608695652173913,-5.138248751872929
SOS,41,-93,4,19,0.4137484197980955,0.07432489041717139,41.5,-92.5,0.21052631578947367,5.56675452161187
SOS,41,-92,6,20,-7.448034684692196,2.141879685540937,41.5,-91.5,0.3,-3.4773356948904324
SOS,41,-89,0,2,0.0,0.0,41.5,-88.5,0.0,
SOS,41,-88,13,60,2.44581343461654,4.968306639882833,41.5,-87.5,0.21666666666666667,0.4922831080881552
SOS,41,-87,10,57,21.355667944110614,3.7063663634038724,41.5,-86.5,0.17543859649122806,5.761888019212942
SOS,41,-86,4,17,-0.8891080720280322,0.07486388546499789,41.5,-85.5,0.23529411764705882,-11.876328172196308
SOS,41,-84,16,53,-10.132676883292243,2.121553500433418,41.5,-83.5,0.3018867924528302,-4.776064747470291
SOS,41,-83,7,84,0.6698102440634516,0.1547204350676581,41.5,-82.5,0.08333333333333333,4.329164688365493
SOS,41,-82,220,1126,-10.79993400920576,14.165729836676354,41.5,-81.5,0.19538188277087035,-0.7623986998003982
SOS,41,-81,147,950,-13.008565559806762,15.03586464902882,41.5,-80.5,0.15473684210526314,-0.8651691049005948
SOS,41,-80,43,256,-23.00626221373115,9.133549239041663,41.5,-79.5,0.16796875,-2.5188742745689825
SOS,41,-79,51,454,-8.060266371880369,12.590271771877504,41.5,-78.5,0.11233480176211454,-0.6401979653754841
SOS,41,-78,80,473,-11.052316214573,7.264258635205545,41.5,-77.5,0.16913319238900634,-1.521465130799307
SOS,41,-77,47,268,-10.604541705920802,3.5075925580678926,41.5,-76.5,0.17537313432835822,-3.023310584215107
SOS,41,-76,106,593,-31.241652370567,20.454578213890002,41.5,-75.5,0.178752107925801,-1.5273672252675377
SOS,41,-75,204,1490,-154.3243532256998,38.220329765462594,41.5,-74.5,0.13691275167785236,-4.037755670155243
SOS,41,-74,199,1518,-60.70796060311689,25.431464889129824,41.5,-73.5,0.1310935441370224,-2.3871200840288718
SOS,41,-73,89,1136,-23.20903914757053,8.029880921670479,41.5,-72.5,0.07834507042253522,-2.8903341623579504
SOS,41,-72,87,1107,-26.319175220947738,9.186585615675309,41.5,-71.5,0.07859078590785908,-2.8649572672613695
SOS,41,-71,32,440,-7.735530639728716,2.120293583772602,41.5,-70.5,0.07272727272727272,-3.6483299760616257
SOS,41,-9,610,1395,-125.00842093071809,61.288830564355884,41.5,-8.5,0.43727598566308246,-2.039660730668599
SOS,41,-8,259,649,154.12961721317745,26.097927795884825,41.5,-7.5,0.39907550077041604,5.905818209730848
SOS,41,-7,672,2054,3416.436924698205,83.21128878089246,41.5,-6.5,0.32716650438169426,41.05737304098468
SOS,41,-6,65,222,185.36081847389823,19.15081662753034,41.5,-5.5,0.2927927927927928,9.679003359440662
SOS,41,-5,63,227,160.70864562064435,32.47167024518612,41.5,-4.5,0.2775330396475771,4.949195542057748
SOS,41,-4,262,620,115.66173867877633,19.44806418350792,41.5,-3.5,0.42258064516129035,5.947210868259999
SOS,41,-3,360,687,-83.55396559808449,26.91364972186498,41.5,-2.5,0.5240174672489083,-3.1045200655266094
SOS,41,-2,251,665,2169.4259940284505,106.91973195314243,41.5,-1.5,0.3774436090225564,20.290230384969554
SOS,41,-1,328,842,2263.947215273716,195.3544730167793,41.5,-0.5,0.38954869358669836,11.588919262059907
SOS,41,0,307,972,1359.658712588934,127.78097203423623,41.5,0.5,0.31584362139917693,10.640541318034753
SOS,41,1,358,1361,462.00111377193116,66.6307248709709,41.5,1.5,0.2630418809698751,6.933754880598813
SOS,41,2,264,981,109.26818085770203,40.43000308403128,41.5,2.5,0.2691131498470948,2.7026508167856145
SOS,41,3,1,21,-37.154119419306106,0.6932886436366235,41.5,3.5,0.047619047619047616,-53.591126524755055
SOS,41,8,0,21,0.0,0.0,41.5,8.5,0.0,
SOS,41,9,2,18,-4.403882558414427,0.5717261792314716,41.5,9.5,0.1111111111111111,-7.702782762780313
SOS,41,12,49,376,151.3640010715329,9.824061185255891,41.5,12.5,0.13031914893617022,15.407477439035338
SOS,41,13,357,1960,2.054605525686111,22.21793668345843,41.5,13.5,0.18214285714285713,0.09247508240564005
SOS,41,14,222,843,-120.31010570490771,51.89200851211079,41.5,14.5,0.26334519572953735,-2.318470784896083
SOS,41,15,13,72,-51.15270074565372,5.010105031962274,41.5,15.5,0.18055555555555555,-10.20990586411301
SOS,41,16,36,154,85.02849106290972,5.3788288202708605,41.5,16.5,0.23376623376623376,15.807993506405724
SOS,41,19,83,335,-46.20439148967382,7.658197167832285,41.5,19.5,0.24776119402985075,-6.033324877524973
SOS,41,20,1014,2767,-326.1659817875622,74.05116353612915,41.5,20.5,0.3664618720636068,-4.404603063778027
SOS,41,21,478,1968,-21.993072795003137,18.93295238194381,41.5,21.5,0.24288617886178862,-1.1616293302452785
SOS,41,22,261,901,-316.96608890102146,49.973930679358496,41.5,22.5,0.28967813540510545,-6.342628738466291
SOS,41,23,374,1432,-231.19905220136124,56.99564807240639,41.5,23.5,0.2611731843575419,-4.056433429928712
SOS,41,24,20,130,-8.673337261544411,0.7521480370994551,41.5,24.5,0.15384615384615385,-11.531423115842756
SOS,41,25,5,46,-0.035244019647691985,0.0023804430430567347,41.5,25.5,0.10869565217391304,-14.8056555062267
SOS,41,26,55,367,-75.3196976576645,19.358491241809936,41.5,26.5,0.14986376021798364,-3.890783466378366
SOS,41,27,6,24,-5.234294336213421,0.33842752256722775,41.5,27.5,0.25,-15.466514946855842
SOS,41,28,33,106,-12.90918534403824,3.5105917018510904,41.5,28.5,0.3113207547169811,-3.677210692781901
SOS,41,29,29,116,-14.401006750053734,2.164620343995616,41.5,29.5,0.25,-6.6529018772277135
SOS,41,30,7,23,1.0629001660874007,0.5805017677461863,41.5,30.5,0.30434782608695654,1.8310024622562977
SOS,41,31,28,66,4.010640843479395,3.177375479644999,41.5,31.5,0.42424242424242425,1.262249573326315
SOS,41,32,20,82,-62.37735518882724,8.483454846721525,41.5,32.5,0.24390243902439024,-7.3528245645031385
SOS,41,33,7,20,7.79567447258688,5.768165041090531,41.5,33.5,0.35,1.3514998993706027
SOS,41,34,40,102,23.751324435159898,12.568977039837062,41.5,34.5,0.39215686274509803,1.8896784010250525
SOS,41,35,11,43,28.468686604914517,3.1185466069278274,41.5,35.5,0.2558139534883721,9.128831533789345
SOS,41,36,10,28,-2.56914964008271,0.49391416287638856,41.5,36.5,0.35714285714285715,-5.201611602147332
SOS,41,41,111,310,-98.90250713766599,14.799129856719322,41.5,41.5,0.3580645161290323,-6.682994750043416
SOS,41,42,273,769,-1.3665033091969985,3.230176890471954,41.5,42.5,0.3550065019505852,-0.42304287211879027
SOS,41,43,420,1407,-33.073691006305445,5.972969239984599,41.5,43.5,0.29850746268656714,-5.5372277467798785
SOS,41,44,272,821,-154.1492422167645,62.19240377223379,41.5,44.5,0.3313032886723508,-2.478586336384468
SOS,41,45,534,1308,-251.59520189111436,58.04638982069352,41.5,45.5,0.40825688073394495,-4.334381563923218
SOS,41,46,1492,3419,-656.7901986281898,136.04940826235347,41.5,46.5,0.4363849078677976,-4.827585852939955
SOS,41,47,556,1337,9.012793913630942,22.307168761209734,41.5,47.5,0.4158563949139865,0.4040312784697008
SOS,41,48,752,2045,-266.25846832216826,60.99079103276258,41.5,48.5,0.36772616136919317,-4.365551976185086
SOS,41,56,0,6,0.0,0.0,41.5,56.5,0.0,
SOS,41,59,19,36,-6.533336074702792,3.986557133997765,41.5,59.5,0.5277777777777778,-1.6388417010221268
SOS,41,60,19,43,-0.9282138879705499,0.6209746623709153,41.5,60.5,0.4418604651162791,-1.4947693428047104
SOS,41,64,32,81,-189.75453390713395,23.113587379931868,41.5,64.5,0.3950617283950617,-8.209653083618095
SOS,41,68,6,14,6.850181925937106,1.484091334675206,41.5,68.5,0.42857142857142855,4.6157414748575905
SOS,41,69,121,407,-19.521902748492572,22.097961501093412,41.5,69.5,0.2972972972972973,-0.8834255027336627
SOS,41,70,1252,4182,-138.7884067493043,26.35217743419038,41.5,70.5,0.29937828790052606,-5.266676998358193
SOS,41,71,114,383,-15.87197593344519,9.436335267348989,41.5,71.5,0.29765013054830286,-1.6820063598592558
SOS,41,72,20,65,13.3926815231464,14.340665087318698,41.5,72.5,0.3076923076923077,0.9338954254631754
SOS,41,73,42,263,-2.9725423783665175,0.363107042514489,41.5,73.5,0.1596958174904943,-8.18640794676381
SOS,41,75,60,199,-0.06280952955972798,0.017237633071568125,41.5,75.5,0.3015075376884422,-3.6437444339923015
SOS,41,76,40,200,-0.012019764244403715,0.0015057934506635617,41.5,76.5,0.2,-7.982345944662554
SOS,41,77,25,177,-0.003590185781260301,0.0004437728835074397,41.5,77.5,0.14124293785310735,-8.090142310824884
SOS,41,78,29,110,-0.000322384889223746,9.074425468590335e-05,41.5,78.5,0.2636363636363636,-3.5526754871658763
SOS,41,79,0,9,0.0,0.0,41.5,79.5,0.0,
SOS,41,80,9,120,2.6501354462599123,0.8929482480215268,41.5,80.5,0.075,2.9678488670891303
SOS,41,81,16,83,-9.010349006305958,4.965737772295255,41.5,81.5,0.1927710843373494,-1.8145035882837626
SOS,41,82,6,21,-4.596777033658353,0.5843776319244004,41.5,82.5,0.2857142857142857,-7.86610708989804
SOS,41,83,39,159,-52.88971696986833,18.378182004061284,41.5,83.5,0.24528301886792453,-2.8778535852012213
SOS,41,84,8,33,-21.297017678546357,4.417758752328911,41.5,84.5,0.24242424242424243,-4.8207742596444865
SOS,41,86,9,46,2.353761186380594,3.091650356734272,41.5,86.5,0.1956521739130435,0.7613283893030147
SOS,41,101,9,24,-4.461889445591927,1.9006749457297025,41.5,101.5,0.375,-2.3475289426088213
SOS,41,107,10,24,-2.122198632631823,1.509146035636214,41.5,107.5,0.4166666666666667,-1.4062248334616358
SOS,41,108,55,131,-14.0787807075619,22.37372249262911,41.5,108.5,0.4198473282442748,-0.6292551770140205
SOS,41,109,68,195,194.81993355728406,53.483330493774176,41.5,109.5,0.3487179487179487,3.6426290539248005
SOS,41,110,32,91,244.72782835551496,25.6914124853383,41.5,110.5,0.3516483516483517,9.525666543058986
SOS,41,111,9,24,4.584756710274458,8.586366130955133,41.5,111.5,0.375,0.5339577465425944
SOS,41,113,64,166,66.52306638650569,34.06240084427844,41.5,113.5,0.3855421686746988,1.9529764414031243
SOS,41,114,81,262,370.2487650640038,67.42332578206727,41.5,114.5,0.30916030534351147,5.491404655130194
SOS,41,115,31,111,88.50792553093042,18.23961805611349,41.5,115.5,0.27927927927927926,4.852509809067228
SOS,41,116,4,24,1.0400088849259947,0.5767612489546563,41.5,116.5,0.16666666666666666,1.8031878646683455
SOS,41,117,12,74,10.946989336295125,2.1756799702862595,41.5,117.5,0.16216216216216217,5.031525539509748
SOS,41,118,9,48,9.884908291781732,2.919776086527114,41.5,118.5,0.1875,3.3855021751134333
SOS,41,119,26,108,3.648917510517319,1.4683248197631609,41.5,119.5,0.24074074074074073,2.485088763333637
SOS,41,120,14,74,-0.25601454123002104,0.17597180641623078,41.5,120.5,0.1891891891891892,-1.4548611305635124
SOS,41,121,1,3,-0.00040906527635620193,2.2725848686455663e-05,41.5,121.5,0.3333333333333333,-18.0
SOS,41,123,26,144,4.296991075145671,2.741497670872042,41.5,123.5,0.18055555555555555,1.5673881910608527
SOS,41,124,10,61,0.6353800362120876,1.7893568393663248,41.5,124.5,0.16393442622950818,0.355088500087606
SOS,41,125,12,48,-1.2980774222768379,1.248470437214401,41.5,125.5,0.25,-1.039734208823655
SOS,41,126,23,89,0.3073390424272016,0.8939973863929703,41.5,126.5,0.25842696629213485,0.3437806945579883
SOS,41,127,180,957,-2.85860564828698,2.288721813599071,41.5,127.5,0.18808777429467086,-1.2489965496469633
SOS,41,128,92,350,-4.700987217504295,4.5082034974313006,41.5,128.5,0.26285714285714284,-1.0427628699952962
SOS,41,140,0,29,0.0,0.0,41.5,140.5,0.0,
SOS,41,141,0,10,0.0,0.0,41.5,141.5,0.0,
SOS,42,-125,126,286,-224.74506839447218,22.508900619790484,42.5,-124.5,0.4405594405594406,-9.984719919944457
SOS,42,-124,292,859,-251.2009460129692,56.99292218689802,42.5,-123.5,0.33993015133876603,-4.407581439484731
SOS,42,-123,546,1917,-290.47957105124,31.26428754602281,42.5,-122.5,0.28482003129890454,-9.291098369781738
SOS,42,-122,124,332,-193.13566312826023,16.814391869814088,42.5,-121.5,0.37349397590361444,-11.486330556800308
SOS,42,-121,143,453,-308.175644822296,25.450687878458314,42.5,-120.5,0.31567328918322296,-12.108735382478153
SOS,42,-120,573,2033,-84.02852010970331,5.5720685941036345,42.5,-119.5,0.2818494835218888,-15.080309707353985
SOS,42,-119,1436,4360,-243.28851458987322,29.479506431315226,42.5,-118.5,0.3293577981651376,-8.252801489628567
SOS,42,-118,588,1930,-36.46333160349867,5.131805867132356,42.5,-117.5,0.30466321243523314,-7.10536067567075
SOS,42,-116,120,402,-405.11580526107934,38.915218199992594,42.5,-115.5,0.29850746268656714,-10.410215437547166
SOS,42,-115,12,42,-3.477760619213412,0.22218147963843365,42.5,-114.5,0.2857142857142857,-15.65279259492256
SOS,42,-114,183,680,73.71852992606037,7.583716458805366,42.5,-113.5,0.2691176470588235,9.720633719166363
SOS,42,-113,21,115,-153.7893885586412,15.11374514612511,42.5,-112.5,0.1826086956521739,-10.175465251779107
SOS,42,-112,43,166,-50.711736508172876,12.972433973421323,42.5,-111.5,0.25903614457831325,-3.9091921078244862
SOS,42,-111,49,161,-0.9048604493383842,0.11570952028046598,42.5,-110.5,0.30434782608695654,-7.820103714414433
SOS,42,-110,421,1280,-9.352048231914392,0.9423555229190744,42.5,-109.5,0.32890625,-9.924118874949817
SOS,42,-109,124,391,-34.350893279500596,3.8388393583931535,42.5,-108.5,0.3171355498721228,-8.948249737097376
SOS,42,-108,49,199,-1.2604515562197083,0.17070767750765686,42.5,-107.5,0.24623115577889448,-7.383684053478921
SOS,42,-107,56,274,-240.44685185191986,37.893762359621164,42.5,-106.5,0.20437956204379562,-6.345288429531485
SOS,42,-106,44,120,-12.197707656755014,28.6693266318331,42.5,-105.5,0.36666666666666664,-0.4254619514924791
SOS,42,-105,42,125,-31.703302520665574,26.44674027653727,42.5,-104.5,0.336,-1.198760308044155
SOS,42,-104,9,37,43.34220943561664,5.4378253043231215,42.5,-103.5,0.24324324324324326,7.970504201589407
SOS,42,-103,19,59,-32.66595540678587,5.784234145252421,42.5,-102.5,0.3220338983050847,-5.647412360303119
SOS,42,-101,210,515,-67.16258038864613,69.48768995831676,42.5,-100.5,0.4077669902912621,-0.9665392593844265
SOS,42,-100,16,37,-0.8283443858259485,4.363833099764754,42.5,-99.5,0.43243243243243246,-0.189820363631827
SOS,42,-91,21,78,-0.35566284264731696,9.191366867232356,42.5,-90.5,0.2692307692307692,-0.03869531570057021
SOS,42,-90,1,2,0.31182867819613846,0.014848984676006594,42.5,-89.5,0.5,21.0
SOS,42,-89,64,300,-23.81257489349358,6.405935935989009,42.5,-88.5,0.21333333333333335,-3.7172670990530547
SOS,42,-88,7,26,-0.04792031692766477,0.0524879664819603,42.5,-87.5,0.2692307692307692,-0.9129772048634157
SOS,42,-87,33,161,-4.771871615222241,7.903515963369852,42.5,-86.5,0.20496894409937888,-0.6037656705367923
SOS,42,-86,104,551,-29.051420311900614,8.508234001467272,42.5,-85.5,0.18874773139745918,-3.4145065012187725
SOS,42,-85,44,181,-40.02209537029299,12.010041743063736,42.5,-84.5,0.2430939226519337,-3.3323860338293407
SOS,42,-84,323,1548,-358.7708213021194,30.47417825390608,42.5,-83.5,0.208656330749354,-11.772944894949983
SOS,42,-83,34,128,-28.62729204558078,5.031184880323487,42.5,-82.5,0.265625,-5.689970201162663
SOS,42,-82,0,22,0.0,0.0,42.5,-81.5,0.0,
SOS,42,-81,16,110,-12.478485989988583,0.8773647491680806,42.5,-80.5,0.14545454545454545,-14.222689026223943
SOS,42,-80,37,249,-21.548065422046246,3.63484653160189,42.5,-79.5,0.14859437751004015,-5.928191255037647
SOS,42,-79,50,337,-6.708296751697691,4.8751740865582125,42.5,-78.5,0.14836795252225518,-1.376011734677075
SOS,42,-78,53,240,-12.44060851604787,9.380958278917262,42.5,-77.5,0.22083333333333333,-1.3261554039747578
SOS,42,-77,93,457,-24.315624584275533,16.14349940199497,42.5,-76.5,0.20350109409190373,-1.5062177027906771
SOS,42,-76,91,470,-8.870154352306372,12.041094521105405,42.5,-75.5,0.19361702127659575,-0.7366568161024674
SOS,42,-75,150,844,-20.715471509362253,12.730432780580093,42.5,-74.5,0.17772511848341233,-1.6272401627196136
SOS,42,-74,116,913,5.725212155290172,10.81939925529009,42.5,-73.5,0.12705366922234393,0.5291617418121305
SOS,42,-73,71,687,-14.099777995944986,8.26051375674044,42.5,-72.5,0.10334788937409024,-1.7068887494364142
SOS,42,-72,239,2050,27.413349986555755,13.749598172405628,42.5,-71.5,0.11658536585365854,1.9937564460299801
SOS,42,-71,49,385,2.3727419557146496,1.4551807665577696,42.5,-70.5,0.12727272727272726,1.630547908716091
SOS,42,-9,236,543,130.00604393868528,25.341595653067493,42.5,-8.5,0.43462246777163904,5.130144357068084
SOS,42,-8,83,188,65.01645103372014,20.041528919792594,42.5,-7.5,0.44148936170212766,3.244086381529069
SOS,42,-7,1064,2196,35.598327430238925,110.83910646331759,42.5,-6.5,0.48451730418943534,0.3211711873734769
SOS,42,-6,254,765,241.59590544046233,36.92293039317536,42.5,-5.5,0.33202614379084966,6.543248406012694
SOS,42,-5,461,1125,138.50917826208925,39.46484455049474,42.5,-4.5,0.4097777777777778,3.5096851346992795
SOS,42,-4,827,1970,457.7152780081111,65.95280736303867,42.5,-3.5,0.4197969543147208,6.94004237740188
SOS,42,-3,869,1973,17.890879230069515,59.035337235796376,42.5,-2.5,0.44044602128737964,0.3030537313373945
SOS,42,-2,276,841,1434.2264708584257,43.468077627773376,42.5,-1.5,0.3281807372175981,32.99493672437092
SOS,42,-1,726,1779,-23.442559098912582,20.55598962946261,42.5,-0.5,0.40809443507588533,-1.1404247385546786
SOS,42,0,829,2115,-5.250339304006575,23.64236943759115,42.5,0.5,0.39196217494089836,-0.22207331282365395
SOS,42,1,922,2214,-20.49752935896755,21.618133611550654,42.5,1.5,0.4164408310749774,-0.9481636910605289
SOS,42,2,483,1632,300.5987050122032,54.85776927559987,42.5,2.5,0.2959558823529412,5.479601321410387
SOS,42,3,12,71,-32.09659310735185,2.8910462101134806,42.5,3.5,0.16901408450704225,-11.102068515913476
SOS,42,9,4,36,121.68050851660178,2.7907540566905755,42.5,9.5,0.1111111111111111,43.60130131312861
SOS,42,10,0,20,0.0,0.0,42.5,10.5,0.0,
SOS,42,11,50,376,4.949181442940157,21.49710669940061,42.5,11.5,0.13297872340425532,0.23022546764761379
SOS,42,12,167,981,-32.60526317747572,31.459361256430082,42.5,12.5,0.17023445463812437,-1.036424831124358
SOS,42,13,810,3038,-280.39722824969516,80.51310728805652,42.5,13.5,0.2666227781435155,-3.482628328409949
SOS,42,14,177,582,-47.22886985933694,11.560757223200628,42.5,14.5,0.30412371134020616,-4.085274774610438
SOS,42,17,22,142,-25.23073604363914,4.839948804011025,42.5,17.5,0.15492957746478872,-5.213017134133651
SOS,42,18,195,722,-140.22923404243937,22.75460547612146,42.5,18.5,0.27008310249307477,-6.162674812779991
SOS,42,19,543,1519,-66.37672748085443,15.782716045356004,42.5,19.5,0.3574720210664911,-4.20565936117095
SOS,42,20,704,2346,22.17470780337138,17.435165883865377,42.5,20.5,0.30008525149190113,1.271838074330684
SOS,42,21,200,710,-111.543021242795,22.190838595914055,42.5,21.5,0.28169014084507044,-5.026534745889826
SOS,42,22,313,901,-21.535979778521487,5.218689713594979,42.5,22.5,0.34739178690344064,-4.1267024790569655
SOS,42,23,631,1948,-177.09993772370981,50.23732239427512,42.5,23.5,0.3239219712525667,-3.525266261879665
SOS,42,24,215,754,-47.455480879136644,32.35150252947952,42.5,24.5,0.28514588859416445,-1.4668710003776175
SOS,42,25,47,214,16.42916839765431,7.493567897689341,42.5,25.5,0.21962616822429906,2.192436049417832
SOS,42,26,34,143,0.4629805675391414,4.710839916597857,42.5,26.5,0.23776223776223776,0.09827983453819068
SOS,42,41,43,113,-19.70893081450976,11.132497569521828,42.5,41.5,0.3805309734513274,-1.770396147982839
SOS,42,42,882,1942,-37.13695328269208,17.29597188265348,42.5,42.5,0.45417095777548916,-2.1471446377602854
SOS,42,43,959,2280,-8.01479305772679,4.165502712052037,42.5,43.5,0.4206140350877193,-1.9240878260714156
SOS,42,44,426,941,9.963340166166873,43.433949286247255,42.5,44.5,0.4527098831030818,0.2293906110288162
SOS,42,45,1582,3500,-3.400773257544818,7.243807416532472,42.5,45.5,0.452,-0.4694731737046551
SOS,42,46,688,1590,-22.616289998434862,12.628656017370329,42.5,46.5,0.4327044025157233,-1.790870696559226
SOS,42,47,65,197,-68.20103800995797,20.665328050727318,42.5,47.5,0.3299492385786802,-3.3002639901260906
SOS,42,48,6,22,-21.003595292685027,1.0154572916931663,42.5,48.5,0.2727272727272727,-20.683878548613087
SOS,42,54,10,93,12.278737365730473,0.26633560860000804,42.5,54.5,0.10752688172043011,46.10249988829358
SOS,42,59,89,185,-28.08009747154596,7.039876644582761,42.5,59.5,0.4810810810810811,-3.9887200996843903
SOS,42,68,15,43,-19.226085355725132,5.574861092388307,42.5,68.5,0.3488372093023256,-3.448711104564679
SOS,42,69,79,206,-100.673392504487,33.22826775383899,42.5,69.5,0.38349514563106796,-3.0297514528982874
SOS,42,70,643,1628,-2.5727821775442874,0.5673218911303729,42.5,70.5,0.39496314496314494,-4.534960165944049
SOS,42,71,154,633,-45.292313717711345,9.987086069881267,42.5,71.5,0.24328593996840442,-4.535087952661432
SOS,42,72,97,309,-37.77727711766785,4.019178852806344,42.5,72.5,0.313915857605178,-9.399252559086868
SOS,42,73,38,149,4.429972951212832,3.0665004731607937,42.5,73.5,0.2550335570469799,1.4446346869944031
SOS,42,74,49,205,-38.92300768088759,14.375994500846286,42.5,74.5,0.23902439024390243,-2.7075001787595476
SOS,42,76,77,237,-4.1545140892103145,3.4495127064088926,42.5,76.5,0.32489451476793246,-1.2043770940433387
SOS,42,77,12,42,7.8845201432103815,3.5788725000674155,42.5,77.5,0.2857142857142857,2.203073773391441
SOS,42,78,129,732,-1.3701117061047532,0.08960945155036483,42.5,78.5,0.1762295081967213,-15.289812429380671
SOS,42,79,33,176,-0.002444702148793607,0.0005657893617731165,42.5,79.5,0.1875,-4.3208697687991195
SOS,42,86,10,37,9.4138824021156,8.0148677683202,42.5,86.5,0.2702702702702703,1.174552428590923
SOS,42,87,5,14,0.7488494447395564,0.9332143412328403,42.5,87.5,0.35714285714285715,0.8024409952276074
SOS,42,88,1,8,-0.009243141678873535,0.021567330584038147,42.5,88.5,0.125,-0.4285714285714306
SOS,42,89,0,3,0.0,0.0,42.5,89.5,0.0,
SOS,42,93,10,44,-0.5326086678101734,1.1810810880134623,42.5,93.5,0.22727272727272727,-0.4509501279933309
SOS,42,108,304,793,2366.9213122013916,98.05845092563128,42.5,108.5,0.3833543505674653,24.13786154950065
SOS,42,109,423,979,306.69387306426205,143.81160529830845,42.5,109.5,0.432073544433095,2.132608647459896
SOS,42,112,28,89,245.2545936706423,11.426984129980209,42.5,112.5,0.3146067415730337,21.46275787914891
SOS,42,115,11,43,35.31157758091931,9.77527445770821,42.5,115.5,0.2558139534883721,3.6123361787632127
SOS,42,116,19,94,79.27131611714793,12.853922290927983,42.5,116.5,0.20212765957446807,6.16709159453188
SOS,42,118,46,144,31.610827075427064,6.1585025123249775,42.5,118.5,0.3194444444444444,5.132875567098412
SOS,42,119,77,276,78.56187443838513,11.439065121105308,42.5,119.5,0.27898550724637683,6.867857959252008
SOS,42,120,26,90,-7.216492539363673,4.622893596272547,42.5,120.5,0.28888888888888886,-1.561033666269618
SOS,42,121,14,61,-0.06093823360806401,0.7006990751580316,42.5,121.5,0.22950819672131148,-0.08696776657557362
SOS,42,122,23,69,8.375101456308911,6.751893395441951,42.5,122.5,0.3333333333333333,1.2404078331513277
SOS,42,123,3,16,-2.161368622558702,0.1474743517924142,42.5,123.5,0.1875,-14.655895050829297
SOS,42,124,8,47,1.6640649186807277,2.873285817597351,42.5,124.5,0.1702127659574468,0.5791505002701831
SOS,42,126,9,44,-0.8961299933017108,1.0572863595230886,42.5,126.5,0.20454545454545456,-0.847575479651444
SOS,42,127,144,491,-2.420313139425746,1.347033976268466,42.5,127.5,0.29327902240325865,-1.7967721542781443
SOS,42,128,235,753,-7.063174538491357,8.731470374850442,42.5,128.5,0.31208499335989376,-0.8089330015750457
SOS,42,140,0,93,0.0,0.0,42.5,140.5,0.0,
SOS,42,141,6,144,-2.585097585673466,0.40312106748356635,42.5,141.5,0.041666666666666664,-6.412707730237518
SOS,42,143,1,21,-4.706915397672454,0.3848727352834953,42.5,143.5,0.047619047619047616,-12.229796933278124
SOS,43,-125,46,163,-282.63480207579744,17.0225642525834,43.5,-124.5,0.2822085889570552,-16.603538566929117
SOS,43,-124,38,410,-224.40227735577494,14.250766706610024,43.5,-123.5,0.09268292682926829,-15.746681001499308
SOS,43,-123,304,965,-159.52448379956775,9.009996180765812,43.5,-122.5,0.3150259067357513,-17.705277627099818
SOS,43,-122,128,424,-15.988751255994096,1.2141783533537844,43.5,-121.5,0.3018867924528302,-13.168371196727579
SOS,43,-121,104,612,-9.379474198102464,3.1428628830655234,43.5,-120.5,0.16993464052287582,-2.984372703194038
SOS,43,-120,52,160,-7.032249019257812,3.781214985351048,43.5,-119.5,0.325,-1.859785557420491
SOS,43,-119,173,469,-176.09687783074602,24.79938052408735,43.5,-118.5,0.36886993603411516,-7.100857929080332
SOS,43,-118,501,1445,-74.73130820100076,17.442595094750597,43.5,-117.5,0.3467128027681661,-4.284414549271477
SOS,43,-117,395,1417,-45.51507308667829,36.49424101386424,43.5,-116.5,0.27875793930839804,-1.2471850851586972
SOS,43,-116,299,855,-75.15423061657906,7.028592971777119,43.5,-115.5,0.3497076023391813,-10.692642313811062
SOS,43,-115,131,339,-5.9445156900686,0.970857041182756,43.5,-114.5,0.3864306784660767,-6.122956766968117
SOS,43,-114,590,2036,-419.39149297313156,30.721520659801325,43.5,-113.5,0.28978388998035365,-13.651391075894866
SOS,43,-113,85,480,-158.09091170277813,14.869313771621231,43.5,-112.5,0.17708333333333334,-10.632024727630801
SOS,43,-112,97,337,-18.449444702260113,2.53495718379458,43.5,-111.5,0.2878338278931751,-7.278010382267333
SOS,43,-111,1430,3995,-12.426909969192598,2.2242983541672694,43.5,-110.5,0.3579474342928661,-5.586889881885909
SOS,43,-110,1158,3355,-16.554559716239677,3.587784419170474,43.5,-109.5,0.3451564828614009,-4.614145606905565
SOS,43,-109,34,122,-25.435656166308664,8.024116235377907,43.5,-108.5,0.2786885245901639,-3.1699012601741976
SOS,43,-108,24,82,-36.481318456291106,4.476632703593666,43.5,-107.5,0.2926829268292683,-8.149276671057986
SOS,43,-107,11,42,-1.0698815593218645,0.08530415385291558,43.5,-106.5,0.2619047619047619,-12.541963210450358
SOS,43,-104,178,626,49.24299268306962,33.94448442162673,43.5,-103.5,0.28434504792332266,1.4506920202828562
SOS,43,-103,82,369,-356.21991396331225,44.73421701112075,43.5,-102.5,0.2222222222222222,-7.963030041964463
SOS,43,-102,42,123,-144.27897734432582,17.504904639894058,43.5,-101.5,0.34146341463414637,-8.242202988956073
SOS,43,-92,47,219,-36.62334800223843,15.699317794466024,43.5,-91.5,0.2146118721461187,-2.3327986911092458
SOS,43,-91,30,100,5.37633252059951,7.877743919668104,43.5,-90.5,0.3,0.6824710952048844
SOS,43,-90,60,243,-64.02131071570093,23.529423039394807,43.5,-89.5,0.24691358024691357,-2.720904401629884
SOS,43,-89,75,310,-143.4507146963102,22.857856514426377,43.5,-88.5,0.24193548387096775,-6.275772822607997
SOS,43,-88,9,66,-0.3476243249966193,0.15896712568968385,43.5,-87.5,0.13636363636363635,-2.1867686384114973
SOS,43,-87,57,268,-20.40679188032047,11.71616403594747,43.5,-86.5,0.2126865671641791,-1.7417639269737486
SOS,43,-86,147,567,-143.09604704832861,26.47512306746357,43.5,-85.5,0.25925925925925924,-5.404924716825417
SOS,43,-85,95,399,-51.34484043980433,17.978754308398635,43.5,-84.5,0.23809523809523808,-2.8558619556761498
SOS,43,-84,62,331,-117.13407922589165,9.466910852475353,43.5,-83.5,0.18731117824773413,-12.37299907553942
SOS,43,-83,2,5,-0.33817993830176185,0.04227249228772023,43.5,-82.5,0.4,-8.0
SOS,43,-81,23,103,-17.542697321178906,1.666488827952914,43.5,-80.5,0.22330097087378642,-10.526741630022238
SOS,43,-80,32,237,-12.60834062901979,3.143440019971787,43.5,-79.5,0.1350210970464135,-4.011000861767024
SOS,43,-79,49,281,-14.088923597994334,16.05138372491953,43.5,-78.5,0.17437722419928825,-0.877738881547109
SOS,43,-78,98,357,-7.219125184136439,3.577235654638271,43.5,-77.5,0.27450980392156865,-2.018073697430603
SOS,43,-77,58,271,-14.451834962938996,6.343098382007137,43.5,-76.5,0.2140221402214022,-2.2783557959518865
SOS,43,-76,280,1453,-58.94180123536701,19.715371739670083,43.5,-75.5,0.19270474879559532,-2.989636818095997
SOS,43,-75,1152,5187,-119.06471637660177,50.19550727246546,43.5,-74.5,0.2220936957779063,-2.3720193867213735
SOS,43,-74,242,1235,35.19251187562055,38.785508198856654,43.5,-73.5,0.19595141700404858,0.9073624018328058
SOS,43,-73,46,291,1.8762986949451848,3.4950948564932647,43.5,-72.5,0.15807560137457044,0.5368377031196608
SOS,43,-72,41,340,-21.28407339895976,6.001254808884279,43.5,-71.5,0.12058823529411765,-3.5466038481570124
SOS,43,-71,42,375,-34.76971442576612,5.022286302532654,43.5,-70.5,0.112,-6.923084892279506
SOS,43,-70,2,42,-1.7694270765692526,0.29842327167790195,43.5,-69.5,0.047619047619047616,-5.929252992303675
SOS,43,-66,14,150,60.75534097806589,2.640698489809839,43.5,-65.5,0.09333333333333334,23.007299474935884
SOS,43,-65,2,22,36.14983296601906,0.8659905231574823,43.5,-64.5,0.09090909090909091,41.74391289435062
SOS,43,-9,63,192,76.84456726149054,4.192822683139452,43.5,-8.5,0.328125,18.32764537611015
SOS,43,-8,86,200,-86.00702021910668,20.128925545557294,43.5,-7.5,0.43,-4.272807310278392
SOS,43,-7,451,1056,-9.87316326278552,14.944591142436371,43.5,-6.5,0.4270833333333333,-0.6606512796960953
SOS,43,-6,526,1353,34.46833137421626,76.78266018642765,43.5,-5.5,0.3887657058388766,0.4489077519654496
SOS,43,-5,566,1440,-20.477093397437862,20.960231635776825,43.5,-4.5,0.39305555555555555,-0.9769497662652593
SOS,43,-4,84,290,-3.168884310469913,19.5908970791821,43.5,-3.5,0.2896551724137931,-0.16175289460518216
SOS,43,-3,228,849,-11.201429025160364,81.33275224673595,43.5,-2.5,0.26855123674911663,-0.1377234719806239
SOS,43,-2,123,440,-113.08311102671375,14.756432618188372,43.5,-1.5,0.27954545454545454,-7.6633095513430955
SOS,43,-1,198,505,-48.88109175712291,54.71950610490926,43.5,-0.5,0.3920792079207921,-0.8933028683301192
SOS,43,0,36,101,-90.81028788475771,23.12634562149437,43.5,0.5,0.3564356435643564,-3.926702876928195
SOS,43,1,10,23,-2.5841847825683035,2.4743469846589417,43.5,1.5,0.43478260869565216,-1.0443906204709206
SOS,43,2,1052,3791,1285.4379110950845,161.15067837627464,43.5,2.5,0.27749934054339226,7.976621160065391
SOS,43,3,674,2855,663.4856991356667,71.13352567811519,43.5,3.5,0.236077057793345,9.327327625204347
SOS,43,4,178,829,650.4873309372126,39.85629395832421,43.5,4.5,0.2147165259348613,16.320818278222145
SOS,43,5,669,2804,1282.8618949955437,179.02579389752813,43.5,5.5,0.23858773181169757,7.165793638261065
SOS,43,6,602,2440,831.7553573585974,103.4185723836423,43.5,6.5,0.24672131147540985,8.04261109187537
SOS,43,7,87,455,-8.780312256082233,10.816016343465787,43.5,7.5,0.1912087912087912,-0.811787998211248
SOS,43,10,116,562,-72.99538857381796,19.64453879160556,43.5,10.5,0.20640569395017794,-3.715810757797486
SOS,43,11,186,831,-133.78608856874231,27.745567347969104,43.5,11.5,0.22382671480144403,-4.82189053447253
SOS,43,12,80,439,-112.43109171746974,28.977362983762283,43.5,12.5,0.18223234624145787,-3.87996284480653
SOS,43,13,33,134,42.052683184988844,10.5087127739689,43.5,13.5,0.2462686567164179,4.001696886145505
SOS,43,15,10,85,-63.83144257145917,4.8947889707692624,43.5,15.5,0.11764705882352941,-13.04069347067836
SOS,43,16,76,265,-64.79821229817202,20.46141512917355,43.5,16.5,0.28679245283018867,-3.1668490125975595
SOS,43,17,320,1268,-60.33483573069669,18.73610470925681,43.5,17.5,0.25236593059936907,-3.2202443713333593
SOS,43,18,267,779,-60.493347680263994,13.109768260772107,43.5,18.5,0.3427471116816431,-4.614372006961869
SOS,43,19,365,1136,-138.14735396540587,16.525785561162753,43.5,19.5,0.32130281690140844,-8.359502999365183
SOS,43,20,265,1079,-22.459803056208163,9.492750837908876,43.5,20.5,0.24559777571825764,-2.365995214634302
SOS,43,21,184,674,-18.738765905384177,5.111103624663312,43.5,21.5,0.27299703264094954,-3.666285655990505
SOS,43,22,446,1360,-182.20373118785676,28.708625386129032,43.5,22.5,0.32794117647058824,-6.346654663441009
SOS,43,23,67,267,-9.002948289097668,6.274808581751119,43.5,23.5,0.250936329588015,-1.4347765627912117
SOS,43,24,5,25,-3.201497111747151,1.7280463317906563,43.5,24.5,0.2,-1.852668561513428
SOS,43,25,8,30,-31.929639929996558,4.64102492935814,43.5,25.5,0.26666666666666666,-6.879868222214543
SOS,43,27,36,85,-6.510131104526885,4.181739340191453,43.5,27.5,0.4235294117647059,-1.556799832537824
SOS,43,39,701,1666,-75.23700004505531,33.58214953567424,43.5,39.5,0.4207683073229292,-2.2403866662892207
SOS,43,40,1880,3810,-26.952124811207554,12.551851775189148,43.5,40.5,0.49343832020997375,-2.1472628337185253
SOS,43,41,1053,2278,-116.82293390039621,33.69525977380361,43.5,41.5,0.4622475856014047,-3.4670435748122714
SOS,43,42,838,1970,-104.80047436028461,51.42332965068087,43.5,42.5,0.42538071065989846,-2.0379947209213243
SOS,43,43,371,731,-49.76812491155849,25.075352738927663,43.5,43.5,0.5075239398084815,-1.9847427643279805
SOS,43,44,144,328,-60.88783186149038,58.576924482088,43.5,44.5,0.43902439024390244,-1.0394508144603771
SOS,43,45,81,464,-130.95505440162876,10.711063413447627,43.5,45.5,0.17456896551724138,-12.226148734888085
SOS,43,46,161,958,-82.47157372704136,27.785722769585654,43.5,46.5,0.16805845511482254,-2.9681277111608924
SOS,43,47,26,148,-16.034481414590118,10.410559581369828,43.5,47.5,0.17567567567567569,-1.5402132122930794
SOS,43,51,2,41,-37.8007386043076,1.438575014213408,43.5,51.5,0.04878048780487805,-26.27651546205708
SOS,43,54,75,688,343.6142936068704,8.066589995237983,43.5,54.5,0.10901162790697674,42.59721813179039
SOS,43,68,52,140,42.42387834769558,29.136411949157246,43.5,68.5,0.37142857142857144,1.456043332367926
SOS,43,73,22,58,-31.087405192184164,18.29111174208787,43.5,73.5,0.3793103448275862,-1.6995907974610425
SOS,43,74,9,40,-20.05248944247774,3.210435070571581,43.5,74.5,0.225,-6.246034883648223
SOS,43,75,8,21,4.0772737817551175,6.640689422671203,43.5,75.5,0.38095238095238093,0.6139835071695076
SOS,43,76,164,669,-53.72190199832339,15.762922899492837,43.5,76.5,0.24514200298953662,-3.4081180464348946
SOS,43,77,448,1745,-66.99319637243691,22.125962717711637,43.5,77.5,0.25673352435530084,-3.0278093309273024
SOS,43,78,171,830,33.970646025967014,40.86317647709812,43.5,78.5,0.20602409638554217,0.831326611258573
SOS,43,79,48,225,-18.30137014473652,15.606627475233443,43.5,79.5,0.21333333333333335,-1.1726665593690522
SOS,43,81,11,45,-7.3998103137461495,3.916095570616209,43.5,81.5,0.24444444444444444,-1.8895887958581583
SOS,43,82,6,20,-10.389216115258668,3.6107699605380748,43.5,82.5,0.3,-2.8772855177155825
SOS,43,87,247,780,393.1791707296302,181.8768805764468,43.5,87.5,0.31666666666666665,2.1617875206759356
SOS,43,89,15,36,14.569517802517533,7.109603804578996,43.5,89.5,0.4166666666666667,2.0492728150524955
SOS,43,90,16,44,4.867930131412381,1.6854769759136428,43.5,90.5,0.36363636363636365,2.8881617494499636
SOS,43,102,57,138,11.145310018418304,7.494018562906392,43.5,102.5,0.41304347826086957,1.4872274367700309
SOS,43,103,863,2073,-144.25650817161696,85.76382907890964,43.5,103.5,0.4163048721659431,-1.6820203775986884
SOS,43,104,152,372,-82.07389642957784,12.364092363559049,43.5,104.5,0.40860215053763443,-6.638085030121254
SOS,43,109,2,18,-83.99482202467138,0.9587980781524645,43.5,109.5,0.1111111111111111,-87.60428701163379
SOS,43,111,39,82,178.96095473074595,21.850286749777833,43.5,111.5,0.47560975609756095,8.190325224567845
SOS,43,112,21,43,181.3825198916207,9.149903645690866,43.5,112.5,0.4883720930232558,19.823434968852652
SOS,43,115,54,152,15.85813086487463,1.673010339559494,43.5,115.5,0.35526315789473684,9.478800273912293
SOS,43,116,423,1388,163.74340766827163,22.29555856434825,43.5,116.5,0.3047550432276657,7.344216436456801
SOS,43,118,54,140,140.64429689122167,22.2722340979348,43.5,118.5,0.38571428571428573,6.314781726556249
SOS,43,119,12,48,13.912725788263248,2.2938798693082223,43.5,119.5,0.25,6.065150130315667
SOS,43,120,6,24,-0.004304678305647425,0.002296665648576779,43.5,120.5,0.25,-1.874316493702508
SOS,43,122,3,6,0.00159662382437702,0.0001663149817059395,43.5,122.5,0.5,9.600000000000005
SOS,43,123,7,17,-1.7219456117005572,0.38391965863922306,43.5,123.5,0.4117647058823529,-4.485171761727116
SOS,43,126,4,13,0.1809971788970428,0.3554381423541382,43.5,126.5,0.3076923076923077,0.509222723532883
SOS,43,127,10,45,1.2750640878128094,2.923121727836807,43.5,127.5,0.2222222222222222,0.43619944926357657
SOS,43,128,19,65,1.7808491138633595,1.2528272235565892,43.5,128.5,0.2923076923076923,1.4214642533132344
SOS,43,129,1,23,-0.000745910915017518,0.00011683105635695856,43.5,129.5,0.043478260869565216,-6.384525983729077
SOS,43,131,109,696,-31.429592228949556,85.0791366864772,43.5,131.5,0.15660919540229884,-0.3694159749736282
SOS,43,132,74,393,-10.059436501279908,3.680691654340836,43.5,132.5,0.18829516539440203,-2.733028855980445
SOS,43,134,145,544,1.370773266911784,1.7675422319364413,43.5,134.5,0.2665441176470588,0.7755250438401267
SOS,43,140,1,30,-0.5433421054260841,0.07323168422688642,43.5,140.5,0.03333333333333333,-7.4194948697711425
SOS,43,141,14,223,-4.708980038962514,2.4304002056660474,43.5,141.5,0.06278026905829596,-1.937532768465194
SOS,43,142,200,1320,-14.8970088968788,3.065812551645918,43.5,142.5,0.15151515151515152,-4.85907362108005
SOS,43,143,135,944,-16.083393040387914,2.4780922435381405,43.5,143.5,0.1430084745762712,-6.490231783068964
SOS,43,144,0,46,0.0,0.0,43.5,144.5,0.0,
SOS,44,-125,15,62,28.566588800624835,3.8768885022856,44.5,-124.5,0.24193548387096775,7.368431871018098
SOS,44,-124,49,374,-153.12169718626018,15.07646065366565,44.5,-123.5,0.13101604278074866,-10.15634244029487
SOS,44,-123,162,743,-202.45655450658197,29.446020231275142,44.5,-122.5,0.2180349932705249,-6.875515024320647
SOS,44,-122,479,1577,-462.4159706676402,75.44721931488772,44.5,-121.5,0.3037412809131262,-6.128999516041718
SOS,44,-121,70,342,-111.36681206140673,8.780983614582148,44.5,-120.5,0.2046783625730994,-12.682726326520568
SOS,44,-120,62,246,-11.248588178200347,0.8716879747336808,44.5,-119.5,0.25203252032520324,-12.904374620559645
SOS,44,-119,280,898,-14.321696397674053,1.2925458487651553,44.5,-118.5,0.311804008908686,-11.080223120407224
SOS,44,-118,5,21,-34.66732886366568,4.461190410306201,44.5,-117.5,0.23809523809523808,-7.770869583055128
SOS,44,-117,46,156,-12.081967896701435,2.2009712684843876,44.5,-116.5,0.2948717948717949,-5.48938010672952
SOS,44,-116,1394,3090,-14.479877420482316,4.154625679589108,44.5,-115.5,0.4511326860841424,-3.485242362896668
SOS,44,-115,1170,2820,-28.82713283795768,4.674588293475459,44.5,-114.5,0.4148936170212766,-6.166774703601824
SOS,44,-114,113,288,-0.5707013153213658,0.18372375548227793,44.5,-113.5,0.3923611111111111,-3.1063011629784363
SOS,44,-113,57,183,-0.9653626308768765,0.11152285846291168,44.5,-112.5,0.3114754098360656,-8.656186222109074
SOS,44,-112,760,1991,-18.570661353786633,2.5193833111493253,44.5,-111.5,0.3817177297840281,-7.37111390378895
SOS,44,-111,3366,8863,-18.77215797842717,4.976749945434277,44.5,-110.5,0.37978111249012747,-3.77197130341036
SOS,44,-110,1392,3773,-11.35657409229828,1.4854204449345751,44.5,-109.5,0.3689371852637159,-7.645360026533414
SOS,44,-109,68,294,-20.32994689678167,30.07259237267584,44.5,-108.5,0.23129251700680273,-0.6760290780668978
SOS,44,-108,287,870,-3.5856319707856494,0.4219176702159999,44.5,-107.5,0.32988505747126434,-8.498416216960035
SOS,44,-107,45,187,-7.042999108500119,5.458496215865588,44.5,-106.5,0.24064171122994651,-1.290281943959041
SOS,44,-106,45,154,-222.66822801424138,40.501352492525726,44.5,-105.5,0.2922077922077922,-5.4977973403563105
SOS,44,-104,111,398,-406.41503794174355,52.986879651970895,44.5,-103.5,0.27889447236180903,-7.6701070267048
SOS,44,-102,7,19,1.4199343728638736,1.1570629535775452,44.5,-101.5,0.3684210526315789,1.2271885194090357
SOS,44,-101,10,37,-0.5845081336697069,0.06221550581053337,44.5,-100.5,0.2702702702702703,-9.394894826536104
SOS,44,-100,50,168,-87.54749335578647,29.306591982209692,44.5,-99.5,0.2976190476190476,-2.9872969674853835
SOS,44,-99,8,22,0.4169442115914086,3.068011717725797,44.5,-98.5,0.36363636363636365,0.13590046256422836
SOS,44,-98,0,6,0.0,0.0,44.5,-97.5,0.0,
SOS,44,-97,51,147,-381.718173486799,41.54478118927065,44.5,-96.5,0.3469387755102041,-9.188113706695402
SOS,44,-94,71,276,-41.753290584822274,6.467758793376152,44.5,-93.5,0.2572463768115942,-6.455604161921316
SOS,44,-93,44,243,-9.223733978690884,11.150255593200285,44.5,-92.5,0.18106995884773663,-0.8272217530435586
SOS,44,-92,53,234,60.5586998892566,15.444290230621112,44.5,-91.5,0.2264957264957265,3.9211060518137617
SOS,44,-91,127,496,-170.98623405828468,40.7638229909079,44.5,-90.5,0.2560483870967742,-4.194558348867869
SOS,44,-90,163,664,-233.48534432714393,49.25885492280797,44.5,-89.5,0.24548192771084337,-4.739966949963242
SOS,44,-89,16,78,-10.523710190240148,4.67297959226169,44.5,-88.5,0.20512820512820512,-2.2520342711676054
SOS,44,-88,8,46,2.007166109378672,0.8984317423644972,44.5,-87.5,0.17391304347826086,2.2340774649125845
SOS,44,-87,43,174,-92.2741286614752,13.97681307368234,44.5,-86.5,0.2471264367816092,-6.6019433883123835
SOS,44,-86,385,1455,-529.0164034221307,65.07053355287717,44.5,-85.5,0.2646048109965636,-8.129891896341146
SOS,44,-85,870,3404,-625.2724902204885,132.99768058892738,44.5,-84.5,0.25558166862514686,-4.701378907148739
SOS,44,-84,36,186,-5.706009821466184,7.995941033473996,44.5,-83.5,0.1935483870967742,-0.7136132942425032
SOS,44,-82,7,39,-23.01159380421874,1.9089271638866,44.5,-81.5,0.1794871794871795,-12.054725942171016
SOS,44,-81,12,73,-9.459615440991673,0.6509468181193364,44.5,-80.5,0.1643835616438356,-14.532086458801103
SOS,44,-80,93,436,-183.8076479863018,28.45364127444618,44.5,-79.5,0.21330275229357798,-6.459898970870096
SOS,44,-79,77,499,-102.99558050995486,8.636280636965353,44.5,-78.5,0.15430861723446893,-11.92591867257174
SOS,44,-78,14,122,-9.911399966428704,0.7241288415714011,44.5,-77.5,0.11475409836065574,-13.687343187326164
SOS,44,-77,48,353,-86.60757552294591,7.660129502741586,44.5,-76.5,0.1359773371104816,-11.30628085229483
SOS,44,-76,101,642,-154.80846293408638,16.566258250519198,44.5,-75.5,0.1573208722741433,-9.344805603838427
SOS,44,-75,412,2317,-82.2355540493703,14.561904288239196,44.5,-74.5,0.17781614156236514,-5.647307688719474
SOS,44,-74,243,1289,-62.38055768009948,13.235713741344187,44.5,-73.5,0.18851823118696664,-4.713048264654012
SOS,44,-73,63,334,-90.89347116638895,7.265002883882047,44.5,-72.5,0.18862275449101795,-12.511140410975324
SOS,44,-72,163,837,-179.7138581178142,29.82786959564705,44.5,-71.5,0.19474313022700118,-6.0250316416845555
SOS,44,-71,52,343,-91.68591659452328,15.076806857770356,44.5,-70.5,0.15160349854227406,-6.081255630549499
SOS,44,-70,18,149,-13.437466847393779,1.2639663059226318,44.5,-69.5,0.12080536912751678,-10.631190708509516
SOS,44,-69,24,201,-5.601032116638079,4.484397103822685,44.5,-68.5,0.11940298507462686,-1.2490044897815868
SOS,44,-68,3,24,-0.10868356960343001,0.21778087525547452,44.5,-67.5,0.125,-0.4990501093171539
SOS,44,-66,133,1192,-41.103029251866175,21.540336938648068,44.5,-65.5,0.1115771812080537,-1.9081887794484016
SOS,44,-65,11,73,-5.89099628145697,0.8289881246586233,44.5,-64.5,0.1506849315068493,-7.106249301077598
SOS,44,-64,14,200,-5.41518972487996,1.6853383758319982,44.5,-63.5,0.07,-3.213117200993333
SOS,44,-63,7,139,-50.746705523420815,1.710031630321779,44.5,-62.5,0.050359712230215826,-29.67588705588547
SOS,44,-2,68,187,-331.5637150649415,27.08508890638868,44.5,-1.5,0.36363636363636365,-12.24155904419919
SOS,44,-1,149,585,5.928131973702866,44.61775528580558,44.5,-0.5,0.2547008547008547,0.1328648636788056
SOS,44,0,13,87,-25.163089278274025,3.147838256334844,44.5,0.5,0.14942528735632185,-7.99376817650486
SOS,44,1,436,1954,172.92506387043682,81.13714099219061,44.5,1.5,0.22313203684749233,2.131268883224277
SOS,44,2,147,717,76.67831658074422,34.731823830085716,44.5,2.5,0.20502092050209206,2.2077250234789925
SOS,44,3,1340,3549,-221.50254612583996,65.49153596610029,44.5,3.5,0.37757114680191606,-3.3821553099700403
SOS,44,4,393,1582,-81.98125314945409,103.95460107566976,44.5,4.5,0.2484197218710493,-0.788625537505348
SOS,44,5,651,1847,-554.423611522054,95.40743982779853,44.5,5.5,0.35246345425013537,-5.811115071557696
SOS,44,6,2012,4452,-108.06099325268569,64.98614690341746,44.5,6.5,0.4519317160826595,-1.6628312094466249
SOS,44,7,366,1016,-6.231208760464785,9.674561145115275,44.5,7.5,0.36023622047244097,-0.6440818004040366
SOS,44,8,58,262,-20.64165907545166,14.967553909704003,44.5,8.5,0.22137404580152673,-1.37909368491193
SOS,44,9,27,152,-23.62266404041388,7.706816464012082,44.5,9.5,0.17763157894736842,-3.0651649939664174
SOS,44,10,230,711,3.375309437564283,19.441835429683795,44.5,10.5,0.3234880450070324,0.17361063721436817
SOS,44,11,19,111,-9.499179161173755,2.5651609259746455,44.5,11.5,0.17117117117117117,-3.7031513559191205
SOS,44,12,3,14,-13.690910296230399,0.45471675302353876,44.5,12.5,0.21428571428571427,-30.108656004415298
SOS,44,14,29,90,-31.12905365195327,4.21096591659651,44.5,14.5,0.32222222222222224,-7.392378439651005
SOS,44,15,79,441,7.323300752228221,4.045407782565044,44.5,15.5,0.17913832199546487,1.8102750441600193
SOS,44,16,45,109,-20.843426156956088,5.187637362338545,44.5,16.5,0.41284403669724773,-4.017903469559414
SOS,44,17,101,455,3.1652862246126823,14.93562757453533,44.5,17.5,0.22197802197802197,0.21192857205474067
SOS,44,18,17,77,24.20959909721463,1.332388140845779,44.5,18.5,0.22077922077922077,18.170079990239753
SOS,44,19,17,94,-83.24460831460259,3.8449773520830783,44.5,19.5,0.18085106382978725,-21.650220714435022
SOS,44,20,45,213,-65.77052149369226,16.0235371782583,44.5,20.5,0.2112676056338028,-4.1046193959554484
SOS,44,21,517,1932,-340.4814785664667,53.96817227223801,44.5,21.5,0.2675983436853002,-6.308931064942053
SOS,44,22,288,1293,-51.71557794822259,18.734078874606055,44.5,22.5,0.22273781902552203,-2.760508178404372
SOS,44,23,20,105,34.676767807146376,11.796392325333342,44.5,23.5,0.19047619047619047,2.939607877628509
SOS,44,24,4,23,-9.966124606702909,2.3654211750828646,44.5,24.5,0.17391304347826086,-4.213255851298355
SOS,44,25,7,43,-21.313612332558268,4.318974590302532,44.5,25.5,0.16279069767441862,-4.934877917646029
SOS,44,27,29,137,28.365999785864407,11.394840417044112,44.5,27.5,0.2116788321167883,2.4893722726853875
SOS,44,28,7,25,-8.811747404469735,4.349540750719674,44.5,28.5,0.28,-2.025902942284595
SOS,44,33,206,530,-88.99351392873753,40.37275311790821,44.5,33.5,0.3886792452830189,-2.2042963894196883
SOS,44,34,251,657,0.32058572600631496,4.889928117704511,44.5,34.5,0.3820395738203957,0.06556041689970857
SOS,44,37,113,335,-22.97653304633775,49.80283204701265,44.5,37.5,0.3373134328358209,-0.46134992935037245
SOS,44,38,234,554,-164.68260682037203,54.464646346155114,44.5,38.5,0.4223826714801444,-3.023660628836483
SOS,44,39,471,1093,-36.47088023404193,41.95781082164524,44.5,39.5,0.4309240622140897,-0.8692274339353113
SOS,44,40,231,453,-9.092862942174422,2.521474299572444,44.5,40.5,0.5099337748344371,-3.606169193838803
SOS,44,41,48,109,-18.09192701631614,19.643167371371085,44.5,41.5,0.44036697247706424,-0.921029010967152
SOS,44,42,8,20,-4.187073971894366,1.9828957000298688,44.5,42.5,0.4,-2.1115956688147013
SOS,44,44,36,210,-383.4195137137479,24.19136353735572,44.5,44.5,0.17142857142857143,-15.849437883965521
SOS,44,45,1,18,3.896361398903552,0.8638632470514892,44.5,45.5,0.05555555555555555,4.510391444713605
SOS,44,46,76,479,89.63096718635035,13.218990262169314,44.5,46.5,0.15866388308977036,6.780470021440305
SOS,44,65,17,106,-59.90299132031349,10.599859302964937,44.5,65.5,0.16037735849056603,-5.6513006076937025
SOS,44,66,3,22,0.6971754583361127,1.7411076476919618,44.5,66.5,0.13636363636363635,0.40042065133669297
SOS,44,77,6,19,-16.529828969591005,5.909460277074212,44.5,77.5,0.3157894736842105,-2.7971808244009324
SOS,44,78,307,935,-53.04208103333257,30.177729095339764,44.5,78.5,0.32834224598930484,-1.7576564779197936
SOS,44,79,37,124,31.75479753985595,3.248006149673251,44.5,79.5,0.29838709677419356,9.776704869555275
SOS,44,80,7,33,-21.204024663114296,2.7789418688477916,44.5,80.5,0.21212121212121213,-7.6302512480788005
SOS,44,82,10,89,-2.3745888499113548,5.898860453241853,44.5,82.5,0.11235955056179775,-0.40255043643325134
SOS,44,84,39,161,26.18514692148927,18.741435114394424,44.5,84.5,0.2422360248447205,1.3971793921681952
SOS,44,85,6,59,-2.190461681777246,2.8509604717585066,44.5,85.5,0.1016949152542373,-0.768324115145007
SOS,44,86,39,151,-48.81038280169328,28.394889236386827,44.5,86.5,0.2582781456953642,-1.7189847931910534
SOS,44,87,111,545,99.62038061885748,80.71595739098144,44.5,87.5,0.2036697247706422,1.234209242372045
SOS,44,88,51,150,118.66644547950655,44.08302819719539,44.5,88.5,0.34,2.691885070795936
SOS,44,89,17,64,-25.900254248842394,12.715838672178073,44.5,89.5,0.265625,-2.0368498623304716
SOS,44,103,3,7,5.641830847002276,0.9671710023432483,44.5,103.5,0.42857142857142855,5.833333333333328
SOS,44,107,3,4,-1.0206940670523033,0.14772743280032552,44.5,107.5,0.75,-6.909306197934918
SOS,44,115,288,1081,134.30024616509957,11.049293220333979,44.5,115.5,0.2664199814986124,12.154645866212261
SOS,44,116,898,3531,185.02812378676524,29.95096342947224,44.5,116.5,0.2543188898329085,6.177701903395018
SOS,44,117,16,47,30.59576865848894,10.951444251709741,44.5,117.5,0.3404255319148936,2.793765639971397
SOS,44,118,44,136,0.7668157309357184,42.72763575659867,44.5,118.5,0.3235294117647059,0.017946598667521515
SOS,44,120,28,72,-15.89284796259146,10.757870292558803,44.5,120.5,0.3888888888888889,-1.4773228836551888
SOS,44,122,194,663,420.9800216344822,91.04237280323541,44.5,122.5,0.29260935143288086,4.624000986269568
SOS,44,123,23,71,1.700275561360722,0.8135763704997251,44.5,123.5,0.323943661971831,2.0898782499255204
SOS,44,124,26,110,-2.332920641019706,2.546000526964833,44.5,124.5,0.23636363636363636,-0.9163079961341775
SOS,44,127,4,24,-1.359073052291205,2.151790516192194,44.5,127.5,0.16666666666666666,-0.6316010048674343
SOS,44,128,6,21,2.936073219549148,0.7621957532028187,44.5,128.5,0.2857142857142857,3.8521248737105793
SOS,44,131,62,482,27.71666512008578,37.69222357096328,44.5,131.5,0.12863070539419086,0.7353417361515836
SOS,44,132,12,39,7.409868136870165,11.188684040387603,44.5,132.5,0.3076923076923077,0.6622644906338305
SOS,44,133,24,116,-66.53191587140853,18.918475217229133,44.5,133.5,0.20689655172413793,-3.51676945987791
SOS,44,134,17,69,0.5252520745750651,0.28204008665458746,44.5,134.5,0.2463768115942029,1.8623312763987965
SOS,44,135,6,22,0.7956414309294277,0.14636906675131656,44.5,135.5,0.2727272727272727,5.435857784631746
SOS,44,142,11,121,-4.799172820407815,1.2925206166443615,44.5,142.5,0.09090909090909091,-3.713033864687911
SOS,44,143,2,25,-0.21760602264598064,0.01914510902392763,44.5,143.5,0.08,-11.366141732283467
SOS,45,-124,27,142,141.5952208885082,6.911387315558837,45.5,-123.5,0.19014084507042253,20.487235691414753
SOS,45,-123,138,1157,-121.62116463487986,15.728931919478343,45.5,-122.5,0.11927398444252377,-7.732321893024856
SOS,45,-122,233,1155,-431.11716735314286,23.162188610170574,45.5,-121.5,0.20173160173160173,-18.612971969489887
SOS,45,-121,66,277,207.26740477669966,15.481495251932287,45.5,-120.5,0.23826714801444043,13.388074046066711
SOS,45,-119,42,179,-37.19226299892597,2.2530324759503455,45.5,-118.5,0.2346368715083799,-16.50764620391812
SOS,45,-118,649,1788,-104.97448442328174,13.395303785169624,45.5,-117.5,0.3629753914988814,-7.836663214723238
SOS,45,-117,308,1180,-56.884050442336154,20.335046273729326,45.5,-116.5,0.26101694915254237,-2.7973405949817867
SOS,45,-116,1294,3605,-159.29873654582795,26.38975492498714,45.5,-115.5,0.3589459084604716,-6.036385597313597
SOS,45,-115,1629,4976,-154.82680935686986,19.231669168742076,45.5,-114.5,0.32737138263665594,-8.050617343632108
SOS,45,-114,529,1252,-2.4057739392069855,0.6762112436256524,45.5,-113.5,0.4225239616613419,-3.557725432525951
SOS,45,-113,57,318,-69.88638524859911,7.655752126768118,45.5,-112.5,0.1792452830188679,-9.128611283565904
SOS,45,-112,622,1679,-47.751985821070136,2.952522449662096,45.5,-111.5,0.3704586063132817,-16.17328458468966
SOS,45,-111,1145,3122,-170.6179424924625,10.391844262747714,45.5,-110.5,0.3667520819987188,-16.418446829894012
SOS,45,-110,429,1252,-5.433581810528621,0.7321405547074552,45.5,-109.5,0.3426517571884984,-7.421500933928927
SOS,45,-109,80,282,-211.55127497560235,20.555024187864515,45.5,-108.5,0.28368794326241137,-10.291949697655921
SOS,45,-100,181,570,-16.345422996349136,56.74057334497851,45.5,-99.5,0.3175438596491228,-0.2880729261752462
SOS,45,-99,3,8,12.188632102435012,1.6153269641024273,45.5,-98.5,0.375,7.545612977003543
SOS,45,-98,29,83,-85.23629934800518,12.490987831582842,45.5,-97.5,0.3493975903614458,-6.823823743746626
SOS,45,-96,16,54,-26.738672273364223,3.0450475086446693,45.5,-95.5,0.2962962962962963,-8.781036157056686
SOS,45,-95,31,80,-15.91445540662641,2.9442238230271824,45.5,-94.5,0.3875,-5.4053143929334615
SOS,45,-94,305,1058,-279.2365113094472,59.47811302585959,45.5,-93.5,0.2882797731568998,-4.694777576216014
SOS,45,-93,104,406,-89.72754122571432,19.01541588731646,45.5,-92.5,0.2561576354679803,-4.71867361499907
SOS,45,-92,31,100,-45.185599809444504,6.971853348028028,45.5,-91.5,0.31,-6.481146053111565
SOS,45,-91,51,158,-233.85850058063173,25.82379986827153,45.5,-90.5,0.3227848101265823,-9.055929095390896
SOS,45,-90,57,225,-243.6063195691457,25.218910872429365,45.5,-89.5,0.25333333333333335,-9.659668524205337
SOS,45,-89,75,292,-124.34353885012302,17.414020774224795,45.5,-88.5,0.2568493150684932,-7.140426697673922
SOS,45,-88,180,964,-280.66999753621474,33.190130873464426,45.5,-87.5,0.18672199170124482,-8.456429370714261
SOS,45,-87,19,171,-35.77835447690223,4.5512120918298695,45.5,-86.5,0.1111111111111111,-7.86128041387698
SOS,45,-86,30,255,-47.775099759478685,6.191714319708837,45.5,-85.5,0.11764705882352941,-7.715972878045395
SOS,45,-85,467,2063,-453.8386648784706,57.68395199604795,45.5,-84.5,0.22636936500242366,-7.867676349733528
SOS,45,-84,28,203,-59.76283659124563,10.089696551154837,45.5,-83.5,0.13793103448275862,-5.9231550015649725
SOS,45,-82,18,124,-100.64715786654259,5.56448335952441,45.5,-81.5,0.14516129032258066,-18.087421843803444
SOS,45,-81,83,556,-286.3287081583667,15.720118536033494,45.5,-80.5,0.14928057553956833,-18.21415706898437
SOS,45,-80,75,337,-328.38327619196787,27.35903539076299,45.5,-79.5,0.22255192878338279,-12.002735896998665
SOS,45,-79,379,1801,-519.7414639835997,40.77880950428246,45.5,-78.5,0.21043864519711272,-12.745381003067738
SOS,45,-78,55,246,-86.63359163126246,7.489688280506611,45.5,-77.5,0.22357723577235772,-11.567049039509888
SOS,45,-77,52,276,-146.7296515467559,12.154023947251325,45.5,-76.5,0.18840579710144928,-12.07251624511891
SOS,45,-76,98,555,-171.29556293346218,12.523956216322722,45.5,-75.5,0.17657657657657658,-13.677432272576079
SOS,45,-75,43,342,-121.438836587374,9.700833114275076,45.5,-74.5,0.12573099415204678,-12.518392508852976
SOS,45,-74,39,331,-47.66757431897404,4.384355822391558,45.5,-73.5,0.11782477341389729,-10.8721956542689
SOS,45,-73,66,367,-157.88271105821698,15.535528844999268,45.5,-72.5,0.17983651226158037,-10.162686615527598
SOS,45,-72,108,537,-160.98114429345046,20.872042214105893,45.5,-71.5,0.2011173184357542,-7.712764407148192
SOS,45,-71,17,89,-45.29079751206207,5.481101646483495,45.5,-70.5,0.19101123595505617,-8.263082940838954
SOS,45,-70,22,145,-6.534348232928067,0.8732053564717672,45.5,-69.5,0.15172413793103448,-7.483174701688099
SOS,45,-69,84,645,-103.27586703003648,7.465594094201832,45.5,-68.5,0.13023255813953488,-13.83357650133241
SOS,45,-67,18,144,-48.99738529519931,4.1107021427156685,45.5,-66.5,0.125,-11.91946864406721
SOS,45,-64,2,23,-0.24308656193186398,0.09993491965886403,45.5,-63.5,0.08695652173913043,-2.4324486652079145
SOS,45,-63,6,83,-15.076575914467528,0.6447130519410127,45.5,-62.5,0.07228915662650602,-23.384939810163704
SOS,45,-62,7,54,-1.784794702411798,0.4673292247400966,45.5,-61.5,0.12962962962962962,-3.819137789647983
SOS,45,-2,8,42,-35.967162245860045,5.862431222604851,45.5,-1.5,0.19047619047619047,-6.1351956006195625
SOS,45,-1,38,127,-16.490634034400863,5.717986037721942,45.5,-0.5,0.2992125984251969,-2.8839934070511943
SOS,45,0,621,1812,68.741385187569,197.62660995679198,45.5,0.5,0.34271523178807944,0.3478346625618799
SOS,45,1,146,499,122.3223610181068,59.331117019033854,45.5,1.5,0.2925851703406814,2.0616898377096944
SOS,45,2,988,2874,-170.22143079937447,37.78037282532126,45.5,2.5,0.34377174669450244,-4.505551906181514
SOS,45,3,1173,3553,-627.7340266422369,151.8759052512746,45.5,3.5,0.33014354066985646,-4.133203522992458
SOS,45,4,245,1073,-176.5503772776219,47.89511216347571,45.5,4.5,0.22833178005591798,-3.6861877820646862
SOS,45,5,545,1617,-342.0443979777687,89.79663910554906,45.5,5.5,0.3370439084724799,-3.8091002222891857
SOS,45,6,953,2179,-267.8707071484112,177.0547907082727,45.5,6.5,0.43735658558972007,-1.51292549654741
SOS,45,7,481,1165,16.925303894940196,45.997217281998886,45.5,7.5,0.4128755364806867,0.36796364856540903
SOS,45,8,168,895,-6.332017784040963,24.087698633055933,45.5,8.5,0.1877094972067039,-0.26287350570516665
SOS,45,9,182,760,67.10109358425173,43.01055778270282,45.5,9.5,0.2394736842105263,1.560107495542343
SOS,45,10,98,531,-77.8173027488928,47.42109688072156,45.5,10.5,0.18455743879472694,-1.6409848752471272
SOS,45,11,78,413,-50.2132653680778,16.510105504711536,45.5,11.5,0.18886198547215496,-3.0413655051294675
SOS,45,12,5,47,1.3507462727306678,1.3200509683234007,45.5,12.5,0.10638297872340426,1.0232531206323443
SOS,45,13,60,374,8.275161585704666,7.683817722473808,45.5,13.5,0.16042780748663102,1.0769596422753862
SOS,45,14,77,273,-59.39882586261077,17.70754623380069,45.5,14.5,0.28205128205128205,-3.3544357348184426
SOS,45,15,79,600,-0.6331794751953468,7.238679777074671,45.5,15.5,0.13166666666666665,-0.08747167918667487
SOS,45,16,83,537,-108.95943733421375,13.925840521928157,45.5,16.5,0.15456238361266295,-7.824262899079024
SOS,45,17,148,615,-103.43374534122827,32.94277411691349,45.5,17.5,0.24065040650406505,-3.139800703308811
SOS,45,18,77,405,-57.37175906342751,22.027686505982615,45.5,18.5,0.19012345679012346,-2.604529488280379
SOS,45,19,46,202,-55.24150373440083,17.464566277263387,45.5,19.5,0.22772277227722773,-3.163061873819228
SOS,45,20,8,42,-13.336381114795614,1.71250633510854,45.5,20.5,0.19047619047619047,-7.78763899518675
SOS,45,21,108,411,-46.350014998110595,13.206108383569012,45.5,21.5,0.26277372262773724,-3.509740617893088
SOS,45,22,339,1138,-52.79609794690872,17.42542452192945,45.5,22.5,0.29789103690685415,-3.029831375440305
SOS,45,23,164,590,-75.56270960667104,10.382405849703671,45.5,23.5,0.27796610169491526,-7.277957604482173
SOS,45,24,105,372,2.259882227595446,3.5082891028481527,45.5,24.5,0.28225806451612906,0.6441550742670535
SOS,45,25,171,658,-71.94998145484577,20.258357624489108,45.5,25.5,0.25987841945288753,-3.551619671669226
SOS,45,26,7,24,-7.7815762743010595,0.35909547231257505,45.5,26.5,0.2916666666666667,-21.669937034259174
SOS,45,27,5,20,0.8964790176258557,3.3940106553619858,45.5,27.5,0.25,0.264135593154242
SOS,45,28,54,160,-67.10780810515286,12.52541810355068,45.5,28.5,0.3375,-5.357729981574769
SOS,45,29,24,109,5.03573627526882,1.9219468506256447,45.5,29.5,0.22018348623853212,2.620122545859972
SOS,45,32,7,40,-16.466868901954793,1.2831790482074055,45.5,32.5,0.175,-12.832869212569301
SOS,45,33,14,51,-17.002525707682533,5.627604208688846,45.5,33.5,0.27450980392156865,-3.021272477092679
SOS,45,34,57,190,158.5829766631846,38.763924568296225,45.5,34.5,0.3,4.090993841033438
SOS,45,35,2,24,3.864756708346201,0.616118043654849,45.5,35.5,0.08333333333333333,6.272753651914224
SOS,45,36,3,41,-7.673171218172829,0.8807237857867195,45.5,36.5,0.07317073170731707,-8.71234698324703
SOS,45,37,18,45,8.095366683646898,5.412047026704873,45.5,37.5,0.4,1.4958049410327767
SOS,45,38,36,103,-12.140997620463443,4.760354476654928,45.5,38.5,0.34951456310679613,-2.550439821236768
SOS,45,39,16,54,-4.053999393236839,2.9456214312018245,45.5,39.5,0.2962962962962963,-1.3762798404080023
SOS,45,41,7,23,9.742554534759872,1.745913388443812,45.5,41.5,0.30434782608695654,5.580204951314177
SOS,45,43,3,27,-17.568336943289545,1.5206994826111488,45.5,43.5,0.1111111111111111,-11.552799974077367
SOS,45,45,114,1007,-625.6458976782247,13.980968447314687,45.5,45.5,0.11320754716981132,-44.749825452784854
SOS,45,46,211,1682,-176.34315152775028,5.764520653406609,45.5,46.5,0.12544589774078477,-30.59112147053169
SOS,45,59,0,23,0.0,0.0,45.5,59.5,0.0,
SOS,45,60,0,7,0.0,0.0,45.5,60.5,0.0,
SOS,45,62,15,63,-53.15591042922326,9.330515445467885,45.5,62.5,0.23809523809523808,-5.696996134875132
SOS,45,78,15,44,-17.920490308703723,3.2674728265392825,45.5,78.5,0.3409090909090909,-5.484510892684015
SOS,45,83,11,42,-3.7361183611604734,7.918849449322985,45.5,83.5,0.2619047619047619,-0.47180065552071954
SOS,45,84,0,6,0.0,0.0,45.5,84.5,0.0,
SOS,45,85,3,12,1.928450735676466,0.22696508282617733,45.5,85.5,0.25,8.496684651503784
SOS,45,90,28,85,0.16728329599626407,0.23974532224942327,45.5,90.5,0.32941176470588235,0.6977541602343671
SOS,45,91,22,48,-13.80591122954624,3.6594948561607996,45.5,91.5,0.4583333333333333,-3.7726275817286195
SOS,45,92,31,126,-25.566178709616526,2.923766948978619,45.5,92.5,0.24603174603174602,-8.744260112300589
SOS,45,93,1,8,-1.2367559402169723,0.1374173266907747,45.5,93.5,0.125,-9.0
SOS,45,94,92,277,0.2277258519467742,0.22799867078945346,45.5,94.5,0.33212996389891697,0.9988034191526879
SOS,45,95,13,21,0.4288397857276979,0.17318988643560693,45.5,95.5,0.6190476190476191,2.476124873995706
SOS,45,96,153,326,-0.13049473266913514,0.04803952959258518,45.5,96.5,0.46932515337423314,-2.7164032157649767
SOS,45,99,9,39,6.709252833452224,4.54739936998148,45.5,99.5,0.23076923076923078,1.4754043547926932
SOS,45,100,26,62,6.323989490462966,18.496559256770375,45.5,100.5,0.41935483870967744,0.34190085856904273
SOS,45,108,156,518,-45.48266048489731,23.201236280926672,45.5,108.5,0.30115830115830117,-1.9603550403168732
SOS,45,113,113,511,-6.757270426478898,2.134508709706121,45.5,113.5,0.22113502935420742,-3.1657263311936723
SOS,45,114,725,3124,13.030321114359186,6.005988245868994,45.5,114.5,0.2320742637644046,2.1695548810508627
SOS,45,115,115,431,-9.912857979668967,2.4123608644421193,45.5,115.5,0.2668213457076566,-4.109193664091963
SOS,45,116,45,173,82.53314183659359,10.434193363762022,45.5,116.5,0.26011560693641617,7.909872757699832
SOS,45,119,73,233,328.6691948331939,61.69205857088109,45.5,119.5,0.3133047210300429,5.327577040658636
SOS,45,121,32,95,6.37753591389305,1.8590133092434549,45.5,121.5,0.3368421052631579,3.4306026117093564
SOS,45,122,189,605,643.7960172520499,86.31085415458661,45.5,122.5,0.31239669421487604,7.4590388840201065
SOS,45,123,21,69,25.4006996405093,8.40178500947537,45.5,123.5,0.30434782608695654,3.023250370232383
SOS,45,124,35,126,35.68041128104186,17.77010426013269,45.5,124.5,0.2777777777777778,2.007889810815068
SOS,45,125,41,143,-2.322363641415599,21.417935421003282,45.5,125.5,0.2867132867132867,-0.10843078923182281
SOS,45,126,1,8,-0.013224443046224693,0.001969597900501552,45.5,126.5,0.125,-6.714285714285708
SOS,45,127,7,43,-1.0524657355673948,1.1820049813404454,45.5,127.5,0.16279069767441862,-0.8904071913249068
SOS,45,134,50,135,-22.714483206245617,4.1556304866862055,45.5,134.5,0.37037037037037035,-5.46595354881003
SOS,45,135,58,180,-13.690808500125327,4.8507898152024485,45.5,135.5,0.32222222222222224,-2.822387491871556
SOS,45,136,6,21,0.37288551624109334,0.3976482753732644,45.5,136.5,0.2857142857142857,0.9377269796809082
SOS,45,141,2,22,-0.1810384075078083,0.016484011003210064,45.5,141.5,0.09090909090909091,-10.982667232662806
SOS,46,-124,69,416,150.5839419769699,22.922362457410397,46.5,-123.5,0.1658653846153846,6.569302891739623
SOS,46,-123,240,1038,-798.6302931327069,93.68673945281553,46.5,-122.5,0.23121387283236994,-8.524475265092663
SOS,46,-122,1024,2354,-412.3769194399873,41.508389929887365,46.5,-121.5,0.43500424808836025,-9.934784754035057
SOS,46,-121,29,544,-23.54107193488758,2.8877268614627662,46.5,-120.5,0.05330882352941176,-8.152111700399166
SOS,46,-120,141,1029,-265.13376269916205,50.905919356336085,46.5,-119.5,0.13702623906705538,-5.208309093550665
SOS,46,-119,8,20,-31.974046578234784,1.5669050619210723,46.5,-118.5,0.4,-20.405860798632975
SOS,46,-118,127,584,-74.3247941433735,5.253947348658704,46.5,-117.5,0.21746575342465754,-14.14646725806038
SOS,46,-117,75,240,-56.5641218692764,7.939360945708575,46.5,-116.5,0.3125,-7.1245182397017395
SOS,46,-116,366,1001,-23.171165662776062,3.7443966360703933,46.5,-115.5,0.36563436563436563,-6.188224142593331
SOS,46,-115,1123,3084,-49.568713689607875,9.922333022479842,46.5,-114.5,0.3641374837872892,-4.9956712375311305
SOS,46,-114,255,896,-11.727838369285214,3.248482057267868,46.5,-113.5,0.2845982142857143,-3.61025185379934
SOS,46,-113,78,410,-353.06292686241494,28.334331424537467,46.5,-112.5,0.1902439024390244,-12.460605530881285
SOS,46,-112,52,288,-29.087405258918146,4.012955959330808,46.5,-111.5,0.18055555555555555,-7.248373905346496
SOS,46,-111,82,302,-0.34421934225504697,0.05581121675869042,46.5,-110.5,0.271523178807947,-6.167565630101556
SOS,46,-110,139,435,-4.332548079862806,0.4907256676990399,46.5,-109.5,0.3195402298850575,-8.828859717441844
SOS,46,-109,12,40,-2.4986951259929375,0.44701077008748996,46.5,-108.5,0.3,-5.589787300882901
SOS,46,-106,117,283,-89.12783044501454,10.795931171416347,46.5,-105.5,0.4134275618374558,-8.255687168605913
SOS,46,-104,42,168,-10.104607317547249,1.5329228749236832,46.5,-103.5,0.25,-6.591725834902364
SOS,46,-103,10,31,10.36216993740163,5.167199835259206,46.5,-102.5,0.3225806451612903,2.005374335765713
SOS,46,-101,89,287,-222.5992013832544,43.44395130043024,46.5,-100.5,0.31010452961672474,-5.123824945017143
SOS,46,-100,23,62,-37.726014440520935,9.492676357495998,46.5,-99.5,0.3709677419354839,-3.974223182140847
SOS,46,-96,55,190,-125.73732381011027,16.874642238980545,46.5,-95.5,0.2894736842105263,-7.451258641777669
SOS,46,-95,53,166,-144.7343670343295,21.06831110023161,46.5,-94.5,0.3192771084337349,-6.869765988633914
SOS,46,-94,62,233,-48.31996458902567,11.661258350077244,46.5,-93.5,0.26609442060085836,-4.143632113999567
SOS,46,-93,73,336,-207.81897128261343,29.72523587531157,46.5,-92.5,0.21726190476190477,-6.99133127670884
SOS,46,-92,22,64,-61.651413259437035,10.876528743911537,46.5,-91.5,0.34375,-5.668298655850863
SOS,46,-91,88,319,-389.8990145189374,35.77788281013494,46.5,-90.5,0.27586206896551724,-10.897766550023167
SOS,46,-90,32,127,-33.28644999397894,3.620635199189139,46.5,-89.5,0.25196850393700787,-9.19353874740919
SOS,46,-89,124,508,-134.14066048598085,11.61623219854795,46.5,-88.5,0.2440944881889764,-11.547691040710143
SOS,46,-88,438,2028,-398.93979647488504,38.8216944146389,46.5,-87.5,0.21597633136094674,-10.276207736168587
SOS,46,-87,321,1881,-460.7246520469459,32.426416409045046,46.5,-86.5,0.17065390749601275,-14.2083123289082
SOS,46,-86,347,2733,-805.0575921280803,36.4645529381216,46.5,-85.5,0.1269667032564947,-22.07781330801505
SOS,46,-85,58,409,-170.33155989661216,12.203367777357599,46.5,-84.5,0.14180929095354522,-13.957750270597362
SOS,46,-84,58,308,-88.04081507382152,6.313681493108877,46.5,-83.5,0.18831168831168832,-13.944449869686084
SOS,46,-83,58,362,-91.60501453963401,5.480520549925203,46.5,-82.5,0.16022099447513813,-16.714655789564407
SOS,46,-82,181,991,-881.2395197871779,75.41011946023698,46.5,-81.5,0.18264379414732593,-11.685958411083632
SOS,46,-81,124,632,-798.7394733908371,65.78774386794431,46.5,-80.5,0.1962025316455696,-12.141159225556454
SOS,46,-80,61,358,-163.87216413728154,11.753317127364005,46.5,-79.5,0.17039106145251395,-13.942631034412857
SOS,46,-79,38,201,-110.89650543695052,6.876437810566691,46.5,-78.5,0.1890547263681592,-16.12702804736214
SOS,46,-76,24,108,-57.73506246358717,5.20405455029036,46.5,-75.5,0.2222222222222222,-11.094246208538657
SOS,46,-75,352,1665,-258.3615950896279,34.92970630683595,46.5,-74.5,0.2114114114114114,-7.396615156740237
SOS,46,-74,50,384,-61.52941329442587,3.906618856206878,46.5,-73.5,0.13020833333333334,-15.750042571127018
SOS,46,-73,55,675,-82.54972023034817,6.668249486817008,46.5,-72.5,0.08148148148148149,-12.379518851768708
SOS,46,-72,118,813,-295.5180048404356,29.864512038120886,46.5,-71.5,0.14514145141451415,-9.895289916782112
SOS,46,-71,71,318,-257.7965422890546,28.93491723546958,46.5,-70.5,0.22327044025157233,-8.909531006815437
SOS,46,-70,130,678,-50.940314081826926,5.522312126391228,46.5,-69.5,0.19174041297935104,-9.224453981581783
SOS,46,-69,63,403,-33.39602499440969,2.9295658621419736,46.5,-68.5,0.15632754342431762,-11.39964983411977
SOS,46,-68,8,59,-21.754241898176634,1.3182997225456705,46.5,-67.5,0.13559322033898305,-16.501741998525674
SOS,46,-65,25,165,-48.22072719252652,4.740803987930125,46.5,-64.5,0.15151515151515152,-10.171423943131657
SOS,46,-62,3,22,-0.7453125671387802,0.099981193679899,46.5,-61.5,0.13636363636363635,-7.454527593709093
SOS,46,-61,17,182,-7.7190866730779,0.5007717577617482,46.5,-60.5,0.09340659340659341,-15.414381009782113
SOS,46,-60,1,20,-2.5220854858421617,0.377568844856901,46.5,-59.5,0.05,-6.679802955665038
SOS,46,-54,16,402,-0.3157971864723623,0.9181995022302891,46.5,-53.5,0.03980099502487562,-0.3439309057620887
SOS,46,-2,1,23,4.3957505251718985,0.904811423490619,46.5,-1.5,0.043478260869565216,4.85819521178655
SOS,46,1,363,1085,-799.1318944997034,180.1411816838599,46.5,1.5,0.3345622119815668,-4.436142180426827
SOS,46,2,47,114,0.754002984690886,13.629249184456922,46.5,2.5,0.41228070175438597,0.05532241537932747
SOS,46,3,167,562,-152.51973378951152,35.24316056992953,46.5,3.5,0.297153024911032,-4.3276406350356025
SOS,46,4,251,1059,-283.68117365920557,58.92114737310775,46.5,4.5,0.23701605288007555,-4.814590114188454
SOS,46,5,397,1149,26.71929247934198,28.969214002162463,46.5,5.5,0.34551784160139254,0.9223340501177376
SOS,46,6,352,940,-106.61220947142067,33.41500571849096,46.5,6.5,0.37446808510638296,-3.190548892003462
SOS,46,7,394,916,-247.05098585983623,116.57339529273878,46.5,7.5,0.43013100436681223,-2.119274172631264
SOS,46,8,291,760,-80.10430288863134,57.04510762743473,46.5,8.5,0.3828947368421053,-1.4042273951308444
SOS,46,9,242,544,11.502988876975795,83.10141650513206,46.5,9.5,0.44485294117647056,0.1384210926929917
SOS,46,10,1002,1850,-10.583323071842596,11.301250653952033,46.5,10.5,0.5416216216216216,-0.9364736165852247
SOS,46,11,533,1146,-65.8090203885591,68.46877089748982,46.5,11.5,0.4650959860383944,-0.9611538154684733
SOS,46,12,630,1528,-9.31812213444408,9.1890686067722,46.5,12.5,0.412303664921466,-1.0140442446557392
SOS,46,13,526,1270,0.6296676682369031,24.647179948625613,46.5,13.5,0.4141732283464567,0.025547250011943655
SOS,46,14,87,502,31.482140719742166,14.58188310531528,46.5,14.5,0.17330677290836655,2.1589900626940652
SOS,46,15,79,589,-123.47239842464779,27.6708358121715,46.5,15.5,0.13412563667232597,-4.462185358721124
SOS,46,16,34,163,-110.95357466244988,18.191467519829647,46.5,16.5,0.2085889570552147,-6.099209672969193
SOS,46,17,101,648,-170.42989946553885,24.637912372073128,46.5,17.5,0.1558641975308642,-6.917383944376706
SOS,46,18,41,233,-35.1750848760557,6.819512074254254,46.5,18.5,0.1759656652360515,-5.158006099710918
SOS,46,19,63,335,43.689046171167455,16.393760748715135,46.5,19.5,0.1880597014925373,2.664980100712498
SOS,46,20,13,102,-56.01325304008107,6.3995218316818345,46.5,20.5,0.12745098039215685,-8.752724736835601
SOS,46,22,142,683,-16.582899103119036,1.1634407294176738,46.5,22.5,0.20790629575402636,-14.253325230774
SOS,46,23,31,157,-66.66433392670062,15.351462555002671,46.5,23.5,0.19745222929936307,-4.342539591120348
SOS,46,24,27,148,-7.059421321122505,6.5618392011338385,46.5,24.5,0.18243243243243243,-1.0758296728610308
SOS,46,25,54,257,-14.633227207595397,1.2391027114570412,46.5,25.5,0.21011673151750973,-11.809535297028296
SOS,46,26,8,26,2.795105653560609,0.6085435541544775,46.5,26.5,0.3076923076923077,4.593106992061045
SOS,46,28,35,158,-9.448504944060314,7.124071056355966,46.5,28.5,0.22151898734177214,-1.3262788747215724
SOS,46,29,12,48,0.4791341235234945,2.4062188364378576,46.5,29.5,0.25,0.1991232535743922
SOS,46,30,19,80,-48.098915528580434,7.25550340582053,46.5,30.5,0.2375,-6.629300937271202
SOS,46,31,10,39,62.06722299557147,3.250319576089418,46.5,31.5,0.2564102564102564,19.095729371401344
SOS,46,32,28,231,-21.708642363977155,4.666621051922415,46.5,32.5,0.12121212121212122,-4.65189740551877
SOS,46,33,44,311,37.14719799546561,7.130804530014853,46.5,33.5,0.1414790996784566,5.209397879174264
SOS,46,34,11,45,16.411028003810358,2.3806169376240174,46.5,34.5,0.24444444444444444,6.893602975113434
SOS,46,35,3,26,8.681051043682233,0.8190434589975342,46.5,35.5,0.11538461538461539,10.599011503379051
SOS,46,36,0,11,0.0,0.0,46.5,36.5,0.0,
SOS,46,38,4,10,13.510077735935745,0.8361843535792706,46.5,38.5,0.4,16.15681718762869
SOS,46,41,10,65,-39.03823288966678,4.581439334626106,46.5,41.5,0.15384615384615385,-8.520953796030721
SOS,46,42,15,178,-187.56411755732697,7.538716033913044,46.5,42.5,0.08426966292134831,-24.88011442712082
SOS,46,43,2,21,-10.958780903789362,0.43887235443808165,46.5,43.5,0.09523809523809523,-24.970314928632586
SOS,46,44,27,224,-341.614657872764,16.2602904843412,46.5,44.5,0.12053571428571429,-21.009136226793846
SOS,46,45,220,1296,-157.39369833423123,3.6828102249143693,46.5,45.5,0.1697530864197531,-42.73739039537148
SOS,46,46,284,2212,-280.85549455151005,5.785735649199529,46.5,46.5,0.12839059674502712,-48.5427457423443
SOS,46,47,9,86,86.42032967161143,4.638136934004415,46.5,47.5,0.10465116279069768,18.632552445362787
SOS,46,48,44,323,277.23426299806147,16.2170513912162,46.5,48.5,0.13622291021671826,17.09523243838412
SOS,46,73,0,21,0.0,0.0,46.5,73.5,0.0,
SOS,46,74,0,39,0.0,0.0,46.5,74.5,0.0,
SOS,46,80,18,82,-23.154907066643016,6.452409525211826,46.5,80.5,0.21951219512195122,-3.5885674919065003
SOS,46,81,50,171,-29.52456565610009,17.67963257820439,46.5,81.5,0.29239766081871343,-1.6699762014567112
SOS,46,82,11,33,31.862581993697972,5.358704846596138,46.5,82.5,0.3333333333333333,5.945948303896072
SOS,46,85,10,45,-3.3962495320750756,0.6844966481002579,46.5,85.5,0.2222222222222222,-4.961674453046596
SOS,46,86,5,21,14.444793788569264,4.821797856317196,46.5,86.5,0.23809523809523808,2.995727780177401
SOS,46,89,15,42,-111.69125667219055,10.543650028141759,46.5,89.5,0.35714285714285715,-10.593224962330746
SOS,46,90,15,66,-18.897879904778705,0.6230871406571391,46.5,90.5,0.22727272727272727,-30.32943335156628
SOS,46,91,405,1788,-61.520258435796414,5.122982488339348,46.5,91.5,0.22651006711409397,-12.008680212322696
SOS,46,95,70,242,-0.050018940854708135,0.01058782800120208,46.5,95.5,0.2892561983471074,-4.7241928041359635
SOS,46,100,839,1784,-0.06642211304078666,0.018366895491350562,46.5,100.5,0.4702914798206278,-3.6164039302159976
SOS,46,101,1619,3411,-0.08795856880904222,0.10554191912924858,46.5,101.5,0.47464086778070946,-0.8333993690348432
SOS,46,102,282,1013,-83.23152083736261,17.6849221529705,46.5,102.5,0.2783810463968411,-4.706354945610116
SOS,46,116,910,2730,119.32490596034087,23.143749033868808,46.5,116.5,0.3333333333333333,5.1558157576682815
SOS,46,117,891,2685,-16.829689557329115,17.332935520988126,46.5,117.5,0.3318435754189944,-0.9709659126666893
SOS,46,118,179,527,3.2870993781172975,2.821141841713947,46.5,118.5,0.3396584440227704,1.1651662917169257
SOS,46,122,56,231,93.99758183882156,30.73237477188703,46.5,122.5,0.24242424242424243,3.058585043834864
SOS,46,123,46,177,30.81372208967923,24.38142276501808,46.5,123.5,0.2598870056497175,1.263819687089388
SOS,46,124,260,919,-133.34637944468847,99.58284559805793,46.5,124.5,0.28291621327529926,-1.3390496992113368
SOS,46,125,56,234,13.405095441311001,22.08810240341443,46.5,125.5,0.23931623931623933,0.6068921266518037
SOS,46,127,1,14,0.047414706006242945,0.01313592062208968,46.5,127.5,0.07142857142857142,3.6095457159286752
SOS,46,128,4,23,-1.4384619467802473,2.54886106640934,46.5,128.5,0.17391304347826086,-0.5643547880020992
SOS,46,129,0,6,0.0,0.0,46.5,129.5,0.0,
SOS,46,131,0,9,0.0,0.0,46.5,131.5,0.0,
SOS,46,132,3,24,-2.6539515353152097,0.9678506290985929,46.5,132.5,0.125,-2.74210860180663
SOS,46,135,36,216,-8.934517810445255,2.3678540835904314,46.5,135.5,0.16666666666666666,-3.773255232390689
SOS,46,142,4,74,-1.7234942575338192,0.6362247180065594,46.5,142.5,0.05405405405405406,-2.7089394812165253
SOS,47,-124,140,411,65.40213533733632,21.03393201528519,47.5,-123.5,0.340632603406326,3.1093632559908015
SOS,47,-123,251,1445,280.0760223056455,62.14293953111729,47.5,-122.5,0.17370242214532872,4.506964498604076
SOS,47,-122,1207,2952,-185.56345880540786,64.4584150229754,47.5,-121.5,0.40887533875338755,-2.8788088993386833
SOS,47,-121,346,1705,-453.9720665599154,42.923489491393084,47.5,-120.5,0.2029325513196481,-10.576308495397253
SOS,47,-120,13,144,-9.831179975228084,2.522980022019291,47.5,-119.5,0.09027777777777778,-3.896653913002294
SOS,47,-119,4,39,-6.073317171159465,0.26523127286051595,47.5,-118.5,0.10256410256410256,-22.898194114362212
SOS,47,-118,31,267,-8.481094896426491,6.316513674816982,47.5,-117.5,0.11610486891385768,-1.34268606592896
SOS,47,-117,14,160,-39.91567020780114,1.6022047805246902,47.5,-116.5,0.0875,-24.912964118562645
SOS,47,-116,43,179,-5.49508286867076,0.3896801754483997,47.5,-115.5,0.24022346368715083,-14.101520207815659
SOS,47,-114,1330,4522,-31.223264669781326,4.932192562526387,47.5,-113.5,0.29411764705882354,-6.330503984578417
SOS,47,-113,633,2271,-12.598506756647614,1.4125906990568664,47.5,-112.5,0.27873183619550856,-8.918724132233889
SOS,47,-112,52,195,-81.18506283210642,11.828748293725772,47.5,-111.5,0.26666666666666666,-6.863368871850014
SOS,47,-111,18,74,-5.069862648613064,0.6304329574313277,47.5,-110.5,0.24324324324324326,-8.041874379902353
SOS,47,-110,269,986,-184.78241775818987,9.90461284476387,47.5,-109.5,0.27281947261663286,-18.656197940727804
SOS,47,-109,364,1401,-209.43111987452176,11.4704396895629,47.5,-108.5,0.2598144182726624,-18.258334078081226
SOS,47,-108,313,996,-551.6769237167493,49.76103235215119,47.5,-107.5,0.3142570281124498,-11.086524889849882
SOS,47,-107,106,286,-129.01900005988412,7.848506863072643,47.5,-106.5,0.3706293706293706,-16.438668183743417
SOS,47,-105,18,60,-33.60287746170314,10.693548207728156,47.5,-104.5,0.3,-3.142350584571972
SOS,47,-104,51,215,-195.95816779045944,23.89920325599573,47.5,-103.5,0.2372093023255814,-8.199359856956667
SOS,47,-102,1,2,-1.1162872699705164,0.03986740249894702,47.5,-101.5,0.5,-27.999999999999996
SOS,47,-101,53,175,-114.86379689624123,16.822358910968006,47.5,-100.5,0.3028571428571429,-6.8280434096166625
SOS,47,-100,15,47,-19.46789403003485,6.000624457870001,47.5,-99.5,0.3191489361702128,-3.2443113490467006
SOS,47,-96,29,112,-64.17110030185788,6.4834183814208055,47.5,-95.5,0.25892857142857145,-9.897726249743446
SOS,47,-95,55,202,-320.212475403871,27.743070349082803,47.5,-94.5,0.2722772277227723,-11.542070555808447
SOS,47,-94,33,154,-192.31158102181126,16.880980603641884,47.5,-93.5,0.21428571428571427,-11.392204371132456
SOS,47,-93,156,733,-628.3560716238977,59.61959311821668,47.5,-92.5,0.21282401091405184,-10.539422340202192
SOS,47,-92,328,1288,-258.0145844387931,25.199416387496477,47.5,-91.5,0.2546583850931677,-10.238911110926187
SOS,47,-91,139,616,-32.9218373872216,2.955430524202008,47.5,-90.5,0.22564935064935066,-11.139438778081507
SOS,47,-90,14,221,-9.403743460071528,1.197775132130965,47.5,-89.5,0.06334841628959276,-7.851009098294854
SOS,47,-89,29,219,-157.0256569452737,12.311470105622057,47.5,-88.5,0.1324200913242009,-12.754419707648694
SOS,47,-88,6,51,-6.908376498440359,1.3529544784046346,47.5,-87.5,0.11764705882352941,-5.106141122047594
SOS,47,-86,9,211,-29.35065254941349,1.8603164662905183,47.5,-85.5,0.04265402843601896,-15.77723633653518
SOS,47,-85,276,1572,-326.87935189061756,20.732281497512584,47.5,-84.5,0.17557251908396945,-15.766685009068388
SOS,47,-84,33,174,-17.21816850349517,0.8657654524526626,47.5,-83.5,0.1896551724137931,-19.887798080550702
SOS,47,-83,78,429,-197.58292005405704,9.404200591508694,47.5,-82.5,0.18181818181818182,-21.01007077969604
SOS,47,-82,9,44,-2.000865294768569,0.1169386395874557,47.5,-81.5,0.20454545454545456,-17.11038628315979
SOS,47,-81,128,1041,-173.8504720756708,7.831319804295208,47.5,-80.5,0.12295869356388088,-22.199383554777043
SOS,47,-80,30,137,-206.4120547092074,15.609770070662595,47.5,-79.5,0.21897810218978103,-13.223260417982937
SOS,47,-73,6,69,-74.93713521926502,4.22537968176336,47.5,-72.5,0.08695652173913043,-17.735006286581047
SOS,47,-72,98,654,-21.141599181690026,2.118981001938581,47.5,-71.5,0.14984709480122324,-9.977248102908106
SOS,47,-71,90,602,-48.12076054115181,3.3399107467563662,47.5,-70.5,0.14950166112956811,-14.407798348469472
SOS,47,-70,5,35,-28.932284294787888,1.8960586124263155,47.5,-69.5,0.14285714285714285,-15.259171897520785
SOS,47,-69,27,206,-113.65295591332622,11.876439548420796,47.5,-68.5,0.13106796116504854,-9.569615156963318
SOS,47,-68,3,24,-8.740195093613647,0.6305410037880461,47.5,-67.5,0.125,-13.861422240751894
SOS,47,-67,24,168,-8.094163655795077,0.4890417633226374,47.5,-66.5,0.14285714285714285,-16.551068360300924
SOS,47,-56,29,444,-47.40466735379672,4.592841822542239,47.5,-55.5,0.06531531531531531,-10.321423899496978
SOS,47,-55,19,271,-14.698361073870174,0.7765776400458353,47.5,-54.5,0.07011070110701106,-18.92709796924187
SOS,47,-54,26,639,-5.870323440624763,1.70824098689721,47.5,-53.5,0.0406885758998435,-3.436472655586737
SOS,47,-53,5,98,-35.07045560386547,0.7589562584699555,47.5,-52.5,0.05102040816326531,-46.20879690032069
SOS,47,-5,7,53,-0.6056157972790528,0.17135289295767886,47.5,-4.5,0.1320754716981132,-3.5343190699945124
SOS,47,-4,7,88,24.715807509024863,2.5654702805479337,47.5,-3.5,0.07954545454545454,9.634026048333741
SOS,47,-3,30,253,-85.48314818111463,5.35287301297899,47.5,-2.5,0.11857707509881422,-15.969582684634135
SOS,47,-2,36,298,-37.349865447290156,11.466171844786443,47.5,-1.5,0.12080536912751678,-3.2573962742650484
SOS,47,-1,62,214,-21.018481210789666,30.265902673345877,47.5,-0.5,0.2897196261682243,-0.6944607414369276
SOS,47,0,262,825,-109.46318411239223,54.99565258620386,47.5,0.5,0.31757575757575757,-1.9903970398535107
SOS,47,1,67,211,37.77016796084989,34.013121480599345,47.5,1.5,0.3175355450236967,1.1104587381782502
SOS,47,2,57,176,50.78503583906986,40.828542462759714,47.5,2.5,0.32386363636363635,1.2438611024479163
SOS,47,3,343,1139,-55.658820108540205,42.48662491734959,47.5,3.5,0.30114135206321335,-1.3100315738615353
SOS,47,4,375,1264,-43.97523383477321,56.84430449288351,47.5,4.5,0.29667721518987344,-0.7736084419905004
SOS,47,5,34,94,19.92581522409069,9.374606909004324,47.5,5.5,0.3617021276595745,2.125509412554879
SOS,47,6,554,1793,109.81687307531418,76.66164883856246,47.5,6.5,0.3089793641940881,1.4324877528602533
SOS,47,7,314,1206,-426.980297199551,90.6543520442369,47.5,7.5,0.2603648424543947,-4.709981237207409
SOS,47,8,472,1607,-451.4488744368084,94.76870610491267,47.5,8.5,0.2937149968886123,-4.763691444062102
SOS,47,9,372,1282,-831.674133810114,133.48420462830853,47.5,9.5,0.29017160686427457,-6.230505969795751
SOS,47,10,393,1096,-363.9896326500342,53.403591159524716,47.5,10.5,0.3585766423357664,-6.815826890044554
SOS,47,11,642,1818,-523.7462765484333,90.74965405308613,47.5,11.5,0.35313531353135313,-5.77133083330605
SOS,47,12,761,2051,-318.4221193297567,60.82334557609138,47.5,12.5,0.37103851779619695,-5.235195734693736
SOS,47,13,809,2144,-208.57062733248307,34.59284571919707,47.5,13.5,0.3773320895522388,-6.0292994980964565
SOS,47,14,975,2894,10.277017310606045,14.313641977931479,47.5,14.5,0.3369039391845197,0.7179875901919979
SOS,47,15,909,2874,-175.24148296349202,37.67417572607673,47.5,15.5,0.3162839248434238,-4.65150144856908
SOS,47,16,242,1177,-231.13873449577815,44.87418551533323,47.5,16.5,0.205607476635514,-5.150817376212867
SOS,47,17,67,330,-55.210254796733786,15.169827238981632,47.5,17.5,0.20303030303030303,-3.6394781513965424
SOS,47,18,128,812,-46.957110165803755,14.6153016718669,47.5,18.5,0.15763546798029557,-3.212873139402373
SOS,47,19,71,435,-25.876562875074704,17.91745309447951,47.5,19.5,0.1632183908045977,-1.4442098851118217
SOS,47,20,55,370,-49.664516088444415,9.91430437413962,47.5,20.5,0.14864864864864866,-5.009379802579884
SOS,47,21,90,692,-104.90720435892223,29.16984891634347,47.5,21.5,0.13005780346820808,-3.5964260445704315
SOS,47,22,6,37,-2.428941041850096,3.4485848603456337,47.5,22.5,0.16216216216216217,-0.7043297874962705
SOS,47,23,29,225,4.219660699324726,9.524964138837046,47.5,23.5,0.1288888888888889,0.4430106652180979
SOS,47,24,234,986,-48.15310019522664,6.29034347151436,47.5,24.5,0.23732251521298176,-7.655082812772717
SOS,47,25,131,554,-89.70825593193817,8.459632526570418,47.5,25.5,0.2364620938628159,-10.604273371234292
SOS,47,26,74,289,-2.15644630473633,0.7737419565027699,47.5,26.5,0.2560553633217993,-2.7870355053294955
SOS,47,27,12,46,-22.046302095889274,3.2955867072792397,47.5,27.5,0.2608695652173913,-6.689644076787223
SOS,47,28,88,662,125.38324902193361,21.387328873969942,47.5,28.5,0.13293051359516617,5.862501566267813
SOS,47,29,2,22,0.19632632883596735,0.593243813369331,47.5,29.5,0.09090909090909091,0.33093700163669815
SOS,47,30,4,13,2.6115838636340705,1.7093323441732213,47.5,30.5,0.3076923076923077,1.527838557865267
SOS,47,31,9,37,34.31362669874101,3.301414045221456,47.5,31.5,0.24324324324324326,10.3936150475907
SOS,47,32,4,11,-0.03570954820324079,0.7930050967708064,47.5,32.5,0.36363636363636365,-0.04503066669893237
SOS,47,33,7,39,-1.2041194287441144,2.448124520260551,47.5,33.5,0.1794871794871795,-0.4918538329153132
SOS,47,34,2,20,0.17191770175779633,0.013430012618024456,47.5,34.5,0.1,12.80100820806863
SOS,47,36,1,19,10.396633256267977,0.3058762347260817,47.5,36.5,0.05263157894736842,33.98967319438324
SOS,47,37,10,109,34.84610852727574,4.889259133928645,47.5,37.5,0.09174311926605505,7.127073360760078
SOS,47,38,8,144,-20.242857011117625,2.6040102347952465,47.5,38.5,0.05555555555555555,-7.773724058618887
SOS,47,39,55,447,30.301736239743096,25.12638236275139,47.5,39.5,0.12304250559284116,1.2059729014019906
SOS,47,40,13,157,-43.68421256238523,5.4827644075288,47.5,40.5,0.08280254777070063,-7.9675523723760815
SOS,47,41,16,165,-76.96486765522755,4.7160240640266125,47.5,41.5,0.09696969696969697,-16.319863217473447
SOS,47,42,39,410,-123.70208804967037,7.672259646918972,47.5,42.5,0.0951219512195122,-16.123292711990878
SOS,47,43,15,204,-254.72010974727547,10.9053916408443,47.5,43.5,0.07352941176470588,-23.357263832072235
SOS,47,44,28,412,-73.85683226119342,2.733788894687433,47.5,44.5,0.06796116504854369,-27.016289518447916
SOS,47,45,78,612,-52.18785583348815,1.2120031337297468,47.5,45.5,0.12745098039215685,-43.059175658142344
SOS,47,46,1,2,-0.45854726175475774,0.1528490872515859,47.5,46.5,0.5,-3.0
SOS,47,47,3,40,26.36445723463641,2.6793887781352965,47.5,47.5,0.075,9.839728168520802
SOS,47,51,12,185,11.345749178058774,10.657364796127093,47.5,51.5,0.06486486486486487,1.0645923636002252
SOS,47,52,5,58,-41.432302543809534,4.896982535275042,47.5,52.5,0.08620689655172414,-8.460782174605503
SOS,47,67,27,163,-51.52957849360824,10.939744276342973,47.5,67.5,0.1656441717791411,-4.710309235019337
SOS,47,80,9,22,-33.73473283651395,4.247190077241794,47.5,80.5,0.4090909090909091,-7.942835668523205
SOS,47,84,3,21,-0.04145236031159309,0.01392740492090605,47.5,84.5,0.14285714285714285,-2.97631615846611
SOS,47,85,5,22,-14.236294242995656,3.0609070983284554,47.5,85.5,0.22727272727272727,-4.65100500788476
SOS,47,86,9,44,-65.9456068950094,5.38907331074988,47.5,86.5,0.20454545454545456,-12.236910335486453
SOS,47,87,25,111,-0.6706182157000309,6.284476791429154,47.5,87.5,0.22522522522522523,-0.10671027007604328
SOS,47,88,18,66,-135.24760232236787,14.999785648971356,47.5,88.5,0.2727272727272727,-9.01663566983324
SOS,47,90,43,124,-0.030299644846282472,0.003804999972307756,47.5,90.5,0.3467741935483871,-7.963113026753993
SOS,47,91,173,543,1.9266271212449737,0.5540953864731885,47.5,91.5,0.31860036832412525,3.4770676101599327
SOS,47,92,534,1815,70.02261060217916,32.042522440804426,47.5,92.5,0.29421487603305785,2.1853026936796067
SOS,47,93,24,93,7.2571145216738415,2.777957141702868,47.5,93.5,0.25806451612903225,2.612392542969645
SOS,47,97,1194,2752,-0.08262479676684804,0.014670268233040497,47.5,97.5,0.43386627906976744,-5.632125838078394
SOS,47,98,228,504,-0.008929354449895337,0.001381352177678217,47.5,98.5,0.4523809523809524,-6.464212815665761
SOS,47,99,286,769,-0.018277649002568674,0.004383451783277384,47.5,99.5,0.3719115734720416,-4.1696931793106184
SOS,47,100,1232,2536,-0.07644036314935324,0.026754577115523658,47.5,100.5,0.48580441640378547,-2.8570947998651293
SOS,47,101,209,487,-0.0029599889645083905,0.017171203166543393,47.5,101.5,0.42915811088295686,-0.17238098785504288
SOS,47,102,84,380,29.626844683693257,4.639071627644905,47.5,102.5,0.22105263157894736,6.386373624227434
SOS,47,104,52,218,-0.39221749347608537,0.07017585456284711,47.5,104.5,0.23853211009174313,-5.589066152729622
SOS,47,105,99,414,-3.5752330509374515,0.322698088243767,47.5,105.5,0.2391304347826087,-11.079188818239018
SOS,47,106,124,427,-40.16804045527915,14.441735148364728,47.5,106.5,0.2903981264637002,-2.781386034477129
SOS,47,107,244,805,0.763916870346136,0.8606225687623743,47.5,107.5,0.3031055900621118,0.8876328579724481
SOS,47,111,48,132,0.21853903912704883,0.31344256740449283,47.5,111.5,0.36363636363636365,0.6972219534082221
SOS,47,112,326,1018,18.374265240497056,2.3714967360079036,47.5,112.5,0.32023575638506874,7.747961429383059
SOS,47,122,8,38,-12.446520447082024,3.9865470374961802,47.5,122.5,0.21052631578947367,-3.1221305882042913
SOS,47,123,24,94,40.433407673029166,9.7693928200791,47.5,123.5,0.2553191489361702,4.138784100269374
SOS,47,124,306,996,129.90984788231063,91.0420378325495,47.5,124.5,0.3072289156626506,1.4269215735400098
SOS,47,128,16,88,-15.82436504881778,2.7197615271937394,47.5,128.5,0.18181818181818182,-5.8182913798127815
SOS,47,129,19,117,-26.32465254614324,6.556816937850883,47.5,129.5,0.1623931623931624,-4.014852449849184
SOS,47,130,4,18,3.381086959327284,1.3004439853761327,47.5,130.5,0.2222222222222222,2.599948169508707
SOS,47,132,2,5,-1.823801050919471,0.8582593180797511,47.5,132.5,0.4,-2.125
SOS,47,134,93,598,-8.350087475720533,3.4626319311837253,47.5,134.5,0.15551839464882944,-2.4114857257918247
SOS,47,135,190,1076,-47.91364381348618,11.088491819510898,47.5,135.5,0.17657992565055763,-4.321024409214886
SOS,47,136,498,2004,22.90150427741365,22.410757279927207,47.5,136.5,0.24850299401197604,1.0218978319811618
SOS,47,137,28,122,-0.4419709416381756,0.8199785187300964,47.5,137.5,0.22950819672131148,-0.5390030733032586
SOS,47,138,61,282,-37.42933226963711,4.055613762918469,47.5,138.5,0.21631205673758866,-9.229017963165829
SOS,47,139,47,248,-30.18804267657683,2.2200595547994806,47.5,139.5,0.18951612903225806,-13.597852639274564
SOS,47,142,12,109,-6.75778735149003,0.7094112500733555,47.5,142.5,0.11009174311926606,-9.525909478868925
SOS,48,-125,48,151,-3.7635001193147395,0.6087340261751276,48.5,-124.5,0.31788079470198677,-6.182503289592707
SOS,48,-124,37,199,43.39495864509066,16.936212460927607,48.5,-123.5,0.18592964824120603,2.562258754441363
SOS,48,-123,82,486,-12.661302564768862,16.373010746680865,48.5,-122.5,0.16872427983539096,-0.773303258677428
SOS,48,-122,2260,4153,-2054.058263806145,267.1410511677798,48.5,-121.5,0.5441849265591139,-7.689040133768432
SOS,48,-121,2287,4755,-970.5099700493913,134.28997055323205,48.5,-120.5,0.48096740273396427,-7.226972841316431
SOS,48,-120,99,429,-51.93459897053235,3.3830714736333323,48.5,-119.5,0.23076923076923078,-15.35131591965922
SOS,48,-118,59,391,-33.49712794158624,2.173741230999577,48.5,-117.5,0.15089514066496162,-15.409896754906224
SOS,48,-116,164,432,-16.277195737932885,2.349938388712504,48.5,-115.5,0.37962962962962965,-6.926647871330328
SOS,48,-115,337,1479,-87.43179302992574,9.674239042244821,48.5,-114.5,0.22785665990534146,-9.037588656651383
SOS,48,-114,1323,4921,-168.49509941094894,18.57776649197179,48.5,-113.5,0.26884779516358465,-9.069717798625714
SOS,48,-113,115,470,-18.644799891886766,1.680769074239605,48.5,-112.5,0.24468085106382978,-11.09301698707292
SOS,48,-112,0,2,0.0,0.0,48.5,-111.5,0.0,
SOS,48,-111,6,18,-1.2671438004343365,0.18961214934049186,48.5,-110.5,0.3333333333333333,-6.682819665520962
SOS,48,-110,16,77,-140.40156110548114,11.940288692713196,48.5,-109.5,0.2077922077922078,-11.758640408013253
SOS,48,-109,27,101,-0.6257724126727546,0.5226995308640061,48.5,-108.5,0.26732673267326734,-1.1971933696561239
SOS,48,-108,30,104,-8.535464694594852,5.752674331443139,48.5,-107.5,0.28846153846153844,-1.483738554074138
SOS,48,-107,80,230,-6.454472105932403,0.7861925536310405,48.5,-106.5,0.34782608695652173,-8.209785345997416
SOS,48,-105,16,51,-0.5856623350479024,0.887756901865006,48.5,-104.5,0.3137254901960784,-0.6597102583123137
SOS,48,-104,31,105,-169.27344495562,17.868724588785,48.5,-103.5,0.29523809523809524,-9.473168838354674
SOS,48,-103,7,18,-29.06927996353446,1.7066745971531077,48.5,-102.5,0.3888888888888889,-17.032702081594657
SOS,48,-102,1,2,1.9430164549674944,0.4857541137418736,48.5,-101.5,0.5,4.0
SOS,48,-101,57,186,-84.97597751947596,12.227770988257241,48.5,-100.5,0.3064516129032258,-6.94942500976518
SOS,48,-100,7,22,-0.13523151077124698,0.01743250152545371,48.5,-99.5,0.3181818181818182,-7.757435762950684
SOS,48,-97,221,865,-241.61651437444974,29.225675374155305,48.5,-96.5,0.25549132947976877,-8.267268806664251
SOS,48,-96,421,1771,-90.6511481984434,12.892224118830567,48.5,-95.5,0.23771880293619424,-7.031459224016826
SOS,48,-95,233,1123,-45.07994163683964,3.4098182174374827,48.5,-94.5,0.20747996438112198,-13.220629007817822
SOS,48,-94,55,232,-138.05845269952616,12.03376123707519,48.5,-93.5,0.23706896551724138,-11.472593645466189
SOS,48,-93,469,1642,-530.8932778578076,38.33807632778001,48.5,-92.5,0.2856272838002436,-13.847676480134686
SOS,48,-92,1440,5565,-944.1536969114861,60.42022802194949,48.5,-91.5,0.2587601078167116,-15.626450409430655
SOS,48,-91,242,986,-225.9458226726103,13.919738318936615,48.5,-90.5,0.24543610547667344,-16.232045279560342
SOS,48,-90,35,202,-70.73590436265903,5.684069761512557,48.5,-89.5,0.17326732673267325,-12.444587651196574
SOS,48,-89,34,482,-22.102285993291765,2.546637368641307,48.5,-88.5,0.07053941908713693,-8.679007959850944
SOS,48,-88,0,17,0.0,0.0,48.5,-87.5,0.0,
SOS,48,-87,104,575,-127.19435841113078,6.077641640045631,48.5,-86.5,0.1808695652173913,-20.92824255596877
SOS,48,-86,334,1614,-123.2805887134806,6.614066813595269,48.5,-85.5,0.20693928128872366,-18.639150796008945
SOS,48,-85,5,22,-0.8659024425749842,0.04539068085471915,48.5,-84.5,0.22727272727272727,-19.07665684386751
SOS,48,-84,229,882,-217.78760835828666,13.297571544236325,48.5,-83.5,0.25963718820861675,-16.37799861679888
SOS,48,-83,30,137,-15.531067606285482,0.849957906485764,48.5,-82.5,0.21897810218978103,-18.27274914177837
SOS,48,-82,34,145,-7.1638040427282075,0.8131896989673632,48.5,-81.5,0.23448275862068965,-8.809511546721797
SOS,48,-81,30,130,-206.5798546246021,17.130270531799955,48.5,-80.5,0.23076923076923078,-12.059345720262588
SOS,48,-80,36,181,-105.03022859141544,8.993200534335319,48.5,-79.5,0.19889502762430938,-11.678848724702451
SOS,48,-79,86,437,-295.93973556772164,27.32148270883956,48.5,-78.5,0.19679633867276888,-10.83175970797418
SOS,48,-78,22,136,-154.106009172244,12.498161967533221,48.5,-77.5,0.16176470588235295,-12.33029381220766
SOS,48,-73,4,21,-20.46022027897749,1.6235987152498026,48.5,-72.5,0.19047619047619047,-12.60177166118879
SOS,48,-72,38,240,-124.22172981324243,13.595127515646075,48.5,-71.5,0.15833333333333333,-9.137224323220266
SOS,48,-71,30,189,-16.37907904554139,1.829853600395551,48.5,-70.5,0.15873015873015872,-8.951032498993799
SOS,48,-70,0,3,0.0,0.0,48.5,-69.5,0.0,
SOS,48,-69,7,53,-38.53422462696708,3.1848051689554255,48.5,-68.5,0.1320754716981132,-12.099397791295912
SOS,48,-67,142,614,-12.960407892865591,1.550691572062543,48.5,-66.5,0.23127035830618892,-8.357824422575032
SOS,48,-66,34,131,-4.075649590956542,0.6027723337844406,48.5,-65.5,0.2595419847328244,-6.761507392630346
SOS,48,-59,0,44,0.0,0.0,48.5,-58.5,0.0,
SOS,48,-56,50,625,-95.09694232267472,6.07523778456216,48.5,-55.5,0.08,-15.653204976491027
SOS,48,-55,88,1328,-79.6412451657106,5.559420490705882,48.5,-54.5,0.06626506024096386,-14.32545807586476
SOS,48,-5,6,27,-7.252118338765909,0.9609985637168781,48.5,-4.5,0.2222222222222222,-7.546440351291172
SOS,48,-4,2,22,-86.49511052842914,1.6893179221182455,48.5,-3.5,0.09090909090909091,-51.20120339454661
SOS,48,-2,23,69,79.25716374094787,16.51274273085809,48.5,-1.5,0.3333333333333333,4.799757680039217
SOS,48,-1,193,590,145.17875745540542,62.42182953901449,48.5,-0.5,0.3271186440677966,2.325769022272356
SOS,48,0,210,764,-33.46585333016513,53.39291969651148,48.5,0.5,0.27486910994764396,-0.6267844785485983
SOS,48,1,83,329,26.863795098396793,9.672600990617449,48.5,1.5,0.25227963525835867,2.7773083087429153
SOS,48,2,111,519,-113.79182356536145,57.190469058018344,48.5,2.5,0.2138728323699422,-1.9896990781789603
SOS,48,4,198,861,-112.15566048559188,49.848871834071645,48.5,4.5,0.22996515679442509,-2.2499137163809118
SOS,48,5,140,548,-145.1257475650464,36.093998000982694,48.5,5.5,0.25547445255474455,-4.020772305719505
SOS,48,6,341,1083,-710.8382382716735,72.2404685641099,48.5,6.5,0.31486611265004616,-9.839889640815924
SOS,48,7,529,1728,-405.8277770620189,63.60424329475788,48.5,7.5,0.30613425925925924,-6.3805141927608835
SOS,48,8,396,1221,-586.531279060289,76.72661829598633,48.5,8.5,0.32432432432432434,-7.644430213223293
SOS,48,9,292,1004,-569.452847464146,90.25136553900629,48.5,9.5,0.2908366533864542,-6.309631373034801
SOS,48,10,331,1166,-22.732506941565475,93.14132350852634,48.5,10.5,0.28387650085763294,-0.24406467597043
SOS,48,11,306,1151,-64.46484311610361,61.80374021910491,48.5,11.5,0.26585577758470896,-1.0430573115407682
SOS,48,12,15,72,-21.642320024528416,7.062967537202705,48.5,12.5,0.20833333333333334,-3.0641964458327213
SOS,48,13,243,827,-62.55244337586528,10.029470784239974,48.5,13.5,0.29383313180169285,-6.236863810816261
SOS,48,14,378,1275,-604.9442084516933,52.143917050499624,48.5,14.5,0.2964705882352941,-11.601433928828653
SOS,48,15,439,1155,-225.8102395937233,37.78366017071345,48.5,15.5,0.3800865800865801,-5.976399284068075
SOS,48,16,280,765,44.958154646334926,23.295773567644343,48.5,16.5,0.3660130718954248,1.9298845997017078
SOS,48,17,86,392,-26.437093214337015,15.2816555879892,48.5,17.5,0.2193877551020408,-1.7299888131961019
SOS,48,18,170,1369,46.405402671404936,14.313620691008477,48.5,18.5,0.1241782322863404,3.242045019437734
SOS,48,19,242,1697,4.093690554949799,9.399658552223272,48.5,19.5,0.1426045963464938,0.4355148149484143
SOS,48,20,114,1642,-14.092652023372416,6.709391512507717,48.5,20.5,0.06942752740560293,-2.1004366785126116
SOS,48,21,36,351,-23.937418865956158,2.0095990220028592,48.5,21.5,0.10256410256410256,-11.911539866345585
SOS,48,22,144,1344,0.8769874012255303,7.904673728429387,48.5,22.5,0.10714285714285714,0.11094542688984364
SOS,48,23,567,2966,-65.04161945667347,7.593497317580545,48.5,23.5,0.19116655428186108,-8.565436548728137
SOS,48,24,553,2329,-123.04484097734014,16.806120087069186,48.5,24.5,0.23744096178617433,-7.321430546721619
SOS,48,25,156,583,-36.92451670529519,15.82363909328559,48.5,25.5,0.26758147512864494,-2.3335034682991025
SOS,48,26,34,162,3.7414472875052174,7.766056685117275,48.5,26.5,0.20987654320987653,0.48176924779280283
SOS,48,27,10,62,0.851509661437301,1.816772999413255,48.5,27.5,0.16129032258064516,0.46869348108558667
SOS,48,28,2,21,0.1753527596285665,0.14601018588267203,48.5,28.5,0.09523809523809523,1.200962512091266
SOS,48,29,31,242,-3.1033349241490287,4.319745802790857,48.5,29.5,0.128099173553719,-0.7184068382320223
SOS,48,30,10,63,-3.175562901636101,1.1045866985960953,48.5,30.5,0.15873015873015872,-2.8748878704335024
SOS,48,32,20,144,0.862895328684959,1.0235939413941115,48.5,32.5,0.1388888888888889,0.8430055061772985
SOS,48,33,17,95,29.641091747636878,2.8938994625701335,48.5,33.5,0.17894736842105263,10.242612824328042
SOS,48,34,22,165,41.47323263172029,2.722590403035038,48.5,34.5,0.13333333333333333,15.233004783050562
SOS,48,35,41,294,31.21853116505639,6.028036185192497,48.5,35.5,0.13945578231292516,5.1788891449827075
SOS,48,36,3,21,2.4511249455455495,0.6740297367812665,48.5,36.5,0.14285714285714285,3.636523452586156
SOS,48,37,38,517,12.1429155152419,6.931225600214325,48.5,37.5,0.0735009671179884,1.751914627460174
SOS,48,38,164,1953,-188.67787289001154,52.495415748629576,48.5,38.5,0.08397337429595494,-3.594178085825277
SOS,48,39,154,1631,-119.69142235633274,42.5300138166021,48.5,39.5,0.0944206008583691,-2.8142812949101312
SOS,48,40,31,223,-122.2233263233136,23.451973829413156,48.5,40.5,0.13901345291479822,-5.2116434724152185
SOS,48,42,6,69,-102.83373188064328,4.296218576604375,48.5,42.5,0.08695652173913043,-23.935870591090953
SOS,48,43,15,215,-227.3531455520786,12.413435785758523,48.5,43.5,0.06976744186046512,-18.315086127316377
SOS,48,44,116,917,-1087.6075663103763,69.59292253114245,48.5,44.5,0.12649945474372956,-15.628134683145085
SOS,48,45,3,58,-40.84610498298312,2.393410542894335,48.5,45.5,0.05172413793103448,-17.066067125111015
SOS,48,46,23,427,-8.783255661194602,3.0870541890691756,48.5,46.5,0.053864168618266976,-2.845189984774117
SOS,48,47,9,170,3.435748342955672,0.09095254294369005,48.5,47.5,0.052941176470588235,37.775176281577856
SOS,48,57,10,60,-164.30610974090519,9.875349521490502,48.5,57.5,0.16666666666666666,-16.638004496280978
SOS,48,58,14,83,-24.74307838779726,13.455600179559806,48.5,58.5,0.1686746987951807,-1.8388684308102503
SOS,48,61,114,1206,-36.44906761022046,5.635435329186985,48.5,61.5,0.0945273631840796,-6.467835310156758
SOS,48,62,112,1376,-150.62804057087337,12.971900822878675,48.5,62.5,0.08139534883720931,-11.611871122635254
SOS,48,70,8,41,-16.659125011710096,7.833861631778679,48.5,70.5,0.1951219512195122,-2.1265533902374583
SOS,48,72,6,41,-51.55043109657472,5.010063432803447,48.5,72.5,0.14634146341463414,-10.289376928652777
SOS,48,76,15,44,-0.33667132324700283,0.06281030146860457,48.5,76.5,0.3409090909090909,-5.360129077159204
SOS,48,85,152,328,-0.3824914904327258,1.4776662232087634,48.5,85.5,0.4634146341463415,-0.25884836807201467
SOS,48,87,135,342,-0.04719654947814717,0.012167136573729424,48.5,87.5,0.39473684210526316,-3.879018632868084
SOS,48,88,1421,4193,-0.5575544154387567,0.23117439617505325,48.5,88.5,0.33889816360601,-2.41183463508025
SOS,48,89,379,1100,-0.036103325079268216,0.008939299631212708,48.5,89.5,0.34454545454545454,-4.0387196501623945
SOS,48,90,195,591,-0.09348755750870494,0.009419666397037325,48.5,90.5,0.3299492385786802,-9.924720639587477
SOS,48,91,141,605,3.1234038059850375,1.9173496691660308,48.5,91.5,0.23305785123966943,1.6290214853421032
SOS,48,92,338,1266,-25.643257535857085,29.174051864844618,48.5,92.5,0.2669826224328594,-0.8789748388278483
SOS,48,93,34,112,14.03659498054283,4.894725405524247,48.5,93.5,0.30357142857142855,2.8676981480311348
SOS,48,97,340,1258,-0.0450675250619771,0.012280311850811262,48.5,97.5,0.2702702702702703,-3.6699007003637165
SOS,48,98,1129,3202,-0.12712869032213128,0.030481745171134014,48.5,98.5,0.35259212991880073,-4.1706499942306845
SOS,48,99,384,976,-0.2770875671326561,0.09070870108220776,48.5,99.5,0.39344262295081966,-3.05469666996484
SOS,48,102,8,45,0.035841699916555496,0.007431665225837826,48.5,102.5,0.17777777777777778,4.822835640112515
SOS,48,107,1912,7490,-0.7409457788333248,0.5999638706542183,48.5,107.5,0.2552736982643525,-1.2349839966619585
SOS,48,108,1215,5002,-0.9023179463477804,0.3508014218330794,48.5,108.5,0.2429028388644542,-2.5721615996674245
SOS,48,109,695,2148,-0.9030218209485446,0.2885617179198257,48.5,109.5,0.3235567970204842,-3.129388844293757
SOS,48,110,253,638,2.836647185520272,0.8034149170177474,48.5,110.5,0.39655172413793105,3.530737512380058
SOS,48,111,303,902,4.9974797751221,1.2220423869948032,48.5,111.5,0.33592017738359203,4.089448801699668
SOS,48,112,684,2147,47.056108325506884,4.968055282939677,48.5,112.5,0.3185840707964602,9.47173605074359
SOS,48,113,504,1992,44.37291636233183,4.656675014484636,48.5,113.5,0.25301204819277107,9.528884069493666
SOS,48,114,741,2352,147.10063080464954,15.995417538659176,48.5,114.5,0.31505102040816324,9.196423316185614
SOS,48,119,17,90,60.03215429869504,16.614863915564513,48.5,119.5,0.18888888888888888,3.6131595542265003
SOS,48,122,4,21,4.830911603667472,3.8601798888831724,48.5,122.5,0.19047619047619047,1.2514731807136459
SOS,48,123,1,5,2.7588609159563857,0.3152983903950155,48.5,123.5,0.2,8.75
SOS,48,124,5,22,-5.637645678726687,0.6846456048521835,48.5,124.5,0.22727272727272727,-8.234399868737736
SOS,48,129,15,72,-49.183174929951875,8.225914219349376,48.5,129.5,0.20833333333333334,-5.9790527372946505
SOS,48,130,175,998,-204.06360371132416,27.689617169977026,48.5,130.5,0.17535070140280562,-7.369679488836843
SOS,48,131,170,914,-7.652423919830832,4.007867532240366,48.5,131.5,0.18599562363238512,-1.9093505107822735
SOS,48,132,424,2170,-87.80917692736631,19.75506954530173,48.5,132.5,0.19539170506912443,-4.444893333632916
SOS,48,133,51,327,-16.769348627369038,2.0210225977196528,48.5,133.5,0.1559633027522936,-8.297457260641282
SOS,48,134,55,449,-0.7095514190848025,1.6853852080687948,48.5,134.5,0.12249443207126949,-0.42100251959481994
SOS,48,135,163,1214,-56.51214277745787,12.838314106148843,48.5,135.5,0.1342668863261944,-4.4018351872534165
SOS,48,136,67,409,-15.590637806741755,3.22101996263659,48.5,136.5,0.16381418092909536,-4.840279783295699
SOS,48,138,118,577,-78.54240153638939,6.648333181178895,48.5,138.5,0.2045060658578856,-11.81384858369299
SOS,48,139,335,1647,-152.3827055609737,17.14653748113337,48.5,139.5,0.2034001214329083,-8.887083221824989
SOS,48,142,45,392,-33.08033572616265,3.308889021606735,48.5,142.5,0.11479591836734694,-9.99741469422249
SOS,49,-126,40,111,-22.143799703372366,8.33179061263147,49.5,-125.5,0.36036036036036034,-2.657747983944904
SOS,49,-125,40,188,300.96688675952464,28.191875624209523,49.5,-124.5,0.2127659574468085,10.675660277852248
SOS,49,-124,205,450,-477.96662288073406,57.00852850321193,49.5,-123.5,0.45555555555555555,-8.384124892011638
SOS,49,-123,1006,2288,-1447.578363589501,165.68183357953112,49.5,-122.5,0.4396853146853147,-8.737097678814797
SOS,49,-122,278,644,-71.12226591463596,11.935167120665982,49.5,-121.5,0.43167701863354035,-5.959050694102668
SOS,49,-121,501,1189,-21.053854746690604,2.016919448381623,49.5,-120.5,0.4213624894869638,-10.43861953117871
SOS,49,-120,83,524,-190.48624683812005,46.80823645442826,49.5,-119.5,0.15839694656488548,-4.069502747098245
SOS,49,-119,348,928,-114.97961617212803,8.664139073384849,49.5,-118.5,0.375,-13.270749141750393
SOS,49,-118,605,1352,-677.1544283895241,76.53154280674144,49.5,-117.5,0.4474852071005917,-8.848043611239934
SOS,49,-117,366,1032,-145.54760092046087,17.24313177289761,49.5,-116.5,0.3546511627906977,-8.440902896144975
SOS,49,-116,54,233,-100.81538549283349,13.418295868747512,49.5,-115.5,0.2317596566523605,-7.513277876637235
SOS,49,-115,166,674,-458.0352089611034,35.912555645018365,49.5,-114.5,0.24629080118694363,-12.754180278580092
SOS,49,-114,173,587,-88.3132517389405,7.28436755297204,49.5,-113.5,0.29471890971039183,-12.123667716754417
SOS,49,-113,61,239,-87.32050170529075,16.10687647215569,49.5,-112.5,0.25523012552301255,-5.421318146708558
SOS,49,-112,7,20,-0.968736354477326,0.09808343955836846,49.5,-111.5,0.35,-9.876655619329508
SOS,49,-111,95,431,-52.10642533741548,8.87807155408538,49.5,-110.5,0.22041763341067286,-5.869115271259321
SOS,49,-110,112,415,-7.2792663654070076,0.9917562213111393,49.5,-109.5,0.26987951807228916,-7.339773836541748
SOS,49,-109,5,21,-0.7840141159826656,0.052841826809063866,49.5,-108.5,0.23809523809523808,-14.83699870588473
SOS,49,-108,178,627,-13.17700442289164,1.485982721999395,49.5,-107.5,0.2838915470494418,-8.867535421382245
SOS,49,-107,92,398,-11.917275991779128,1.085262488837743,49.5,-106.5,0.23115577889447236,-10.981007926056565
SOS,49,-105,4,18,-0.675816633115893,0.03564933166253356,49.5,-104.5,0.2222222222222222,-18.957343703196464
SOS,49,-104,6,22,8.17907183711171,1.6706220747062492,49.5,-103.5,0.2727272727272727,4.895824113032782
SOS,49,-103,95,484,5.8260742511598504,4.12329156268171,49.5,-102.5,0.1962809917355372,1.4129668403489475
SOS,49,-101,35,107,-3.60223407721965,0.5645013449206387,49.5,-100.5,0.32710280373831774,-6.381267484360158
SOS,49,-100,92,314,-71.00465069689123,7.127229635091191,49.5,-99.5,0.2929936305732484,-9.962447449047676
SOS,49,-97,12,66,-0.4654768918689962,0.12545173848684144,49.5,-96.5,0.18181818181818182,-3.710406069165951
SOS,49,-96,71,286,-6.137040943762489,0.5104007517234713,49.5,-95.5,0.24825174825174826,-12.023965331241245
SOS,49,-95,46,196,-44.70307586143007,3.2385078967902596,49.5,-94.5,0.23469387755102042,-13.803602549722374
SOS,49,-94,11,44,-33.30959837412174,2.6648300517793535,49.5,-93.5,0.25,-12.499708321692163
SOS,49,-93,48,168,-49.444735652595845,3.3409238140130992,49.5,-92.5,0.2857142857142857,-14.799719600071665
SOS,49,-92,109,408,-307.15411161447815,18.440956306218062,49.5,-91.5,0.26715686274509803,-16.656083692954123
SOS,49,-91,18,85,-20.980785196621653,1.2002707701502684,49.5,-90.5,0.21176470588235294,-17.480043435528263
SOS,49,-90,4,15,-0.19471010784667403,0.01789661503569812,49.5,-89.5,0.26666666666666666,-10.879717055895128
SOS,49,-88,1,20,-0.3918023699237753,0.008308270382199442,49.5,-87.5,0.05,-47.158114974594
SOS,49,-85,89,346,-22.97904466231658,1.9795484819950417,49.5,-84.5,0.25722543352601157,-11.608225244959742
SOS,49,-84,13,64,-30.67379192580097,1.8750018408873466,49.5,-83.5,0.203125,-16.359339632053143
SOS,49,-83,10,42,-0.40250447688270624,0.06626161655786669,49.5,-82.5,0.23809523809523808,-6.074474149467762
SOS,49,-82,24,89,-2.074497515776822,0.2781689665316933,49.5,-81.5,0.2696629213483146,-7.4576885467936025
SOS,49,-81,48,186,-30.7717154874026,2.65364528653495,49.5,-80.5,0.25806451612903225,-11.596016861614302
SOS,49,-66,26,109,-0.7247015032991057,0.199398699224269,49.5,-65.5,0.23853211009174313,-3.63443445778959
SOS,49,-2,32,200,-69.86700657617453,19.501701760623828,49.5,-1.5,0.16,-3.5826107605257316
SOS,49,-1,9,46,26.081351443470556,5.798470456782496,49.5,-0.5,0.1956521739130435,4.497970911098303
SOS,49,0,54,201,-235.68062881315694,47.880097051562885,49.5,0.5,0.26865671641791045,-4.922308920120786
SOS,49,1,69,283,70.62352395364147,37.028449056313974,49.5,1.5,0.24381625441696114,1.907277397609473
SOS,49,2,84,341,231.918566462472,70.73305523477946,49.5,2.5,0.24633431085043989,3.2787862151957152
SOS,49,3,43,167,36.85664691245118,17.100570933509907,49.5,3.5,0.25748502994011974,2.1552875079876834
SOS,49,4,85,289,-99.92195786174865,29.730598485201085,49.5,4.5,0.29411764705882354,-3.360913098049019
SOS,49,5,42,151,-12.148719642703734,5.087526474222467,49.5,5.5,0.2781456953642384,-2.3879422946021007
SOS,49,6,247,867,-553.6217338324817,80.77753001836999,49.5,6.5,0.2848904267589389,-6.853660092188757
SOS,49,7,627,2117,-726.5259705233485,116.13581084990969,49.5,7.5,0.29617383089277277,-6.255830696892349
SOS,49,8,155,530,-355.4261461921168,56.658139114019015,49.5,8.5,0.29245283018867924,-6.273170134953711
SOS,49,9,328,1090,-58.39228092610844,36.35030629760399,49.5,9.5,0.30091743119266057,-1.6063765858819552
SOS,49,10,401,1431,-203.3763091397933,74.6851056646227,49.5,10.5,0.2802236198462614,-2.7231173783574074
SOS,49,11,289,1249,-369.50164460882297,79.47146143734747,49.5,11.5,0.23138510808646917,-4.649488482102789
SOS,49,12,351,1597,-332.9870468602342,43.763532937148085,49.5,12.5,0.2197871008140263,-7.608778919619231
SOS,49,13,376,1383,-209.58198133327846,29.47835456931665,49.5,13.5,0.27187274041937814,-7.109690632170752
SOS,49,14,95,356,-287.814909980766,22.637481121998146,49.5,14.5,0.26685393258426965,-12.714087244498225
SOS,49,15,128,472,-132.7095742764904,10.849588406578613,49.5,15.5,0.2711864406779661,-12.23176117870263
SOS,49,16,89,428,-118.83176351227043,16.79109092820424,49.5,16.5,0.20794392523364486,-7.077072241486524
SOS,49,17,75,469,-26.473849921059426,18.753471658262,49.5,17.5,0.15991471215351813,-1.4116772831976498
SOS,49,18,215,2514,-207.56458503755,25.557475576796875,49.5,18.5,0.08552108194112967,-8.121482280745825
SOS,49,19,429,2672,-304.615033417717,42.478838321542305,49.5,19.5,0.16055389221556887,-7.170983140168348
SOS,49,20,671,3720,-314.90408577517275,53.1911909192991,49.5,20.5,0.18037634408602152,-5.920230029309564
SOS,49,21,296,2227,-288.38382862793947,28.288303093975163,49.5,21.5,0.1329142343960485,-10.194454848348942
SOS,49,22,862,4966,-394.2872135485045,32.407423274050146,49.5,22.5,0.17358034635521546,-12.166570918466858
SOS,49,23,329,1414,-288.8307688981299,28.017034616615206,49.5,23.5,0.23267326732673269,-10.309112754097177
SOS,49,24,149,538,-96.83359245728607,10.825460079164516,49.5,24.5,0.27695167286245354,-8.94498633306673
SOS,49,25,12,57,-4.380721140956572,0.8275052356197204,49.5,25.5,0.21052631578947367,-5.293889334338581
SOS,49,26,17,110,-4.241675217268551,1.1091468074244064,49.5,26.5,0.15454545454545454,-3.8242685178153395
SOS,49,27,9,71,-4.8908159858393025,1.08778232414348,49.5,27.5,0.1267605633802817,-4.496134821541921
SOS,49,28,30,200,-13.673484261204356,3.28881033789039,49.5,28.5,0.15,-4.1575776212061
SOS,49,30,11,56,-8.005460513607503,0.8936071298121575,49.5,30.5,0.19642857142857142,-8.958590689949292
SOS,49,31,240,1630,20.09910159766264,16.690545161653247,49.5,31.5,0.147239263803681,1.2042207970438614
SOS,49,32,74,484,-14.530555092550147,9.756865358755276,49.5,32.5,0.15289256198347106,-1.4892646929386213
SOS,49,33,70,425,40.629996464911216,7.416042108216174,49.5,33.5,0.16470588235294117,5.478663129474085
SOS,49,34,66,698,42.47928044983614,8.50638713556906,49.5,34.5,0.09455587392550144,4.993809918691687
SOS,49,35,4,62,3.304209844092603,1.0822627331502508,49.5,35.5,0.06451612903225806,3.0530570284673
SOS,49,36,126,1200,20.265652472305128,11.491219141299228,49.5,36.5,0.105,1.7635772343311034
SOS,49,37,56,686,-11.588306484003635,5.246018797772721,49.5,37.5,0.08163265306122448,-2.2089715898318225
SOS,49,38,11,255,-13.180320266897178,2.0569251534372937,49.5,38.5,0.043137254901960784,-6.407778253317464
SOS,49,39,6,44,1.3480629956756625,1.2145169476781752,49.5,39.5,0.13636363636363635,1.1099581592935288
SOS,49,42,25,274,-10.913531768212861,0.568351405888306,49.5,42.5,0.09124087591240876,-19.202084582082687
SOS,49,43,8,119,-77.42161541311086,6.781748763890858,49.5,43.5,0.06722689075630252,-11.416172746672519
SOS,49,44,15,123,-168.4098669379906,11.885710567311907,49.5,44.5,0.12195121951219512,-14.169103814554562
SOS,49,46,77,810,-43.585804778812495,1.8357183079418484,49.5,46.5,0.09506172839506173,-23.7431879337084
SOS,49,57,15,106,-58.46295620346301,13.375303703519444,49.5,57.5,0.14150943396226415,-4.37096289545034
SOS,49,72,61,298,-7.588174911667292,42.06153581168338,49.5,72.5,0.20469798657718122,-0.18040651072849162
SOS,49,73,46,195,-60.82043535126013,29.563786968708612,49.5,73.5,0.2358974358974359,-2.0572613182348625
SOS,49,75,128,991,-2.37432524450346,0.7151648707149556,49.5,75.5,0.12916246215943492,-3.319969061301668
SOS,49,76,296,1012,-6.994677489161121,1.8966593885436678,49.5,76.5,0.2924901185770751,-3.6878933199133446
SOS,49,81,11,66,-87.07201688414541,8.954027660490416,49.5,81.5,0.16666666666666666,-9.724340842540622
SOS,49,82,23,70,-4.149637462099832,4.595979632197841,49.5,82.5,0.32857142857142857,-0.9028842149405777
SOS,49,84,14,44,-44.78843479839399,10.399425253776585,49.5,84.5,0.3181818181818182,-4.306818281340012
SOS,49,85,581,1638,-0.22682161733502434,0.6896900268370614,49.5,85.5,0.3547008547008547,-0.32887472416446983
SOS,49,86,673,2063,-0.5665075559539345,0.7237191912916385,49.5,86.5,0.32622394571013086,-0.7827726040301284
SOS,49,87,891,2551,-0.10264661246980383,0.06839809842594494,49.5,87.5,0.3492747941983536,-1.500723190147457
SOS,49,88,351,1053,-0.03498040996799212,0.008592596220842071,49.5,88.5,0.3333333333333333,-4.070994268664012
SOS,49,89,334,958,-0.12436559849321828,0.03628371503954999,49.5,89.5,0.348643006263048,-3.4275872345942866
SOS,49,90,27,90,-0.8494186966629405,0.52337935454783,49.5,90.5,0.3,-1.6229503309254334
SOS,49,91,299,972,-0.045567407270141504,0.01327655285032943,49.5,91.5,0.30761316872427985,-3.432171572232384
SOS,49,92,33,132,-5.696653804307341,3.0056267377856654,49.5,92.5,0.25,-1.8953297602430286
SOS,49,94,687,2565,-1.1756840592420863,0.38824256190195305,49.5,94.5,0.26783625730994154,-3.0282204338508203
SOS,49,95,351,1478,-7.214328799790254,1.2729443271657284,49.5,95.5,0.2374830852503383,-5.667434659812109
SOS,49,104,23,112,-6.03455722249658,22.23237605658593,49.5,104.5,0.20535714285714285,-0.2714310520448827
SOS,49,105,16,67,15.540163566995304,13.121487779465829,49.5,105.5,0.23880597014925373,1.1843293861321524
SOS,49,107,545,2565,-1.0315070626204608,0.26135075138277664,49.5,107.5,0.2124756335282651,-3.9468302928645738
SOS,49,108,910,3925,-0.6600954072095792,0.5824933085583675,49.5,108.5,0.2318471337579618,-1.1332240173595673
SOS,49,109,346,1410,-0.9335049317786651,0.1922741825649519,49.5,109.5,0.2453900709219858,-4.855071644698419
SOS,49,110,533,1612,1.430550906638898,0.5987488523503012,49.5,110.5,0.33064516129032256,2.3892336511769154
SOS,49,111,1012,3209,12.767732214365491,2.7619745758040977,49.5,111.5,0.3153630414459333,4.622682745241565
SOS,49,112,292,901,3.809747738369958,1.061827820254341,49.5,112.5,0.32408435072142067,3.5879147877830175
SOS,49,113,143,469,1.1194717770449547,0.7376513193507833,49.5,113.5,0.3049040511727079,1.5176164505883574
SOS,49,114,227,698,-0.8145175567407426,1.2725806744248465,49.5,114.5,0.32521489971346706,-0.6400518042668459
SOS,49,115,342,1304,36.526801264311814,8.254189045724978,49.5,115.5,0.26226993865030673,4.425244086604708
SOS,49,117,28,157,159.85332510120267,11.632189727666862,49.5,117.5,0.17834394904458598,13.74232443277603
SOS,49,119,50,201,123.86967158985203,44.66746888985816,49.5,119.5,0.24875621890547264,2.77315179633957
SOS,49,120,12,52,-18.2514848664963,5.947106742581397,49.5,120.5,0.23076923076923078,-3.068968770278717
SOS,49,125,1,5,-2.435301386360685,0.38964822181770964,49.5,125.5,0.2,-6.25
SOS,49,127,47,202,-72.45694192242988,18.10113826518846,49.5,127.5,0.23267326732673269,-4.002894230236161
SOS,49,128,20,79,-36.28384298760373,7.139797038661411,49.5,128.5,0.25316455696202533,-5.081915184861659
SOS,49,129,427,1919,-379.5421341580579,70.91395337250269,49.5,129.5,0.2225117248566962,-5.352150262507119
SOS,49,130,689,3287,-133.18305857955863,24.483468186458133,49.5,130.5,0.20961362944934592,-5.439713751551854
SOS,49,131,2,24,-0.1022610630788412,0.009029923814535712,49.5,131.5,0.08333333333333333,-11.324687248659707
SOS,49,132,28,209,-0.8559273795123602,0.31618677797675265,49.5,132.5,0.1339712918660287,-2.7070309042944594
SOS,49,133,44,331,-5.942556532048659,0.6815498561976712,49.5,133.5,0.13293051359516617,-8.719180963813642
SOS,49,135,160,830,-30.95056858321647,4.685184786508849,49.5,135.5,0.1927710843373494,-6.6060507735660075
SOS,49,136,132,627,-162.97213320522908,25.10356079896794,49.5,136.5,0.21052631578947367,-6.491992690213462
SOS,49,137,179,901,-10.823209213120949,2.4109447847629593,49.5,137.5,0.19866814650388456,-4.4891982933508245
SOS,49,138,169,820,-31.655245921440684,4.421942580762452,49.5,138.5,0.20609756097560974,-7.158674121901995
SOS,49,139,28,149,-7.26207689428685,0.8955731774177303,49.5,139.5,0.18791946308724833,-8.108859306423303
SOS,49,140,13,106,-2.8245791239644396,0.6267740920949174,49.5,140.5,0.12264150943396226,-4.506534586526418
SOS,49,143,4,23,-3.7551919213618574,0.32008504503660684,49.5,143.5,0.17391304347826086,-11.731856828651246
SOS,50,-128,8,21,-0.027434927186089003,0.004056846010671034,50.5,-127.5,0.38095238095238093,-6.762624737030887
SOS,50,-127,65,172,-3.698490049264105,0.18003371860613063,50.5,-126.5,0.37790697674418605,-20.543318651077186
SOS,50,-125,31,72,-0.5162017141850457,0.07549270310435231,50.5,-124.5,0.4305555555555556,-6.837769651346417
SOS,50,-124,218,518,-35.16845917895007,4.1277250162782835,50.5,-123.5,0.42084942084942084,-8.520058637689804
SOS,50,-123,742,1466,-223.25447352272462,28.33499530711963,50.5,-122.5,0.5061391541609823,-7.879107481857542
SOS,50,-122,285,588,-7.744377320499283,1.6033156409318006,50.5,-121.5,0.4846938775510204,-4.830226265364988
SOS,50,-121,67,506,-39.54939349512578,17.102499543319635,50.5,-120.5,0.1324110671936759,-2.3124920070864183
SOS,50,-120,29,258,-7.519826751757649,2.621048916746972,50.5,-119.5,0.1124031007751938,-2.8690142727632235
SOS,50,-119,101,260,-45.10797665546018,7.071661272445597,50.5,-118.5,0.38846153846153847,-6.378695884547148
SOS,50,-118,601,1190,-5.03505596620628,1.1643545344913824,50.5,-117.5,0.5050420168067227,-4.324332337835324
SOS,50,-117,822,2145,-98.02866159863345,6.392560042261229,50.5,-116.5,0.3832167832167832,-15.33480498432017
SOS,50,-116,1171,3304,-2.5251015295798864,0.18375358515243925,50.5,-115.5,0.3544188861985472,-13.741781024218383
SOS,50,-115,287,869,-122.03274847069332,11.497933206607733,50.5,-114.5,0.3302646720368239,-10.613450807016557
SOS,50,-114,10,26,-99.26006696708463,2.349620647313909,50.5,-113.5,0.38461538461538464,-42.24514586240078
SOS,50,-112,17,78,-2.896166642224003,5.161204259034161,50.5,-111.5,0.21794871794871795,-0.5611416438623911
SOS,50,-111,24,109,-34.08162514129438,8.235200300138866,50.5,-110.5,0.22018348623853212,-4.138530199528927
SOS,50,-110,46,192,-9.803672829626912,2.696980790225582,50.5,-109.5,0.23958333333333334,-3.635054749057708
SOS,50,-109,23,95,1.2678839643453665,2.24842184671028,50.5,-108.5,0.24210526315789474,0.5638995040901412
SOS,50,-108,125,498,1.8249283549281783,4.030012007068235,50.5,-107.5,0.25100401606425704,0.45283447089672135
SOS,50,-107,67,208,-11.478952517272075,4.706203451658825,50.5,-106.5,0.32211538461538464,-2.4391109808960802
SOS,50,-106,0,4,0.0,0.0,50.5,-105.5,0.0,
SOS,50,-103,2,7,-0.7282468496118368,0.034136571075554845,50.5,-102.5,0.2857142857142857,-21.33333333333334
SOS,50,-102,33,122,-1.199583607054199,0.12176651068572775,50.5,-101.5,0.27049180327868855,-9.85150679196396
SOS,50,-101,689,2159,-1.158465374815243,0.2323897765757262,50.5,-100.5,0.3191292264937471,-4.985010063201928
SOS,50,-100,423,1289,-0.5489086873825578,0.08267316271701931,50.5,-99.5,0.3281613653995345,-6.639502703693687
SOS,50,-99,88,260,-9.956123396396158,1.5430733900545421,50.5,-98.5,0.3384615384615385,-6.4521386089382595
SOS,50,-98,61,194,-2.5195188078834923,0.36877852425472724,50.5,-97.5,0.31443298969072164,-6.832064890370837
SOS,50,-96,364,1624,-22.793042530643117,1.4849381936846384,50.5,-95.5,0.22413793103448276,-15.34948904107975
SOS,50,-95,367,1552,-16.94653889078915,0.9852862537829707,50.5,-94.5,0.23646907216494845,-17.199609581198896
SOS,50,-94,8,44,-0.1884804851762932,0.011404950450788483,50.5,-93.5,0.18181818181818182,-16.5261993894294
SOS,50,-91,318,1279,-20.568150016289437,1.1023739042824958,50.5,-90.5,0.24863174354964818,-18.658052350827976
SOS,50,-90,1468,5866,-118.08412395947515,7.310250299513599,50.5,-89.5,0.25025571087623594,-16.153225829672632
SOS,50,-89,355,1407,-12.817783807193068,0.9230674732451813,50.5,-88.5,0.2523098791755508,-13.8860746139502
SOS,50,-88,21,91,-1.2356199487711252,0.08191262173987181,50.5,-87.5,0.23076923076923078,-15.084609948086603
SOS,50,-87,19,63,-0.15525991014628068,0.012793518106114335,50.5,-86.5,0.30158730158730157,-12.135826037724383
SOS,50,-86,117,577,-8.551283153216648,0.5960386096056217,50.5,-85.5,0.2027729636048527,-14.346861118400934
SOS,50,-84,16,89,-0.17506252632811511,0.010588042982691406,50.5,-83.5,0.1797752808988764,-16.533983344636503
SOS,50,-69,13,67,-0.03673320219908198,0.0033772476805419053,50.5,-68.5,0.19402985074626866,-10.876668125563079
SOS,50,-67,13,86,-0.1383348733835893,0.009241286602649704,50.5,-66.5,0.1511627906976744,-14.969222288152528
SOS,50,-66,100,543,-0.6478854191324985,0.04926579458037568,50.5,-65.5,0.1841620626151013,-13.150816396059394
SOS,50,-5,84,432,0.12715533991598985,2.7210512987536593,50.5,-4.5,0.19444444444444445,0.04673022517959571
SOS,50,-4,177,1196,-141.06138836847566,12.707736968199269,50.5,-3.5,0.1479933110367893,-11.100433438422401
SOS,50,-3,4,70,-79.85890552200462,1.824841793118133,50.5,-2.5,0.05714285714285714,-43.76209807511509
SOS,50,-2,121,466,46.36087945032248,12.37642917768775,50.5,-1.5,0.259656652360515,3.7459010821879026
SOS,50,-1,4,42,1.036988963199934,0.8006779156720154,50.5,-0.5,0.09523809523809523,1.2951387104633465
SOS,50,0,3,23,14.140452921579268,0.9086607138280193,50.5,0.5,0.13043478260869565,15.561862317132826
SOS,50,1,15,78,-18.664313218416254,11.821786234963763,50.5,1.5,0.19230769230769232,-1.5788065227583998
SOS,50,3,124,452,-18.886465432535537,27.187836803547896,50.5,3.5,0.2743362831858407,-0.6946659849771841
SOS,50,4,162,576,-50.80838982349153,36.988375190255866,50.5,4.5,0.28125,-1.3736312979997125
SOS,50,5,124,343,-309.30165815055994,47.83574830083344,50.5,5.5,0.36151603498542273,-6.465910310535918
SOS,50,6,409,1507,-183.0424175769289,40.149341562354465,50.5,6.5,0.2714001327140013,-4.559039088913885
SOS,50,7,674,2473,-390.72810380248677,166.10618904633813,50.5,7.5,0.272543469470279,-2.3522790213041764
SOS,50,8,215,855,-508.5754923780923,120.08752173621146,50.5,8.5,0.25146198830409355,-4.235040285827926
SOS,50,9,784,2864,-442.2685664201378,170.15734002033201,50.5,9.5,0.2737430167597765,-2.599174190001391
SOS,50,10,579,2119,34.87529021943046,85.65453068824085,50.5,10.5,0.2732420953279849,0.40716223577672744
SOS,50,11,482,1961,-670.6645520431738,76.2521612917622,50.5,11.5,0.24579296277409485,-8.795351379969713
SOS,50,12,299,1339,-509.2700015335607,58.791765942388686,50.5,12.5,0.22330097087378642,-8.662267468417351
SOS,50,13,248,957,-650.4865117954403,61.25882361444524,50.5,13.5,0.25914315569487983,-10.618658234273555
SOS,50,14,310,1582,-163.5632878904261,41.270553463987795,50.5,14.5,0.1959544879898862,-3.963195890579697
SOS,50,15,254,1504,-155.63344547041112,21.383478897083403,50.5,15.5,0.16888297872340424,-7.278209790813726
SOS,50,16,258,1552,-314.92366178224285,11.87443353671379,50.5,16.5,0.16623711340206185,-26.52115242453889
SOS,50,17,332,1511,-275.2469692196005,29.510560519535677,50.5,17.5,0.21972203838517537,-9.327066798253117
SOS,50,18,426,2016,-224.3551600707852,84.62361915710434,50.5,18.5,0.2113095238095238,-2.651212064734176
SOS,50,19,383,1437,-509.55805499429454,88.17852142209964,50.5,19.5,0.2665274878218511,-5.778709449607387
SOS,50,20,356,1663,-143.82537305228632,46.126874402490664,50.5,20.5,0.21407095610342755,-3.118038560282774
SOS,50,21,309,1375,-78.63540061463162,35.30308476579949,50.5,21.5,0.22472727272727272,-2.2274370961149295
SOS,50,22,338,1366,-113.73578910496148,37.70643303966125,50.5,22.5,0.24743777452415813,-3.0163497296424002
SOS,50,23,360,1405,-160.54461119335417,15.021215778320743,50.5,23.5,0.25622775800711745,-10.687857332098178
SOS,50,24,53,174,-6.601723326131877,1.2555990049076995,50.5,24.5,0.3045977011494253,-5.25782777807886
SOS,50,25,104,447,-11.178757957439371,1.5081575328858048,50.5,25.5,0.232662192393736,-7.4121951544738325
SOS,50,26,82,518,-42.65813529803717,6.640053832174478,50.5,26.5,0.1583011583011583,-6.424365882598203
SOS,50,27,156,793,-9.316325140863398,3.1938279868541937,50.5,27.5,0.19672131147540983,-2.9169777393176535
SOS,50,28,30,203,-40.999784519235604,12.139025160729357,50.5,28.5,0.1477832512315271,-3.377518703221156
SOS,50,29,63,406,-27.69680581494331,7.783345692197046,50.5,29.5,0.15517241379310345,-3.5584704714721704
SOS,50,30,150,968,-140.25840213315482,22.429934637670332,50.5,30.5,0.15495867768595042,-6.253179262394973
SOS,50,31,57,348,15.912497919790802,3.0630397090623074,50.5,31.5,0.16379310344827586,5.195002164912226
SOS,50,32,59,394,-178.8000366310902,15.647444772634229,50.5,32.5,0.14974619289340102,-11.426788158012423
SOS,50,33,59,327,-78.81614452369278,13.62617379334611,50.5,33.5,0.18042813455657492,-5.784172851382538
SOS,50,34,201,1410,-190.04579616009798,30.694336509646497,50.5,34.5,0.1425531914893617,-6.191559022635043
SOS,50,35,88,639,-120.64188702141564,21.376294481632033,50.5,35.5,0.13771517996870108,-5.643723102948425
SOS,50,36,47,442,-17.212817885825693,8.782825132850093,50.5,36.5,0.10633484162895927,-1.9598270061697112
SOS,50,37,0,2,0.0,0.0,50.5,37.5,0.0,
SOS,50,38,4,67,-5.920034595185563,0.959473690945188,50.5,38.5,0.05970149253731343,-6.170085382282523
SOS,50,39,1,30,-0.20872711245615921,0.6282359219205205,50.5,39.5,0.03333333333333333,-0.33224319904866206
SOS,50,40,8,55,-63.36660187291835,4.424725631756587,50.5,40.5,0.14545454545454545,-14.321023979008213
SOS,50,41,3,22,-24.052025294309757,2.6377370097555084,50.5,41.5,0.13636363636363635,-9.118431900282257
SOS,50,43,20,277,-75.02371166312926,7.635086766487214,50.5,43.5,0.07220216606498195,-9.82617669682967
SOS,50,44,0,3,0.0,0.0,50.5,44.5,0.0,
SOS,50,45,17,104,-194.5058616740347,7.91764453110485,50.5,45.5,0.16346153846153846,-24.56612707351397
SOS,50,46,32,188,-73.19766528265005,3.2157867856484494,50.5,46.5,0.1702127659574468,-22.761977133969115
SOS,50,55,5,62,-59.00994064883013,3.954372965627284,50.5,55.5,0.08064516129032258,-14.922704854034768
SOS,50,57,26,209,-120.43395723202633,18.88730253321987,50.5,57.5,0.12440191387559808,-6.376450899761967
SOS,50,58,27,154,-168.74748956615528,19.751458490922122,50.5,58.5,0.17532467532467533,-8.543545766187977
SOS,50,59,8,44,-90.88244122403728,7.7890283635313455,50.5,59.5,0.18181818181818182,-11.66800748210827
SOS,50,61,6,44,-0.02842248105769056,0.2535863157735245,50.5,61.5,0.13636363636363635,-0.11208207734314184
SOS,50,67,3,21,-0.3230365977597515,0.13915002251430733,50.5,67.5,0.14285714285714285,-2.321498709973526
SOS,50,68,613,2627,-200.11117568037605,27.40243659362321,50.5,68.5,0.23334602207841645,-7.302678175959859
SOS,50,69,392,1327,-127.16266883363416,25.146551726657925,50.5,69.5,0.29540316503391106,-5.056863072753974
SOS,50,72,38,131,1.8816007149082088,30.437239086888244,50.5,72.5,0.2900763358778626,0.061819033899128024
SOS,50,73,24,87,-11.967130736245581,5.94740027225099,50.5,73.5,0.27586206896551724,-2.0121616485241587
SOS,50,75,125,618,-2.5389334818360894,1.255658046110654,50.5,75.5,0.2022653721682848,-2.021994355629166
SOS,50,80,28,140,-26.227570156366895,3.7511895893270832,50.5,80.5,0.2,-6.991800742620368
SOS,50,81,13,60,-40.97717607206105,5.290382041989315,50.5,81.5,0.21666666666666667,-7.745598663164336
SOS,50,82,91,287,14.02336100147965,6.547637326752933,50.5,82.5,0.3170731707317073,2.141743701072404
SOS,50,83,80,205,-62.04936625144031,19.953202426948746,50.5,83.5,0.3902439024390244,-3.109744737899145
SOS,50,84,208,602,-8.969682784325115e-05,0.00028852948131976306,50.5,84.5,0.34551495016611294,-0.31087578098767854
SOS,50,86,89,281,-1.729948224433756e-05,6.019195469483665e-06,50.5,86.5,0.3167259786476868,-2.87405224369986
SOS,50,88,750,2234,-0.00014953596794266912,7.279942800266336e-05,50.5,88.5,0.3357206803939123,-2.0540816328556644
SOS,50,89,1054,3438,-0.00018089724739380752,0.00010876515760667896,50.5,89.5,0.3065735892961024,-1.6631911484739956
SOS,50,90,440,1391,-0.0006527528434621,0.00038793238061001146,50.5,90.5,0.3163191948238677,-1.6826459354479941
SOS,50,91,241,810,-0.001251335818306535,0.0004654561027242199,50.5,91.5,0.2975308641975309,-2.688407802546193
SOS,50,92,74,471,33.625384978007865,10.74898183694814,50.5,92.5,0.15711252653927812,3.128239073065065
SOS,50,93,227,1754,-6.482459859461701,17.594023506007773,50.5,93.5,0.12941847206385404,-0.36844669766686156
SOS,50,94,351,1489,-2.3435140528361043,2.127950832418607,50.5,94.5,0.23572867696440564,-1.101300846398077
SOS,50,95,286,948,-0.07973738370813488,0.492410984429536,50.5,95.5,0.30168776371308015,-0.16193258523773912
SOS,50,99,905,2039,-0.0010182191493551583,0.00035683039739677763,50.5,99.5,0.443845022069642,-2.853510117925714
SOS,50,100,978,2628,-0.0013475597924809714,0.001931592653378902,50.5,100.5,0.3721461187214612,-0.6976418087549194
SOS,50,101,78,254,6.8089694518755794e-06,3.954221975437001e-05,50.5,101.5,0.30708661417322836,0.17219492214073506
SOS,50,103,43,187,-0.021062993050074353,0.0024250247176441477,50.5,103.5,0.22994652406417113,-8.685681798137107
SOS,50,104,58,267,-0.00818095748568322,0.002411101198015715,50.5,104.5,0.21722846441947566,-3.39303779219884
SOS,50,105,121,502,-16.407439306743846,4.954004743247737,50.5,105.5,0.2410358565737052,-3.311954702729551
SOS,50,107,123,683,-2.6452735031359893,0.3075592501931683,50.5,107.5,0.1800878477306003,-8.600858213416036
SOS,50,108,25,136,-0.0019978493985012935,0.0012230371629118426,50.5,108.5,0.18382352941176472,-1.633514875169251
SOS,50,109,249,937,-0.037097881030496674,0.008527166213944476,50.5,109.5,0.2657417289220918,-4.3505521177516755
SOS,50,111,7,23,-0.001403612251017948,0.013409587697699838,50.5,111.5,0.30434782608695654,-0.1046722899063266
SOS,50,112,298,1173,-0.09296496673606472,0.04726578647391947,50.5,112.5,0.25404944586530265,-1.9668553867682144
SOS,50,113,295,1139,-0.9222163484808519,0.4990810459785762,50.5,113.5,0.2589991220368745,-1.8478288364420061
SOS,50,114,164,644,-19.05661250065277,5.296801316232055,50.5,114.5,0.2546583850931677,-3.597758602395327
SOS,50,115,248,985,134.88915552892738,29.084590156750284,50.5,115.5,0.2517766497461929,4.63782211824019
SOS,50,116,48,229,0.23049138908197198,0.08421795249760865,50.5,116.5,0.2096069868995633,2.736843894281528
SOS,50,117,61,305,0.19378376005433026,0.10114196422699295,50.5,117.5,0.2,1.9159580450644729
SOS,50,124,7,40,-12.819399690585069,5.435947519326234,50.5,124.5,0.175,-2.3582640643620465
SOS,50,127,59,243,-27.036307041290105,8.991652961210272,50.5,127.5,0.24279835390946503,-3.0068227897499984
SOS,50,128,35,165,-15.924514500507268,4.549315347691608,50.5,128.5,0.21212121212121213,-3.5004200156376517
SOS,50,129,176,1286,-7.356488597476896,1.213417719671961,50.5,129.5,0.1368584758942457,-6.062618402725873
SOS,50,130,99,865,-3.134245127110469,0.6537974120667251,50.5,130.5,0.11445086705202312,-4.793908738798426
SOS,50,132,180,847,-1.9061853868945329,0.4465014118267658,50.5,132.5,0.21251475796930341,-4.2691587000716975
SOS,50,133,119,662,-0.6142545406789125,0.10601027270810479,50.5,133.5,0.1797583081570997,-5.794292618888348
SOS,50,134,460,2044,-0.621370594799435,0.18654135107154143,50.5,134.5,0.22504892367906065,-3.331007260482047
SOS,50,135,123,588,-0.13683192377163064,0.08175780652985576,50.5,135.5,0.20918367346938777,-1.6736251812438643
SOS,50,136,14,95,-52.67336841528194,7.701044345777321,50.5,136.5,0.14736842105263157,-6.839769523488602
SOS,50,137,334,2272,-13.899076772028744,4.475616996357517,50.5,137.5,0.14700704225352113,-3.105510767194895
SOS,50,138,104,619,-0.6371584469343956,0.11831511877675716,50.5,138.5,0.1680129240710824,-5.385266511346008
SOS,50,139,36,235,-0.16608724482105136,0.049094998712704056,50.5,139.5,0.15319148936170213,-3.3829768647712344
SOS,50,140,25,116,-0.17476863503973375,0.07954539212305159,50.5,140.5,0.21551724137931033,-2.1970931360722687
SOS,51,-126,88,221,-3.751175233407697,0.3930251781995782,51.5,-125.5,0.39819004524886875,-9.54436367306435
SOS,51,-125,444,1008,-1.9121353143396878,0.27568212806673836,51.5,-124.5,0.44047619047619047,-6.936014778138935
SOS,51,-124,647,1670,-0.9208495135516429,0.1298659796776089,51.5,-123.5,0.3874251497005988,-7.090767850345744
SOS,51,-123,49,444,-3.0392630483682437,0.8835756426249506,51.5,-122.5,0.11036036036036036,-3.4397315880495736
SOS,51,-122,97,446,-78.22214138735646,4.0406665151333145,51.5,-121.5,0.21748878923766815,-19.358722402453857
SOS,51,-121,71,395,-11.262269836780186,0.6931572778983327,51.5,-120.5,0.17974683544303796,-16.247784155029898
SOS,51,-120,307,658,-3.7028661436526216,0.6436143328219812,51.5,-119.5,0.46656534954407297,-5.753237544318028
SOS,51,-119,71,151,-2.9654870640315565,0.5669896577514397,51.5,-118.5,0.47019867549668876,-5.230231316373647
SOS,51,-118,642,1400,-3.6198503522405905,0.7648914980413213,51.5,-117.5,0.4585714285714286,-4.7325017489539905
SOS,51,-117,1389,4302,-52.400191906818065,4.6887470977742565,51.5,-116.5,0.3228730822873082,-11.175734330327261
SOS,51,-116,1139,3958,-117.01075888767365,7.0843504019864865,51.5,-115.5,0.28777160181910055,-16.516794377486363
SOS,51,-115,33,146,-242.20755338291755,26.608481251589264,51.5,-114.5,0.22602739726027396,-9.102644795574383
SOS,51,-114,3,7,-1.899510712267384,2.314821690993908,51.5,-113.5,0.42857142857142855,-0.8205861901405446
SOS,51,-113,26,51,3.2117822871040964,4.9854526800890655,51.5,-112.5,0.5098039215686274,0.6442308237988768
SOS,51,-110,41,174,-0.9450503071123207,0.5650934595731651,51.5,-109.5,0.23563218390804597,-1.6723787739928015
SOS,51,-108,21,78,5.6042802885092105,0.8338182989078353,51.5,-107.5,0.2692307692307692,6.72122487099395
SOS,51,-107,31,77,-12.544243006501908,2.8978887098688433,51.5,-106.5,0.4025974025974026,-4.328752503083409
SOS,51,-106,18,65,-2.3954200848034466,0.4393474052733687,51.5,-105.5,0.27692307692307694,-5.452223129240924
SOS,51,-105,2,41,0.05708507870695265,0.0069183951035800325,51.5,-104.5,0.04878048780487805,8.251202461306825
SOS,51,-104,31,87,-5.2627907935161895,1.4690741019038611,51.5,-103.5,0.3563218390804598,-3.582386202776173
SOS,51,-103,27,88,-0.4942966277896702,0.08526708642576553,51.5,-102.5,0.3068181818181818,-5.797039027714526
SOS,51,-102,276,837,-1.5625611255746037,0.24468665774956616,51.5,-101.5,0.32974910394265233,-6.385967833088252
SOS,51,-101,31,87,-0.05217372777189818,0.007901216188666172,51.5,-100.5,0.3563218390804598,-6.603252781102017
SOS,51,-99,45,123,-0.2730676013036619,0.044998064282760666,51.5,-98.5,0.36585365853658536,-6.0684299570699
SOS,51,-98,97,295,-2.4069132022368005,0.3143638664552785,51.5,-97.5,0.3288135593220339,-7.656456288621227
SOS,51,-97,106,588,-4.719141401687487,0.4146674331537928,51.5,-96.5,0.18027210884353742,-11.380545044966773
SOS,51,-96,1020,4684,-52.17653907381972,3.2325407743595727,51.5,-95.5,0.21776259607173357,-16.14103045124214
SOS,51,-95,589,2543,-32.07326119466052,1.9213628755169898,51.5,-94.5,0.23161620133700353,-16.692974348237275
SOS,51,-94,13,63,-1.8316326092317816,0.09345831271796669,51.5,-93.5,0.20634920634920634,-19.59839158191504
SOS,51,-92,11,40,-1.4457338932164936,0.11265412518677038,51.5,-91.5,0.275,-12.833386179330736
SOS,51,-91,36,132,-3.0160495185090976,0.24922293864356906,51.5,-90.5,0.2727272727272727,-12.101813480429898
SOS,51,-90,468,1713,-16.862502927450898,1.1153327274022065,51.5,-89.5,0.2732049036777583,-15.11880940383274
SOS,51,-89,127,449,-8.964100928784015,0.6509240994357104,51.5,-88.5,0.2828507795100223,-13.771345901242622
SOS,51,-88,53,197,-5.515302374982491,0.5047298243175138,51.5,-87.5,0.26903553299492383,-10.927236928073707
SOS,51,-87,17,90,-1.6804189495152984,0.10462707747607092,51.5,-86.5,0.18888888888888888,-16.0610330523628
SOS,51,-69,46,253,-0.3059140401198992,0.031837829024585575,51.5,-68.5,0.18181818181818182,-9.608508164412482
SOS,51,-10,15,85,-2.5737073306318443,0.2542769642731696,51.5,-9.5,0.17647058823529413,-10.12166925143448
SOS,51,-9,0,86,0.0,0.0,51.5,-8.5,0.0,
SOS,51,-5,24,309,-17.038663589843086,2.3922661765175506,51.5,-4.5,0.07766990291262135,-7.122394555043396
SOS,51,-4,420,2375,102.94625539713796,104.61915764226204,51.5,-3.5,0.17684210526315788,0.984009599361864
SOS,51,-3,103,1359,-458.18474514183885,40.56309189352794,51.5,-2.5,0.07579102281089035,-11.295607010050057
SOS,51,-2,49,414,-201.67859980300483,21.77237730939631,51.5,-1.5,0.11835748792270531,-9.263049089084376
SOS,51,-1,197,1404,-59.355138326132376,64.1323523172077,51.5,-0.5,0.14031339031339032,-0.925510076919578
SOS,51,0,45,418,-66.20524383081529,27.519240632219816,51.5,0.5,0.1076555023923445,-2.405780185420578
SOS,51,3,45,151,85.96229803289141,14.11343858616078,51.5,3.5,0.2980132450331126,6.090811782550532
SOS,51,4,162,631,-400.46782036722107,46.03685597135287,51.5,4.5,0.25673534072900156,-8.698852515393714
SOS,51,5,291,1025,-827.2470055829572,84.02446302216723,51.5,5.5,0.2839024390243902,-9.845311422754513
SOS,51,6,105,421,-35.77976624651583,23.239792225736146,51.5,6.5,0.2494061757719715,-1.5395906253797182
SOS,51,7,295,1136,-105.08510273342438,86.45057003628004,51.5,7.5,0.2596830985915493,-1.2155512993069233
SOS,51,8,270,997,-16.56087062507054,49.66006856052555,51.5,8.5,0.2708124373119358,-0.33348465084952905
SOS,51,9,74,350,65.17293498313717,28.156902774509295,51.5,9.5,0.21142857142857144,2.3146343724331366
SOS,51,10,284,1169,-307.357888791091,37.28135466173343,51.5,10.5,0.24294268605645852,-8.244278985564097
SOS,51,11,152,614,-210.51603150900365,19.50203835984085,51.5,11.5,0.247557003257329,-10.79456555385022
SOS,51,12,247,821,-311.8945747605234,58.95628539477745,51.5,12.5,0.30085261875761266,-5.290268419593343
SOS,51,13,218,823,-261.3121686542909,36.01019465736746,51.5,13.5,0.2648845686512758,-7.25661638712714
SOS,51,14,243,1070,-471.79312445112976,46.640115812939605,51.5,14.5,0.22710280373831776,-10.115607910223881
SOS,51,15,179,693,-284.1507916548632,34.21041339870322,51.5,15.5,0.2582972582972583,-8.305973632742896
SOS,51,16,176,796,-406.3537017379992,40.70125603328742,51.5,16.5,0.22110552763819097,-9.98381232769976
SOS,51,17,237,1437,-354.57758876809055,30.776198630337795,51.5,17.5,0.1649269311064718,-11.521162604486308
SOS,51,18,82,564,-101.9492489025231,14.722821738900114,51.5,18.5,0.1453900709219858,-6.924572660766273
SOS,51,19,126,725,-46.32785370230222,10.289173946278652,51.5,19.5,0.17379310344827587,-4.502582417615546
SOS,51,20,332,2221,-185.03686372061264,26.83411224664912,51.5,20.5,0.1494822152183701,-6.895583577344501
SOS,51,21,311,1709,-93.89388359215471,19.729805675674946,51.5,21.5,0.18197776477472205,-4.7589867399412515
SOS,51,22,113,577,-53.83098627678776,10.323432192706314,51.5,22.5,0.19584055459272098,-5.214446636731949
SOS,51,23,320,1379,-103.97890610523089,14.685282123493318,51.5,23.5,0.23205221174764323,-7.080484067710679
SOS,51,24,112,503,-37.51112580602726,6.589341720506863,51.5,24.5,0.22266401590457258,-5.692696994191074
SOS,51,25,272,1150,-221.42938079997657,14.802373443641478,51.5,25.5,0.23652173913043478,-14.959045699194542
SOS,51,26,214,1082,-142.7964231600378,13.50893841589388,51.5,26.5,0.1977818853974122,-10.570514037730108
SOS,51,27,300,1602,-6.168622281347879,1.5958339350062924,51.5,27.5,0.18726591760299627,-3.8654537580838926
SOS,51,28,410,2272,-42.60033262964372,7.663753162379336,51.5,28.5,0.18045774647887325,-5.558677547022895
SOS,51,29,568,3513,-2.659308644202164,26.448974631011424,51.5,29.5,0.16168516937090804,-0.10054486728888629
SOS,51,30,523,3530,-89.23190254853449,20.281027716784532,51.5,30.5,0.1481586402266289,-4.399772230215255
SOS,51,31,269,1792,-188.11408703906648,32.50568937750476,51.5,31.5,0.15011160714285715,-5.787112676012002
SOS,51,32,248,1369,-607.2760483453293,60.70589325592422,51.5,32.5,0.18115412710007306,-10.0035765190897
SOS,51,33,381,2314,-768.4312273745526,70.64303739899485,51.5,33.5,0.16464995678478825,-10.877664036930074
SOS,51,34,62,284,-78.4671050929263,7.95264742472688,51.5,34.5,0.21830985915492956,-9.866790378377816
SOS,51,35,20,120,-89.05522780858665,5.185333495110115,51.5,35.5,0.16666666666666666,-17.1744455573721
SOS,51,36,7,58,-55.71235192233535,4.02602610099956,51.5,36.5,0.1206896551724138,-13.838050356529829
SOS,51,37,12,133,-124.56513479041642,4.941753455711552,51.5,37.5,0.09022556390977443,-25.206667209681864
SOS,51,38,15,130,-30.099353467538187,1.457190482280371,51.5,38.5,0.11538461538461539,-20.655743935710746
SOS,51,39,128,668,-218.66684067360217,14.515387364989964,51.5,39.5,0.19161676646706588,-15.06448537508619
SOS,51,40,7,57,-10.398163649771696,1.881780497357978,51.5,40.5,0.12280701754385964,-5.5257048653499865
SOS,51,41,52,330,-202.08110601669966,12.433015504696606,51.5,41.5,0.15757575757575756,-16.25358755004874
SOS,51,42,7,57,-65.71252919909887,3.507816153818896,51.5,42.5,0.12280701754385964,-18.73317366634475
SOS,51,43,13,86,-135.81665849137903,10.992591777476152,51.5,43.5,0.1511627906976744,-12.355289929866013
SOS,51,45,20,130,-77.2614147521156,6.5615050143943305,51.5,45.5,0.15384615384615385,-11.774953243596253
SOS,51,46,17,115,-205.67623175920684,10.078942278782726,51.5,46.5,0.14782608695652175,-20.406529382768444
SOS,51,47,25,135,-452.72078546760844,13.069088142380512,51.5,47.5,0.18518518518518517,-34.64057939891942
SOS,51,48,8,46,-128.21946058542238,4.057147411423955,51.5,48.5,0.17391304347826086,-31.603352696623027
SOS,51,50,5,32,-22.407211475242026,2.6468398960139057,51.5,50.5,0.15625,-8.46564671667028
SOS,51,51,13,64,-30.036973743724,3.8367565875231078,51.5,51.5,0.203125,-7.828741036479187
SOS,51,52,1,21,-0.008771426761003275,0.00022767626085040682,51.5,52.5,0.047619047619047616,-38.52587322121599
SOS,51,53,1,22,-8.708645181330679,0.25215974847521694,51.5,53.5,0.045454545454545456,-34.536222509702384
SOS,51,54,3,22,-4.540547021844716,0.7468130256079716,51.5,54.5,0.13636363636363635,-6.079898001441942
SOS,51,55,16,190,-37.490782756360986,7.151913234002423,51.5,55.5,0.08421052631578947,-5.242063421311954
SOS,51,56,12,184,-8.359523831500663,1.0045720185614344,51.5,56.5,0.06521739130434782,-8.321477880173942
SOS,51,57,41,265,-6.016248408658449,1.1443592318014608,51.5,57.5,0.15471698113207547,-5.257307531995539
SOS,51,58,34,373,-144.92995192909837,15.68227000059264,51.5,58.5,0.09115281501340483,-9.2416437112498
SOS,51,59,34,305,-100.20229798220424,10.957158213421312,51.5,59.5,0.11147540983606558,-9.144916595205084
SOS,51,60,3,22,-0.21697912374393188,0.06391520177030784,51.5,60.5,0.13636363636363635,-3.394796820382264
SOS,51,61,6,44,-0.1440774565781155,0.2025232380910006,51.5,61.5,0.13636363636363635,-0.7114119739354384
SOS,51,63,48,552,-24.026847719017294,2.058229825782516,51.5,63.5,0.08695652173913043,-11.67354948317424
SOS,51,64,199,1539,-103.32719610449357,11.93812408823893,51.5,64.5,0.12930474333983105,-8.65522885679236
SOS,51,71,32,151,-10.266642855562164,12.511531008419189,51.5,71.5,0.2119205298013245,-0.8205744643604043
SOS,51,75,15,65,-15.79542643400298,9.59023381553272,51.5,75.5,0.23076923076923078,-1.647032464257554
SOS,51,76,5,21,44.29301956466887,4.670971139446511,51.5,76.5,0.23809523809523808,9.482614694535961
SOS,51,77,4,22,-18.921814656965186,3.468158214397641,51.5,77.5,0.18181818181818182,-5.455868356412793
SOS,51,80,65,288,-4.963940046843765,0.7993350431133044,51.5,80.5,0.22569444444444445,-6.210086858584199
SOS,51,81,11,56,-5.258745753718531,4.085188106032209,51.5,81.5,0.19642857142857142,-1.287271385607297
SOS,51,82,55,168,-16.146574469648524,1.8763409593438924,51.5,82.5,0.3273809523809524,-8.605352022638018
SOS,51,83,425,1125,-36.70738131364922,12.954553885022309,51.5,83.5,0.37777777777777777,-2.8335503977554386
SOS,51,84,22,48,-0.0019466284526414486,0.0039011532869819227,51.5,84.5,0.4583333333333333,-0.4989879426520645
SOS,51,87,928,3041,-14.289402579448849,2.7577541453842396,51.5,87.5,0.305162775402828,-5.181536071069126
SOS,51,88,1796,5197,0.00022610943571998976,0.00027920521117207476,51.5,88.5,0.3455839907639022,0.8098324338962214
SOS,51,89,215,705,-8.565383671185139e-05,5.219926760971799e-05,51.5,89.5,0.3049645390070922,-1.640901120534211
SOS,51,90,223,668,-49.618752166021125,14.558364595097801,51.5,90.5,0.3338323353293413,-3.4082641523299335
SOS,51,91,591,1983,-0.6298537523755701,0.2627979926602104,51.5,91.5,0.2980332829046899,-2.3967220829953266
SOS,51,92,497,1758,-3.678219826674012,1.0283954001104962,51.5,92.5,0.282707622298066,-3.576659158800987
SOS,51,93,360,936,-0.03947993892973426,0.03541085685252009,51.5,93.5,0.38461538461538464,-1.1149105793785554
SOS,51,94,305,1371,35.498043173173585,16.801739520038595,51.5,94.5,0.2224653537563822,2.112759999096334
SOS,51,95,623,2116,-0.02013606470484617,0.2706065867725162,51.5,95.5,0.2944234404536862,-0.07441084470635384
SOS,51,99,25,88,-6.963845744657176e-05,2.046960867727303e-05,51.5,99.5,0.2840909090909091,-3.4020414627608324
SOS,51,100,1292,3675,-0.0006286338570137104,0.0011899514785789328,51.5,100.5,0.35156462585034015,-0.5282852858542092
SOS,51,101,1378,3832,-0.00048090977772781847,0.0005467187093065693,51.5,101.5,0.3596033402922756,-0.8796292673755036
SOS,51,102,118,422,-0.00015125410822362976,5.902783867333236e-05,51.5,102.5,0.2796208530805687,-2.5624198958171145
SOS,51,103,1225,4787,-4.892406559680675,1.216321208010163,51.5,103.5,0.2559013996239816,-4.022298162246462
SOS,51,104,1127,5262,-5.79350589192851,1.8958716130310609,51.5,104.5,0.21417711896617256,-3.0558534935105826
SOS,51,105,718,3552,-0.9963936417748148,0.33864452048710675,51.5,105.5,0.20213963963963963,-2.9422996135936317
SOS,51,106,440,2150,-29.449845023908374,13.86775407852173,51.5,106.5,0.20465116279069767,-2.123620368313285
SOS,51,107,185,1004,-79.62737783900359,36.433609454716496,51.5,107.5,0.18426294820717132,-2.1855473292585197
SOS,51,108,7,22,-0.4157620443186567,0.389291989745834,51.5,108.5,0.3181818181818182,-1.0679953743463995
SOS,51,109,122,511,-0.8416817553016402,0.16894707995366093,51.5,109.5,0.23874755381604695,-4.981925438027683
SOS,51,113,54,228,5.261613440698316,4.259154064223074,51.5,113.5,0.23684210526315788,1.2353658405775712
SOS,51,114,25,141,0.7735377469737957,0.5856714603224141,51.5,114.5,0.1773049645390071,1.3207707723165485
SOS,51,117,4,24,-0.004973617270855915,0.0008026476159403596,51.5,117.5,0.16666666666666666,-6.196514101682048
SOS,51,118,230,1432,-0.4100272056466853,0.09859413002824048,51.5,118.5,0.16061452513966482,-4.158738512416921
SOS,51,119,15,94,-0.05550803374434728,0.015392375525147009,51.5,119.5,0.1595744680851064,-3.606203191551691
SOS,51,126,105,707,-13.898704952773558,3.4470011227363426,51.5,126.5,0.1485148514851485,-4.032115006025966
SOS,51,127,141,784,-25.704258972196072,4.986189498768067,51.5,127.5,0.1798469387755102,-5.155090671653534
SOS,51,128,98,706,-36.10174312758847,12.63992336151086,51.5,128.5,0.1388101983002833,-2.856167881327502
SOS,51,129,439,2565,-19.299534493280976,5.018593072084738,51.5,129.5,0.17115009746588694,-3.845606570620776
SOS,51,130,531,2513,-20.86215603572361,7.752172716937087,51.5,130.5,0.21130123358535616,-2.6911366396860066
SOS,51,134,625,3460,-4.808514321183402,0.7184936692246097,51.5,134.5,0.18063583815028902,-6.692493653246378
SOS,51,135,16,89,-0.08703475966794727,0.012333343854907182,51.5,135.5,0.1797752808988764,-7.056866385292416
SOS,51,136,331,1299,-2.7392551385310773,1.618623808494312,51.5,136.5,0.2548113933795227,-1.6923358745595167
SOS,51,137,516,3166,-1.1269229617546064,0.3671656614141939,51.5,137.5,0.16298168035375868,-3.069249333976638
SOS,51,139,44,191,3.2086821286421574,1.8465366590981322,51.5,139.5,0.23036649214659685,1.7376758337466807
SOS,51,140,11,93,-0.6496551984968717,0.21442956406904773,51.5,140.5,0.11827956989247312,-3.029690431528735
SOS,51,142,36,318,-0.09470570345782153,0.014007489841308533,51.5,142.5,0.11320754716981132,-6.761076005104884
SOS,52,-127,922,2213,-151.1220088725132,19.505944869077943,52.5,-126.5,0.4166290103931315,-7.747484671305585
SOS,52,-126,1222,3115,-25.112556652405498,3.7144202746233304,52.5,-125.5,0.3922953451043339,-6.760828015066791
SOS,52,-125,292,701,-0.12381729522976033,0.017678497307547034,52.5,-124.5,0.4165477888730385,-7.003835963869063
SOS,52,-124,32,196,-1.0257898321430134,0.07552673435785298,52.5,-123.5,0.16326530612244897,-13.581811008572434
SOS,52,-123,25,126,-14.137778891968017,0.8330274517538303,52.5,-122.5,0.1984126984126984,-16.971564217004822
SOS,52,-121,1565,3734,-148.67333646003354,24.595146510861582,52.5,-120.5,0.419121585431173,-6.044824184900756
SOS,52,-120,1164,2486,-51.62371997033937,8.61863060326284,52.5,-119.5,0.4682220434432824,-5.989782176160987
SOS,52,-119,1308,3345,-7.048065858523176,1.305857657177582,52.5,-118.5,0.39103139013452914,-5.397269618004559
SOS,52,-118,2131,5502,-3.478640030068432,0.6963690977330604,52.5,-117.5,0.38731370410759725,-4.995396897123515
SOS,52,-117,333,1021,-0.5242579771123351,0.12165134388211771,52.5,-116.5,0.32615083251714005,-4.3095124178845925
SOS,52,-115,7,23,-0.051776459889093455,0.0060264522629122075,52.5,-114.5,0.30434782608695654,-8.591532402527177
SOS,52,-112,5,22,-23.643270093583954,4.95324508528946,52.5,-111.5,0.22727272727272727,-4.773288962381775
SOS,52,-111,29,90,-1.7320811496236004,0.5242738227574468,52.5,-110.5,0.32222222222222224,-3.3037719497678233
SOS,52,-108,16,42,-1.6771060826021245,0.5102947001712066,52.5,-107.5,0.38095238095238093,-3.2865441911104436
SOS,52,-107,11,38,101.13506868460189,6.596060020737978,52.5,-106.5,0.2894736842105263,15.332648333495111
SOS,52,-106,7,25,-0.6994936244350705,0.06472121627766628,52.5,-105.5,0.28,-10.807794795359072
SOS,52,-105,9,23,-0.47794218494123053,0.04417093302921443,52.5,-104.5,0.391304347826087,-10.820287283157953
SOS,52,-104,107,323,-5.8753670717887605,1.364033213652587,52.5,-103.5,0.33126934984520123,-4.307348980202464
SOS,52,-103,20,66,-0.9173730984137973,0.14968880455331204,52.5,-102.5,0.30303030303030304,-6.1285351376232855
SOS,52,-102,25,80,-3.579917169240993,1.1372029031262354,52.5,-101.5,0.3125,-3.148002136997362
SOS,52,-100,448,1307,-12.427791870453818,2.161178595363629,52.5,-99.5,0.342769701606733,-5.750469626672746
SOS,52,-99,19,66,-0.1767830373641427,0.09629073896600117,52.5,-98.5,0.2878787878787879,-1.835929802413939
SOS,52,-98,34,108,-0.10843029575263716,0.03494746049055599,52.5,-97.5,0.3148148148148148,-3.102665951419811
SOS,52,-91,143,537,-4.767867628020583,0.32548772933498266,52.5,-90.5,0.26629422718808193,-14.648379027258597
SOS,52,-90,20,71,-1.5374188630903252,0.11696435456292906,52.5,-89.5,0.28169014084507044,-13.144336741183524
SOS,52,-89,31,109,-2.544953133068791,0.23469885607910226,52.5,-88.5,0.28440366972477066,-10.843483328316893
SOS,52,-88,62,220,-7.2077856464861325,0.6473240264966216,52.5,-87.5,0.2818181818181818,-11.134741414582347
SOS,52,-87,7,37,-0.1742208319432313,0.009471855183299197,52.5,-86.5,0.1891891891891892,-18.39352783290205
SOS,52,-67,31,112,-0.22107856995375852,0.02270154414559794,52.5,-66.5,0.2767857142857143,-9.738481600011685
SOS,52,-10,2,36,-0.5158256946364399,0.08490923950104994,52.5,-9.5,0.05555555555555555,-6.075024316170698
SOS,52,-9,1,183,-14.065590487829136,0.2778018117695876,52.5,-8.5,0.00546448087431694,-50.631744977586095
SOS,52,-8,0,93,0.0,0.0,52.5,-7.5,0.0,
SOS,52,-7,7,39,-1.0760813642921017,0.3388702410145407,52.5,-6.5,0.1794871794871795,-3.1754967950872017
SOS,52,-4,210,1192,97.92074908009658,8.569332560503778,52.5,-3.5,0.1761744966442953,11.42688166070427
SOS,52,-3,98,1079,-403.6151201582879,46.289895731975825,52.5,-2.5,0.09082483781278962,-8.719292056635187
SOS,52,-2,56,565,-79.48191378135337,20.636102317958336,52.5,-1.5,0.09911504424778761,-3.8515952555723243
SOS,52,-1,2,23,-11.426024177701816,1.3700384848244112,52.5,-0.5,0.08695652173913043,-8.33992935546348
SOS,52,0,44,228,23.841745073498785,7.084673774682483,52.5,0.5,0.19298245614035087,3.365256585094818
SOS,52,4,138,715,-109.31095658468958,40.32648853007697,52.5,4.5,0.193006993006993,-2.7106490192708312
SOS,52,5,424,1663,-153.94621370041543,69.21430475289121,52.5,5.5,0.2549609140108238,-2.224196490162459
SOS,52,6,178,783,186.11851846891037,44.563691521813574,52.5,6.5,0.227330779054917,4.1764609733420945
SOS,52,7,76,281,47.008884997453066,18.064345755578064,52.5,7.5,0.2704626334519573,2.6023021056789317
SOS,52,8,74,278,-77.28845710973349,34.51755335926556,52.5,8.5,0.26618705035971224,-2.2391058921615867
SOS,52,9,146,496,-342.93850533888684,59.91605523785925,52.5,9.5,0.29435483870967744,-5.723649595712933
SOS,52,10,76,279,-63.11461691950659,30.778554442174936,52.5,10.5,0.2724014336917563,-2.050603677248159
SOS,52,11,315,936,-38.83123801136597,63.16104939686273,52.5,11.5,0.33653846153846156,-0.6147972268062847
SOS,52,12,686,2099,293.0006172084447,163.2041989045557,52.5,12.5,0.3268222963315865,1.7953007286276739
SOS,52,13,559,2531,9.34009739876047,89.30639661866665,52.5,13.5,0.22086131963650732,0.10458486460541193
SOS,52,14,225,1063,-487.9124075062093,37.435933118370485,52.5,14.5,0.2116650987770461,-13.033264216052943
SOS,52,15,180,967,-103.04149814125236,19.754118511059513,52.5,15.5,0.18614270941054809,-5.216203298748243
SOS,52,16,235,1301,-292.06147221895077,23.4687080082661,52.5,16.5,0.180630284396618,-12.444718819462985
SOS,52,17,73,505,-171.99882981977348,10.359147403944442,52.5,17.5,0.14455445544554454,-16.60357007317819
SOS,52,18,153,918,-334.4340599018295,16.999318403928193,52.5,18.5,0.16666666666666666,-19.673380541219153
SOS,52,19,180,1001,-320.84629543310047,24.374143323994975,52.5,19.5,0.1798201798201798,-13.163387577082363
SOS,52,20,281,1487,-211.98054362546037,23.906827911002814,52.5,20.5,0.18897108271687962,-8.866945644758626
SOS,52,21,246,1260,-190.6240337165285,20.530643090233063,52.5,21.5,0.19523809523809524,-9.284854491830949
SOS,52,22,91,566,-101.91903500105649,9.25818589721892,52.5,22.5,0.1607773851590106,-11.00853192326502
SOS,52,23,358,1795,-99.4680519235432,20.157062417193544,52.5,23.5,0.19944289693593314,-4.934650191820564
SOS,52,24,211,985,-5.4207699668423714,2.1397640041677013,52.5,24.5,0.21421319796954313,-2.5333494517545523
SOS,52,25,178,935,-37.92842006149824,4.699219646223047,52.5,25.5,0.19037433155080213,-8.07121669487887
SOS,52,26,51,265,-100.94421271907865,13.666022467559092,52.5,26.5,0.19245283018867926,-7.386510080654685
SOS,52,27,142,761,-110.8204937773393,18.2136089951097,52.5,27.5,0.18659658344283836,-6.08448846173728
SOS,52,28,44,225,-19.532228558941462,2.5889105630839757,52.5,28.5,0.19555555555555557,-7.544574477564871
SOS,52,29,48,297,5.953214919550827,12.628689311257327,52.5,29.5,0.16161616161616163,0.47140402086256705
SOS,52,30,18,161,-4.445283136140181,1.562902483321769,52.5,30.5,0.11180124223602485,-2.8442485590606035
SOS,52,31,50,326,-5.5316928265088965,0.9733608760241785,52.5,31.5,0.15337423312883436,-5.683085238749094
SOS,52,32,115,701,-34.70663798147132,4.8579202387417295,52.5,32.5,0.16405135520684735,-7.144340844604075
SOS,52,33,307,1324,-330.5997929863462,37.219187057676116,52.5,33.5,0.23187311178247735,-8.88250977846554
SOS,52,34,36,166,-4.763948449100529,0.3589715728461911,52.5,34.5,0.21686746987951808,-13.271102252828648
SOS,52,35,7,37,-0.002739413257995302,0.003220891567636941,52.5,35.5,0.1891891891891892,-0.8505139649904815
SOS,52,38,20,107,-29.573398502793147,2.9234614169976947,52.5,38.5,0.18691588785046728,-10.11588466016566
SOS,52,39,104,554,-84.7014292185093,6.774091415955082,52.5,39.5,0.18772563176895307,-12.50373282814153
SOS,52,40,9,75,-89.77360522198218,5.995147270230831,52.5,40.5,0.12,-14.97437863916321
SOS,52,41,13,97,-92.69891670073237,6.996945848605625,52.5,41.5,0.13402061855670103,-13.248482796133933
SOS,52,42,14,131,-41.13965510605817,4.4699482389086915,52.5,42.5,0.10687022900763359,-9.203608835547087
SOS,52,44,4,38,-0.0543687554009039,0.004382483267378445,52.5,44.5,0.10526315789473684,-12.405924240625044
SOS,52,47,47,314,-155.93366922888458,12.809332965159035,52.5,47.5,0.14968152866242038,-12.17344179068645
SOS,52,48,11,86,-6.439051953731046,0.785028929105443,52.5,48.5,0.12790697674418605,-8.202311679224971
SOS,52,49,8,59,-17.74582620091111,1.3914431382643988,52.5,49.5,0.13559322033898305,-12.753540344484483
SOS,52,50,4,22,-3.4763026669385493,0.3372395016535269,52.5,50.5,0.18181818181818182,-10.308112335280441
SOS,52,51,3,22,-0.34121992784469957,0.03636190733263936,52.5,51.5,0.13636363636363635,-9.383994209192982
SOS,52,52,1,8,-3.2290549245546027,0.29355044768678207,52.5,52.5,0.125,-11.0
SOS,52,53,1,4,-2.868413812189999,0.28684138121899994,52.5,53.5,0.25,-10.0
SOS,52,55,6,48,-37.422070912639825,4.855602566490991,52.5,55.5,0.125,-7.706988041173995
SOS,52,56,31,286,-15.97240378781486,1.73700567079257,52.5,56.5,0.10839160839160839,-9.195366518594547
SOS,52,58,12,92,-24.33600923289651,5.7878136643913525,52.5,58.5,0.13043478260869565,-4.204698119882491
SOS,52,59,10,42,-3.419289966873034,0.7381696231500949,52.5,59.5,0.23809523809523808,-4.632119582869609
SOS,52,60,68,423,-208.1519363087811,25.9420008225136,52.5,60.5,0.1607565011820331,-8.023742568388856
SOS,52,63,9,44,-0.0329519051697,0.007106663425309634,52.5,63.5,0.20454545454545456,-4.636761754094792
SOS,52,67,29,129,-14.050716339214315,2.741227902231744,52.5,67.5,0.2248062015503876,-5.1257016345759
SOS,52,68,358,1414,-41.84659176705296,16.14635764467857,52.5,68.5,0.2531824611032532,-2.591704747779109
SOS,52,69,48,183,-4.286767100687072,1.2682534547111626,52.5,69.5,0.26229508196721313,-3.3800555281462716
SOS,52,70,118,450,-7.086802126876116,5.576994616049207,52.5,70.5,0.26222222222222225,-1.270720632665138
SOS,52,76,39,126,-38.7289561506052,19.70815986797299,52.5,76.5,0.30952380952380953,-1.9651228937685963
SOS,52,77,5,20,-2.396282345730893,2.3115202890419484,52.5,77.5,0.25,-1.0366693976647188
SOS,52,78,45,153,24.39387414326801,32.06485430556908,52.5,78.5,0.29411764705882354,0.7607667233040021
SOS,52,79,5,19,17.12923938700993,3.3559759618331144,52.5,79.5,0.2631578947368421,5.104100739045083
SOS,52,80,46,188,-16.858038825990796,3.714155103537733,52.5,80.5,0.24468085106382978,-4.538862367361426
SOS,52,81,77,301,-14.45217344708079,2.3194528371628063,52.5,81.5,0.2558139534883721,-6.23085462895591
SOS,52,83,114,403,-32.62340150605534,7.678011620568582,52.5,83.5,0.28287841191067,-4.248938803200127
SOS,52,84,195,874,-14.98940723760573,2.429969536328216,52.5,84.5,0.2231121281464531,-6.168557676758097
SOS,52,85,28,138,-89.63487797059715,19.901922958748944,52.5,85.5,0.2028985507246377,-4.503830014636519
SOS,52,86,10,40,-0.24328591159069268,0.06963247778376228,52.5,86.5,0.25,-3.493856880207485
SOS,52,87,38,141,-1.7649015987489767,0.3232560820309254,52.5,87.5,0.2695035460992908,-5.459763007893326
SOS,52,88,1032,4341,-15.715006276304933,2.607649674069407,52.5,88.5,0.2377332411886662,-6.026502115132914
SOS,52,89,261,1333,-0.3516025923672872,0.05019232858382398,52.5,89.5,0.19579894973743436,-7.005106204229822
SOS,52,90,253,838,-0.0004113628237171472,0.00020663574047708537,52.5,90.5,0.301909307875895,-1.9907631795321719
SOS,52,91,1084,3475,-0.0850069689359424,0.0544718830073829,52.5,91.5,0.31194244604316546,-1.5605660065840004
SOS,52,92,1135,3734,-0.9401229302917044,0.22391198754927413,52.5,92.5,0.30396357793251205,-4.198627061379733
SOS,52,94,370,1454,-0.07416414169102296,0.021179161186455804,52.5,94.5,0.2544704264099037,-3.5017506613270104
SOS,52,95,30,120,-0.00018804868244632865,4.5865677792103444e-05,52.5,95.5,0.25,-4.099986994604153
SOS,52,96,321,1129,-0.058570560837786736,0.03130984884188288,52.5,96.5,0.2843224092116918,-1.870675298803662
SOS,52,97,534,2121,-0.0036250783553184456,0.0008487766960999487,52.5,97.5,0.25176803394625175,-4.270944727836366
SOS,52,98,246,845,-4.19494671009744e-05,1.4502280044052698e-05,52.5,98.5,0.2911242603550296,-2.8926118495537976
SOS,52,103,19,119,-17.347738350143107,14.083298014536183,52.5,103.5,0.15966386554621848,-1.2317951613491036
SOS,52,104,126,687,-95.27107537627712,15.93220885048614,52.5,104.5,0.18340611353711792,-5.979778213450304
SOS,52,105,1073,4524,-2.4630515632975305,1.0490033385366886,52.5,105.5,0.23717948717948717,-2.3479921110006896
SOS,52,106,962,4437,-108.95473042479668,17.778849661337954,52.5,106.5,0.21681316204642775,-6.128334087988303
SOS,52,107,507,1901,-2.5834643895862213,0.8784252607390522,52.5,107.5,0.2667017359284587,-2.9410178703338463
SOS,52,108,1166,4600,-3.3375560497286414,0.8805540449744866,52.5,108.5,0.2534782608695652,-3.7902909750705245
SOS,52,109,160,742,-0.5476481932350765,0.09574844735856962,52.5,109.5,0.215633423180593,-5.719656123343511
SOS,52,113,30,185,2.0454869650931613,8.884408662077481,52.5,113.5,0.16216216216216217,0.23023332704450988
SOS,52,114,458,2577,-0.8882926457927668,0.1986515778144079,52.5,114.5,0.17772603802871556,-4.4716113285677626
SOS,52,127,141,1028,-7.803004413334182,1.5484954641533906,52.5,127.5,0.13715953307392997,-5.03908767830994
SOS,52,128,60,434,-1.7812896402799807,0.6516111421966081,52.5,128.5,0.1382488479262673,-2.7336697071740974
SOS,52,129,170,1223,-6.532227857313173,1.882393852916032,52.5,129.5,0.13900245298446443,-3.470170627254251
SOS,52,130,484,2469,-10.406387144626033,4.678480917135576,52.5,130.5,0.19603078169299312,-2.2243089859597838
SOS,52,131,85,475,-0.5601632778110098,0.3106277993338726,52.5,131.5,0.17894736842105263,-1.8033262927923868
SOS,52,132,109,598,-0.32941379571047225,0.16751756137659873,52.5,132.5,0.18227424749163879,-1.9664433567649195
SOS,52,134,242,1396,-0.08758958153550135,0.015405946971287904,52.5,134.5,0.17335243553008595,-5.685439635664217
SOS,52,135,12,70,-2.762386445237667e-07,1.2000000000000002e-07,52.5,135.5,0.17142857142857143,-2.3019887043647222
SOS,52,136,226,960,-3.139735795979332,1.245766164461313,52.5,136.5,0.23541666666666666,-2.5203251505365767
SOS,52,137,18,109,-0.030506323958748575,0.011022273764790624,52.5,137.5,0.1651376146788991,-2.7676979006089915
SOS,52,138,11,65,-0.6972300620920736,0.18548423321011276,52.5,138.5,0.16923076923076924,-3.7589721240741016
SOS,52,139,45,234,-0.5163543608180134,2.7282597871723344,52.5,139.5,0.19230769230769232,-0.18926143443003332
SOS,52,140,2,22,0.0034880141351133313,0.013560339569202861,52.5,140.5,0.09090909090909091,0.2572217397147653
SOS,52,142,46,455,-2.006222361308655,0.23895713036658223,52.5,142.5,0.1010989010989011,-8.395741772722687
SOS,52,156,11,701,6.49668913354163,1.4356854218870185,52.5,156.5,0.015691868758915834,4.5251480822328
SOS,52,157,147,1284,-49.35294075068292,8.97047866163788,52.5,157.5,0.11448598130841121,-5.501706498867228
SOS,52,158,9,19,3.979787537639184,2.165807273867011,52.5,158.5,0.47368421052631576,1.8375538699403031
SOS,53,-128,123,279,-168.03183067153498,23.166495251003724,53.5,-127.5,0.44086021505376344,-7.2532262153143225
SOS,53,-127,1760,5231,-698.939333400784,122.54930371818598,53.5,-126.5,0.33645574459950295,-5.703331738286027
SOS,53,-126,401,1927,-75.48473463733389,8.2993564543614,53.5,-125.5,0.20809548521017124,-9.095251547807162
SOS,53,-125,31,195,-7.654005024496915,0.6891543660017418,53.5,-124.5,0.15897435897435896,-11.106372392158029
SOS,53,-124,28,123,-2.2411179278742934,0.30596286554444907,53.5,-123.5,0.22764227642276422,-7.324803694351309
SOS,53,-123,66,299,-359.76220723826935,21.6706647010451,53.5,-122.5,0.22073578595317725,-16.60134620701871
SOS,53,-122,435,1177,-146.00019469574312,13.243668050773174,53.5,-121.5,0.3695836873406967,-11.024150872402721
SOS,53,-121,695,1585,-47.37892517128101,7.254918192720018,53.5,-120.5,0.4384858044164038,-6.530593993302863
SOS,53,-120,1909,4949,-7.404384979584731,1.660169414053879,53.5,-119.5,0.3857344918165286,-4.460017704762046
SOS,53,-119,1949,5887,-5.155131608111771,0.9173455595364342,53.5,-118.5,0.3310684559198233,-5.619617988576556
SOS,53,-118,334,1127,-148.0177384792206,24.578492790548808,53.5,-117.5,0.2963620230700976,-6.022246349301696
SOS,53,-117,20,69,-23.41972354589692,6.265570711921902,53.5,-116.5,0.2898550724637681,-3.7378436255351355
SOS,53,-116,5,21,-39.063504663731564,4.634701901083972,53.5,-115.5,0.23809523809523808,-8.428482672120795
SOS,53,-115,7,21,-0.020058914762445174,0.0023006938191497683,53.5,-114.5,0.3333333333333333,-8.718637219557548
SOS,53,-114,36,71,-92.37461728551028,13.841477073797229,53.5,-113.5,0.5070422535211268,-6.673754310541115
SOS,53,-113,139,343,-19.61425274632741,11.913002019237844,53.5,-112.5,0.40524781341107874,-1.6464576027648712
SOS,53,-110,6,21,-0.1338160135291888,0.024879419744736755,53.5,-109.5,0.2857142857142857,-5.378582575564191
SOS,53,-109,38,131,-0.16255584012845747,0.2310816656514307,53.5,-108.5,0.2900763358778626,-0.7034562420614568
SOS,53,-108,2,2,0.0,0.0925682206874402,53.5,-107.5,1.0,0.0
SOS,53,-107,850,2627,-5.794664084564291,1.6961031777505433,53.5,-106.5,0.32356299961933765,-3.4164573008167247
SOS,53,-106,157,438,-33.93993870599664,5.4184418735613304,53.5,-105.5,0.3584474885844749,-6.263782005598824
SOS,53,-105,48,163,-0.8232067265765192,0.34649786593422743,53.5,-104.5,0.294478527607362,-2.3757916209873025
SOS,53,-104,19,47,-2.3890808983256253,1.2318641022125534,53.5,-103.5,0.40425531914893614,-1.9394029698849027
SOS,53,-103,76,212,-0.12414471559151391,0.03151554186003297,53.5,-102.5,0.3584905660377358,-3.9391585314593742
SOS,53,-94,785,3248,-10.368061120759121,0.9120630258005998,53.5,-93.5,0.2416871921182266,-11.367702480492662
SOS,53,-93,556,2267,-9.089274473232734,0.6781534787549609,53.5,-92.5,0.24525805028672254,-13.40297551804934
SOS,53,-91,41,205,-2.9614881575603857,0.3198813662872708,53.5,-90.5,0.2,-9.258082744653557
SOS,53,-88,364,1506,-3.4203498737154776,0.26964003862492314,53.5,-87.5,0.24169986719787517,-12.684873845732088
SOS,53,-10,37,225,-44.4811430729343,13.488849203601898,53.5,-9.5,0.16444444444444445,-3.2976232739748177
SOS,53,-9,3,21,1.3414275480106255,0.36262651506695237,53.5,-8.5,0.14285714285714285,3.6991987410599454
SOS,53,-8,3,55,-56.497763205447164,1.8497278362663407,53.5,-7.5,0.05454545454545454,-30.543824933449343
SOS,53,-7,52,457,-42.882497991872825,4.340095392656067,53.5,-6.5,0.1137855579868709,-9.880542732870543
SOS,53,-5,23,111,-2.9201481364929576,0.8399596953907602,53.5,-4.5,0.2072072072072072,-3.4765336390747494
SOS,53,-4,83,589,-81.4094849235425,19.47238507916684,53.5,-3.5,0.14091680814940577,-4.180765971531708
SOS,53,-3,434,2654,311.750235795336,110.7562034212705,53.5,-2.5,0.16352675207234363,2.8147428872184057
SOS,53,-2,347,2657,130.30237237541067,45.3603836074539,53.5,-1.5,0.13059841926985322,2.87260296348108
SOS,53,-1,6,40,-17.82346631955034,3.604809830272748,53.5,-0.5,0.15,-4.944356889473356
SOS,53,5,34,211,142.89463384812794,13.186511216150121,53.5,5.5,0.16113744075829384,10.83642454822458
SOS,53,6,43,274,78.52953897446346,13.432292306410595,53.5,6.5,0.15693430656934307,5.84632445327184
SOS,53,7,51,242,2.229737720956781,18.63950635705857,53.5,7.5,0.21074380165289255,0.11962429037786211
SOS,53,8,72,312,65.36059825849551,13.679214080518147,53.5,8.5,0.23076923076923078,4.778096012956013
SOS,53,9,150,580,166.21820913755573,30.38364742752747,53.5,9.5,0.25862068965517243,5.4706469831848645
SOS,53,10,111,430,-8.211266710802214,38.90215543789794,53.5,10.5,0.25813953488372093,-0.21107485223821074
SOS,53,11,253,1032,170.9268412465711,83.17147691388465,53.5,11.5,0.2451550387596899,2.0551136950898194
SOS,53,12,172,1052,67.40973214482771,15.238154348634799,53.5,12.5,0.1634980988593156,4.423746511720235
SOS,53,13,333,1664,53.015649657469716,22.026212214377477,53.5,13.5,0.20012019230769232,2.406934480675895
SOS,53,14,58,401,52.449080047693336,17.055626090940727,53.5,14.5,0.14463840399002495,3.075177643320418
SOS,53,15,153,943,-79.09870633771567,29.58274750873993,53.5,15.5,0.16224814422057265,-2.6738120356923147
SOS,53,16,456,2554,-306.73623708165326,47.4751425648102,53.5,16.5,0.17854346123727485,-6.460986118428512
SOS,53,17,318,2044,-142.11861777154593,17.536648295615624,53.5,17.5,0.15557729941291584,-8.104092377052307
SOS,53,18,261,2143,-27.116417582895828,12.258933204803895,53.5,18.5,0.12179188054129725,-2.211972047638676
SOS,53,19,353,1805,-271.6747340562254,53.2411088402742,53.5,19.5,0.1955678670360111,-5.102724942699113
SOS,53,20,373,1562,-228.48863972193982,44.90133482768071,53.5,20.5,0.23879641485275288,-5.088682565870658
SOS,53,21,566,2215,-176.35226380235267,26.5713070425808,53.5,21.5,0.25553047404063206,-6.6369435090169375
SOS,53,22,339,1895,-215.27769987690073,31.593918300269586,53.5,22.5,0.17889182058047493,-6.813896833906283
SOS,53,23,342,2102,-92.44040043000473,28.15271219920418,53.5,23.5,0.16270218839200762,-3.2835344522371748
SOS,53,24,63,520,-8.485717232963037,5.037097024495354,53.5,24.5,0.12115384615384615,-1.6846443877688033
SOS,53,25,44,309,-10.750065209753114,3.912129977529446,53.5,25.5,0.1423948220064725,-2.747880380125279
SOS,53,26,113,762,18.83800715404486,4.455714264351222,53.5,26.5,0.14829396325459318,4.227831058369669
SOS,53,27,48,274,-204.804342686513,39.92968958802965,53.5,27.5,0.17518248175182483,-5.12912433829464
SOS,53,28,20,154,-48.74617131263046,15.956067576625163,53.5,28.5,0.12987012987012986,-3.055024120356644
SOS,53,29,15,109,3.765778476464355,3.3763657597455987,53.5,29.5,0.13761467889908258,1.115334873182726
SOS,53,30,33,240,-115.35408345415804,12.02230482417281,53.5,30.5,0.1375,-9.5950057115687
SOS,53,31,17,164,0.14116183162955695,0.036965527132167386,53.5,31.5,0.10365853658536585,3.818742557757765
SOS,53,32,92,371,-6.466798071591212,0.8436726933913015,53.5,32.5,0.24797843665768193,-7.665055562716742
SOS,53,33,27,109,-11.323608939730152,1.277231963338692,53.5,33.5,0.24770642201834864,-8.865741904963112
SOS,53,34,34,146,-207.30825200570408,19.163734898389283,53.5,34.5,0.2328767123287671,-10.817737414178506
SOS,53,35,227,859,-115.35905546257746,11.599881750518009,53.5,35.5,0.26426076833527357,-9.944847537555798
SOS,53,36,1,4,-0.9106622493514823,0.3902838211506361,53.5,36.5,0.25,-2.3333333333333286
SOS,53,37,4,23,-1.7109624323419996,0.19329862049994684,53.5,37.5,0.17391304347826086,-8.851394944861855
SOS,53,40,3,20,-25.54001225131657,1.8955346824322745,53.5,40.5,0.15,-13.473777339987597
SOS,53,41,7,55,-51.72378777545191,5.430508912233604,53.5,41.5,0.12727272727272726,-9.524666769063009
SOS,53,43,7,40,-46.583023573625155,5.821930832495158,53.5,43.5,0.175,-8.001301443435501
SOS,53,44,8,46,-34.28616868881967,6.584393043371254,53.5,44.5,0.17391304347826086,-5.207187429878111
SOS,53,45,23,186,-204.83241644729802,19.51954076316201,53.5,45.5,0.12365591397849462,-10.493710837391484
SOS,53,46,78,556,-221.6830861956442,21.056038346315827,53.5,46.5,0.14028776978417265,-10.52824289876125
SOS,53,47,18,90,-4.185330574034746,0.4075644469873291,53.5,47.5,0.2,-10.269125790957094
SOS,53,48,21,134,-44.05029973578769,4.448652566755062,53.5,48.5,0.15671641791044777,-9.901942009357427
SOS,53,49,183,1589,-239.098584834818,33.39072231582071,53.5,49.5,0.11516677155443675,-7.160629308145627
SOS,53,50,61,493,-68.31978911706588,16.975046050458104,53.5,50.5,0.12373225152129817,-4.024718926475145
SOS,53,51,27,176,-66.08111130051503,10.373364043593398,53.5,51.5,0.1534090909090909,-6.370268219915294
SOS,53,54,19,119,-15.303537633347274,2.6354950054780284,53.5,54.5,0.15966386554621848,-5.806703333354071
SOS,53,55,5,37,-31.377478814390855,3.387487418526375,53.5,55.5,0.13513513513513514,-9.262758775954564
SOS,53,56,146,697,-41.30051485468705,5.40526350683094,53.5,56.5,0.20946915351506457,-7.640795828453736
SOS,53,57,83,489,-0.41872361848648654,0.08394846430911304,53.5,57.5,0.16973415132924335,-4.987865137647693
SOS,53,58,64,341,-4.174027168501553,4.0183051972292745,53.5,58.5,0.187683284457478,-1.038753146819125
SOS,53,59,73,364,-76.82591133182983,22.17250224719568,53.5,59.5,0.20054945054945056,-3.4649184144990475
SOS,53,60,235,1159,14.351113703307597,18.20995029578928,53.5,60.5,0.20276100086281276,0.788091865721678
SOS,53,61,10,64,-7.4591050215520935,2.1726799224819406,53.5,61.5,0.15625,-3.4331357069067288
SOS,53,67,128,617,-11.933485824937069,6.6813948335277304,53.5,67.5,0.20745542949756887,-1.7860770276670315
SOS,53,68,467,1951,-41.71249299251174,20.8664159643433,53.5,68.5,0.23936442849820605,-1.9990252788878735
SOS,53,69,13,81,-38.91264249970373,6.713155694745456,53.5,69.5,0.16049382716049382,-5.796475498126993
SOS,53,70,218,858,-24.543226446182487,5.488496709664552,53.5,70.5,0.2540792540792541,-4.471757522048789
SOS,53,75,8,43,-44.70536575245145,7.674303456574888,53.5,75.5,0.18604651162790697,-5.825332032466157
SOS,53,76,10,45,-23.630670703401584,9.176298558612553,53.5,76.5,0.2222222222222222,-2.5751854685702944
SOS,53,77,84,310,43.66900253562241,17.680685763452264,53.5,77.5,0.2709677419354839,2.4698704066043966
SOS,53,78,6,32,-19.29097604649825,3.3062383303047485,53.5,78.5,0.1875,-5.834720343563414
SOS,53,79,83,328,-64.85836343800943,13.073613976466408,53.5,79.5,0.2530487804878049,-4.9610125826538765
SOS,53,80,82,301,-9.21788249613527,3.969437741508755,53.5,80.5,0.2724252491694352,-2.3222136474753268
SOS,53,81,60,332,-41.78334463904673,15.173493997253727,53.5,81.5,0.18072289156626506,-2.753706209433975
SOS,53,82,298,1880,-12.61945101823714,1.8392787116218634,53.5,82.5,0.15851063829787235,-6.861086869813979
SOS,53,83,98,516,-1.4002782269202334,0.5226796248660802,53.5,83.5,0.18992248062015504,-2.6790373305234723
SOS,53,84,74,275,-1.7825487758984953,0.3426029042786084,53.5,84.5,0.2690909090909091,-5.202958742138704
SOS,53,85,5,24,-0.3703949821812345,0.6769346123440135,53.5,85.5,0.20833333333333334,-0.5471650812752389
SOS,53,86,267,1846,-221.5553558144529,24.60331059785258,53.5,86.5,0.14463705308775732,-9.005103395873506
SOS,53,87,117,685,-386.8629231943355,50.68975316873523,53.5,87.5,0.1708029197080292,-7.631974886651203
SOS,53,88,269,1194,-39.03230020873796,4.527823638854906,53.5,88.5,0.22529313232830822,-8.620543404956756
SOS,53,89,87,274,-0.3809130773631847,0.1044819166923971,53.5,89.5,0.3175182481751825,-3.6457320981641486
SOS,53,90,30,89,-12.117691566446322,8.817507703602917,53.5,90.5,0.33707865168539325,-1.374276266466421
SOS,53,91,152,641,29.94056170345106,61.97685951705691,53.5,91.5,0.23712948517940718,0.48309259192474885
SOS,53,92,59,237,-12.03870010344763,2.502014643920531,53.5,92.5,0.2489451476793249,-4.811602575028735
SOS,53,93,6,23,-2.190811856459873,0.2402155830009712,53.5,93.5,0.2608695652173913,-9.120190410174244
SOS,53,94,13,44,-2.0440432225103073,0.23452806165947687,53.5,94.5,0.29545454545454547,-8.715559272724288
SOS,53,100,167,1114,-0.31924684746339665,0.2742647866862731,53.5,100.5,0.14991023339317774,-1.1640096102770123
SOS,53,101,7,44,-0.006987157092740712,0.008108152392027251,53.5,101.5,0.1590909090909091,-0.8617446681948387
SOS,53,102,0,2,0.0,0.0,53.5,102.5,0.0,
SOS,53,103,5,34,-8.971977131284808,3.9593326330250656,53.5,103.5,0.14705882352941177,-2.266032678449123
SOS,53,104,167,751,-0.4396546387273134,0.1296373767723687,53.5,104.5,0.22237017310252996,-3.3914188151099856
SOS,53,105,67,276,-0.18083103750164276,0.04922008903409415,53.5,105.5,0.2427536231884058,-3.67392747657127
SOS,53,106,349,1319,-5.050553700771491,1.1675586442914245,53.5,106.5,0.26459438968915844,-4.325738775919563
SOS,53,107,742,3109,-50.690890802246095,6.9133953243291675,53.5,107.5,0.23866194917980058,-7.3322713983761405
SOS,53,108,551,2546,-2.640825861105887,0.787944402129012,53.5,108.5,0.21641791044776118,-3.3515383242401646
SOS,53,109,848,3609,-3.010484474204073,0.7640211064891151,53.5,109.5,0.23496813521751178,-3.9403158481289453
SOS,53,114,20,96,-0.01472370559949177,0.0017676707042357158,53.5,114.5,0.20833333333333334,-8.329439167719777
SOS,53,122,88,416,-2.235433180492658,0.45936358563824553,53.5,122.5,0.21153846153846154,-4.866370017960216
SOS,53,125,416,2035,-42.45827106901673,6.271656862578634,53.5,125.5,0.20442260442260443,-6.769865124853104
SOS,53,126,73,361,-8.909052590692337,1.237830506119591,53.5,126.5,0.20221606648199447,-7.197312189873921
SOS,53,127,188,1334,-10.442768940553734,1.8537258380809307,53.5,127.5,0.1409295352323838,-5.633394499892502
SOS,53,128,226,1506,-6.706469867763741,2.0682157485127903,53.5,128.5,0.150066401062417,-3.2426355289994384
SOS,53,129,50,359,-1.9954053715165425,0.4251313425306983,53.5,129.5,0.1392757660167131,-4.69362093991566
SOS,53,130,3,21,-0.04697133357213526,0.0287669820580887,53.5,130.5,0.14285714285714285,-1.6328210403610224
SOS,53,132,153,541,-1.9505392597724984,0.4848114595190497,53.5,132.5,0.2828096118299446,-4.023294461124131
SOS,53,133,5,22,-0.22941240158855386,0.04669990821519858,53.5,133.5,0.22727272727272727,-4.912480781148326
SOS,53,139,203,1678,8.05246784661943,3.1474139156077596,53.5,139.5,0.12097735399284863,2.5584394244074233
SOS,53,140,4,46,-5.636345421527464,3.9074501567170534,53.5,140.5,0.08695652173913043,-1.4424612459453576
SOS,53,157,94,617,-6.460381111545269e-06,9.400000000000001e-07,53.5,157.5,0.15235008103727715,-6.872745863346029
SOS,53,158,187,919,-18.696573600888605,2.6268469880102927,53.5,158.5,0.20348204570184983,-7.117496255482448
SOS,54,-130,183,550,-37.916395656922674,9.942311947664589,54.5,-129.5,0.3327272727272727,-3.8136397104125357
SOS,54,-129,81,219,-122.96193831777776,16.66949659966162,54.5,-128.5,0.3698630136986301,-7.376463805168166
SOS,54,-128,9,67,-0.10120142188801395,0.024086203530489857,54.5,-127.5,0.13432835820895522,-4.201634423619593
SOS,54,-127,74,254,-16.04163816904076,2.677655286791896,54.5,-126.5,0.29133858267716534,-5.990927304261138
SOS,54,-125,18,61,-7.012226051412973,0.9819536160886644,54.5,-124.5,0.29508196721311475,-7.141097029963798
SOS,54,-124,144,520,-100.73661926630399,14.91887069709986,54.5,-123.5,0.27692307692307694,-6.7522952180211995
SOS,54,-122,352,866,-13.383956624150038,2.0615939753798886,54.5,-121.5,0.4064665127020785,-6.492042945402857
SOS,54,-121,552,1488,-14.957088128284573,1.875594646842006,54.5,-120.5,0.3709677419354839,-7.974584568935652
SOS,54,-120,142,473,-0.09382292849002988,0.013638299749400288,54.5,-119.5,0.30021141649048627,-6.8793713449622285
SOS,54,-116,14,47,-2.6362307080831284,0.2869840465614266,54.5,-115.5,0.2978723404255319,-9.18598347075319
SOS,54,-115,68,211,-22.752492446423386,2.8808148336683255,54.5,-114.5,0.3222748815165877,-7.89793643816086
SOS,54,-113,23,111,-1.8630813066763867,0.18172270345730315,54.5,-112.5,0.2072072072072072,-10.25233100339677
SOS,54,-112,228,731,-68.54913206628014,14.611467821564975,54.5,-111.5,0.3119015047879617,-4.691461043024637
SOS,54,-111,15,63,-4.097393863737135,0.6994040310440979,54.5,-110.5,0.23809523809523808,-5.858407561106539
SOS,54,-110,398,1098,-48.27504488247559,15.935470522278216,54.5,-109.5,0.36247723132969034,-3.0294081881665047
SOS,54,-109,367,1075,-37.07867413088439,7.172964522286499,54.5,-108.5,0.3413953488372093,-5.169225919866248
SOS,54,-107,659,1852,-13.34283375481537,4.868749352840037,54.5,-106.5,0.3558315334773218,-2.740505371678711
SOS,54,-106,189,462,-1.5608913601191592,0.527033014374321,54.5,-105.5,0.4090909090909091,-2.9616576524569456
SOS,54,-105,557,1452,-5.400593081136917,4.239975376835847,54.5,-104.5,0.38360881542699726,-1.2737321802956318
SOS,54,-104,740,2025,-8.098689909230833,4.2485030922036975,54.5,-103.5,0.3654320987654321,-1.90624550187865
SOS,54,-103,83,239,-2.8822553431191666,1.355250641033837,54.5,-102.5,0.3472803347280335,-2.1267323223108545
SOS,54,-102,23,127,-0.30112933069296555,0.05928976067988134,54.5,-101.5,0.18110236220472442,-5.078943265074556
SOS,54,-91,164,786,-5.056839065511421,0.5097279802550444,54.5,-90.5,0.20865139949109415,-9.920662120571079
SOS,54,-88,6,21,-0.01443370334831247,0.0015267149951071022,54.5,-87.5,0.2857142857142857,-9.454091559046956
SOS,54,-87,12,44,-0.009276037914961925,0.0008040741890136691,54.5,-86.5,0.2727272727272727,-11.536296080266586
SOS,54,-10,44,167,-101.43047439034041,7.465764010827828,54.5,-9.5,0.2634730538922156,-13.586080974865085
SOS,54,-9,26,83,1.171988256232245,0.4921695746404666,54.5,-8.5,0.3132530120481928,2.38126921414919
SOS,54,-8,56,482,-157.7342593924339,14.857858774437107,54.5,-7.5,0.11618257261410789,-10.61621743664808
SOS,54,-7,9,695,-28.86615442411318,2.013982855162485,54.5,-6.5,0.012949640287769784,-14.332869989493679
SOS,54,-6,0,287,0.0,0.0,54.5,-5.5,0.0,
SOS,54,-5,7,44,3.2574870239916214,1.4598240136895633,54.5,-4.5,0.1590909090909091,2.231424468596485
SOS,54,-4,90,528,31.294831293588018,8.981912921343747,54.5,-3.5,0.17045454545454544,3.484205599368706
SOS,54,-3,759,4504,7.128358802334487,60.48302367420041,54.5,-2.5,0.16851687388987566,0.11785718321114878
SOS,54,-2,173,2033,-156.75869043133184,30.491769528772277,54.5,-1.5,0.08509591736350221,-5.141016505565972
SOS,54,-1,25,386,-7.980572817007809,2.982653957849315,54.5,-0.5,0.06476683937823834,-2.6756616522696834
SOS,54,8,2,22,18.60933594127396,1.3002535190361886,54.5,8.5,0.09090909090909091,14.312082735271588
SOS,54,9,44,260,18.015919400277294,12.767749061527427,54.5,9.5,0.16923076923076924,1.4110489886243127
SOS,54,10,22,83,8.384834445888597,9.147355093564283,54.5,10.5,0.26506024096385544,0.9166403140715326
SOS,54,11,2,6,21.947444408916187,1.1197675718834792,54.5,11.5,0.3333333333333333,19.599999999999994
SOS,54,12,12,58,-41.840679217609434,3.7343224632728416,54.5,12.5,0.20689655172413793,-11.204356246444597
SOS,54,13,5,58,-18.144209534516268,4.457526222890294,54.5,13.5,0.08620689655172414,-4.070466134633622
SOS,54,16,27,236,-92.44769146375214,5.068751247794992,54.5,16.5,0.11440677966101695,-18.238750916010865
SOS,54,17,131,1361,-57.92672323046583,8.87207776352245,54.5,17.5,0.09625275532696546,-6.529104542864983
SOS,54,18,48,874,-45.27766004081003,10.849321689517353,54.5,18.5,0.05491990846681922,-4.173317128623574
SOS,54,19,48,218,47.8563824324025,13.92082881049094,54.5,19.5,0.22018348623853212,3.4377538208312157
SOS,54,20,137,633,-76.25360910025371,39.54690060697254,54.5,20.5,0.21642969984202212,-1.9281816761844892
SOS,54,21,126,788,-81.50660417641973,15.48019534798483,54.5,21.5,0.1598984771573604,-5.265218063739101
SOS,54,22,187,1504,-280.8753949143125,25.73013572373386,54.5,22.5,0.12433510638297872,-10.916203393953685
SOS,54,23,149,1079,-122.64894927233198,17.721573805323878,54.5,23.5,0.1380908248378128,-6.920883586280922
SOS,54,24,182,1207,-72.78924112590572,10.496130945209103,54.5,24.5,0.1507870753935377,-6.934864047130618
SOS,54,25,73,491,-136.04865692490662,19.62907360571345,54.5,25.5,0.14867617107942974,-6.930976960894722
SOS,54,26,102,522,-100.53520110320908,15.188865769189183,54.5,26.5,0.19540229885057472,-6.619006490079468
SOS,54,27,10,41,-43.31714590122251,6.156644100240561,54.5,27.5,0.24390243902439024,-7.035837250935126
SOS,54,28,135,1037,-33.07723627505347,15.544126565033663,54.5,28.5,0.13018322082931533,-2.127957215007522
SOS,54,29,33,205,-37.71056465375528,5.366477675421032,54.5,29.5,0.16097560975609757,-7.027060752804988
SOS,54,30,49,263,-24.310930867821998,4.256628490311512,54.5,30.5,0.18631178707224336,-5.711311410698859
SOS,54,31,3,25,-1.4510488389088732,0.21774908136379656,54.5,31.5,0.12,-6.663857453821285
SOS,54,34,4,21,-0.09577691100637638,0.008560175729865522,54.5,34.5,0.19047619047619047,-11.188661778545171
SOS,54,36,22,115,-103.960876004446,8.415886720023735,54.5,36.5,0.19130434782608696,-12.352931956307607
SOS,54,37,41,242,-165.13905922742546,16.874371756528895,54.5,37.5,0.16942148760330578,-9.78638266420385
SOS,54,38,25,145,-92.1314118157666,12.103468441941105,54.5,38.5,0.1724137931034483,-7.6119843049709255
SOS,54,39,23,158,-33.7829750530389,4.350451754681065,54.5,39.5,0.14556962025316456,-7.765394712557975
SOS,54,40,201,1451,-19.14135038275614,2.640039759583029,54.5,40.5,0.13852515506547208,-7.250402314311867
SOS,54,41,81,771,-65.94628908167877,5.985560180632651,54.5,41.5,0.10505836575875487,-11.017563451297303
SOS,54,42,14,158,-8.756268224169922,1.3376392451019867,54.5,42.5,0.08860759493670886,-6.54606109699055
SOS,54,43,31,366,-12.188292251665134,0.8666719580559752,54.5,43.5,0.08469945355191257,-14.063328273600305
SOS,54,45,64,545,-13.224507451251808,1.0659058837988797,54.5,45.5,0.11743119266055047,-12.406824703997104
SOS,54,46,78,442,-36.27040416125746,2.64283898107997,54.5,46.5,0.17647058823529413,-13.72403102153273
SOS,54,47,70,422,-11.008760715934015,1.4823868256988013,54.5,47.5,0.16587677725118483,-7.426375170829283
SOS,54,48,18,133,-125.64803422714846,11.563926358115264,54.5,48.5,0.13533834586466165,-10.86551663648151
SOS,54,49,40,217,-78.71542976698454,10.128023353194898,54.5,49.5,0.18433179723502305,-7.772042680189284
SOS,54,50,17,121,-7.5333043126248525,3.8882495746923165,54.5,50.5,0.14049586776859505,-1.9374539025625626
SOS,54,51,2,22,-5.222354771907582,0.6067811408380559,54.5,51.5,0.09090909090909091,-8.606653075431325
SOS,54,52,14,133,-24.08238656317297,4.424299919546848,54.5,52.5,0.10526315789473684,-5.443208417398514
SOS,54,53,12,89,-34.73681499912557,7.741666316307547,54.5,53.5,0.1348314606741573,-4.486994605535206
SOS,54,54,77,424,-75.0092980823093,17.240519834209568,54.5,54.5,0.18160377358490565,-4.350756172297764
SOS,54,55,20,156,-54.84575198235626,13.435198299914877,54.5,55.5,0.1282051282051282,-4.082243578251
SOS,54,56,36,232,-64.68644037187661,14.836477251521327,54.5,56.5,0.15517241379310345,-4.359959529155999
SOS,54,57,350,2016,-33.61796213691746,15.017532847255461,54.5,57.5,0.1736111111111111,-2.238580895999927
SOS,54,58,517,2239,-88.579380584883,25.266462583158127,54.5,58.5,0.23090665475658775,-3.5058085512899373
SOS,54,59,423,1889,-80.60002293761008,27.847400286267302,54.5,59.5,0.223928004235045,-2.894346406093687
SOS,54,60,143,656,-45.86084425879842,11.200703073063933,54.5,60.5,0.21798780487804878,-4.094461210125917
SOS,54,61,52,282,-82.7787786367802,31.987938812478937,54.5,61.5,0.18439716312056736,-2.5878122101598824
SOS,54,62,119,566,-72.02386082843182,26.624738900200686,54.5,62.5,0.21024734982332155,-2.7051480616731585
SOS,54,63,108,495,-48.3313271758524,17.79696152801574,54.5,63.5,0.21818181818181817,-2.7157066727244352
SOS,54,64,101,554,-50.87367429701246,7.286398584177317,54.5,64.5,0.18231046931407943,-6.982005404904216
SOS,54,68,19,99,-23.998630598682418,16.789714340836078,54.5,68.5,0.1919191919191919,-1.4293650333473964
SOS,54,69,37,199,-110.29551916291369,34.617366915258906,54.5,69.5,0.18592964824120603,-3.18613253956923
SOS,54,70,9,60,-20.34154866377461,7.917648032852988,54.5,70.5,0.15,-2.5691403026973005
SOS,54,71,5,49,-6.071549835505153,1.0534723789627267,54.5,71.5,0.10204081632653061,-5.763368795186962
SOS,54,72,4,14,-10.135407572147024,3.640670033285481,54.5,72.5,0.2857142857142857,-2.7839401757045366
SOS,54,73,26,126,-66.06794477236764,11.248039421947816,54.5,73.5,0.20634920634920634,-5.873729838059787
SOS,54,74,10,52,-32.1562871783946,6.676291009160038,54.5,74.5,0.19230769230769232,-4.816489744721339
SOS,54,75,134,842,-27.444051856540348,11.925387371375983,54.5,75.5,0.15914489311163896,-2.301313240558808
SOS,54,76,137,958,-74.29294152526029,20.66729391960287,54.5,76.5,0.1430062630480167,-3.5947106483444187
SOS,54,77,257,1661,-40.646106556195775,13.508497728389086,54.5,77.5,0.1547260686333534,-3.008928703506019
SOS,54,78,188,864,-45.048732840385526,28.7297976049504,54.5,78.5,0.2175925925925926,-1.5680142777136457
SOS,54,79,103,405,-56.8860107239036,20.562835128352827,54.5,79.5,0.254320987654321,-2.7664478350782957
SOS,54,80,83,360,-20.817857395375047,7.250863477842662,54.5,80.5,0.23055555555555557,-2.8710866587118464
SOS,54,81,145,681,-67.36522226671147,12.03674284912466,54.5,81.5,0.21292217327459617,-5.5966321712696905
SOS,54,82,1,7,-4.45296153290355,0.722101870200575,54.5,82.5,0.14285714285714285,-6.166666666666672
SOS,54,83,98,701,-128.67104381564235,20.23079128561282,54.5,83.5,0.1398002853067047,-6.360158730278983
SOS,54,84,149,1354,-78.81168494190334,9.146682925977796,54.5,84.5,0.11004431314623338,-8.616422541342027
SOS,54,85,117,890,-53.64727403011101,6.6755971525488995,54.5,85.5,0.13146067415730336,-8.03632586032056
SOS,54,86,138,828,-217.38521899324232,32.569885147181765,54.5,86.5,0.16666666666666666,-6.674423873799028
SOS,54,87,141,1012,-49.932154301260574,5.345514714094428,54.5,87.5,0.13932806324110672,-9.340944132022555
SOS,54,88,1246,4946,-7.570055533078558,2.0071156071221874,54.5,88.5,0.2519207440355843,-3.7716091221733574
SOS,54,89,99,486,-4.750988165966309,5.32062817071729,54.5,89.5,0.2037037037037037,-0.8929374527831012
SOS,54,90,174,654,0.5737974959992237,8.981169665618093,54.5,90.5,0.26605504587155965,0.06388894958702847
SOS,54,91,110,477,-37.84390317500836,6.601346661605802,54.5,91.5,0.23060796645702306,-5.73275501423261
SOS,54,92,21,100,-3.165992646853506,2.0614186724715107,54.5,92.5,0.21,-1.5358319438611086
SOS,54,93,64,379,-0.11279436554249368,0.05204776042857661,54.5,93.5,0.16886543535620052,-2.167131969055183
SOS,54,95,373,1160,-0.03414795187623368,0.008679216989792822,54.5,95.5,0.32155172413793104,-3.9344507593707263
SOS,54,96,344,1366,-0.11087420053378369,0.02757953461911804,54.5,96.5,0.2518301610541728,-4.020162126192154
SOS,54,99,11,59,-10.798006574873327,3.720228839965867,54.5,99.5,0.1864406779661017,-2.9025113882436324
SOS,54,100,17,72,-24.108235896296048,5.213983080744564,54.5,100.5,0.2361111111111111,-4.623765655344888
SOS,54,101,138,671,-2.2730489083854852,0.473816416505935,54.5,101.5,0.20566318926974664,-4.797319867360512
SOS,54,102,5,25,-10.943521064204274,3.8213416038036905,54.5,102.5,0.2,-2.8637903121017243
SOS,54,107,486,2494,-0.2154722689795242,0.05551052074363634,54.5,107.5,0.19486768243785085,-3.8816474083289103
SOS,54,108,616,3633,-4.59538782815783,1.2414662565744201,54.5,108.5,0.16955684007707128,-3.701580936108478
SOS,54,109,820,3921,-2.0058918913653154,0.5965669913938377,54.5,109.5,0.20913032389696506,-3.362391684928271
SOS,54,110,362,1786,-0.004106412842784837,0.002029416225760532,54.5,110.5,0.2026875699888018,-2.0234453586503394
SOS,54,111,106,691,-0.10034347049868847,0.0316267295599754,54.5,111.5,0.15340086830680175,-3.1727425470408495
SOS,54,125,306,1671,-10.774111161114678,1.6410141924241606,54.5,125.5,0.18312387791741472,-6.565519793097465
SOS,54,126,47,323,-0.7724167671498944,0.08598072899600359,54.5,126.5,0.14551083591331268,-8.98360337449333
SOS,54,127,87,718,-1.7380921829444695,0.1837677773911317,54.5,127.5,0.12116991643454039,-9.458090028727456
SOS,54,132,160,726,-3.061850617001961,0.7125750355812135,54.5,132.5,0.22038567493112948,-4.296881681386095
SOS,54,133,11,66,-0.10168719335553744,0.04759982784269056,54.5,133.5,0.16666666666666666,-2.1362933011353853
SOS,54,139,15,112,-1.864189988183872,0.21432984670786193,54.5,139.5,0.13392857142857142,-8.697761962778891
SOS,54,156,73,547,-11.991163138399049,3.915415445459694,54.5,156.5,0.13345521023765997,-3.0625519323381054
SOS,54,157,91,630,-0.6045468450404986,0.42570853737432107,54.5,157.5,0.14444444444444443,-1.420095656923429
SOS,54,158,124,833,-141.50590392203824,31.807456108282796,54.5,158.5,0.148859543817527,-4.448828081073403
SOS,55,-130,17,61,-5.825266334161609e-07,1.7000000000000001e-07,55.5,-129.5,0.2786885245901639,-3.4266272553891817
SOS,55,-129,212,787,-0.003991268573744376,0.00026357550220343503,55.5,-128.5,0.26937738246505716,-15.142790359415883
SOS,55,-128,4,36,-2.263961479369073e-07,4e-08,55.5,-127.5,0.1111111111111111,-5.659903698422682
SOS,55,-127,9,58,-8.115243189162857e-07,9e-08,55.5,-126.5,0.15517241379310345,-9.01693687684762
SOS,55,-123,170,459,-1.0565014830724249e-05,1.7000000000000002e-06,55.5,-122.5,0.37037037037037035,-6.214714606308381
SOS,55,-122,119,381,-1.1061068406146371e-05,1.19e-06,55.5,-121.5,0.3123359580052493,-9.295015467349891
SOS,55,-117,28,129,-5.4609619173696356e-06,4.875930014455682e-07,55.5,-116.5,0.21705426356589147,-11.199836546421931
SOS,55,-116,38,109,-5.155301275930161e-06,3.8e-07,55.5,-115.5,0.3486238532110092,-13.56658230507937
SOS,55,-115,18,64,-4.2419060592194095e-06,5.299092135755114e-07,55.5,-114.5,0.28125,-8.004967550191393
SOS,55,-113,4,21,-6.191671197131376e-07,4e-08,55.5,-112.5,0.19047619047619047,-15.479177992828438
SOS,55,-110,171,476,-6.942321810843074e-07,1.7100000000000001e-06,55.5,-109.5,0.3592436974789916,-0.4059837316282499
SOS,55,-109,564,1399,-2.1923976934101148e-05,9.01350387281685e-06,55.5,-108.5,0.403145103645461,-2.432347868648509
SOS,55,-106,100,343,-1.5278944699095164e-06,1e-06,55.5,-105.5,0.2915451895043732,-1.5278944699095165
SOS,55,-105,663,2112,-5.997848831154439e-06,6.63e-06,55.5,-104.5,0.31392045454545453,-0.9046529157095684
SOS,55,-104,8,22,3.2882845776589193e-07,8e-08,55.5,-103.5,0.36363636363636365,4.110355722073649
SOS,55,-103,90,238,-1.6148008314088869e-06,9.000000000000001e-07,55.5,-102.5,0.37815126050420167,-1.794223146009874
SOS,55,-102,86,260,-2.2014967163241455e-06,8.6e-07,55.5,-101.5,0.33076923076923076,-2.5598799027024945
SOS,55,-9,2,19,-0.10112009626061756,0.007729312929417252,55.5,-8.5,0.10526315789473684,-13.08267593562698
SOS,55,-8,17,86,1.7145853526201336,1.2498585153245994,55.5,-7.5,0.19767441860465115,1.3718235557044955
SOS,55,-7,10,248,-0.819814444022623,0.3361914399822644,55.5,-6.5,0.04032258064516129,-2.4385345565784537
SOS,55,-6,2,37,-3.0090562287962186,0.11422902831081282,55.5,-5.5,0.05405405405405406,-26.342307846729568
SOS,55,-5,127,1305,-101.02068778254683,22.822831469480803,55.5,-4.5,0.09731800766283524,-4.426299511418376
SOS,55,-4,150,1196,-27.715172958992547,45.886157235269344,55.5,-3.5,0.1254180602006689,-0.6039985614155965
SOS,55,-3,191,1446,-152.34536573273778,26.80764410837193,55.5,-2.5,0.13208852005532504,-5.68290764816446
SOS,55,-2,12,170,-63.07053277777191,3.156062474503219,55.5,-1.5,0.07058823529411765,-19.98393038391914
SOS,55,8,3,43,22.819512258453386,1.7151620950919702,55.5,8.5,0.06976744186046512,13.304580554661664
SOS,55,9,2,10,5.9780323665683275,0.6332735812157226,55.5,9.5,0.2,9.439889084101758
SOS,55,10,2,20,0.2761630355289828,0.13235827471087752,55.5,10.5,0.1,2.0864810767005793
SOS,55,11,2,21,-7.746273733453536,0.9168728518355649,55.5,11.5,0.09523809523809523,-8.44858010349594
SOS,55,12,2,28,5.008791525295465,1.0379815864294166,55.5,12.5,0.07142857142857142,4.825510963566661
SOS,55,13,11,113,-0.8304319003225533,4.176264266099472,55.5,13.5,0.09734513274336283,-0.19884563030733596
SOS,55,14,3,41,-13.083024261784297,0.6926987537060363,55.5,14.5,0.07317073170731707,-18.887033059881034
SOS,55,15,2,21,-3.6606692338783224,0.2672361057122151,55.5,15.5,0.09523809523809523,-13.69825841505292
SOS,55,21,96,636,-90.96739972322369,12.605071552224025,55.5,21.5,0.1509433962264151,-7.216730134877616
SOS,55,22,129,1058,-214.76023160732495,18.60135427349114,55.5,22.5,0.1219281663516068,-11.545408385312061
SOS,55,23,28,471,-50.72748888693475,3.1640017554317685,55.5,23.5,0.059447983014861996,-16.03269934975505
SOS,55,24,52,407,-7.131832541645271,3.7651305968174835,55.5,24.5,0.12776412776412777,-1.8941793274510923
SOS,55,25,163,1108,-75.54167953168988,6.403528788668702,55.5,25.5,0.14711191335740073,-11.796882941381302
SOS,55,26,247,1639,-113.62602492750335,26.638107156595424,55.5,26.5,0.15070164734594266,-4.265544254309762
SOS,55,27,137,1084,-38.553643285205276,17.722352527045366,55.5,27.5,0.12638376383763839,-2.175424691861316
SOS,55,28,61,369,-15.40188018559304,3.6963649885211325,55.5,28.5,0.16531165311653118,-4.16676389734855
SOS,55,29,99,612,-23.275785902759274,7.162337198194841,55.5,29.5,0.16176470588235295,-3.2497472903992266
SOS,55,30,11,58,-12.181965351050316,3.315904760158086,55.5,30.5,0.1896551724137931,-3.673798324192381
SOS,55,31,19,98,-6.646373192207904,0.6318327577702578,55.5,31.5,0.19387755102040816,-10.519196908471478
SOS,55,32,83,626,-18.880319714306587,0.7942340161338878,55.5,32.5,0.13258785942492013,-23.77173393581249
SOS,55,33,51,410,-87.85566063181473,8.418661745901435,55.5,33.5,0.12439024390243902,-10.435822614513123
SOS,55,34,35,306,-39.67324863455236,2.488984281269855,55.5,34.5,0.11437908496732026,-15.939533621446362
SOS,55,35,2,20,-0.21159487829520265,0.009083067082839982,55.5,35.5,0.1,-23.295531824812173
SOS,55,36,44,350,-207.68824074859324,11.042554724970374,55.5,36.5,0.12571428571428572,-18.807988361511192
SOS,55,37,179,1413,-1061.1872660599959,70.02302400137732,55.5,37.5,0.12668082094833688,-15.154833445055482
SOS,55,38,106,696,-361.8252262367876,34.20736056890717,55.5,38.5,0.15229885057471265,-10.57740849393885
SOS,55,39,143,1005,-12.749927135795131,1.1723797981277722,55.5,39.5,0.14228855721393036,-10.875253186856412
SOS,55,40,310,2359,-47.76299955322631,5.284313267935022,55.5,40.5,0.13141161509114033,-9.038638917009344
SOS,55,41,36,279,-75.72611731355462,6.948731739044522,55.5,41.5,0.12903225806451613,-10.897832893455067
SOS,55,42,126,896,-86.67557775455637,13.080177929834916,55.5,42.5,0.140625,-6.626483081461439
SOS,55,43,29,275,-28.355456532850166,4.183889267222495,55.5,43.5,0.10545454545454545,-6.777296128507277
SOS,55,44,6,91,-37.81233824882449,2.5934994990978515,55.5,44.5,0.06593406593406594,-14.579658975055715
SOS,55,45,8,91,-84.42145091106731,4.530449994463183,55.5,45.5,0.08791208791208792,-18.6342308190669
SOS,55,46,21,155,-171.03344858028507,14.968615767364076,55.5,46.5,0.13548387096774195,-11.426136607313255
SOS,55,47,9,58,-41.387877669313625,5.43739832261267,55.5,47.5,0.15517241379310345,-7.611706042794884
SOS,55,48,36,226,-171.4713609615484,17.20038135072153,55.5,48.5,0.1592920353982301,-9.969044142986718
SOS,55,49,39,240,-82.74907110840464,13.944964869751152,55.5,49.5,0.1625,-5.9339748705929365
SOS,55,50,86,589,-66.65715244579704,11.028548080019055,55.5,50.5,0.1460101867572156,-6.044055116064006
SOS,55,51,30,259,-64.54014760996661,11.994621366560859,55.5,51.5,0.11583011583011583,-5.380757394301292
SOS,55,52,33,241,-15.542016005000278,2.509685304949906,55.5,52.5,0.13692946058091288,-6.192814682520724
SOS,55,53,0,5,0.0,0.0,55.5,53.5,0.0,
SOS,55,54,3,23,-0.019159850817778643,0.010569815798500248,55.5,54.5,0.13043478260869565,-1.812694864606556
SOS,55,55,50,307,-30.78836696896569,6.125951704251687,55.5,55.5,0.16286644951140064,-5.025891233781222
SOS,55,57,143,591,-17.232642281902184,6.938116290830077,55.5,57.5,0.24196277495769883,-2.4837638286170134
SOS,55,58,69,308,-18.7971551699066,3.731192734624676,55.5,58.5,0.22402597402597402,-5.037840847907156
SOS,55,59,230,1013,-81.1168395629862,24.083380775444624,55.5,59.5,0.22704837117472854,-3.3681666340505148
SOS,55,60,230,1040,-91.20279924507781,62.65286118396017,55.5,60.5,0.22115384615384615,-1.4556845054097345
SOS,55,61,145,734,4.835562712728547,49.40145947013126,55.5,61.5,0.19754768392370572,0.09788299302477467
SOS,55,62,110,588,-3.8444886211444165,22.948033566164458,55.5,62.5,0.1870748299319728,-0.16753019861418067
SOS,55,63,85,421,-17.74637228088399,12.666214198755071,55.5,63.5,0.20190023752969122,-1.4010794387661811
SOS,55,64,32,159,-0.3354078767051251,0.15397328648602926,55.5,64.5,0.20125786163522014,-2.178351091671725
SOS,55,65,148,700,-18.6239883434754,16.854132999465975,55.5,65.5,0.21142857142857144,-1.1050101683703044
SOS,55,66,68,353,-1.2434713029153643,1.100886564007291,55.5,66.5,0.19263456090651557,-1.1295181025636798
SOS,55,67,419,2385,-19.792661802982856,8.950090430176658,55.5,67.5,0.17568134171907757,-2.2114482481929723
SOS,55,68,668,4731,-60.820724520337066,25.068020402072733,55.5,68.5,0.14119636440498837,-2.4262276615710805
SOS,55,69,673,3932,-106.39485447837146,33.74942914792979,55.5,69.5,0.17115971515768058,-3.152493454393666
SOS,55,70,730,3847,-120.18829590923713,44.22028871014794,55.5,70.5,0.18975825318429945,-2.7179446225925608
SOS,55,71,18,84,-29.377637991727074,9.025569749798237,55.5,71.5,0.21428571428571427,-3.254934459110883
SOS,55,72,57,300,-24.164675078612994,4.4701277518224245,55.5,72.5,0.19,-5.4058130819105354
SOS,55,73,10,49,-31.15930628832629,8.141928537713047,55.5,73.5,0.20408163265306123,-3.827017904173168
SOS,55,75,113,803,-7.653614017902975,3.2983984750246624,55.5,75.5,0.14072229140722292,-2.3204030913353333
SOS,55,76,31,184,-1.2990333976289565,1.5418243673207666,55.5,76.5,0.16847826086956522,-0.8425300735688146
SOS,55,77,57,272,-2.14835209979042,0.4619774849661236,55.5,77.5,0.20955882352941177,-4.650339399003301
SOS,55,78,121,616,-83.96760685962462,20.005983930355573,55.5,78.5,0.19642857142857142,-4.197124577922834
SOS,55,79,144,682,-37.5269955801233,10.229574291986179,55.5,79.5,0.21114369501466276,-3.668480672702269
SOS,55,80,56,307,-12.357474972980958,3.1421254810050483,55.5,80.5,0.18241042345276873,-3.932839425950699
SOS,55,82,130,820,-68.27100163168163,13.179027916748732,55.5,82.5,0.15853658536585366,-5.180275970499962
SOS,55,83,103,601,-45.152589096464595,7.987840534027011,55.5,83.5,0.1713810316139767,-5.652665310996293
SOS,55,84,24,199,-59.10974351523609,10.96609774191148,55.5,84.5,0.12060301507537688,-5.390225849376096
SOS,55,85,84,652,-61.145206223683324,9.368075104990211,55.5,85.5,0.12883435582822086,-6.526976517418432
SOS,55,86,144,777,-38.94245279614423,5.337906450581074,55.5,86.5,0.18532818532818532,-7.295454342761109
SOS,55,87,46,365,-34.0839511031587,4.391137330865365,55.5,87.5,0.12602739726027398,-7.76198705141425
SOS,55,88,12,70,-17.920284003541436,2.357053307003729,55.5,88.5,0.17142857142857143,-7.602833567782811
SOS,55,89,86,351,-98.30602535293639,42.486337969974095,55.5,89.5,0.245014245014245,-2.313826751140829
SOS,55,90,286,1386,-93.78357134144639,29.444927382666528,55.5,90.5,0.20634920634920634,-3.1850501827576037
SOS,55,91,33,179,-1.0892501114875566,0.2892846862425954,55.5,91.5,0.18435754189944134,-3.7653224083009587
SOS,55,92,92,540,-26.34219181986674,8.756783337491722,55.5,92.5,0.17037037037037037,-3.008204132113671
SOS,55,93,9,58,-4.126941276057607,1.230205189358387,55.5,93.5,0.15517241379310345,-3.3546771804872746
SOS,55,94,1,3,-8.267351791998067,0.8702475570524282,55.5,94.5,0.3333333333333333,-9.499999999999998
SOS,55,98,8,44,-0.01720926056477158,0.009368089276619251,55.5,98.5,0.18181818181818182,-1.837008599792299
SOS,55,101,48,243,-0.5485024211967956,0.15730799159961015,55.5,101.5,0.19753086419753085,-3.4868058235266095
SOS,55,107,265,1458,-0.33752063633147616,0.05029728422206479,55.5,107.5,0.18175582990397804,-6.710514127190392
SOS,55,108,258,1706,5.207641266114733e-07,2.5800000000000003e-06,55.5,108.5,0.15123094958968347,0.20184656070212142
SOS,55,109,752,4555,-57.045669332925925,14.625908227583347,55.5,109.5,0.1650933040614709,-3.9003163731974024
SOS,55,110,632,3731,-0.15954619344987156,0.06293051376736107,55.5,110.5,0.16939158402573037,-2.535275558684859
SOS,55,111,383,2354,-3.8223004582921675e-06,3.83e-06,55.5,111.5,0.1627017841971113,-0.9979896757942996
SOS,55,113,12,66,-5.712532300259225e-08,1.2000000000000002e-07,55.5,113.5,0.18181818181818182,-0.47604435835493536
SOS,55,121,20,115,-1.9120247559220208e-07,2.0000000000000002e-07,55.5,121.5,0.17391304347826086,-0.9560123779610102
SOS,55,122,277,1709,-0.0009253410525761365,0.0002645691895268837,55.5,122.5,0.16208308952603862,-3.497538977349854
SOS,55,128,433,2618,-5.118511537592235e-06,4.33e-06,55.5,128.5,0.16539343009931246,-1.1821042811991305
SOS,55,129,426,2501,-1.1942877482649581e-05,4.26e-06,55.5,129.5,0.17033186725309876,-2.8034923668191505
SOS,55,130,176,1168,-3.8154060231363345e-06,1.76e-06,55.5,130.5,0.1506849315068493,-2.1678443313274625
SOS,55,158,101,498,-2.4689162853210167,0.42564818819830125,55.5,158.5,0.20281124497991967,-5.800368364708736
SOS,56,-131,2,16,-2.559750553005688e-07,2e-08,56.5,-130.5,0.125,-12.79875276502844
SOS,56,-129,59,110,-1.0431863608190714e-06,5.900000000000001e-07,56.5,-128.5,0.5363636363636364,-1.7681124759645277
SOS,56,-128,203,595,-1.1961116860738488e-05,2.03e-06,56.5,-127.5,0.3411764705882353,-5.892175793467235
SOS,56,-124,366,1226,-1.6804680037879887e-05,3.66e-06,56.5,-123.5,0.29853181076672103,-4.591442633300515
SOS,56,-123,24,92,-2.684081998964463e-06,2.4000000000000003e-07,56.5,-122.5,0.2608695652173913,-11.18367499568526
SOS,56,-120,27,104,-9.51586149530876e-05,2.140050256763499e-05,56.5,-119.5,0.25961538461538464,-4.446559825048246
SOS,56,-113,29,90,-8.703803653896196e-06,1.3923112664532812e-06,56.5,-112.5,0.32222222222222224,-6.251334643055731
SOS,56,-112,44,111,-1.7842478927430525e-06,4.662149849412265e-07,56.5,-111.5,0.3963963963963964,-3.827092543942971
SOS,56,-111,130,366,-0.00011078876346282325,2.8058681385074382e-05,56.5,-110.5,0.3551912568306011,-3.948466499275926
SOS,56,-110,540,1440,-9.050898344870245e-06,5.431406954562401e-06,56.5,-109.5,0.375,-1.666400330630254
SOS,56,-109,223,560,-7.827243816837455e-06,2.2300000000000002e-06,56.5,-108.5,0.3982142857142857,-3.509974805756706
SOS,56,-103,172,580,-8.083946601952498e-06,1.72e-06,56.5,-102.5,0.296551724137931,-4.699968954623546
SOS,56,-99,289,1375,-1.6386770061333078e-05,2.8900000000000003e-06,56.5,-98.5,0.2101818181818182,-5.670162650980303
SOS,56,-98,265,1272,-2.039994700907892e-05,2.65e-06,56.5,-97.5,0.20833333333333334,-7.698093210973177
SOS,56,-6,20,174,-1.3675450753131553,0.3868721294024425,56.5,-5.5,0.11494252873563218,-3.534876180988915
SOS,56,-5,265,1553,-14.342200088454437,5.248634450545961,56.5,-4.5,0.1706374758531874,-2.7325583870605747
SOS,56,-4,203,1743,1.855627045016701,8.388664487262147,56.5,-3.5,0.11646586345381527,0.22120649214596633
SOS,56,-3,8,146,7.727933940514116,1.4487935030821917,56.5,-2.5,0.0547945205479452,5.334047898526296
SOS,56,8,0,13,0.0,0.0,56.5,8.5,0.0,
SOS,56,9,10,168,-16.95946577460559,2.5931122486372145,56.5,9.5,0.05952380952380952,-6.540197318306786
SOS,56,10,4,82,4.594237251422403,2.016887951045364,56.5,10.5,0.04878048780487805,2.27788422705445
SOS,56,12,5,40,-20.165994860340252,0.8317056368496507,56.5,12.5,0.125,-24.2465530674114
SOS,56,13,14,183,-17.134217804899468,3.627884868991445,56.5,13.5,0.07650273224043716,-4.722922149859401
SOS,56,14,22,195,-137.6895778126504,11.940137663492882,56.5,14.5,0.11282051282051282,-11.531657481105766
SOS,56,15,30,168,99.29726268759744,25.079487385075808,56.5,15.5,0.17857142857142858,3.959301925233401
SOS,56,16,16,94,-21.317272604397246,3.0832303930231464,56.5,16.5,0.1702127659574468,-6.913940863010043
SOS,56,21,51,294,-136.68987581098125,15.726446260568032,56.5,21.5,0.17346938775510204,-8.691720528986444
SOS,56,22,37,253,-26.826621076055538,11.109201297860547,56.5,22.5,0.14624505928853754,-2.4148109622625986
SOS,56,23,24,159,75.69973736544983,7.779824798388689,56.5,23.5,0.1509433962264151,9.730262483690932
SOS,56,24,17,97,-11.809949153727693,5.640246556572542,56.5,24.5,0.17525773195876287,-2.0938710808600445
SOS,56,25,46,282,-37.50144050842219,4.085420364093294,56.5,25.5,0.16312056737588654,-9.179334601164145
SOS,56,26,53,439,-24.906729662224517,3.589744192148321,56.5,26.5,0.12072892938496584,-6.938302098712727
SOS,56,27,14,64,-31.740844798655804,2.9375536488412046,56.5,27.5,0.21875,-10.805196634000817
SOS,56,28,271,1264,-82.96952939105006,16.458230736531725,56.5,28.5,0.2143987341772152,-5.041218021502498
SOS,56,29,117,614,-13.67615945392198,1.8270931321710577,56.5,29.5,0.19055374592833876,-7.48520106234058
SOS,56,30,47,215,-2.5437012652927438,0.32635864225551825,56.5,30.5,0.2186046511627907,-7.794189998195868
SOS,56,31,60,445,-8.477338201355712,0.7108960904680739,56.5,31.5,0.1348314606741573,-11.924862599503108
SOS,56,32,159,1286,-33.38840408642988,1.4629638206155273,56.5,32.5,0.12363919129082426,-22.82244004665956
SOS,56,33,22,213,-7.488328494559184,0.3014865305942066,56.5,33.5,0.10328638497652583,-24.838020059470878
SOS,56,34,38,260,-106.16759332015377,9.7424901124132,56.5,34.5,0.14615384615384616,-10.897377579565868
SOS,56,35,82,509,-288.3985189413981,22.254795576159033,56.5,35.5,0.16110019646365423,-12.9589381288387
SOS,56,36,291,1833,-320.91996235792465,24.402412034802712,56.5,36.5,0.15875613747954173,-13.151157430676472
SOS,56,37,51,320,-218.47663500131574,17.421496940513933,56.5,37.5,0.159375,-12.540635041139621
SOS,56,38,57,340,-14.120096352764772,1.6493153203298332,56.5,38.5,0.1676470588235294,-8.561186680750051
SOS,56,39,8,62,-34.03846898698701,3.147231590473735,56.5,39.5,0.12903225806451613,-10.815368366921925
SOS,56,40,18,125,-51.50302905066618,5.983609398335635,56.5,40.5,0.144,-8.607351453287032
SOS,56,41,43,424,-159.65232674808337,15.281853181060274,56.5,41.5,0.10141509433962265,-10.447183653481906
SOS,56,42,96,839,-64.81685688742267,6.542996733148593,56.5,42.5,0.11442193087008343,-9.906295162741397
SOS,56,43,44,529,-184.764212646553,15.18824987785081,56.5,43.5,0.0831758034026465,-12.16494422546976
SOS,56,44,79,710,-35.487947126225556,4.314421849557786,56.5,44.5,0.11126760563380282,-8.225423559326483
SOS,56,45,178,2248,-51.882829964919125,3.2085989471976806,56.5,45.5,0.0791814946619217,-16.16993298904883
SOS,56,46,6,84,-16.581215581140516,1.0073805476653634,56.5,46.5,0.07142857142857142,-16.459733731773966
SOS,56,47,9,103,-43.87619372961172,4.299922615088965,56.5,47.5,0.08737864077669903,-10.203949618917486
SOS,56,48,70,490,-1.843685411499366,0.19000410199095583,56.5,48.5,0.14285714285714285,-9.703397938151488
SOS,56,50,20,193,-60.83796125690568,5.872854464705418,56.5,50.5,0.10362694300518134,-10.35918080765131
SOS,56,51,45,317,-59.35218704985626,11.504722618287552,56.5,51.5,0.14195583596214512,-5.1589411599991
SOS,56,52,29,242,-27.036157851539144,4.272412315018803,56.5,52.5,0.11983471074380166,-6.328077876870402
SOS,56,53,46,442,-51.96072864017299,8.216892682360166,56.5,53.5,0.10407239819004525,-6.323646985401314
SOS,56,54,49,560,-49.72206159882569,8.692768397832076,56.5,54.5,0.0875,-5.719934009886433
SOS,56,55,4,64,-0.07496826455976492,0.03705071155881723,56.5,55.5,0.0625,-2.0233960808216698
SOS,56,56,84,690,-81.77154292761671,13.74313971847841,56.5,56.5,0.12173913043478261,-5.949989929715286
SOS,56,57,45,238,-16.60150335892422,3.609789002454669,56.5,57.5,0.18907563025210083,-4.599023197099648
SOS,56,58,22,105,-0.8113135102617036,0.5160570448509391,56.5,58.5,0.20952380952380953,-1.572139201192473
SOS,56,59,175,742,-43.70502480994063,21.166339945269648,56.5,59.5,0.2358490566037736,-2.0648361938318027
SOS,56,60,176,675,-104.77482705018323,87.4701033724111,56.5,60.5,0.2607407407407407,-1.1978358663198998
SOS,56,61,136,672,25.143290602488694,22.227719873744405,56.5,61.5,0.20238095238095238,1.1311682325180006
SOS,56,62,66,351,6.438823691854112,17.170578536486595,56.5,62.5,0.18803418803418803,0.3749916566976438
SOS,56,63,146,953,12.349884635706061,9.523732412460722,56.5,63.5,0.15320041972717732,1.296748386120933
SOS,56,64,71,461,6.073550950375365,2.7152604552298207,56.5,64.5,0.1540130151843818,2.236820758272818
SOS,56,65,113,569,0.5068808140527419,3.3582880220507736,56.5,65.5,0.19859402460456943,0.15093428875799933
SOS,56,66,25,117,0.15886223081596107,0.14873139655677117,56.5,66.5,0.21367521367521367,1.06811496761091
SOS,56,67,25,135,-1.060564082277951,1.7373778332458973,56.5,67.5,0.18518518518518517,-0.6104395152184755
SOS,56,68,16,152,-1.1601553616482938,0.17873839464361954,56.5,68.5,0.10526315789473684,-6.490801061302405
SOS,56,69,47,357,-10.7664381576564,1.0077895910272516,56.5,69.5,0.13165266106442577,-10.683220241123989
SOS,56,70,113,742,-5.686640656558894,2.2204677128614447,56.5,70.5,0.1522911051212938,-2.5610102878869174
SOS,56,72,72,436,-0.5054252003873901,0.18834943037241764,56.5,72.5,0.1651376146788991,-2.6834442736993056
SOS,56,73,64,397,-1.9102658764062506,1.2415372951662957,56.5,73.5,0.16120906801007556,-1.5386294747999358
SOS,56,74,18,105,-38.0047100466835,17.021040264635282,56.5,74.5,0.17142857142857143,-2.232807716555733
SOS,56,75,15,86,-6.562621381445302,1.7191532131384644,56.5,75.5,0.1744186046511628,-3.8173569006480017
SOS,56,76,15,111,-0.23928345562993003,0.026410449368944953,56.5,76.5,0.13513513513513514,-9.060181153573795
SOS,56,77,23,200,-0.11252815110361818,0.029486549160758935,56.5,77.5,0.115,-3.8162536582399422
SOS,56,79,155,1264,0.7409689984674899,0.22810003938588766,56.5,79.5,0.12262658227848101,3.2484387133925807
SOS,56,80,89,537,-0.2731215412370684,0.1461417912714628,56.5,80.5,0.16573556797020483,-1.8688804814889457
SOS,56,83,14,91,-15.846235624219533,3.459085535525815,56.5,83.5,0.15384615384615385,-4.581047638595253
SOS,56,84,320,1589,-84.05393392852561,19.76700016403102,56.5,84.5,0.2013845185651353,-4.252235201650586
SOS,56,85,90,547,-15.505101107037053,3.367336040281479,56.5,85.5,0.16453382084095064,-4.60456008000347
SOS,56,86,31,203,-25.103416164398173,3.42005684789369,56.5,86.5,0.15270935960591134,-7.340058157179056
SOS,56,87,84,628,-63.87067038285625,8.10198588410339,56.5,87.5,0.1337579617834395,-7.883335184300252
SOS,56,88,2,21,-17.65582990092789,1.535524055052639,56.5,88.5,0.09523809523809523,-11.49824377080347
SOS,56,89,229,1088,-17.697036920515103,6.526913447271317,56.5,89.5,0.2104779411764706,-2.7113944536699255
SOS,56,90,187,886,-46.76449591783385,20.03981749845713,56.5,90.5,0.2110609480812641,-2.333578932115238
SOS,56,91,116,837,-3.24802768703585,0.7612146451871631,56.5,91.5,0.13859020310633213,-4.266901205293079
SOS,56,92,141,819,-36.15357277876289,7.999849213233809,56.5,92.5,0.17216117216117216,-4.51928177833097
SOS,56,93,256,1208,-160.2076499709517,51.208633454439216,56.5,93.5,0.2119205298013245,-3.12852812433454
SOS,56,94,16,72,5.392472019857319,12.217181321915062,56.5,94.5,0.2222222222222222,0.44138429951795466
SOS,56,95,7,24,-0.00011484736798952582,6.496191516369709e-05,56.5,95.5,0.2916666666666667,-1.7679184442164722
SOS,56,96,6,23,-3.9342834254517847,3.384413373070314,56.5,96.5,0.2608695652173913,-1.1624713035224277
SOS,56,97,7,47,-25.217564800429788,6.6235004384732905,56.5,97.5,0.14893617021276595,-3.8072866507188468
SOS,56,99,19,118,-5.152326447060176,15.548634122021816,56.5,99.5,0.16101694915254236,-0.3313684280320701
SOS,56,101,75,354,-39.425119994764344,33.601318796303076,56.5,101.5,0.211864406779661,-1.1733206138058492
SOS,56,104,33,79,-21.2692479463663,8.204112784564195,56.5,104.5,0.4177215189873418,-2.5925104279872633
SOS,56,105,61,210,-12.702915023162273,42.22432172731132,56.5,105.5,0.2904761904761905,-0.30084355422448
SOS,56,106,159,666,-0.026328195067301025,0.017809307114556784,56.5,106.5,0.23873873873873874,-1.4783391008952371
SOS,56,109,189,1779,-4.302507462567027e-06,1.8900000000000001e-06,56.5,109.5,0.10623946037099494,-2.2764589749031887
SOS,56,110,234,1471,1.9746972140784664e-06,2.34e-06,56.5,110.5,0.15907545887151597,0.8438876983241309
SOS,56,114,72,443,5.940404982606703e-07,7.200000000000001e-07,56.5,114.5,0.16252821670428894,0.8250562475842641
SOS,56,115,23,135,-3.2281241873320816e-06,1.7892515744839117e-06,56.5,115.5,0.17037037037037037,-1.8041756862855889
SOS,56,116,227,1299,-5.648619332157055e-06,2.27e-06,56.5,116.5,0.1747498075442648,-2.4883785604216104
SOS,56,117,91,572,-2.064502897506985e-06,9.100000000000001e-07,56.5,117.5,0.1590909090909091,-2.2686845027549283
SOS,56,123,186,1788,-1.1446209269285591e-05,1.86e-06,56.5,123.5,0.1040268456375839,-6.153875951228812
SOS,56,124,54,486,-4.320643094661829e-06,5.4e-07,56.5,124.5,0.1111111111111111,-8.001190916040423
SOS,56,128,123,863,-1.912634267977185e-06,1.23e-06,56.5,128.5,0.1425260718424102,-1.5549872097375488
SOS,56,129,192,1480,-1.9939496167775683e-06,1.9200000000000003e-06,56.5,129.5,0.12972972972972974,-1.0385154254049833
SOS,56,130,174,1563,-3.1334429290128195e-06,1.74e-06,56.5,130.5,0.11132437619961612,-1.8008292695475974
SOS,56,131,9,67,-4.984539975632995e-07,9e-08,56.5,131.5,0.13432835820895522,-5.5383777507033285
SOS,56,160,14,108,-0.2564204170661601,0.07054972793596385,56.5,160.5,0.12962962962962962,-3.634605328299865
SOS,57,-136,9,40,-0.0857301767018182,0.005459769780551838,57.5,-135.5,0.225,-15.702159641821593
SOS,57,-132,84,297,-2.59696678495609e-06,8.400000000000001e-07,57.5,-131.5,0.2828282828282828,-3.0916271249477254
SOS,57,-131,766,2662,-3.226188197756595e-05,7.66e-06,57.5,-130.5,0.2877535687453043,-4.21173393963002
SOS,57,-130,682,2687,-3.6304463972049755e-05,6.82e-06,57.5,-129.5,0.2538146631931522,-5.323235186517559
SOS,57,-129,1872,6614,-0.0001378983926884096,1.872e-05,57.5,-128.5,0.28303598427577864,-7.366367130791112
SOS,57,-128,845,3010,-6.056550096239941e-05,8.45e-06,57.5,-127.5,0.2807308970099668,-7.16751490679283
SOS,57,-126,267,969,-1.5195500940466957e-05,2.6700000000000003e-06,57.5,-125.5,0.2755417956656347,-5.691198854107474
SOS,57,-125,811,2360,-4.6458859715267985e-05,8.11e-06,57.5,-124.5,0.34364406779661016,-5.728589360698888
SOS,57,-124,626,1906,-3.4686102536759356e-05,6.26e-06,57.5,-123.5,0.3284365162644281,-5.540910948364115
SOS,57,-121,52,143,-3.2344731127075664e-06,5.2e-07,57.5,-120.5,0.36363636363636365,-6.220140601360705
SOS,57,-120,355,941,-3.159814123484108e-05,3.5500000000000003e-06,57.5,-119.5,0.37725823591923485,-8.900884854884811
SOS,57,-118,14,116,-4.082858157944016e-05,3.3585244160378833e-06,57.5,-117.5,0.1206896551724138,-12.156702325721495
SOS,57,-114,220,621,-1.2349792055394154e-05,2.2e-06,57.5,-113.5,0.35426731078904994,-5.613541843360979
SOS,57,-113,362,1005,-1.6046850393698173e-05,3.62e-06,57.5,-112.5,0.36019900497512436,-4.432831600469108
SOS,57,-111,971,2584,-4.7427639013956846e-05,1.0702700974805358e-05,57.5,-110.5,0.37577399380804954,-4.431371027332601
SOS,57,-109,384,971,-1.4317385985825942e-05,3.8400000000000005e-06,57.5,-108.5,0.39546858908341914,-3.7284859338088383
SOS,57,-101,242,865,-1.729059457857485e-05,2.42e-06,57.5,-100.5,0.27976878612716766,-7.144873792799524
SOS,57,-100,708,3332,-6.811028401726635e-05,7.08e-06,57.5,-99.5,0.21248499399759904,-9.620096612608242
SOS,57,-99,508,2370,-5.282320743113084e-05,5.0800000000000005e-06,57.5,-98.5,0.21434599156118145,-10.398269179356463
SOS,57,-98,600,2918,-6.70515626763037e-05,6e-06,57.5,-97.5,0.20562028786840303,-11.175260446050615
SOS,57,-97,662,2319,-6.353603515634494e-05,6.62e-06,57.5,-96.5,0.28546787408365676,-9.597588392197121
SOS,57,-96,484,1731,-4.478868071382601e-05,4.84e-06,57.5,-95.5,0.2796071634893125,-9.253859651616944
SOS,57,-7,13,85,-0.4890316472313917,0.5894939759527192,57.5,-6.5,0.15294117647058825,-0.8295787017009565
SOS,57,-6,136,655,-13.758134260688239,2.6789366648982202,57.5,-5.5,0.20763358778625954,-5.135669850265365
SOS,57,-5,180,1080,-2.825599153859276,2.6098414850335354,57.5,-4.5,0.16666666666666666,-1.082670794399978
SOS,57,-4,223,1260,-1.6293897415214866,4.08551127845334,57.5,-3.5,0.176984126984127,-0.3988215012683377
SOS,57,-3,22,265,-14.146724656082156,2.132410635043031,57.5,-2.5,0.0830188679245283,-6.634146549262863
SOS,57,8,0,21,0.0,0.0,57.5,8.5,0.0,
SOS,57,10,1,20,1.7045580994996756,0.10322328183227278,57.5,10.5,0.05,16.51331045906298
SOS,57,11,5,44,17.688293378191354,1.2963583505979115,57.5,11.5,0.11363636363636363,13.64460171836984
SOS,57,12,25,275,62.247842807236005,7.001545901378196,57.5,12.5,0.09090909090909091,8.89058554839768
SOS,57,13,10,175,-44.377235443867505,2.9413636759341744,57.5,13.5,0.05714285714285714,-15.087299747037685
SOS,57,14,22,254,10.387992616638194,10.382776281936573,57.5,14.5,0.08661417322834646,1.000502402686909
SOS,57,15,14,80,-209.1566502616845,8.891825125336112,57.5,15.5,0.175,-23.522353095510113
SOS,57,16,11,49,-2.204097798924494,2.336339519560611,57.5,16.5,0.22448979591836735,-0.9433979010632036
SOS,57,18,1,15,0.2755347359787061,0.11479768157074854,57.5,18.5,0.06666666666666667,2.4001768346593053
SOS,57,21,13,88,-1.0449834420667925,0.7449278061043145,57.5,21.5,0.14772727272727273,-1.4027982758915303
SOS,57,22,35,255,-33.82757007497944,7.508836966643847,57.5,22.5,0.13725490196078433,-4.505034564640312
SOS,57,24,50,425,-84.35298562450198,9.327991553590591,57.5,24.5,0.11764705882352941,-9.042995498000026
SOS,57,25,161,1104,-202.18885741672753,20.298547175574523,57.5,25.5,0.14583333333333334,-9.960755105667056
SOS,57,26,63,393,-31.86831564117336,3.4266761929399574,57.5,26.5,0.16030534351145037,-9.30006625861884
SOS,57,27,54,344,-17.349500013712117,1.2090109710751447,57.5,27.5,0.1569767441860465,-14.350159286216915
SOS,57,28,82,382,-27.873910891853665,33.42577333267295,57.5,28.5,0.21465968586387435,-0.8339047421412249
SOS,57,29,50,313,-14.780734522998369,1.3536666263621249,57.5,29.5,0.1597444089456869,-10.91903592446573
SOS,57,30,134,905,-110.40996776568326,11.036455516836497,57.5,30.5,0.14806629834254142,-10.004114780986432
SOS,57,32,29,231,-5.701864038413034,0.34823468853211276,57.5,32.5,0.12554112554112554,-16.373624530191602
SOS,57,33,146,983,-308.2673561956686,22.569698375871383,57.5,33.5,0.14852492370295015,-13.658461493895212
SOS,57,34,240,1381,-135.00186136315335,10.504615618661134,57.5,34.5,0.17378711078928313,-12.8516707573123
SOS,57,35,153,848,-129.69932180642957,12.868398333405814,57.5,35.5,0.1804245283018868,-10.078901697481314
SOS,57,36,82,546,-31.01348098669142,1.522349546640205,57.5,36.5,0.15018315018315018,-20.372115625572032
SOS,57,37,60,390,-193.5676528073094,15.688293365369887,57.5,37.5,0.15384615384615385,-12.338349895635421
SOS,57,38,122,666,-277.6234171299554,26.473987688302966,57.5,38.5,0.1831831831831832,-10.48664902313217
SOS,57,39,51,324,-136.78565234373343,13.952354608395305,57.5,39.5,0.1574074074074074,-9.8037683375269
SOS,57,40,81,467,-198.1488815117905,22.58361344716578,57.5,40.5,0.1734475374732334,-8.774011385527766
SOS,57,42,61,362,-4.612876723492972,0.5816509712021933,57.5,42.5,0.1685082872928177,-7.9306610869380725
SOS,57,44,22,227,-0.6293311026739727,0.2121953001118339,57.5,44.5,0.09691629955947137,-2.9658107523696073
SOS,57,45,40,424,-3.2150592459236544,0.41976335159992784,57.5,45.5,0.09433962264150944,-7.659218542232088
SOS,57,46,7,128,0.531124418087793,0.04440011974453064,57.5,46.5,0.0546875,11.962229407122685
SOS,57,47,30,275,-0.3858384488331055,0.19594469685957,57.5,47.5,0.10909090909090909,-1.9691191188992927
SOS,57,48,11,128,-40.77431328704062,5.3031069054187565,57.5,48.5,0.0859375,-7.688759441258313
SOS,57,50,4,133,-0.033224802133286546,0.040196930081360674,57.5,50.5,0.03007518796992481,-0.8265507357412076
SOS,57,51,61,751,-7.452077842133361,1.5052838947562972,57.5,51.5,0.08122503328894808,-4.950612883119858
SOS,57,52,130,1374,-4.4611295438785366,10.60556413613236,57.5,52.5,0.09461426491994178,-0.4206404757555332
SOS,57,53,48,574,-18.57019308985863,5.43468878937181,57.5,53.5,0.08362369337979095,-3.416974514929886
SOS,57,54,11,261,-25.526219349563807,4.346761075057279,57.5,54.5,0.0421455938697318,-5.872468927735448
SOS,57,55,16,368,-14.476955946864864,1.8250112461694608,57.5,55.5,0.043478260869565216,-7.932529718515834
SOS,57,56,3,55,7.017559094820264e-05,0.01673885273686297,57.5,56.5,0.05454545454545454,0.004192377581150419
SOS,57,57,24,165,-33.9139550976931,7.541457715352706,57.5,57.5,0.14545454545454545,-4.497002619089402
SOS,57,59,57,244,-43.365697075660904,13.337103204561243,57.5,59.5,0.2336065573770492,-3.2515079482049734
SOS,57,60,113,487,-54.1393795789944,27.207824182019742,57.5,60.5,0.23203285420944558,-1.9898459802152186
SOS,57,61,107,476,-43.0383278949301,27.982747257712024,57.5,61.5,0.22478991596638656,-1.5380308265861482
SOS,57,62,189,1089,24.90291750600529,12.315151337790596,57.5,62.5,0.17355371900826447,2.0221365392065906
SOS,57,63,12,83,7.690407964763878,3.0224633617352694,57.5,63.5,0.14457831325301204,2.5444172664341673
SOS,57,64,183,1239,12.966453492027709,5.0230447603412784,57.5,64.5,0.14769975786924938,2.581393180965151
SOS,57,65,113,795,-12.856245856750776,19.97317474014656,57.5,65.5,0.1421383647798742,-0.6436756311408728
SOS,57,66,51,583,-0.18454358346111582,0.16724892996977572,57.5,66.5,0.08747855917667238,-1.1034066615222322
SOS,57,67,146,635,-0.5309239657121754,0.3745636759837631,57.5,67.5,0.22992125984251968,-1.4174464844134813
SOS,57,68,21,178,-0.09296775206310146,0.050145325722895755,57.5,68.5,0.11797752808988764,-1.8539664609388207
SOS,57,69,138,763,-2.718911829967092,0.681852964484798,57.5,69.5,0.18086500655307994,-3.9875339282589715
SOS,57,70,12,88,-0.038379880196689996,0.02093797192080179,57.5,70.5,0.13636363636363635,-1.833027589389388
SOS,57,76,80,472,-0.46589320116811117,0.1288637534386184,57.5,76.5,0.1694915254237288,-3.615393690903392
SOS,57,77,41,259,-0.19879144436246698,0.07479185688312781,57.5,77.5,0.1583011583011583,-2.6579289864818434
SOS,57,82,49,467,0.32313094774777307,0.14420194789757282,57.5,82.5,0.10492505353319058,2.2408223498984507
SOS,57,83,4,22,-0.7877115537323528,0.1271727828315153,57.5,83.5,0.18181818181818182,-6.194026238900122
SOS,57,84,102,911,-5.111161823187953,0.9863672476410829,57.5,84.5,0.1119648737650933,-5.181804074913679
SOS,57,85,40,463,0.3304431048624432,0.13313648197515082,57.5,85.5,0.08639308855291576,2.4819876562768015
SOS,57,86,51,328,-3.856691777331164,0.7345618650341121,57.5,86.5,0.15548780487804878,-5.250329428893051
SOS,57,87,108,596,-1.604907597939618,0.4749846398427263,57.5,87.5,0.18120805369127516,-3.3788621006166095
SOS,57,88,13,65,-0.0019073998973094322,0.04611986119399865,57.5,88.5,0.2,-0.041357450953422054
SOS,57,89,50,210,0.20265596254303872,0.22015488839872907,57.5,89.5,0.23809523809523808,0.9205153881298447
SOS,57,90,76,349,0.10836657287197088,0.3060681450010255,57.5,90.5,0.2177650429799427,0.3540602791956928
SOS,57,92,50,202,-0.10115833270153349,0.155087215035464,57.5,92.5,0.24752475247524752,-0.6522673882460361
SOS,57,93,17,95,-0.3717881610242641,0.10261401030283548,57.5,93.5,0.17894736842105263,-3.623171533078565
SOS,57,101,124,444,-1.9899610379903778,0.7295946092025889,57.5,101.5,0.27927927927927926,-2.727488680550022
SOS,57,102,77,318,-63.82422856677429,8.757760359767714,57.5,102.5,0.24213836477987422,-7.287734071826913
SOS,57,103,149,528,4.714244418091859,30.130526007027576,57.5,103.5,0.2821969696969697,0.15646074074486183
SOS,57,109,25,92,-0.02307371105956083,0.005759362074373273,57.5,109.5,0.2717391304347826,-4.006296315737656
SOS,57,110,70,208,-0.07955030154147645,0.01366730438944465,57.5,110.5,0.33653846153846156,-5.820482172249978
SOS,57,116,528,2974,-6.518531648556629e-05,9.020769297968473e-05,57.5,116.5,0.17753866845998656,-0.7226137187683802
SOS,57,117,508,2750,-5.494420035414195e-06,5.0800000000000005e-06,57.5,117.5,0.18472727272727274,-1.0815787471287786
SOS,57,119,706,4772,-5.038373649086409e-05,7.06e-06,57.5,119.5,0.1479463537300922,-7.136506585108228
SOS,57,120,1113,5966,-0.0012376550012946233,0.00025051054729999163,57.5,120.5,0.18655715722427088,-4.940530507134717
SOS,57,121,1012,4078,-4.286560887078215e-05,1.071196091353905e-05,57.5,121.5,0.24816086316821973,-4.001658446737189
SOS,57,123,203,1466,-6.013502203165151e-06,2.03e-06,57.5,123.5,0.13847203274215553,-2.9623163562389907
SOS,57,124,102,953,-0.001101391526006366,0.00033003986734816526,57.5,124.5,0.10703043022035677,-3.3371469176009803
SOS,57,125,804,6866,-3.3512269573212914e-05,8.040000000000001e-06,57.5,125.5,0.11709874745120885,-4.168192732986681
SOS,57,126,282,2221,-1.3220148604858637e-05,2.82e-06,57.5,126.5,0.12696983340837462,-4.687995959169729
SOS,57,127,124,949,-9.403540500522385e-06,1.24e-06,57.5,127.5,0.13066385669125394,-7.583500403647085
SOS,57,128,534,4597,-2.1676894084289393e-05,5.3400000000000005e-06,57.5,128.5,0.11616271481400914,-4.059343461477414
SOS,57,129,146,1672,-3.7799621577214917e-06,1.46e-06,57.5,129.5,0.08732057416267942,-2.5890151765215696
SOS,57,130,83,1948,-3.411959738707473e-06,8.3e-07,57.5,130.5,0.04260780287474333,-4.1107948659126174
SOS,57,131,6,110,-2.7440292659586504e-05,1.6033181624937858e-05,57.5,131.5,0.05454545454545454,-1.711468958656723
SOS,58,-157,7,22,-7.271479793622341e-07,7e-08,58.5,-156.5,0.3181818181818182,-10.387828276603344
SOS,58,-156,42,204,-0.04737262403857493,0.002144527527687754,58.5,-155.5,0.20588235294117646,-22.090005106930224
SOS,58,-136,168,479,-2.741514958393101,0.9478879483974849,58.5,-135.5,0.35073068893528186,-2.892235272141556
SOS,58,-131,136,639,-1.2889369007668138e-05,1.3600000000000001e-06,58.5,-130.5,0.21283255086071987,-9.47747721152069
SOS,58,-130,24,147,-2.3606913509253516e-06,2.4000000000000003e-07,58.5,-129.5,0.16326530612244897,-9.836213962188964
SOS,58,-129,177,775,-1.40637289022047e-05,1.77e-06,58.5,-128.5,0.22838709677419355,-7.945609549268192
SOS,58,-128,416,1315,-2.7763441174029344e-05,4.16e-06,58.5,-127.5,0.31634980988593153,-6.673904128372438
SOS,58,-127,14,46,-7.481883636486395e-07,1.4e-07,58.5,-126.5,0.30434782608695654,-5.344202597490282
SOS,58,-126,219,743,-1.592875458397625e-05,2.19e-06,58.5,-125.5,0.29475100942126514,-7.273403919623858
SOS,58,-125,1491,4402,-9.867516900708601e-05,1.4910000000000001e-05,58.5,-124.5,0.3387096774193548,-6.618052917980282
SOS,58,-124,307,1016,-1.8427938444384263e-05,3.0700000000000003e-06,58.5,-123.5,0.3021653543307087,-6.002585812503017
SOS,58,-120,169,476,-0.00010427355863213314,3.433033749785577e-05,58.5,-119.5,0.3550420168067227,-3.0373589726184873
SOS,58,-119,90,236,-2.6368330633749135e-05,1.3173418742624748e-05,58.5,-118.5,0.3813559322033898,-2.0016315543382897
SOS,58,-114,2954,7901,-8.23440340954316e-05,2.9585087669103245e-05,58.5,-113.5,0.37387672446525755,-2.7832952538932783
SOS,58,-113,2659,6794,-9.290490141167855e-05,2.6647006326555535e-05,58.5,-112.5,0.39137474241978215,-3.4865042726804387
SOS,58,-112,1848,4788,-6.985325034274332e-05,1.8865207361236678e-05,58.5,-111.5,0.38596491228070173,-3.7027555014462457
SOS,58,-111,14,42,-4.633642254556878e-06,8.237435860243312e-07,58.5,-110.5,0.3333333333333333,-5.625102681430787
SOS,58,-110,33,151,-7.431171289817633e-06,4.904833992744145e-07,58.5,-109.5,0.2185430463576159,-15.150709077638037
SOS,58,-109,94,375,-9.300247142587014e-06,9.4e-07,58.5,-108.5,0.25066666666666665,-9.893879938922355
SOS,58,-100,147,601,-1.5417151688889895e-05,1.4700000000000001e-06,58.5,-99.5,0.24459234608985025,-10.487858291761832
SOS,58,-99,155,664,-1.68657814225597e-05,1.55e-06,58.5,-98.5,0.23343373493975902,-10.881149304877226
SOS,58,-98,31,132,-2.7801244646588803e-06,3.1e-07,58.5,-97.5,0.23484848484848486,-8.968143434383485
SOS,58,-97,59,199,-5.547828403714993e-06,5.900000000000001e-07,58.5,-96.5,0.2964824120603015,-9.403098989347445
SOS,58,-96,172,657,-2.039770196412172e-05,1.72e-06,58.5,-95.5,0.2617960426179604,-11.859129048907976
SOS,58,-7,65,299,-4.2260450659716025,9.03416224561099,58.5,-6.5,0.21739130434782608,-0.46778494243057406
SOS,58,-5,196,1268,-81.65732784822778,16.78407326193502,58.5,-4.5,0.15457413249211358,-4.865167505757991
SOS,58,-4,66,833,-51.26149720070818,9.253596509273759,58.5,-3.5,0.07923169267707082,-5.539629607724412
SOS,58,5,3,78,-5.933290775580835,0.2670322441423265,58.5,5.5,0.038461538461538464,-22.219379515900066
SOS,58,6,7,49,-6.798928109441513,0.8058723358295357,58.5,6.5,0.14285714285714285,-8.43673098970812
SOS,58,7,6,39,-4.486988263646442,0.2677595263990902,58.5,7.5,0.15384615384615385,-16.757529877606206
SOS,58,8,7,56,-34.66758675870422,2.4393161673267567,58.5,8.5,0.125,-14.212010408103998
SOS,58,11,10,109,-3.8436919435235737,1.1414571725458933,58.5,11.5,0.09174311926605505,-3.367355373439589
SOS,58,12,18,169,13.914678878864322,2.561784218564293,58.5,12.5,0.10650887573964497,5.431635802121757
SOS,58,13,23,222,-120.02738131026568,11.57988754045948,58.5,13.5,0.1036036036036036,-10.365159496661494
SOS,58,14,20,135,-91.1335435078453,3.9950254372537803,58.5,14.5,0.14814814814814814,-22.81175550423814
SOS,58,15,26,180,-132.47643976132377,16.385918648493092,58.5,15.5,0.14444444444444443,-8.084773432797848
SOS,58,16,31,120,-30.85219081698769,5.06559243406082,58.5,16.5,0.25833333333333336,-6.090539501271149
SOS,58,17,14,68,-36.54068662572872,4.3179644574560445,58.5,17.5,0.20588235294117646,-8.46247971370679
SOS,58,22,2,34,0.751279425675241,0.06959105487510801,58.5,22.5,0.058823529411764705,10.795632097020643
SOS,58,23,4,42,-33.69667997375401,1.6921298005002914,58.5,23.5,0.09523809523809523,-19.913767823125227
SOS,58,24,57,487,-24.863617521462835,2.6126930464634177,58.5,24.5,0.11704312114989733,-9.516470966659714
SOS,58,25,39,433,-24.197687568208522,1.4676090214708357,58.5,25.5,0.09006928406466513,-16.487829670028624
SOS,58,26,108,797,-153.40857818091303,12.241963190522645,58.5,26.5,0.1355081555834379,-12.531370646472558
SOS,58,27,131,965,-335.489390845814,21.536689858384936,58.5,27.5,0.13575129533678756,-15.577574504338095
SOS,58,28,45,300,-54.58588754897336,5.695140878899782,58.5,28.5,0.15,-9.584642190540256
SOS,58,29,49,314,-129.79461527569936,11.730556487346695,58.5,29.5,0.15605095541401273,-11.064659670298155
SOS,58,30,46,489,-75.42252660305324,4.309913876356588,58.5,30.5,0.09406952965235174,-17.499775811486085
SOS,58,31,37,199,-55.93594102450845,8.712914848398123,58.5,31.5,0.18592964824120603,-6.419888406781839
SOS,58,33,5,44,-0.9864937073737237,0.1098297187626017,58.5,33.5,0.11363636363636363,-8.982028894256226
SOS,58,34,26,186,-31.00784349207583,3.035218012882214,58.5,34.5,0.13978494623655913,-10.216018539844878
SOS,58,35,102,772,-95.92668903708451,7.866762979448148,58.5,35.5,0.13212435233160622,-12.193921348296902
SOS,58,36,23,264,-23.214946535751935,1.1685613974740154,58.5,36.5,0.08712121212121213,-19.866261700868954
SOS,58,37,36,339,-16.153089723802537,0.6346849665671039,58.5,37.5,0.10619469026548672,-25.45056299532613
SOS,58,38,34,221,-56.39850866831319,5.101859753179224,58.5,38.5,0.15384615384615385,-11.054500005251704
SOS,58,39,93,510,-6.601751109675097,1.0198766242763966,58.5,39.5,0.18235294117647058,-6.4730879721447145
SOS,58,40,67,368,-53.34526393371159,6.174114989300106,58.5,40.5,0.18206521739130435,-8.640147458568597
SOS,58,45,11,112,-0.4893492862683579,0.11414504314617968,58.5,45.5,0.09821428571428571,-4.287083107425642
SOS,58,46,3,22,0.004409172178844886,0.028275002863324804,58.5,46.5,0.13636363636363635,0.1559388764753752
SOS,58,47,10,83,-0.54641454074273,0.1310027775206081,58.5,47.5,0.12048192771084337,-4.171014928723731
SOS,58,48,3,67,-3.450009684430584,0.8634692780155094,58.5,48.5,0.04477611940298507,-3.9955210593707027
SOS,58,49,28,370,3.0341366295565146,11.99879575623405,58.5,49.5,0.07567567567567568,0.25287009556605794
SOS,58,50,19,171,2.0474921153261634,7.732701531967874,58.5,50.5,0.1111111111111111,0.26478354387035324
SOS,58,52,25,576,-14.117754201651648,2.6041881901306607,58.5,52.5,0.043402777777777776,-5.421172807385826
SOS,58,53,17,526,-0.48178928647969543,0.20681415684004187,58.5,53.5,0.03231939163498099,-2.329575952831556
SOS,58,54,16,137,-3.3466257314315024,1.9549256870042497,58.5,54.5,0.11678832116788321,-1.7118940907466973
SOS,58,55,35,311,-37.84570625462361,12.59734058024242,58.5,55.5,0.11254019292604502,-3.00426157517568
SOS,58,56,19,359,-14.619846313340089,7.132545655236327,58.5,56.5,0.052924791086350974,-2.049737501870317
SOS,58,57,22,265,-36.149383238048024,7.464021760402152,58.5,57.5,0.0830188679245283,-4.843150837237155
SOS,58,58,98,784,-9.543837582888875,6.538830652825733,58.5,58.5,0.125,-1.4595633515549968
SOS,58,59,80,432,-35.69488373767458,25.60613827966169,58.5,59.5,0.18518518518518517,-1.3939971481770106
SOS,58,60,41,160,-27.256749291377645,9.360006759345445,58.5,60.5,0.25625,-2.912043761524349
SOS,58,61,15,86,-0.38413465278267067,0.20553589163256955,58.5,61.5,0.1744186046511628,-1.8689419630386348
SOS,58,62,448,2177,-4.252980904674312,2.860027847535687,58.5,62.5,0.2057877813504823,-1.487041781197637
SOS,58,63,127,567,-0.7279357293939908,0.8404857806362532,58.5,63.5,0.2239858906525573,-0.8660892857020599
SOS,58,64,32,173,3.0669077989614193,1.4868652833365867,58.5,64.5,0.18497109826589594,2.062666896142166
SOS,58,65,13,68,0.1106568070506831,0.034636132722018986,58.5,65.5,0.19117647058823528,3.194837250994134
SOS,58,67,186,840,-0.46183419711584905,3.3825728113021594,58.5,67.5,0.22142857142857142,-0.13653340899942396
SOS,58,68,16,133,-9.134157355559829,5.207746038049198,58.5,68.5,0.12030075187969924,-1.7539559895630874
SOS,58,69,48,336,-0.00044283877830280337,0.09254290890858512,58.5,69.5,0.14285714285714285,-0.004785226480618242
SOS,58,78,127,819,0.8881103044570048,0.36426795425197267,58.5,78.5,0.15506715506715507,2.438068718618817
SOS,58,79,50,259,0.19697407433505282,0.1738098536913378,58.5,79.5,0.19305019305019305,1.1332733452779464
SOS,58,82,5,45,-8.798071768654538,1.2625229534199,58.5,82.5,0.1111111111111111,-6.968643021358522
SOS,58,89,48,324,-0.8947579039888938,0.22332278787628312,58.5,89.5,0.14814814814814814,-4.006567858558948
SOS,58,90,213,1043,-0.9994256816382583,1.1716863946959506,58.5,90.5,0.20421860019175456,-0.852980529741157
SOS,58,91,74,347,-0.9925982799207149,0.3173799753684275,58.5,91.5,0.2132564841498559,-3.127476075856603
SOS,58,92,51,199,-62.463419150181025,29.008289067467842,58.5,92.5,0.2562814070351759,-2.1532955289056455
SOS,58,97,23,115,-132.16600768063057,20.24021308808712,58.5,97.5,0.2,-6.529872344003144
SOS,58,99,8,48,-12.891481235083887,7.992365944929347,58.5,99.5,0.16666666666666666,-1.6129743462588473
SOS,58,102,22,95,-71.46601397675025,10.495895874079075,58.5,102.5,0.23157894736842105,-6.808948453199168
SOS,58,119,126,684,-5.407177377265892e-06,1.26e-06,58.5,119.5,0.18421052631578946,-4.291410616877692
SOS,58,120,315,1777,-0.0009864212123986726,0.00018260657134144557,58.5,120.5,0.17726505346088914,-5.4018932897777265
SOS,58,121,920,4448,-0.3162537968162789,0.08581822609246234,58.5,121.5,0.2068345323741007,-3.685158866783619
SOS,58,122,1283,7538,-0.5917712162052176,0.11081557874932911,58.5,122.5,0.17020429822234015,-5.340144615802047
SOS,58,123,642,3341,-0.018280966058738236,0.005207952601088565,58.5,123.5,0.19215803651601318,-3.510202081124385
SOS,58,124,340,2932,-0.1625744946600183,0.08151941075072952,58.5,124.5,0.11596180081855388,-1.9943040947283026
SOS,58,125,141,1079,-3.2913848140305594e-06,1.41e-06,58.5,125.5,0.13067655236329936,-2.334315470943659
SOS,58,126,197,1344,-9.260605156558942e-06,1.97e-06,58.5,126.5,0.14657738095238096,-4.700814800283727
SOS,58,131,370,2963,0.001474464688522376,0.0005086074012175418,58.5,131.5,0.12487343908201147,2.8990232642951987
SOS,58,132,153,1242,0.0019955308809949984,0.00045389182632907493,58.5,132.5,0.12318840579710146,4.3964900120237544
SOS,58,160,77,418,-2.0905533073763185,1.5546549187303393,58.5,160.5,0.18421052631578946,-1.3447056849655346
SOS,58,161,109,675,-0.0032530392988290354,0.0004853831336787425,58.5,161.5,0.16148148148148148,-6.702003166393713
SOS,59,-162,320,1608,-0.22245387988253407,0.009823669505776116,59.5,-161.5,0.19900497512437812,-22.644682799206116
SOS,59,-161,1315,5982,-0.5790900245727141,0.033676067352512294,59.5,-160.5,0.2198261451019726,-17.195892219567998
SOS,59,-160,1584,5976,-2.644495922641398,0.5113424385626487,59.5,-159.5,0.26506024096385544,-5.171673076998868
SOS,59,-159,684,3138,-5.324919740776437,0.5159551049749524,59.5,-158.5,0.2179732313575526,-10.320509845590035
SOS,59,-158,8,43,-0.0034106451141811714,0.0002752387341731019,59.5,-157.5,0.18604651162790697,-12.391588431140525
SOS,59,-156,164,814,-68.67671170373946,6.3735825271910835,59.5,-155.5,0.20147420147420148,-10.775213376582123
SOS,59,-155,125,369,-55.95217567167814,13.119002907236876,59.5,-154.5,0.33875338753387535,-4.264971664943611
SOS,59,-152,61,149,-176.2898843012679,25.877660713692922,59.5,-151.5,0.40939597315436244,-6.812435105773907
SOS,59,-151,322,691,-47.22432183889104,10.581693585633365,59.5,-150.5,0.46599131693198265,-4.462832103077235
SOS,59,-139,135,326,0.3388788186155741,0.3535092244833704,59.5,-138.5,0.41411042944785276,0.9586137932067328
SOS,59,-138,1119,3496,-0.8113582424432276,0.5924921340307939,59.5,-137.5,0.3200800915331808,-1.3693991799071858
SOS,59,-137,428,1203,-2.4328057940240247e-05,4.2800000000000005e-06,59.5,-136.5,0.3557772236076476,-5.68412568697202
SOS,59,-136,10,25,-4.357242206667098e-07,1e-07,59.5,-135.5,0.4,-4.357242206667098
SOS,59,-135,134,335,-4.8416888649855576e-06,1.34e-06,59.5,-134.5,0.4,-3.61320064551161
SOS,59,-134,474,1388,-1.2713494716141156e-05,4.74e-06,59.5,-133.5,0.3414985590778098,-2.6821718810424375
SOS,59,-130,14,59,-1.8260754100091272e-07,1.4e-07,59.5,-129.5,0.23728813559322035,-1.304339578577948
SOS,59,-127,28,88,-1.1986049768273628e-06,2.8e-07,59.5,-126.5,0.3181818181818182,-4.280732060097724
SOS,59,-126,253,1043,-7.737495356509388e-06,2.53e-06,59.5,-125.5,0.24256951102588686,-3.0582985598851335
SOS,59,-125,71,340,-3.4896993199850874e-06,7.1e-07,59.5,-124.5,0.2088235294117647,-4.915069464767729
SOS,59,-116,993,2317,-6.232389140257664e-05,9.93e-06,59.5,-115.5,0.42857142857142855,-6.276323404086268
SOS,59,-115,1788,4232,-0.00010926204801215134,2.2303755859774232e-05,59.5,-114.5,0.4224952741020794,-4.898818329033545
SOS,59,-114,3295,8498,-0.00020411967372845077,3.5313951389176044e-05,59.5,-113.5,0.38773829136267357,-5.78014256968748
SOS,59,-113,3258,8228,-0.00018518963391030366,3.258e-05,59.5,-112.5,0.39596499756927567,-5.684150825976171
SOS,59,-112,1550,3834,-8.102888532798104e-05,1.55e-05,59.5,-111.5,0.4042775169535733,-5.227670021160066
SOS,59,-111,10,44,-3.7271766126293867e-07,1e-07,59.5,-110.5,0.22727272727272727,-3.727176612629387
SOS,59,-110,74,263,-8.098084371292722e-06,7.702060674720335e-07,59.5,-109.5,0.2813688212927757,-10.514178884453889
SOS,59,-109,285,1130,-3.21156773642398e-05,2.8500000000000002e-06,59.5,-108.5,0.252212389380531,-11.268658724294665
SOS,59,-108,33,125,-3.622903159832402e-06,3.3e-07,59.5,-107.5,0.264,-10.978494423734551
SOS,59,-99,61,252,-4.875232480257386e-06,6.1e-07,59.5,-98.5,0.24206349206349206,-7.992184393864567
SOS,59,-98,555,3068,-1.9642434840245198e-05,5.55e-06,59.5,-97.5,0.18089960886571055,-3.5391774486928282
SOS,59,-97,1708,6666,-5.8762599347246736e-05,1.708e-05,59.5,-96.5,0.25622562256225623,-3.440433217051917
SOS,59,-96,392,1188,-9.878134899607943e-06,3.92e-06,59.5,-95.5,0.32996632996632996,-2.5199323723489653
SOS,59,5,11,103,2.514663347607673,3.6617000151827934,59.5,5.5,0.10679611650485436,0.6867475044872402
SOS,59,6,350,777,-2.539965044534539e-05,2.3886925063689425e-05,59.5,6.5,0.45045045045045046,-1.0633285941000192
SOS,59,7,354,803,-6.88106886557953e-06,3.54e-06,59.5,7.5,0.44084682440846823,-1.9438047642880028
SOS,59,8,274,916,-4.93845923555984,0.6283652140122183,59.5,8.5,0.29912663755458513,-7.859218055733769
SOS,59,9,15,220,-91.80581665384476,6.162918062986388,59.5,9.5,0.06818181818181818,-14.896485027963859
SOS,59,10,45,551,-196.68696343475668,14.828207869335351,59.5,10.5,0.08166969147005444,-13.264378619988474
SOS,59,11,23,293,-111.53234173075212,7.676255698759562,59.5,11.5,0.07849829351535836,-14.529524042401961
SOS,59,12,52,412,-27.004350669135558,21.074732247274845,59.5,12.5,0.1262135922330097,-1.2813615068645756
SOS,59,13,27,214,-31.67949572987007,5.809127104470719,59.5,13.5,0.1261682242990654,-5.453400340558816
SOS,59,14,4,102,14.308251267779017,1.6146291704676918,59.5,14.5,0.0392156862745098,8.861633079275103
SOS,59,15,122,615,-116.7809002170381,28.414962401508234,59.5,15.5,0.1983739837398374,-4.109838280512365
SOS,59,16,58,324,-74.65403987602437,21.50008614949291,59.5,16.5,0.17901234567901234,-3.472267011254982
SOS,59,17,134,543,-99.18718878699123,49.352762477533716,59.5,17.5,0.24677716390423574,-2.0097596123852854
SOS,59,18,86,379,-123.86026544154376,24.312009699309172,59.5,18.5,0.22691292875989447,-5.094612373614809
SOS,59,23,4,75,-2.1357047724205094,0.4816566539203599,59.5,23.5,0.05333333333333334,-4.434081321284186
SOS,59,24,19,142,-14.330251226661197,1.048947402747848,59.5,24.5,0.13380281690140844,-13.661553657620319
SOS,59,25,52,446,-75.09657053179144,3.854947319185048,59.5,25.5,0.11659192825112108,-19.48056985320027
SOS,59,26,10,86,-2.6776091862243807,0.1575734072579878,59.5,26.5,0.11627906976744186,-16.99277329099353
SOS,59,27,29,187,-24.984127492512513,1.705378053716056,59.5,27.5,0.15508021390374332,-14.650198786170346
SOS,59,28,22,165,-71.41992156877433,6.344837901092129,59.5,28.5,0.13333333333333333,-11.256382382358563
SOS,59,29,26,164,-95.44472121483541,7.0388313890346375,59.5,29.5,0.15853658536585366,-13.559739669787072
SOS,59,30,198,1778,-460.9466600238089,28.725190219768983,59.5,30.5,0.11136107986501688,-16.046774851523192
SOS,59,31,3,22,-30.862955914741143,2.692384158195365,59.5,31.5,0.13636363636363635,-11.463058056108821
SOS,59,32,23,278,-23.570860517147032,1.6815131616382768,59.5,32.5,0.08273381294964029,-14.017648541140316
SOS,59,33,16,96,-27.869642393961154,3.3898104545263097,59.5,33.5,0.16666666666666666,-8.221593144462599
SOS,59,34,8,48,-0.02866477887596274,0.011686159055130929,59.5,34.5,0.16666666666666666,-2.4528828283726956
SOS,59,35,6,64,-5.225981014976432,0.1832949734687363,59.5,35.5,0.09375,-28.511316573925583
SOS,59,36,19,132,-13.597450094695583,1.3911955083617038,59.5,36.5,0.14393939393939395,-9.77393185427128
SOS,59,37,66,551,-11.573063115236017,2.0330141748483337,59.5,37.5,0.11978221415607986,-5.692563907528775
SOS,59,38,131,1272,-47.72897874224311,11.068921169328226,59.5,38.5,0.1029874213836478,-4.311981087596795
SOS,59,39,3,20,-6.272475482625795,0.8032902154028889,59.5,39.5,0.15,-7.808479877325339
SOS,59,40,28,322,-2.134236884455052,0.4391769494492748,59.5,40.5,0.08695652173913043,-4.859628646565745
SOS,59,41,8,161,-2.7848947343365533,1.149108795642242,59.5,41.5,0.049689440993788817,-2.423525731329959
SOS,59,42,4,51,0.08427766152209562,0.06706407602248449,59.5,42.5,0.0784313725490196,1.256673714461375
SOS,59,43,19,255,0.707610212796204,0.28357692869249707,59.5,43.5,0.07450980392156863,2.495302477739706
SOS,59,44,34,272,-1.4141797408095154,0.4539417437959666,59.5,44.5,0.125,-3.115333101961091
SOS,59,46,3,18,-0.2836389605824289,0.05053998822872885,59.5,46.5,0.16666666666666666,-5.612169106545176
SOS,59,47,29,229,-1.2881643197854244,0.5299068074494683,59.5,47.5,0.12663755458515283,-2.430926158479788
SOS,59,50,17,161,-2.3289758480259515,0.3696545181463866,59.5,50.5,0.10559006211180125,-6.300412232763933
SOS,59,54,21,200,-0.8372691251675035,0.6179121924511175,59.5,54.5,0.105,-1.3549969322441215
SOS,59,55,35,211,-1.525024022088994,1.1231285617517535,59.5,55.5,0.16587677725118483,-1.3578356690621425
SOS,59,56,46,1030,10.248522591208896,4.6780756380682735,59.5,56.5,0.04466019417475728,2.190756068117111
SOS,59,57,18,257,-43.652875349806244,7.900126622970164,59.5,57.5,0.07003891050583658,-5.52559185860167
SOS,59,58,133,686,6.97743723252962,2.846795233988875,59.5,58.5,0.19387755102040816,2.450979666265974
SOS,59,60,16,193,-17.90980037283831,4.248405221495558,59.5,60.5,0.08290155440414508,-4.215652565866482
SOS,59,62,27,148,0.0352068230247576,0.15040032727757102,59.5,62.5,0.18243243243243243,0.23408740966222577
SOS,59,63,70,387,-0.21369613858589726,0.5216551992491141,59.5,63.5,0.18087855297157623,-0.40965016526912373
SOS,59,67,58,271,-0.14665379985856175,1.1015023286685788,59.5,67.5,0.2140221402214022,-0.13313980010902646
SOS,59,73,7,65,0.0032290702762392104,0.008652973885380486,59.5,73.5,0.1076923076923077,0.37317462400930645
SOS,59,74,798,5022,8.594315244037357,2.690173070859367,59.5,74.5,0.15890083632019117,3.194707187107457
SOS,59,75,379,2045,1.6442607124678987,1.249387119622245,59.5,75.5,0.18533007334963325,1.31605383683245
SOS,59,88,229,1083,-5.936722429653824,1.8101532774811369,59.5,88.5,0.21144967682363805,-3.2796794080968037
SOS,59,89,120,538,-2.9018838418383908,0.7654397340834673,59.5,89.5,0.22304832713754646,-3.7911330084178188
SOS,59,90,29,149,-1.0096756795281543,0.3681236644235236,59.5,90.5,0.19463087248322147,-2.7427622212478298
SOS,59,109,1095,4235,-4.805670075790397,2.063903672352591,59.5,109.5,0.2585596221959858,-2.3284371941218245
SOS,59,110,765,3537,0.827004203906914,1.1156251790359102,59.5,110.5,0.21628498727735368,0.7412921646512014
SOS,59,121,100,482,-0.01577640215845544,0.007193986095483974,59.5,121.5,0.2074688796680498,-2.1929987004505165
SOS,59,122,293,1644,-0.3189384365303894,0.05463149106647018,59.5,122.5,0.17822384428223845,-5.837996186894052
SOS,59,124,203,1805,-0.042854814555637895,0.03259172914961233,59.5,124.5,0.11246537396121883,-1.3148984627023892
SOS,59,125,601,5175,-0.14125420044568512,0.09743705164666663,59.5,125.5,0.11613526570048309,-1.449696989579605
SOS,59,126,467,3967,0.008726501251816676,0.03996340030156873,59.5,126.5,0.11772119989916814,0.2183623311821673
SOS,59,127,127,667,0.05308770771292695,0.007298825509943357,59.5,127.5,0.1904047976011994,7.273458947690194
SOS,59,128,370,1923,0.06952561562686307,0.008885554721419131,59.5,128.5,0.19240769630785232,7.824566704796455
SOS,59,129,279,1278,0.011668821133468827,0.0018243961715973453,59.5,129.5,0.21830985915492956,6.395990802399142
SOS,59,130,82,421,0.0023615619790497582,0.0003901911152621796,59.5,130.5,0.19477434679334918,6.052321251505082
SOS,59,131,3,22,1.6690535038178717e-05,4.348539175145655e-06,59.5,131.5,0.13636363636363635,3.838193555567926
SOS,59,142,18,88,-0.006438835289059759,0.0014197111521426526,59.5,142.5,0.20454545454545456,-4.535313594840865
SOS,59,143,80,415,-0.01692856324385222,0.0018043989607372582,59.5,143.5,0.1927710843373494,-9.381829413676558
